merchant,flyer_id,name,price,valid_from,valid_to
Walmart,8110330,Dragon fruit,2.28,2026-08-27T00:00:00-04:00,2026-09-23T23:59:59-04:00
Walmart,8110330,Lee Kum Kee chicken bouillon powder 1 kg,8.98,2026-08-27T00:00:00-04:00,2026-09-23T23:59:59-04:00
Walmart,8110330,Sakura sushi rice,12.98,2026-08-27T00:00:00-04:00,2026-09-23T23:59:59-04:00
Walmart,8110330,Mooncake with two egg yolks and lotus seed,9.98,2026-08-27T00:00:00-04:00,2026-09-23T23:59:59-04:00
Walmart,8110330,Searay steaks,4.98,2026-08-27T00:00:00-04:00,2026-09-23T23:59:59-04:00
Walmart,8110330,Melona ice bars,4.98,2026-08-27T00:00:00-04:00,2026-09-23T23:59:59-04:00
Walmart,8110330,Aroy-D coconut milk 400 mL,1.77,2026-08-27T00:00:00-04:00,2026-09-23T23:59:59-04:00
Walmart,8110330,Haesong seaweed snack,9.98,2026-08-27T00:00:00-04:00,2026-09-23T23:59:59-04:00
Walmart,8110330,Asian pears or Fuji apples,2.28,2026-08-27T00:00:00-04:00,2026-09-23T23:59:59-04:00
Walmart,8110330,O'Tasty dumplings,4.98,2026-08-27T00:00:00-04:00,2026-09-23T23:59:59-04:00
Walmart,8110330,Tokimi noodles or Siwin dumplings,3.98,2026-08-27T00:00:00-04:00,2026-09-23T23:59:59-04:00
Walmart,8110330,ChaCha frozen dessert,6.98,2026-08-27T00:00:00-04:00,2026-09-23T23:59:59-04:00
Walmart,8110330,Tokimi noodles or Siwin dumplings,3.98,2026-08-27T00:00:00-04:00,2026-09-23T23:59:59-04:00
Walmart,8110330,Panda oyster sauce 510 g or Lee Kum Kee hoisin sauce 443 mL,2.98,2026-08-27T00:00:00-04:00,2026-09-23T23:59:59-04:00
Walmart,8110330,Mooncake with two egg yolks and lotus seed,9.98,2026-08-27T00:00:00-04:00,2026-09-23T23:59:59-04:00
Walmart,8110330,Kewpie mayonnaise 450 g,5.98,2026-08-27T00:00:00-04:00,2026-09-23T23:59:59-04:00
Walmart,8110330,Finute shrimp chips,6.98,2026-08-27T00:00:00-04:00,2026-09-23T23:59:59-04:00
Walmart,8110330,Napa or flat cabbage,1.97,2026-08-27T00:00:00-04:00,2026-09-23T23:59:59-04:00
Walmart,8110330,ChaCheer sunflower seeds,2.28,2026-08-27T00:00:00-04:00,2026-09-23T23:59:59-04:00
Walmart,8110330,Pocky strawberry or chocolate biscuit sticks,3.98,2026-08-27T00:00:00-04:00,2026-09-23T23:59:59-04:00
Walmart,8110330,Pomelo,3.28,2026-08-27T00:00:00-04:00,2026-09-23T23:59:59-04:00
Walmart,8110330,Golden Happiness bun,1.42,2026-08-27T00:00:00-04:00,2026-09-23T23:59:59-04:00
Walmart,8110330,Great Value 12-oz. coffee cups,9.96,2026-08-27T00:00:00-04:00,2026-09-23T23:59:59-04:00
Walmart,8110330,Dr. Melaxin TX cream 50 mL or Cemenrete Cyano Pink Spicule serum 30 mL,33.97,2026-08-27T00:00:00-04:00,2026-09-23T23:59:59-04:00
Walmart,8110330,ChaCha frozen dessert,6.98,2026-08-27T00:00:00-04:00,2026-09-23T23:59:59-04:00
Walmart,8110330,Mooncake with two egg yolks and lotus seed,9.98,2026-08-27T00:00:00-04:00,2026-09-23T23:59:59-04:00
Walmart,8110330,Tokimi roasted chestnuts,12.98,2026-08-27T00:00:00-04:00,2026-09-23T23:59:59-04:00
Walmart,8110330,Kadoya sesame oil 327 mL,5.98,2026-08-27T00:00:00-04:00,2026-09-23T23:59:59-04:00
Walmart,8110330,Round Lab 1025 Dokdo cleanser,16.97,2026-08-27T00:00:00-04:00,2026-09-23T23:59:59-04:00
Walmart,8110330,Panda oyster sauce 510 g or Lee Kum Kee hoisin sauce 443 mL,2.98,2026-08-27T00:00:00-04:00,2026-09-23T23:59:59-04:00
Walmart,8110330,Tokimi egg yolk pastry gift box,12.98,2026-08-27T00:00:00-04:00,2026-09-23T23:59:59-04:00
Walmart,8110330,Reunion lava or lava custard mooncakes,16.98,2026-08-27T00:00:00-04:00,2026-09-23T23:59:59-04:00
Walmart,8110330,UFC coconut water 1 L or Kirin milk tea 1.5 L,2.98,2026-08-27T00:00:00-04:00,2026-09-23T23:59:59-04:00
Walmart,8110330,Eddoes,1.97,2026-08-27T00:00:00-04:00,2026-09-23T23:59:59-04:00
Walmart,8110330,Maggi seasoning 800 mL,8.98,2026-08-27T00:00:00-04:00,2026-09-23T23:59:59-04:00
Walmart,8110330,Kopiko instant coffee 840 g or Trensité whole milk powder 500 g,8.98,2026-08-27T00:00:00-04:00,2026-09-23T23:59:59-04:00
Walmart,8110330,H&H mango bites,6.98,2026-08-27T00:00:00-04:00,2026-09-23T23:59:59-04:00
Walmart,8110330,Dao Xiang Cun nut mooncake,6.98,2026-08-27T00:00:00-04:00,2026-09-23T23:59:59-04:00
Walmart,8110330,Your Fresh Market™ beef stir fry strips,15.39,2026-08-27T00:00:00-04:00,2026-09-23T23:59:59-04:00
Walmart,8110330,Nongshim 4-pack or KSF 5-pack noodles,3.98,2026-08-27T00:00:00-04:00,2026-09-23T23:59:59-04:00
Walmart,8110330,Finute shrimp chips,6.98,2026-08-27T00:00:00-04:00,2026-09-23T23:59:59-04:00
Walmart,8110330,J-Basket bubble tea kit 285 g or Binggrae milk drink 6 x 200 mL,6.98,2026-08-27T00:00:00-04:00,2026-09-23T23:59:59-04:00
Walmart,8110330,Nongshim 4-pack or KSF 5-pack noodles,3.98,2026-08-27T00:00:00-04:00,2026-09-23T23:59:59-04:00
Walmart,8110330,Johnsonville smoked sausages,6.97,2026-08-27T00:00:00-04:00,2026-09-23T23:59:59-04:00
Walmart,8110330,Samyang Buldak spicy ramen,6.98,2026-08-27T00:00:00-04:00,2026-09-23T23:59:59-04:00
Walmart,8110330,Naziba black truffle ham soda crackers,6.98,2026-08-27T00:00:00-04:00,2026-09-23T23:59:59-04:00
Walmart,8110330,Tokimi butterfly crispy palmier gift box,12.98,2026-08-27T00:00:00-04:00,2026-09-23T23:59:59-04:00
Walmart,8110330,Melona ice bars,4.98,2026-08-27T00:00:00-04:00,2026-09-23T23:59:59-04:00
Walmart,8110330,Searay Basa fillets,4.98,2026-08-27T00:00:00-04:00,2026-09-23T23:59:59-04:00
Walmart,8110330,3-Minute Chow Mein 454 g,1.77,2026-08-27T00:00:00-04:00,2026-09-23T23:59:59-04:00
Walmart,8110330,Johnsonville smoked sausages,6.97,2026-08-27T00:00:00-04:00,2026-09-23T23:59:59-04:00
Walmart,8110330,Bulk jumbo carrots,1.44,2026-08-27T00:00:00-04:00,2026-09-23T23:59:59-04:00
Walmart,8110330,Starfrit 10-Cup rice cooker,29.97,2026-08-27T00:00:00-04:00,2026-09-23T23:59:59-04:00
Walmart,8110330,Abalone gift box,12.98,2026-08-27T00:00:00-04:00,2026-09-23T23:59:59-04:00
Walmart,8110330,Dao Xiang Cun old-fashioned mooncakes,9.98,2026-08-27T00:00:00-04:00,2026-09-23T23:59:59-04:00
Walmart,8110330,Dao Xiang Cun jujube mooncake,6.98,2026-08-27T00:00:00-04:00,2026-09-23T23:59:59-04:00
Walmart,8110330,O'Tasty dumplings,4.98,2026-08-27T00:00:00-04:00,2026-09-23T23:59:59-04:00
Walmart,8110330,Delicious Kitchen jasmine rice,14.88,2026-08-27T00:00:00-04:00,2026-09-23T23:59:59-04:00
Walmart,8110330,Maple Leaf fresh air-chilled boneless skinless chicken thighs 12-pack,7.75,2026-08-27T00:00:00-04:00,2026-09-23T23:59:59-04:00
Walmart,8110330,Samyang Buldak spicy ramen,6.98,2026-08-27T00:00:00-04:00,2026-09-23T23:59:59-04:00
Walmart,8110330,Haesong seaweed snack,9.98,2026-08-27T00:00:00-04:00,2026-09-23T23:59:59-04:00
Walmart,8110330,SKIN1004 Madagascar Centella light cleansing oil 200 mL,20.78,2026-08-27T00:00:00-04:00,2026-09-23T23:59:59-04:00
Walmart,8110330,"Starfrit Carbon steel 32 cm (12.5"") wok",19.97,2026-08-27T00:00:00-04:00,2026-09-23T23:59:59-04:00
Walmart,8110330,Reunion lava or lava custard mooncakes,16.98,2026-08-27T00:00:00-04:00,2026-09-23T23:59:59-04:00
Walmart,8110330,"Great Value ECO 10"" dinner plates 125s",17.93,2026-08-27T00:00:00-04:00,2026-09-23T23:59:59-04:00
Walmart,8110330,Sunrise extra firm tofu,3.44,2026-08-27T00:00:00-04:00,2026-09-23T23:59:59-04:00
Walmart,8111308,TAL 24oz 2-in-1 Straw and Chug Water Bottle,18.98,2026-08-27T00:00:00-04:00,2026-09-02T23:59:59-04:00
Walmart,8111308,Contigo 24-oz. Stainless steel water bottle,19.97,2026-08-27T00:00:00-04:00,2026-09-02T23:59:59-04:00
Walmart,8111308,18-oz. Ranger coffee travel mug,12.97,2026-08-27T00:00:00-04:00,2026-09-02T23:59:59-04:00
Walmart,8111308,BISSELL 3-in1 Lightweight stick vacuum,29.98,2026-08-27T00:00:00-04:00,2026-09-02T23:59:59-04:00
Walmart,8111308,Contigo 24-oz. Stainless steel water bottle,19.97,2026-08-27T00:00:00-04:00,2026-09-02T23:59:59-04:00
Walmart,8111308,Tide Simply laundry detergent,11.97,2026-08-27T00:00:00-04:00,2026-09-02T23:59:59-04:00
Walmart,8111308,Mainstays Griddle,34.98,2026-08-27T00:00:00-04:00,2026-09-02T23:59:59-04:00
Walmart,8111308,Mainstays 2 Slice Toaster,9.98,2026-08-27T00:00:00-04:00,2026-09-02T23:59:59-04:00
Walmart,8111308,Black & White bathroom tissue or paper towel,4.94,2026-08-27T00:00:00-04:00,2026-09-02T23:59:59-04:00
Walmart,8111308,Maple Leaf Prime or pork schnitzel cutlets,9.96,2026-08-27T00:00:00-04:00,2026-09-02T23:59:59-04:00
Walmart,8111308,Campbell's Soup,0.97,2026-08-27T00:00:00-04:00,2026-09-02T23:59:59-04:00
Walmart,8111308,Jane's Breaded Chicken or Battered Fish,5.98,2026-08-27T00:00:00-04:00,2026-09-02T23:59:59-04:00
Walmart,8111308,Webber Naturals Sesame Street gummies,15.97,2026-08-27T00:00:00-04:00,2026-09-02T23:59:59-04:00
Walmart,8111308,Minute Maid apple juice,3.28,2026-08-27T00:00:00-04:00,2026-09-02T23:59:59-04:00
Walmart,8111308,Goldfish Crackers,2.48,2026-08-27T00:00:00-04:00,2026-09-02T23:59:59-04:00
Walmart,8111308,Mini Babybel Cheese 6-pack or The Laughing cow Spreadable cheese 8-pack,3.68,2026-08-27T00:00:00-04:00,2026-09-02T23:59:59-04:00
Walmart,8111308,Bulk green Peppers,1.92,2026-08-27T00:00:00-04:00,2026-09-02T23:59:59-04:00
Walmart,8111308,Large eggplant or green zucchini,2.44,2026-08-27T00:00:00-04:00,2026-09-02T23:59:59-04:00
Walmart,8111308,Great Value smoked sausages,7.97,2026-08-27T00:00:00-04:00,2026-09-02T23:59:59-04:00
Walmart,8111308,Your Fresh Market Buns,3.97,2026-08-27T00:00:00-04:00,2026-09-02T23:59:59-04:00
Walmart,8111308,Strawberries,4.44,2026-08-27T00:00:00-04:00,2026-09-02T23:59:59-04:00
Walmart,8111308,Dempster's core or Signature bagels,2.98,2026-08-27T00:00:00-04:00,2026-09-02T23:59:59-04:00
Walmart,8111308,Green Zucchini,2.44,2026-08-27T00:00:00-04:00,2026-09-02T23:59:59-04:00
Walmart,8111308,Yoplait Tubes 8x56 g Yogurt,2.47,2026-08-27T00:00:00-04:00,2026-09-02T23:59:59-04:00
Walmart,8111308,Our Finest entrees,3.97,2026-08-27T00:00:00-04:00,2026-09-02T23:59:59-04:00
Walmart,8111308,Dare JUICEE Bears or Beans fruit-flavoured snacks,3.88,2026-08-27T00:00:00-04:00,2026-09-02T23:59:59-04:00
Walmart,8111308,Monster Energy drink,2.48,2026-08-27T00:00:00-04:00,2026-09-02T23:59:59-04:00
Walmart,8111308,Natrel lactose free,5.96,2026-08-27T00:00:00-04:00,2026-09-02T23:59:59-04:00
Walmart,8111308,Snack Pack pudding,1.77,2026-08-27T00:00:00-04:00,2026-09-02T23:59:59-04:00
Walmart,8111308,Pampers Easy Ups giant pack training pants,36.94,2026-08-27T00:00:00-04:00,2026-09-02T23:59:59-04:00
Walmart,8111308,Enfamil A+ NeuroPro,65.47,2026-08-27T00:00:00-04:00,2026-09-02T23:59:59-04:00
Walmart,8111308,"Pampers Swaddlers, Swaddlers 360° or Cruisers 360° huge pack diapers",34.97,2026-08-27T00:00:00-04:00,2026-09-02T23:59:59-04:00
Walmart,8111308,Scotties Supreme facial tissue,6.98,2026-08-27T00:00:00-04:00,2026-09-02T23:59:59-04:00
Walmart,8111308,Lysol toilet bowl cleaner 2-pack,6.97,2026-08-27T00:00:00-04:00,2026-09-02T23:59:59-04:00
Walmart,8111308,Cesar wet dog food variety pack,28.77,2026-08-27T00:00:00-04:00,2026-09-02T23:59:59-04:00
Walmart,8111308,Jamieson value size vitamin B12 or K2 + D3,15.97,2026-08-27T00:00:00-04:00,2026-09-02T23:59:59-04:00
Walmart,8111308,Arm & Hammer clumping cat litter,24.67,2026-08-27T00:00:00-04:00,2026-09-02T23:59:59-04:00
Walmart,8111308,Pure Protein bars,11.47,2026-08-27T00:00:00-04:00,2026-09-02T23:59:59-04:00
Walmart,8111308,Softsoap Spring Body wash,3.97,2026-08-27T00:00:00-04:00,2026-09-02T23:59:59-04:00
Walmart,8111308,Beggin' dog treats,8.47,2026-08-27T00:00:00-04:00,2026-09-02T23:59:59-04:00
Walmart,8111308,Secret Outlast deodorant,6.97,2026-08-27T00:00:00-04:00,2026-09-02T23:59:59-04:00
Walmart,8111308,Cesar wet dog food variety pack,28.77,2026-08-27T00:00:00-04:00,2026-09-02T23:59:59-04:00
Walmart,8111308,Mainstays Stick table lamp with USB charger,32.97,2026-08-27T00:00:00-04:00,2026-09-02T23:59:59-04:00
Walmart,8111308,Starfrit Plastic food storage containers,6.97,2026-08-27T00:00:00-04:00,2026-09-02T23:59:59-04:00
Walmart,8111308,Jetstream Backpack,19.97,2026-08-27T00:00:00-04:00,2026-09-02T23:59:59-04:00
Walmart,8111308,BIC Wite-Out correction fluid or tape,3.0,2026-08-27T00:00:00-04:00,2026-09-02T23:59:59-04:00
Walmart,8111308,BIC Mechanical Pencils,7.98,2026-08-27T00:00:00-04:00,2026-09-02T23:59:59-04:00
Walmart,8111308,Medium 3 drawer storage cart,21.97,2026-08-27T00:00:00-04:00,2026-09-02T23:59:59-04:00
Walmart,8111308,Webber Naturals® Omega-3 80s,18.97,2026-08-27T00:00:00-04:00,2026-09-02T23:59:59-04:00
Walmart,8111308,Skyn Condoms 10s,11.47,2026-08-27T00:00:00-04:00,2026-09-02T23:59:59-04:00
Walmart,8111308,Tena Incontinence products,28.97,2026-08-27T00:00:00-04:00,2026-09-02T23:59:59-04:00
Walmart,8111308,Poise ultra thin not with wings pads 60s,17.97,2026-08-27T00:00:00-04:00,2026-09-02T23:59:59-04:00
Walmart,8111308,Liquid I.V. electrolyte drink mix,16.97,2026-08-27T00:00:00-04:00,2026-09-02T23:59:59-04:00
Walmart,8111308,Omron 3 series blood pressure monitor,52.97,2026-08-27T00:00:00-04:00,2026-09-02T23:59:59-04:00
Walmart,8111308,Elastoplast Fabric Plastic Bandages 80S,5.77,2026-08-27T00:00:00-04:00,2026-09-02T23:59:59-04:00
Walmart,8111308,Equate distilled water,1.24,2026-08-27T00:00:00-04:00,2026-09-02T23:59:59-04:00
Walmart,8111308,Poise ultra with wings pads 66s,17.97,2026-08-27T00:00:00-04:00,2026-09-02T23:59:59-04:00
Walmart,8111308,Skyn condoms 10s,11.47,2026-08-27T00:00:00-04:00,2026-09-02T23:59:59-04:00
Walmart,8111308,Aerius 56s,28.88,2026-08-27T00:00:00-04:00,2026-09-02T23:59:59-04:00
Walmart,8111308,Thai Coco coconut milk or coconut cream,1.98,2026-08-27T00:00:00-04:00,2026-09-02T23:59:59-04:00
Walmart,8111308,Hsu Fu Chi assorted candies,6.98,2026-08-27T00:00:00-04:00,2026-09-02T23:59:59-04:00
Walmart,8111308,Orion chips,3.88,2026-08-27T00:00:00-04:00,2026-09-02T23:59:59-04:00
Walmart,8111308,Foong's Kitchen Authentic Asia duck breasts,5.98,2026-08-27T00:00:00-04:00,2026-09-02T23:59:59-04:00
Walmart,8111308,Haesong Seaweed Snack,2.97,2026-08-27T00:00:00-04:00,2026-09-02T23:59:59-04:00
Walmart,8111308,M.Y. San SkyFlakes crackers,5.98,2026-08-27T00:00:00-04:00,2026-09-02T23:59:59-04:00
Walmart,8111308,Mina halal chicken breast dino nuggets,8.47,2026-08-27T00:00:00-04:00,2026-09-02T23:59:59-04:00
Walmart,8111308,Grace coconut water,2.24,2026-08-27T00:00:00-04:00,2026-09-02T23:59:59-04:00
Walmart,8111308,Purple Passion Fruit,0.98,2026-08-27T00:00:00-04:00,2026-09-02T23:59:59-04:00
Walmart,8111308,Allfit Konjac jelly pouch,1.97,2026-08-27T00:00:00-04:00,2026-09-02T23:59:59-04:00
Walmart,8111308,Hsu Fu Chi assorted candies,6.98,2026-08-27T00:00:00-04:00,2026-09-02T23:59:59-04:00
Walmart,8111308,Selected stationery,2.0,2026-08-27T00:00:00-04:00,2026-09-02T23:59:59-04:00
Walmart,8111308,Jetstream Backpacks,19.97,2026-08-27T00:00:00-04:00,2026-09-02T23:59:59-04:00
Walmart,8111308,Licensed Pencil Boxes,11.98,2026-08-27T00:00:00-04:00,2026-09-02T23:59:59-04:00
Walmart,8111308,KPop Demon Hunters pencil cases,7.97,2026-08-27T00:00:00-04:00,2026-09-02T23:59:59-04:00
Walmart,8111308,Paper Mate InkJoy gel pens 14-pack or Flair! felt-tip pens 24-pack,15.98,2026-08-27T00:00:00-04:00,2026-09-02T23:59:59-04:00
Walmart,8111308,Crayola 64ct Crayons,2.0,2026-08-27T00:00:00-04:00,2026-09-02T23:59:59-04:00
Walmart,8111308,"TUCCI Italy SportSurge 17.3"" laptop backpack",61.99,2026-08-27T00:00:00-04:00,2026-09-02T23:59:59-04:00
Walmart,8111308,Canon PIXMA TR7122 wireless printer,99.98,2026-08-27T00:00:00-04:00,2026-09-02T23:59:59-04:00
Walmart,8111308,HP M11OW Laser printer,99.98,2026-08-27T00:00:00-04:00,2026-09-02T23:59:59-04:00
Walmart,8111308,GO Wireless Bluetooth mouse,12.98,2026-08-27T00:00:00-04:00,2026-09-02T23:59:59-04:00
Walmart,8111308,Steve Madden backpack,34.97,2026-08-27T00:00:00-04:00,2026-09-02T23:59:59-04:00
Walmart,8111308,HP DeskJet 2942 all-in-one printer,49.98,2026-08-27T00:00:00-04:00,2026-09-02T23:59:59-04:00
Walmart,8111308,JBuds wireless mouse,29.98,2026-08-27T00:00:00-04:00,2026-09-02T23:59:59-04:00
Walmart,8111308,"onn. 11"" Tablet (2026)",199.98,2026-08-27T00:00:00-04:00,2026-09-02T23:59:59-04:00
Walmart,8111308,Jetstream 3-Piece backpack set,24.97,2026-08-27T00:00:00-04:00,2026-09-02T23:59:59-04:00
Walmart,8111308,Dual-compartment lunch bag,16.97,2026-08-27T00:00:00-04:00,2026-09-02T23:59:59-04:00
Walmart,8111308,Vega protein shake 4-pack,14.97,2026-08-27T00:00:00-04:00,2026-09-02T23:59:59-04:00
Walmart,8111308,George Men's tees 4-pack,17.0,2026-08-27T00:00:00-04:00,2026-09-02T23:59:59-04:00
Walmart,8111308,Nature's Path Organic Heritage flakes eco pac cereal,9.42,2026-08-27T00:00:00-04:00,2026-09-02T23:59:59-04:00
Walmart,8111308,Natrel Lactose Free Butter,4.98,2026-08-27T00:00:00-04:00,2026-09-02T23:59:59-04:00
Walmart,8111308,Gyrocopters PixAl Electric foldable dual rider cargo bike,399.96,2026-08-27T00:00:00-04:00,2026-09-02T23:59:59-04:00
Walmart,8111308,"5th Wheel WLB17 adults' 26"" electric bike",519.99,2026-08-27T00:00:00-04:00,2026-09-02T23:59:59-04:00
Walmart,8111308,Gyrocopters J30 electric scooter,239.96,2026-08-27T00:00:00-04:00,2026-09-02T23:59:59-04:00
Walmart,8111308,Sensodyne Clinical Repair Deep clean toothpaste,7.97,2026-08-27T00:00:00-04:00,2026-09-02T23:59:59-04:00
Walmart,8111308,Old El Paso Dinner Kits,3.77,2026-08-27T00:00:00-04:00,2026-09-02T23:59:59-04:00
Walmart,8111308,Dao Xiang Cun nut mooncake,6.98,2026-08-27T00:00:00-04:00,2026-09-02T23:59:59-04:00
Walmart,8111308,Dao Xiang Cun old-fashioned mooncakes,9.98,2026-08-27T00:00:00-04:00,2026-09-02T23:59:59-04:00
Walmart,8111308,Tokimi butterfly crispy palmier gift box,12.98,2026-08-27T00:00:00-04:00,2026-09-02T23:59:59-04:00
Walmart,8111308,Fuze iced tea,8.47,2026-08-27T00:00:00-04:00,2026-09-02T23:59:59-04:00
Walmart,8111308,Natrel lactose free ice cream,5.48,2026-08-27T00:00:00-04:00,2026-09-02T23:59:59-04:00
Walmart,8111308,Kinder Chocolate,5.48,2026-08-27T00:00:00-04:00,2026-09-02T23:59:59-04:00
Walmart,8111308,Melona ice bars,4.98,2026-08-27T00:00:00-04:00,2026-09-02T23:59:59-04:00
Walmart,8111308,Sunrise extra firm tofu,3.44,2026-08-27T00:00:00-04:00,2026-09-02T23:59:59-04:00
Walmart,8111308,Mooncake with two egg yolks and lotus seed,9.98,2026-08-27T00:00:00-04:00,2026-09-02T23:59:59-04:00
Walmart,8111308,O'Tasty dumplings,4.98,2026-08-27T00:00:00-04:00,2026-09-02T23:59:59-04:00
Walmart,8111308,"George Infants' bodysuits, leggings or joggers",4.0,2026-08-27T00:00:00-04:00,2026-09-02T23:59:59-04:00
Walmart,8111308,George Full-Zip Hoodie,12.0,2026-08-27T00:00:00-04:00,2026-09-02T23:59:59-04:00
Walmart,8111308,Aqua Puffs unicorns,13.97,2026-08-27T00:00:00-04:00,2026-09-02T23:59:59-04:00
Walmart,8111308,Adult's sneakers,29.0,2026-08-27T00:00:00-04:00,2026-09-02T23:59:59-04:00
Walmart,8111308,The Squeeze Ball Creator,19.97,2026-08-27T00:00:00-04:00,2026-09-02T23:59:59-04:00
Walmart,8111308,Starbox Nook Nooks Series 1 Surprise Boxes,19.96,2026-08-27T00:00:00-04:00,2026-09-02T23:59:59-04:00
Walmart,8111308,George Toddler's fashion boots,22.0,2026-08-27T00:00:00-04:00,2026-09-02T23:59:59-04:00
Walmart,8111308,3M Command Value Packs,11.97,2026-08-27T00:00:00-04:00,2026-09-02T23:59:59-04:00
Walmart,8111308,George Infants' bodysuits,4.0,2026-08-27T00:00:00-04:00,2026-09-02T23:59:59-04:00
Walmart,8111308,H&H mango bites,6.98,2026-08-27T00:00:00-04:00,2026-09-02T23:59:59-04:00
Walmart,8111308,"Starfrit Carbon steel 32 cm (12.5"") wok",19.97,2026-08-27T00:00:00-04:00,2026-09-02T23:59:59-04:00
Walmart,8111308,"VEAT00L Tablet,10.1 inch Android 13 Tablets 2026,6GB RAM 64GB ROM 128GB Expand,Octa-Core Processor up with 5G WiFi,1280x800 IPS HD Touchscreen,6000mAh Battery, Bluetooth, Dual Camera, GMS",169.99,2026-08-27T00:00:00-04:00,2026-09-02T23:59:59-04:00
Walmart,8111308,"VEAT00L Tablet,10.1 inch Android 13 Tablets 2026,6GB RAM 64GB ROM 128GB Expand,Octa-Core Processor up with 5G WiFi,1280x800 IPS HD Touchscreen,6000mAh Battery, Bluetooth, Dual Camera, GMS",169.99,2026-08-27T00:00:00-04:00,2026-09-02T23:59:59-04:00
Walmart,8111308,"FPD 40-inch Smart TV, 1080P FHD Google TV with Google Play Built-in Google Cast , Dolby Audio, HDR 10, Flat Television with Google Assistant Voice Remote",258.96,2026-08-27T00:00:00-04:00,2026-09-02T23:59:59-04:00
Walmart,8111308,Samsung Galaxy Buds3 FE,119.99,2026-08-27T00:00:00-04:00,2026-09-02T23:59:59-04:00
Walmart,8111308,Restored Apple iPhone 12 64GB Unlocked Smartphone Like New,275.0,2026-08-27T00:00:00-04:00,2026-09-02T23:59:59-04:00
Walmart,8111308,"Roborock Q7 M5+ Robot Vacuum and Mop, Upgraded from Q5 Max+, Self-Emptying, 10,000Pa Suction, Dual Anti-Tangle System for Pet Hair & Carpet, PreciSense LiDAR Navigation, App Control, Black",299.99,2026-08-27T00:00:00-04:00,2026-09-02T23:59:59-04:00
Walmart,8111308,George Women's ribbed briefs 6-pack,12.0,2026-08-27T00:00:00-04:00,2026-09-02T23:59:59-04:00
Walmart,8111308,Grenade protein bars,11.97,2026-08-27T00:00:00-04:00,2026-09-02T23:59:59-04:00
Walmart,8111308,Charmin bathroom tissue 30 triple rolls,21.98,2026-08-27T00:00:00-04:00,2026-09-02T23:59:59-04:00
Walmart,8111308,Farmers 1% Chocolate Milk,2.48,2026-08-27T00:00:00-04:00,2026-09-02T23:59:59-04:00
Walmart,8111308,Canon imageCLASS MF3010 laser printer,99.98,2026-08-27T00:00:00-04:00,2026-09-02T23:59:59-04:00
Walmart,8111308,Canon PIXMA TS3720 wireless all-in-one printer,47.98,2026-08-27T00:00:00-04:00,2026-09-02T23:59:59-04:00
Walmart,8111308,Pen+Gear school list kit,16.98,2026-08-27T00:00:00-04:00,2026-09-02T23:59:59-04:00
Walmart,8111308,"Asus Chromebook Laptop 14""",279.98,2026-08-27T00:00:00-04:00,2026-09-02T23:59:59-04:00
Walmart,8111308,Glad Black Garbage Bags,10.97,2026-08-27T00:00:00-04:00,2026-09-02T23:59:59-04:00
Walmart,8111308,Pearl Milling Pancake Mix or Syrup,3.97,2026-08-27T00:00:00-04:00,2026-09-02T23:59:59-04:00
Walmart,8111308,Frito-Lay Chips,5.47,2026-08-27T00:00:00-04:00,2026-09-02T23:59:59-04:00
Walmart,8111308,Black Diamond cheese block 400 g,4.92,2026-08-27T00:00:00-04:00,2026-09-02T23:59:59-04:00
Walmart,8111308,Chapman's Premium French tubs,6.97,2026-08-27T00:00:00-04:00,2026-09-02T23:59:59-04:00
Walmart,8111308,Sensodyne Toothpaste,4.94,2026-08-27T00:00:00-04:00,2026-09-02T23:59:59-04:00
Walmart,8111308,Sakura sushi rice,12.98,2026-08-27T00:00:00-04:00,2026-09-02T23:59:59-04:00
Walmart,8111308,Samyang Buldak spicy ramen,6.98,2026-08-27T00:00:00-04:00,2026-09-02T23:59:59-04:00
Walmart,8111308,"Great Value ECO 10"" dinner plates 125s",17.93,2026-08-27T00:00:00-04:00,2026-09-02T23:59:59-04:00
Walmart,8111308,Bounce Dryer Sheets,9.97,2026-08-27T00:00:00-04:00,2026-09-02T23:59:59-04:00
Walmart,8111308,Huggies 11x wipes,19.77,2026-08-27T00:00:00-04:00,2026-09-02T23:59:59-04:00
Walmart,8111308,"AXE Body Spray, Deodorant or Bodywash",3.96,2026-08-27T00:00:00-04:00,2026-09-02T23:59:59-04:00
Walmart,8111308,Kinder Chocolate bars,4.48,2026-08-27T00:00:00-04:00,2026-09-02T23:59:59-04:00
Walmart,8111308,Oîkos Pro drinkable Greek yogurt,2.48,2026-08-27T00:00:00-04:00,2026-09-02T23:59:59-04:00
Walmart,8111308,Grenade protein bars,11.97,2026-08-27T00:00:00-04:00,2026-09-02T23:59:59-04:00
Walmart,8111308,Webber Naturals Omega-3 80s or Omega 3-6-9 180s,18.97,2026-08-27T00:00:00-04:00,2026-09-02T23:59:59-04:00
Walmart,8111308,Pen+Gear Binders,4.97,2026-08-27T00:00:00-04:00,2026-09-02T23:59:59-04:00
Walmart,8111308,Pen+Gear report cover,0.22,2026-08-27T00:00:00-04:00,2026-09-02T23:59:59-04:00
Walmart,8111308,Skross backpack,34.97,2026-08-27T00:00:00-04:00,2026-09-02T23:59:59-04:00
Walmart,8111308,Dome lunchbag,15.97,2026-08-27T00:00:00-04:00,2026-09-02T23:59:59-04:00
Walmart,8111308,Arctic Zone Uptown tote lunch bag,14.97,2026-08-27T00:00:00-04:00,2026-09-02T23:59:59-04:00
Walmart,8111308,Coca-Cola Pop,8.28,2026-08-27T00:00:00-04:00,2026-09-02T23:59:59-04:00
Walmart,8111308,Fuze raspberry iced tea,2.77,2026-08-27T00:00:00-04:00,2026-09-02T23:59:59-04:00
Walmart,8111308,Ritz Bits Snackwiches 10-Snak Paks,4.98,2026-08-27T00:00:00-04:00,2026-09-02T23:59:59-04:00
Walmart,8111308,Zevia Strawberry Lemon Burst soda,6.48,2026-08-27T00:00:00-04:00,2026-09-02T23:59:59-04:00
Walmart,8111308,Nutella biscuits 276 g,6.67,2026-08-27T00:00:00-04:00,2026-09-02T23:59:59-04:00
Walmart,8111308,Crayola 20ct washable Super Tips markers,2.0,2026-08-27T00:00:00-04:00,2026-09-02T23:59:59-04:00
Walmart,8111308,Sterilite Medium 3-drawer storage cart,21.97,2026-08-27T00:00:00-04:00,2026-09-02T23:59:59-04:00
Walmart,8111308,Athletic Works Kids' athletic shoes,19.0,2026-08-27T00:00:00-04:00,2026-09-02T23:59:59-04:00
Walmart,8111308,Oasis beverages or juice boxes,3.47,2026-08-27T00:00:00-04:00,2026-09-02T23:59:59-04:00
Walmart,8111308,KPop stationary,12.97,2026-08-27T00:00:00-04:00,2026-09-02T23:59:59-04:00
Walmart,8111308,Canon PIXMA TR4725 inkjet print,59.98,2026-08-27T00:00:00-04:00,2026-09-02T23:59:59-04:00
Walmart,8111308,Logitech wireless mouse,19.98,2026-08-27T00:00:00-04:00,2026-09-02T23:59:59-04:00
Walmart,8111308,Swanson lasagna frozen entrees,4.97,2026-08-27T00:00:00-04:00,2026-09-02T23:59:59-04:00
Walmart,8111308,Great Value sandwich bags,2.74,2026-08-27T00:00:00-04:00,2026-09-02T23:59:59-04:00
Walmart,8111308,Natrel lactose free milk,5.96,2026-08-27T00:00:00-04:00,2026-09-02T23:59:59-04:00
Walmart,8111308,Tal 24-oz. 2-in-1 Straw and chug water bottle,18.98,2026-08-27T00:00:00-04:00,2026-09-02T23:59:59-04:00
Walmart,8111308,Nature's Path EnviroKidz Organic Koala Crisp,9.42,2026-08-27T00:00:00-04:00,2026-09-02T23:59:59-04:00
Walmart,8111308,Hyper 37V Phil folding electric scooter,298.0,2026-08-27T00:00:00-04:00,2026-09-02T23:59:59-04:00
Walmart,8111308,Vega Protein & Supergreens plant-based powder,21.97,2026-08-27T00:00:00-04:00,2026-09-02T23:59:59-04:00
Walmart,8111308,Pillows 2-pack,29.99,2026-08-27T00:00:00-04:00,2026-09-02T23:59:59-04:00
Walmart,8111308,SKIMI hair dryer and hot styling brush set,45.99,2026-08-27T00:00:00-04:00,2026-09-02T23:59:59-04:00
Walmart,8111308,"PhiloDeco tower fan for home, 40"" silent bladeless fan",84.99,2026-08-27T00:00:00-04:00,2026-09-02T23:59:59-04:00
Walmart,8111308,Biotene moisturizing mouthwash,12.47,2026-08-27T00:00:00-04:00,2026-09-02T23:59:59-04:00
Walmart,8111308,Finute shrimp chips,6.98,2026-08-27T00:00:00-04:00,2026-09-02T23:59:59-04:00
Walmart,8111308,Pillsbury Pizza Pops,2.94,2026-08-27T00:00:00-04:00,2026-09-02T23:59:59-04:00
Walmart,8111308,Mini Chips Ahoy! cookies,2.48,2026-08-27T00:00:00-04:00,2026-09-02T23:59:59-04:00
Walmart,8111308,Sensodyne Pronamel Kids Gentle Mint or Kids Berry Twist toothpaste,4.94,2026-08-27T00:00:00-04:00,2026-09-02T23:59:59-04:00
Walmart,8111308,Allen's Juice,1.0,2026-08-27T00:00:00-04:00,2026-09-02T23:59:59-04:00
Walmart,8111308,Post-It Super Sticky Notes,3.47,2026-08-27T00:00:00-04:00,2026-09-02T23:59:59-04:00
Walmart,8111308,"Gyrocopters Zeil Mountain Electric Bike for adults | 500 W motor | 27.5"" tires | 40 km/h speed | 91 km range | 480 WH removable battery | UL-2849 approved | Fat tire Mountain E bike",899.96,2026-08-27T00:00:00-04:00,2026-09-02T23:59:59-04:00
Walmart,8111308,Royalty digestives,2.48,2026-08-27T00:00:00-04:00,2026-09-02T23:59:59-04:00
Walmart,8111308,Cheerios Protein cereal,4.87,2026-08-27T00:00:00-04:00,2026-09-02T23:59:59-04:00
Walmart,8111308,Expo dry erase markers 8-pack,11.48,2026-08-27T00:00:00-04:00,2026-09-02T23:59:59-04:00
Walmart,8111308,Logitech wireless keyboard and mouse,29.98,2026-08-27T00:00:00-04:00,2026-09-02T23:59:59-04:00
Walmart,8111308,Cocon pudding,3.97,2026-08-27T00:00:00-04:00,2026-09-02T23:59:59-04:00
Walmart,8111308,Hellmann's mayonnaise type dressing,3.77,2026-08-27T00:00:00-04:00,2026-09-02T23:59:59-04:00
Walmart,8111308,ARCTIC ZONE Insulated lunch box Combo,13.97,2026-08-27T00:00:00-04:00,2026-09-02T23:59:59-04:00
Walmart,8111308,Your Fresh Market™ beef stir fry strips,15.39,2026-08-27T00:00:00-04:00,2026-09-02T23:59:59-04:00
Walmart,8111308,Kadoya sesame oil 327 mL,5.98,2026-08-27T00:00:00-04:00,2026-09-02T23:59:59-04:00
Walmart,8111308,Restored Apple iPhone 12 64GB Unlocked Smartphone Like New,275.0,2026-08-27T00:00:00-04:00,2026-09-02T23:59:59-04:00
Walmart,8111308,Watson Ridge Chicken Nuggets,5.97,2026-08-27T00:00:00-04:00,2026-09-02T23:59:59-04:00
Walmart,8111308,Allen's apple juice boxes,2.98,2026-08-27T00:00:00-04:00,2026-09-02T23:59:59-04:00
Walmart,8111308,Heinz ketchup,4.97,2026-08-27T00:00:00-04:00,2026-09-02T23:59:59-04:00
Walmart,8111308,Frito-Lay Halloween treat bag 40s,13.37,2026-08-27T00:00:00-04:00,2026-09-02T23:59:59-04:00
Walmart,8111308,Pen+Gear school list kit,16.98,2026-08-27T00:00:00-04:00,2026-09-02T23:59:59-04:00
Walmart,8111308,Elastoplast fabric or plastic bandages 80s,5.77,2026-08-27T00:00:00-04:00,2026-09-02T23:59:59-04:00
Walmart,8111308,Allfit Konjac jelly pouch,1.97,2026-08-27T00:00:00-04:00,2026-09-02T23:59:59-04:00
Walmart,8111308,Pocky biscuit sticks,1.77,2026-08-27T00:00:00-04:00,2026-09-02T23:59:59-04:00
Walmart,8111308,Pen+Gear binders,4.97,2026-08-27T00:00:00-04:00,2026-09-02T23:59:59-04:00
Walmart,8111308,JLab JBuddies Studio 2 wired headphones,14.98,2026-08-27T00:00:00-04:00,2026-09-02T23:59:59-04:00
Walmart,8111308,Crest Gum Detoxify Toothpaste,6.97,2026-08-27T00:00:00-04:00,2026-09-02T23:59:59-04:00
Walmart,8111308,"Pen Gear Durable View 1.5"" binder",5.97,2026-08-27T00:00:00-04:00,2026-09-02T23:59:59-04:00
Walmart,8111308,GO Wireless keyboard,19.98,2026-08-27T00:00:00-04:00,2026-09-02T23:59:59-04:00
Walmart,8111308,Samsung Galaxy A17 128GB unlocked phone,219.98,2026-08-27T00:00:00-04:00,2026-09-02T23:59:59-04:00
Walmart,8111308,"Acer Iconia A10 Gen2 10.1"" Tablet",179.98,2026-08-27T00:00:00-04:00,2026-09-02T23:59:59-04:00
Walmart,8111308,Dual-compartment lunch bag,16.97,2026-08-27T00:00:00-04:00,2026-09-02T23:59:59-04:00
Walmart,8111308,Great Value zippers freezer bags,4.94,2026-08-27T00:00:00-04:00,2026-09-02T23:59:59-04:00
Walmart,8111308,Kinder Surprise® 3-pack,5.48,2026-08-27T00:00:00-04:00,2026-09-02T23:59:59-04:00
Walmart,8111308,Zevia Orange Creamsicle soda,6.48,2026-08-27T00:00:00-04:00,2026-09-02T23:59:59-04:00
Walmart,8111308,Nutella hazelnut or peanut 725 g,8.47,2026-08-27T00:00:00-04:00,2026-09-02T23:59:59-04:00
Walmart,8111308,Hellmann's real mayonnaise,6.47,2026-08-27T00:00:00-04:00,2026-09-02T23:59:59-04:00
Walmart,8111308,Yoplait Tubes yogurt,2.47,2026-08-27T00:00:00-04:00,2026-09-02T23:59:59-04:00
Walmart,8111308,Swanson fettuccini Alfredo or cheesy rice with broccoli & chicken frozen entrees,4.97,2026-08-27T00:00:00-04:00,2026-09-02T23:59:59-04:00
Walmart,8111308,Kruzer 200 folding scooter,99.97,2026-08-27T00:00:00-04:00,2026-09-02T23:59:59-04:00
Walmart,8111308,Lysol all-purpose cleaner,5.47,2026-08-27T00:00:00-04:00,2026-09-02T23:59:59-04:00
Walmart,8111308,School backpack,6.97,2026-08-27T00:00:00-04:00,2026-09-02T23:59:59-04:00
Walmart,8111308,Selected stationery,2.0,2026-08-27T00:00:00-04:00,2026-09-02T23:59:59-04:00
Walmart,8111308,"Acer 15.6"" Aspire Lite FHD IPS laptop",399.98,2026-08-27T00:00:00-04:00,2026-09-02T23:59:59-04:00
Walmart,8111308,Fanta Orange Pop,3.97,2026-08-27T00:00:00-04:00,2026-09-02T23:59:59-04:00
Walmart,8111308,Coca-Cola or Coke Zero Pop,2.87,2026-08-27T00:00:00-04:00,2026-09-02T23:59:59-04:00
Walmart,8111308,Reese's Pieces candy 185 g,5.98,2026-08-27T00:00:00-04:00,2026-09-02T23:59:59-04:00
Walmart,8111308,Yop strawberry-banana,5.76,2026-08-27T00:00:00-04:00,2026-09-02T23:59:59-04:00
Walmart,8111308,Healthy Choice Simply Steamers frozen entrees,4.97,2026-08-27T00:00:00-04:00,2026-09-02T23:59:59-04:00
Walmart,8111308,Hamilton Beach 3.3-cu. ft. Compact fridge with freezer,119.97,2026-08-27T00:00:00-04:00,2026-09-02T23:59:59-04:00
Walmart,8111308,"Auusda Laptop, Win 11 Pro 15.6"" 3050E CPU Home Computer, 16GB RAM 512GB SSD storage",369.99,2026-08-27T00:00:00-04:00,2026-09-02T23:59:59-04:00
Walmart,8111308,Vega protein Made Simple protein powder,19.97,2026-08-27T00:00:00-04:00,2026-09-02T23:59:59-04:00
Walmart,8111308,neatfreak! basic hangers,2.97,2026-08-27T00:00:00-04:00,2026-09-02T23:59:59-04:00
Walmart,8111308,Ktaxon 4-drawer dresser,100.99,2026-08-27T00:00:00-04:00,2026-09-02T23:59:59-04:00
Walmart,8111308,"Acer Chromebook 315 15.6"" FHD",279.99,2026-08-27T00:00:00-04:00,2026-09-02T23:59:59-04:00
Walmart,8111308,Black & White Paper Towel,4.94,2026-08-27T00:00:00-04:00,2026-09-02T23:59:59-04:00
Walmart,8111308,Schoolyard vibes backpack 3-piece set,29.97,2026-08-27T00:00:00-04:00,2026-09-02T23:59:59-04:00
Walmart,8111308,Bestier 49.2' high LED storage platform bed frame,128.99,2026-08-27T00:00:00-04:00,2026-09-02T23:59:59-04:00
Walmart,8111308,"Sensodyne Clinical White, Enamel Strengthening Toothpaste",7.97,2026-08-27T00:00:00-04:00,2026-09-02T23:59:59-04:00
Walmart,8111308,Betty Crocker fruit snacks,2.47,2026-08-27T00:00:00-04:00,2026-09-02T23:59:59-04:00
Walmart,8111308,Webber Naturals Sesame Street gummies,15.97,2026-08-27T00:00:00-04:00,2026-09-02T23:59:59-04:00
Walmart,8111308,AirPods Pro 3,279.0,2026-08-27T00:00:00-04:00,2026-09-02T23:59:59-04:00
Walmart,8111308,RITZ family size crackers,4.48,2026-08-27T00:00:00-04:00,2026-09-02T23:59:59-04:00
Walmart,8111308,Sensodyne or Pronamel toothpaste,6.98,2026-08-27T00:00:00-04:00,2026-09-02T23:59:59-04:00
Walmart,8111308,Black Diamond Cheese shreds 320g,4.92,2026-08-27T00:00:00-04:00,2026-09-02T23:59:59-04:00
Walmart,8111308,Monster Energy drink,2.48,2026-08-27T00:00:00-04:00,2026-09-02T23:59:59-04:00
Walmart,8111308,Puck cheese triangles,3.27,2026-08-27T00:00:00-04:00,2026-09-02T23:59:59-04:00
Walmart,8111308,4-Piece backpack set,16.97,2026-08-27T00:00:00-04:00,2026-09-02T23:59:59-04:00
Walmart,8111308,"iPad Air 11"" Wi-Fi 128 GB (M4)",849.0,2026-08-27T00:00:00-04:00,2026-09-02T23:59:59-04:00
Walmart,8111308,Pen+Gear laminator,24.97,2026-08-27T00:00:00-04:00,2026-09-02T23:59:59-04:00
Walmart,8111308,Expo dry erase markers 8-pack,11.48,2026-08-27T00:00:00-04:00,2026-09-02T23:59:59-04:00
Walmart,8111308,"16"" OmniBook 5 laptop",899.98,2026-08-27T00:00:00-04:00,2026-09-02T23:59:59-04:00
Walmart,8111308,HP Envy 6152E all-in-one printer,79.98,2026-08-27T00:00:00-04:00,2026-09-02T23:59:59-04:00
Walmart,8111308,Grom over-ear sound isolating kid's headphones,29.98,2026-08-27T00:00:00-04:00,2026-09-02T23:59:59-04:00
Walmart,8111308,Skross backpack,34.97,2026-08-27T00:00:00-04:00,2026-09-02T23:59:59-04:00
Walmart,8111308,Dome lunchbag,15.97,2026-08-27T00:00:00-04:00,2026-09-02T23:59:59-04:00
Walmart,8111308,Christie Chips Ahoy! Mini cookies 200 g,2.48,2026-08-27T00:00:00-04:00,2026-09-02T23:59:59-04:00
Walmart,8111308,"onn. 8"" Tablet (2026)",169.98,2026-08-27T00:00:00-04:00,2026-09-02T23:59:59-04:00
Walmart,8111308,Licensed lunch bag,11.97,2026-08-27T00:00:00-04:00,2026-09-02T23:59:59-04:00
Walmart,8111308,Kinder Chocolate,1.98,2026-08-27T00:00:00-04:00,2026-09-02T23:59:59-04:00
Walmart,8111308,Reese's Big Cup stuffed with Pieces King,2.18,2026-08-27T00:00:00-04:00,2026-09-02T23:59:59-04:00
Walmart,8111308,Nutella peanut 725 g,8.47,2026-08-27T00:00:00-04:00,2026-09-02T23:59:59-04:00
Walmart,8111308,Oasis ready-to-drink-smoothies,6.98,2026-08-27T00:00:00-04:00,2026-09-02T23:59:59-04:00
Walmart,8111308,Nature's Path Honey'D corn flakes,9.42,2026-08-27T00:00:00-04:00,2026-09-02T23:59:59-04:00
Walmart,8111308,Pogo Original,12.97,2026-08-27T00:00:00-04:00,2026-09-02T23:59:59-04:00
Walmart,8111308,Coca-Cola Mini Cans Pop,3.97,2026-08-27T00:00:00-04:00,2026-09-02T23:59:59-04:00
Walmart,8111308,Hellmann's mayonnaise type dressing 325 mL - 340 mL,3.77,2026-08-27T00:00:00-04:00,2026-09-02T23:59:59-04:00
Walmart,8111308,RITZ Drizzled minis,4.98,2026-08-27T00:00:00-04:00,2026-09-02T23:59:59-04:00
Walmart,8111308,Swanson lasagna or sweet & sour chicken frozen entrees,4.97,2026-08-27T00:00:00-04:00,2026-09-02T23:59:59-04:00
Walmart,8111308,Coke Zero Pop,2.87,2026-08-27T00:00:00-04:00,2026-09-02T23:59:59-04:00
Walmart,8111308,Cadbury Caramilk Minis chocolate bars,5.98,2026-08-27T00:00:00-04:00,2026-09-02T23:59:59-04:00
Walmart,8111308,Oasis beverages or juice boxes,3.47,2026-08-27T00:00:00-04:00,2026-09-02T23:59:59-04:00
Walmart,8111308,Nature's Path Love Crunch organic protein chocolate and almond butter or strawberry cheesecake granola,5.98,2026-08-27T00:00:00-04:00,2026-09-02T23:59:59-04:00
Walmart,8111308,Mainstays 0.7 cu ft microwave,69.97,2026-08-27T00:00:00-04:00,2026-09-02T23:59:59-04:00
Walmart,8111308,"Bestier 42"" LED gaming desk",79.99,2026-08-27T00:00:00-04:00,2026-09-02T23:59:59-04:00
Walmart,8111308,"Lecuneey 10"" gel memory foam mattress",158.99,2026-08-27T00:00:00-04:00,2026-09-02T23:59:59-04:00
Walmart,8111308,Taco Bell Taco Shells,3.47,2026-08-27T00:00:00-04:00,2026-09-02T23:59:59-04:00
Walmart,8111308,"24"" Rock Creek mountain bike",148.0,2026-08-27T00:00:00-04:00,2026-09-02T23:59:59-04:00
Walmart,8111308,Premier Protein café latte shakes,33.97,2026-08-27T00:00:00-04:00,2026-09-02T23:59:59-04:00
Walmart,8111308,Tide Simply Laundry Detergent,11.97,2026-08-27T00:00:00-04:00,2026-09-02T23:59:59-04:00
Walmart,8111308,Lysol Toilet Bowl Cleaner or Multi-Surface pour,3.97,2026-08-27T00:00:00-04:00,2026-09-02T23:59:59-04:00
Walmart,8111308,Oxiclean Stain remover powder,12.97,2026-08-27T00:00:00-04:00,2026-09-02T23:59:59-04:00
Walmart,8111308,Great Value 2-ply or 3-ply facial tissues,7.94,2026-08-27T00:00:00-04:00,2026-09-02T23:59:59-04:00
Walmart,8111308,Old Spice deodorant,6.97,2026-08-27T00:00:00-04:00,2026-09-02T23:59:59-04:00
Walmart,8111308,IAMS dry dog food,26.97,2026-08-27T00:00:00-04:00,2026-09-02T23:59:59-04:00
Walmart,8111308,Crest pro-health mouthwash,6.97,2026-08-27T00:00:00-04:00,2026-09-02T23:59:59-04:00
Walmart,8111308,TRESemmé Shampoo,6.97,2026-08-27T00:00:00-04:00,2026-09-02T23:59:59-04:00
Walmart,8111308,IAMS dry dog food,26.97,2026-08-27T00:00:00-04:00,2026-09-02T23:59:59-04:00
Walmart,8111308,Graphic tee,5.0,2026-08-27T00:00:00-04:00,2026-09-02T23:59:59-04:00
Walmart,8111308,George Kids toddlers cozy boots,19.0,2026-08-27T00:00:00-04:00,2026-09-02T23:59:59-04:00
Walmart,8111308,Aqua Puffs Animal,13.97,2026-08-27T00:00:00-04:00,2026-09-02T23:59:59-04:00
Walmart,8111308,George Graphic tee,5.0,2026-08-27T00:00:00-04:00,2026-09-02T23:59:59-04:00
Walmart,8111308,George leggings,5.0,2026-08-27T00:00:00-04:00,2026-09-02T23:59:59-04:00
Walmart,8111308,Kids' or toddlers' fashion boots,22.0,2026-08-27T00:00:00-04:00,2026-09-02T23:59:59-04:00
Walmart,8111308,George Fleece jogger,10.0,2026-08-27T00:00:00-04:00,2026-09-02T23:59:59-04:00
Walmart,8111308,George Fleece Hoodie,12.0,2026-08-27T00:00:00-04:00,2026-09-02T23:59:59-04:00
Walmart,8111308,"Honeywell Turboforce 7"" fan",24.98,2026-08-27T00:00:00-04:00,2026-09-02T23:59:59-04:00
Walmart,8111308,Adult's sneakers,29.0,2026-08-27T00:00:00-04:00,2026-09-02T23:59:59-04:00
Walmart,8111308,"SONGMICS 4-Tier Shower Caddy, 33.5-120.1''Height Adjustable Corner Bathroom Shelf, Shower Organizer, Steel, Black",26.99,2026-08-27T00:00:00-04:00,2026-09-02T23:59:59-04:00
Walmart,8111308,Jockey Women's EverActive Racerback Tank With Built-In Bra,37.99,2026-08-27T00:00:00-04:00,2026-09-02T23:59:59-04:00
Walmart,8111308,IMGadgets Go Luggage 3pc Set (Black) | Lightweight & Durable ABS Polycarbonate | 360° 4x Dual Spinner Wheels | TSA-Approved Lock | 3 GPS World Smart Tags | Spacious Design | Retractable Iron Handle,129.96,2026-08-27T00:00:00-04:00,2026-09-02T23:59:59-04:00
Walmart,8111308,"EDX Gold 59""x16"" Arched Full Length Mirror with Metal Frame, Full Body Floor Mirror, Free-Standing Wall-Mounted Hanging",44.99,2026-08-27T00:00:00-04:00,2026-09-02T23:59:59-04:00
Walmart,8111308,Botanic Hearth Peppermint Oil Shampoo And Conditioner Set | Hair Blooming Formula With Keratin | Fights Hair Loss | Sulfate Free For Men And Women | 16 Fl Oz X 2,25.99,2026-08-27T00:00:00-04:00,2026-09-02T23:59:59-04:00
Walmart,8111308,"EDX Gold 59""x16"" Arched Full Length Mirror with Metal Frame, Full Body Floor Mirror, Free-Standing Wall-Mounted Hanging",44.99,2026-08-27T00:00:00-04:00,2026-09-02T23:59:59-04:00
Walmart,8111308,PS5 Metal Gear Solid: Master Collection Vol. 2 for PlayStation 5,69.96,2026-08-27T00:00:00-04:00,2026-09-02T23:59:59-04:00
Walmart,8111308,Mini Chips Ahoy Cookies,2.48,2026-08-27T00:00:00-04:00,2026-09-02T23:59:59-04:00
Walmart,8111308,General Mills family size cereal,4.87,2026-08-27T00:00:00-04:00,2026-09-02T23:59:59-04:00
Walmart,8111308,Great Value bowls,3.97,2026-08-27T00:00:00-04:00,2026-09-02T23:59:59-04:00
Walmart,8111308,Kinder Bueno or chocolate bars,4.48,2026-08-27T00:00:00-04:00,2026-09-02T23:59:59-04:00
Walmart,8111308,Royale 2-ply bathroom tissue 24 = 48 rolls,11.97,2026-08-27T00:00:00-04:00,2026-09-02T23:59:59-04:00
Walmart,8111308,Vileda Oskar Broom Or Super Twist Mop,11.47,2026-08-27T00:00:00-04:00,2026-09-02T23:59:59-04:00
Walmart,8111308,Whiskas Perfect Portions or Paté wet cat food variety pack,24.98,2026-08-27T00:00:00-04:00,2026-09-02T23:59:59-04:00
Walmart,8111308,Friskies dry cat food,22.97,2026-08-27T00:00:00-04:00,2026-09-02T23:59:59-04:00
Walmart,8111308,Boost high protein meal replacement,11.97,2026-08-27T00:00:00-04:00,2026-09-02T23:59:59-04:00
Walmart,8111308,Eos Body Lotion,16.88,2026-08-27T00:00:00-04:00,2026-09-02T23:59:59-04:00
Walmart,8111308,"Gyrocopters Zeil Mountain Electric Bike for adults | 500 W motor | 27.5"" tires | 40 km/h speed | 91 km range | 480 WH removable battery | UL-2849 approved | Fat tire Mountain E bike",899.96,2026-08-27T00:00:00-04:00,2026-09-02T23:59:59-04:00
Walmart,8111308,Samsung Galaxy Buds3 FE,119.99,2026-08-27T00:00:00-04:00,2026-09-02T23:59:59-04:00
Walmart,8111308,"ALROCKET HEPA Air Purifier for Home & Bedroom, 22dB Quiet Sleep Mode, Helps Reduce Smoke, Pollen, Pet Dander, Hair & Odors, Compact Portable Design with Speed Control, Covers Up to 350 sq. ft., White",55.99,2026-08-27T00:00:00-04:00,2026-09-02T23:59:59-04:00
Walmart,8111308,"ALROCKET HEPA Air Purifier for Home & Bedroom, 22dB Quiet Sleep Mode, Helps Reduce Smoke, Pollen, Pet Dander, Hair & Odors, Compact Portable Design with Speed Control, Covers Up to 350 sq. ft., White",55.99,2026-08-27T00:00:00-04:00,2026-09-02T23:59:59-04:00
Walmart,8111308,Biosteel Hydration Drink 12 pack,19.98,2026-08-27T00:00:00-04:00,2026-09-02T23:59:59-04:00
Walmart,8111308,Caledon Farms dog treats,7.98,2026-08-27T00:00:00-04:00,2026-09-02T23:59:59-04:00
Walmart,8111308,Friskies Dry Cat Food,22.97,2026-08-27T00:00:00-04:00,2026-09-02T23:59:59-04:00
Walmart,8111308,Pure Protein bars,11.47,2026-08-27T00:00:00-04:00,2026-09-02T23:59:59-04:00
Walmart,8111308,Always Discreet incontinence pads or underwear,28.97,2026-08-27T00:00:00-04:00,2026-09-02T23:59:59-04:00
Walmart,8111308,AirPods 4,144.0,2026-08-27T00:00:00-04:00,2026-09-02T23:59:59-04:00
Walmart,8111308,Tylenol eZ Tabs or liquid gels,16.34,2026-08-27T00:00:00-04:00,2026-09-02T23:59:59-04:00
Walmart,8111308,Barebells protein bars 4-pack,12.47,2026-08-27T00:00:00-04:00,2026-09-02T23:59:59-04:00
Walmart,8111308,Equate incontinence underwear for men and women,13.98,2026-08-27T00:00:00-04:00,2026-09-02T23:59:59-04:00
Walmart,8111308,Tena incontinence products,28.97,2026-08-27T00:00:00-04:00,2026-09-02T23:59:59-04:00
Walmart,8111308,Ginger root,1.97,2026-08-27T00:00:00-04:00,2026-09-02T23:59:59-04:00
Walmart,8111308,iPad A16 Wi-Fi 128 GB,549.0,2026-08-27T00:00:00-04:00,2026-09-02T23:59:59-04:00
Walmart,8111308,Bell Pixel 10 postpaid phone,0.0,2026-08-27T00:00:00-04:00,2026-09-02T23:59:59-04:00
Walmart,8111308,Basic hangers,2.97,2026-08-27T00:00:00-04:00,2026-09-02T23:59:59-04:00
Walmart,8111308,3 Piece backpack set,24.97,2026-08-27T00:00:00-04:00,2026-09-02T23:59:59-04:00
Walmart,8111308,Bissell Compact upright or canister vacuum,69.98,2026-08-27T00:00:00-04:00,2026-09-02T23:59:59-04:00
Walmart,8111308,BISSELL Compact upright or canister vacuum,69.98,2026-08-27T00:00:00-04:00,2026-09-02T23:59:59-04:00
Walmart,8111308,"Asus Chromebook 14"" CM14 laptop",399.98,2026-08-27T00:00:00-04:00,2026-09-02T23:59:59-04:00
Walmart,8111308,Insulated lunch bag,8.88,2026-08-27T00:00:00-04:00,2026-09-02T23:59:59-04:00
Walmart,8111308,"SONGMICS 4-Tier Shower Caddy, 33.5-120.1''Height Adjustable Corner Bathroom Shelf, Shower Organizer, Steel, Black",26.99,2026-08-27T00:00:00-04:00,2026-09-02T23:59:59-04:00
Walmart,8111308,"Roborock Q7 M5+ Robot Vacuum and Mop, Upgraded from Q5 Max+, Self-Emptying, 10,000Pa Suction, Dual Anti-Tangle System for Pet Hair & Carpet, PreciSense LiDAR Navigation, App Control, Black",299.99,2026-08-27T00:00:00-04:00,2026-09-02T23:59:59-04:00
Walmart,8111308,Botanic Hearth Peppermint Oil Shampoo And Conditioner Set | Hair Blooming Formula With Keratin | Fights Hair Loss | Sulfate Free For Men And Women | 16 Fl Oz X 2,25.99,2026-08-27T00:00:00-04:00,2026-09-02T23:59:59-04:00
Walmart,8111308,Claritin 70s,28.88,2026-08-27T00:00:00-04:00,2026-09-02T23:59:59-04:00
Walmart,8111308,Authentic Asia soup,3.98,2026-08-27T00:00:00-04:00,2026-09-02T23:59:59-04:00
Walmart,8111308,Thai Coco coconut cream,1.98,2026-08-27T00:00:00-04:00,2026-09-02T23:59:59-04:00
Walmart,8111308,Authentic Asia soup,3.98,2026-08-27T00:00:00-04:00,2026-09-02T23:59:59-04:00
Walmart,8111308,Chayote squash,0.88,2026-08-27T00:00:00-04:00,2026-09-02T23:59:59-04:00
Walmart,8111308,Foong's Kitchen shrimp and pork wonton,5.98,2026-08-27T00:00:00-04:00,2026-09-02T23:59:59-04:00
Walmart,8111308,Logitech USB computer headset,19.98,2026-08-27T00:00:00-04:00,2026-09-02T23:59:59-04:00
Walmart,8111308,Jetstream backpacks,19.97,2026-08-27T00:00:00-04:00,2026-09-02T23:59:59-04:00
Walmart,8111308,"KPop Demon Hunters pencil cases, notebooks or journals",7.97,2026-08-27T00:00:00-04:00,2026-09-02T23:59:59-04:00
Walmart,8111308,Pen+Gear report cover,0.22,2026-08-27T00:00:00-04:00,2026-09-02T23:59:59-04:00
Walmart,8111308,"Chromebook 311 11.6"" laptop",269.98,2026-08-27T00:00:00-04:00,2026-09-02T23:59:59-04:00
Walmart,8111308,Pen+Gear pencil cases,7.0,2026-08-27T00:00:00-04:00,2026-09-02T23:59:59-04:00
Walmart,8111308,Wood pencils 24-pack,1.0,2026-08-27T00:00:00-04:00,2026-09-02T23:59:59-04:00
Walmart,8111308,Dime 3 XT true wireless earbuds,29.98,2026-08-27T00:00:00-04:00,2026-09-02T23:59:59-04:00
Walmart,8111308,KPop Demon Hunters notebooks,7.97,2026-08-27T00:00:00-04:00,2026-09-02T23:59:59-04:00
Walmart,8111308,Your Fresh Market mini carrots,2.44,2026-08-27T00:00:00-04:00,2026-09-02T23:59:59-04:00
Walmart,8111308,Peaches 3 L,6.44,2026-08-27T00:00:00-04:00,2026-09-02T23:59:59-04:00
Walmart,8111308,Chapman's Super Sandwich novelties,6.97,2026-08-27T00:00:00-04:00,2026-09-02T23:59:59-04:00
Walmart,8111308,Bic Pens,2.0,2026-08-27T00:00:00-04:00,2026-09-02T23:59:59-04:00
Walmart,8111308,Dare Paws Cookies,2.28,2026-08-27T00:00:00-04:00,2026-09-02T23:59:59-04:00
Walmart,8111308,Kellogg's Nutri-Grain Bars,2.47,2026-08-27T00:00:00-04:00,2026-09-02T23:59:59-04:00
Walmart,8111308,BIC Pens,2.0,2026-08-27T00:00:00-04:00,2026-09-02T23:59:59-04:00
Walmart,8111308,Lays Frito-Lay chips,5.47,2026-08-27T00:00:00-04:00,2026-09-02T23:59:59-04:00
Walmart,8111308,Pure Balance dog treats,19.97,2026-08-27T00:00:00-04:00,2026-09-02T23:59:59-04:00
Walmart,8111308,Tim Hortons K-Cup 30s,19.86,2026-08-27T00:00:00-04:00,2026-09-02T23:59:59-04:00
Walmart,8111308,Nutella hazelnut spread,6.97,2026-08-27T00:00:00-04:00,2026-09-02T23:59:59-04:00
Walmart,8111308,Frito-Lay Chips variety pack,19.97,2026-08-27T00:00:00-04:00,2026-09-02T23:59:59-04:00
Walmart,8111308,Two Good Yogurt cups,2.77,2026-08-27T00:00:00-04:00,2026-09-02T23:59:59-04:00
Walmart,8111308,Frito-Lay chips variety pack,19.97,2026-08-27T00:00:00-04:00,2026-09-02T23:59:59-04:00
Walmart,8111308,Downy booster beads,18.97,2026-08-27T00:00:00-04:00,2026-09-02T23:59:59-04:00
Walmart,8111308,Brita Denali Water Filter Pitcher,19.97,2026-08-27T00:00:00-04:00,2026-09-02T23:59:59-04:00
Walmart,8111308,Haesong seaweed snack,9.98,2026-08-27T00:00:00-04:00,2026-09-02T23:59:59-04:00
Walmart,8111308,Tide Pods laundry detergent 45-76 loads,18.97,2026-08-27T00:00:00-04:00,2026-09-02T23:59:59-04:00
Walmart,8111308,Quaker Chewy Granola bars value pack,10.97,2026-08-27T00:00:00-04:00,2026-09-02T23:59:59-04:00
Walmart,8111308,Bear Paws Cookies,2.28,2026-08-27T00:00:00-04:00,2026-09-02T23:59:59-04:00
Walmart,8111308,Round Lab 1025 Dokdo cleanser,16.97,2026-08-27T00:00:00-04:00,2026-09-02T23:59:59-04:00
Walmart,8111308,Kewpie mayonnaise 450 g,5.98,2026-08-27T00:00:00-04:00,2026-09-02T23:59:59-04:00
Walmart,8111308,Heys backpack,16.97,2026-08-27T00:00:00-04:00,2026-09-02T23:59:59-04:00
Walmart,8111308,Reunion lava or lava custard mooncakes,16.98,2026-08-27T00:00:00-04:00,2026-09-02T23:59:59-04:00
Walmart,8111308,Finute shrimp chips,6.98,2026-08-27T00:00:00-04:00,2026-09-02T23:59:59-04:00
Walmart,8111308,Your Fresh Market Whole white Mushrooms,2.44,2026-08-27T00:00:00-04:00,2026-09-02T23:59:59-04:00
Walmart,8111308,Marcangelo fresh chicken or pork kabobs,9.97,2026-08-27T00:00:00-04:00,2026-09-02T23:59:59-04:00
Walmart,8111308,"Great Value frozen meat, seafood or appetizers value pack",9.98,2026-08-27T00:00:00-04:00,2026-09-02T23:59:59-04:00
Walmart,8111308,Great Value 12-oz. coffee cups,9.96,2026-08-27T00:00:00-04:00,2026-09-02T23:59:59-04:00
Walmart,8111308,iÖGO 16 x 100g,6.47,2026-08-27T00:00:00-04:00,2026-09-02T23:59:59-04:00
Walmart,8111308,Pampers 6 Wipes,19.77,2026-08-27T00:00:00-04:00,2026-09-02T23:59:59-04:00
Walmart,8111308,Bounty Select-A-Size Paper Towel,22.48,2026-08-27T00:00:00-04:00,2026-09-02T23:59:59-04:00
Walmart,8111308,Palmolive dish soap,1.97,2026-08-27T00:00:00-04:00,2026-09-02T23:59:59-04:00
Walmart,8111308,Royale 2-ply bathroom tissue 24 =48rolls,11.97,2026-08-27T00:00:00-04:00,2026-09-02T23:59:59-04:00
Walmart,8111308,Enfamil A+ NeuroPro Gentlease 2x431g powder formula refill,65.47,2026-08-27T00:00:00-04:00,2026-09-02T23:59:59-04:00
Walmart,8111308,Doritos,3.97,2026-08-27T00:00:00-04:00,2026-09-02T23:59:59-04:00
Walmart,8111308,Cheez-It Crackers,1.97,2026-08-27T00:00:00-04:00,2026-09-02T23:59:59-04:00
Walmart,8111308,Canon PIXMA TR4725 wireless all-in-one printer,59.98,2026-08-27T00:00:00-04:00,2026-09-02T23:59:59-04:00
Walmart,8111308,Sharpie Toy Story 5 permanent markers,3.48,2026-08-27T00:00:00-04:00,2026-09-02T23:59:59-04:00
Walmart,8111308,Royal & Langnickel Essentials paint set,7.97,2026-08-27T00:00:00-04:00,2026-09-02T23:59:59-04:00
Walmart,8111308,"KPop Demon Hunters pencil cases, notebooks or journals",7.97,2026-08-27T00:00:00-04:00,2026-09-02T23:59:59-04:00
Walmart,8111308,KPop Demon Hunters notebooks,7.97,2026-08-27T00:00:00-04:00,2026-09-02T23:59:59-04:00
Walmart,8111308,Paper Mate InkJoy gel pens 14-pack,15.98,2026-08-27T00:00:00-04:00,2026-09-02T23:59:59-04:00
Walmart,8111308,"27"" FHD IPS monitor",129.98,2026-08-27T00:00:00-04:00,2026-09-02T23:59:59-04:00
Walmart,8111308,Crayola Clicks mechanical coloured pencils,9.97,2026-08-27T00:00:00-04:00,2026-09-02T23:59:59-04:00
Walmart,8111308,Royal & Langnickel Essentials paint set,7.97,2026-08-27T00:00:00-04:00,2026-09-02T23:59:59-04:00
Walmart,8111308,3M Command value packs,11.97,2026-08-27T00:00:00-04:00,2026-09-02T23:59:59-04:00
Walmart,8111308,Healthy Choice Simply Steamers frozen entrees,4.97,2026-08-27T00:00:00-04:00,2026-09-02T23:59:59-04:00
Walmart,8111308,Searay steaks,4.98,2026-08-27T00:00:00-04:00,2026-09-02T23:59:59-04:00
Walmart,8111308,Maple Leaf Schneiders Breaded Chicken Wings or tenders or Pork schnitzel Cutlets,9.96,2026-08-27T00:00:00-04:00,2026-09-02T23:59:59-04:00
Walmart,8111308,BISSELL Little Green Mini Deep Cleaner,84.98,2026-08-27T00:00:00-04:00,2026-09-02T23:59:59-04:00
Walmart,8111308,Delicious Kitchen jasmine rice,14.88,2026-08-27T00:00:00-04:00,2026-09-02T23:59:59-04:00
Walmart,8111308,ChaCha frozen dessert,6.98,2026-08-27T00:00:00-04:00,2026-09-02T23:59:59-04:00
Walmart,8111308,Panda oyster sauce 510 g or Lee Kum Kee hoisin sauce 443 mL,2.98,2026-08-27T00:00:00-04:00,2026-09-02T23:59:59-04:00
Walmart,8111308,Arctic Zone Insulated lunch box combo,13.97,2026-08-27T00:00:00-04:00,2026-09-02T23:59:59-04:00
Walmart,8111308,Large Seedless watermelon,6.98,2026-08-27T00:00:00-04:00,2026-09-02T23:59:59-04:00
Walmart,8111308,Arctic Zone Expandable Upright Lunch Box,12.97,2026-08-27T00:00:00-04:00,2026-09-02T23:59:59-04:00
Walmart,8111308,White cauliflower,3.44,2026-08-27T00:00:00-04:00,2026-09-02T23:59:59-04:00
Walmart,8111308,Charmin Bathroom tissue 30 triple rolls,21.98,2026-08-27T00:00:00-04:00,2026-09-02T23:59:59-04:00
Walmart,8111308,Pure Balance dog treats,19.97,2026-08-27T00:00:00-04:00,2026-09-02T23:59:59-04:00
Walmart,8111308,Mini cucumbers,2.44,2026-08-27T00:00:00-04:00,2026-09-02T23:59:59-04:00
Walmart,8111308,Pronamel Toothpaste,4.94,2026-08-27T00:00:00-04:00,2026-09-02T23:59:59-04:00
Walmart,8111308,Danone Danino Drinkable yogurt 6 x 93 Ml,2.77,2026-08-27T00:00:00-04:00,2026-09-02T23:59:59-04:00
Walmart,8111308,Poligrip denture adhesive cream,9.48,2026-08-27T00:00:00-04:00,2026-09-02T23:59:59-04:00
Walmart,8111308,Eggo waffles 8-pack,2.97,2026-08-27T00:00:00-04:00,2026-09-02T23:59:59-04:00
Walmart,8111308,Jane's breaded chicken or battered fish,5.98,2026-08-27T00:00:00-04:00,2026-09-02T23:59:59-04:00
Walmart,8111308,Red Bull energy drink,8.97,2026-08-27T00:00:00-04:00,2026-09-02T23:59:59-04:00
Walmart,8111308,Nongshim 4-pack or KSF 5-pack noodles,3.98,2026-08-27T00:00:00-04:00,2026-09-02T23:59:59-04:00
Walmart,8111308,Tokimi noodles or Siwin dumplings,3.98,2026-08-27T00:00:00-04:00,2026-09-02T23:59:59-04:00
Walmart,8111308,Lee Kum Kee chicken bouillon powder 1 kg,8.98,2026-08-27T00:00:00-04:00,2026-09-02T23:59:59-04:00
Walmart,8111308,Panda oyster sauce 510 g or Lee Kum Kee hoisin sauce 443 mL,2.98,2026-08-27T00:00:00-04:00,2026-09-02T23:59:59-04:00
Walmart,8111308,Kraft Singles slices,11.48,2026-08-27T00:00:00-04:00,2026-09-02T23:59:59-04:00
Walmart,8111308,"43"" M70H Mini-LED Smart TV",448.0,2026-08-27T00:00:00-04:00,2026-09-02T23:59:59-04:00
Walmart,8111308,Sensodyne toothbrushes 2-Pack,6.97,2026-08-27T00:00:00-04:00,2026-09-02T23:59:59-04:00
Walmart,8111308,Annie's macaroni and cheese,1.94,2026-08-27T00:00:00-04:00,2026-09-02T23:59:59-04:00
Walmart,8111308,Oatmeal Crisp Protein Cereal,4.87,2026-08-27T00:00:00-04:00,2026-09-02T23:59:59-04:00
Walmart,8111308,POLIDENT 3 minute,10.48,2026-08-27T00:00:00-04:00,2026-09-02T23:59:59-04:00
Walmart,8111308,Polident Overnight Daily Denture Cleanser 96 count,10.48,2026-08-27T00:00:00-04:00,2026-09-02T23:59:59-04:00
Walmart,8111308,Oatmeal Crisp Protein Cereal,4.87,2026-08-27T00:00:00-04:00,2026-09-02T23:59:59-04:00
Walmart,8111308,Quaker Chewy granola bars value pack,10.97,2026-08-27T00:00:00-04:00,2026-09-02T23:59:59-04:00
Walmart,8111308,Goldfish crackers,2.48,2026-08-27T00:00:00-04:00,2026-09-02T23:59:59-04:00
Walmart,8111308,Pocky strawberry or chocolate biscuit sticks,3.98,2026-08-27T00:00:00-04:00,2026-09-02T23:59:59-04:00
Walmart,8111308,Maple Leaf boneless skinless chicken breasts,5.87,2026-08-27T00:00:00-04:00,2026-09-02T23:59:59-04:00
Walmart,8111308,Kellogg's Nutri-Grain bars or rice Krispies squares,2.47,2026-08-27T00:00:00-04:00,2026-09-02T23:59:59-04:00
Walmart,8111308,BIC Pens,2.0,2026-08-27T00:00:00-04:00,2026-09-02T23:59:59-04:00
Walmart,8111308,Broccoli stalks,3.44,2026-08-27T00:00:00-04:00,2026-09-02T23:59:59-04:00
Walmart,8111308,Schneiders Original Recipe Wieners,3.97,2026-08-27T00:00:00-04:00,2026-09-02T23:59:59-04:00
Walmart,8111308,Peaches 3L or nectarines 2L,6.44,2026-08-27T00:00:00-04:00,2026-09-02T23:59:59-04:00
Walmart,8111308,Brita Denali water filter pitcher,19.97,2026-08-27T00:00:00-04:00,2026-09-02T23:59:59-04:00
Walmart,8111308,Picnic pork roast,2.48,2026-08-27T00:00:00-04:00,2026-09-02T23:59:59-04:00
Walmart,8111308,3-Minute Chow Mein 454 g,1.77,2026-08-27T00:00:00-04:00,2026-09-02T23:59:59-04:00
Walmart,8111308,Samyang Buldak spicy ramen,6.98,2026-08-27T00:00:00-04:00,2026-09-02T23:59:59-04:00
Walmart,8111308,Kraft peanut butter,9.94,2026-08-27T00:00:00-04:00,2026-09-02T23:59:59-04:00
Walmart,8111308,siggi's Skyr Yogurt,6.47,2026-08-27T00:00:00-04:00,2026-09-02T23:59:59-04:00
Walmart,8111308,Yoplait Minigo 6 x 60 g yogurt,2.47,2026-08-27T00:00:00-04:00,2026-09-02T23:59:59-04:00
Walmart,8111308,Nongshim 4-pack or KSF 5-pack noodles,3.98,2026-08-27T00:00:00-04:00,2026-09-02T23:59:59-04:00
Walmart,8111308,Maggi seasoning 800 mL,8.98,2026-08-27T00:00:00-04:00,2026-09-02T23:59:59-04:00
Walmart,8111308,Tokimi noodles or Siwin dumplings,3.98,2026-08-27T00:00:00-04:00,2026-09-02T23:59:59-04:00
Walmart,8111308,Melona ice bars,4.98,2026-08-27T00:00:00-04:00,2026-09-02T23:59:59-04:00
Walmart,8111308,ChaCha frozen dessert,6.98,2026-08-27T00:00:00-04:00,2026-09-02T23:59:59-04:00
Walmart,8111308,Johnsonville smoked sausages,6.97,2026-08-27T00:00:00-04:00,2026-09-02T23:59:59-04:00
Walmart,8111308,Bulk jumbo carrots,1.44,2026-08-27T00:00:00-04:00,2026-09-02T23:59:59-04:00
Walmart,8111308,Asian pears or Fuji apples,2.28,2026-08-27T00:00:00-04:00,2026-09-02T23:59:59-04:00
Walmart,8111308,Pillsbury Pizza Pops,2.94,2026-08-27T00:00:00-04:00,2026-09-02T23:59:59-04:00
Walmart,8111308,Cheez-it crackers,1.97,2026-08-27T00:00:00-04:00,2026-09-02T23:59:59-04:00
Walmart,8111308,Eddoes,1.97,2026-08-27T00:00:00-04:00,2026-09-02T23:59:59-04:00
Walmart,8111308,Starfrit 10-Cup rice cooker,29.97,2026-08-27T00:00:00-04:00,2026-09-02T23:59:59-04:00
Walmart,8111308,Reunion lava or lava custard mooncakes,16.98,2026-08-27T00:00:00-04:00,2026-09-02T23:59:59-04:00
Walmart,8111308,Mooncake with two egg yolks and lotus seed,9.98,2026-08-27T00:00:00-04:00,2026-09-02T23:59:59-04:00
Walmart,8111308,Naziba black truffle ham soda crackers,6.98,2026-08-27T00:00:00-04:00,2026-09-02T23:59:59-04:00
Walmart,8111308,Haesong seaweed snack,9.98,2026-08-27T00:00:00-04:00,2026-09-02T23:59:59-04:00
Walmart,8111308,Black Diamond Cheestrings 16s or aMooza! Twists 12s,5.97,2026-08-27T00:00:00-04:00,2026-09-02T23:59:59-04:00
Walmart,8111308,Lysol toilet bowl cleaner 2-pack,6.97,2026-08-27T00:00:00-04:00,2026-09-02T23:59:59-04:00
Walmart,8111308,Equate high protein meal replacement shakes,10.97,2026-08-27T00:00:00-04:00,2026-09-02T23:59:59-04:00
Walmart,8111308,AXE body spray deodorant or body wash,3.96,2026-08-27T00:00:00-04:00,2026-09-02T23:59:59-04:00
Walmart,8111308,Advil Cold & Sinus,14.82,2026-08-27T00:00:00-04:00,2026-09-02T23:59:59-04:00
Walmart,8111308,Listerine mouthwash,4.98,2026-08-27T00:00:00-04:00,2026-09-02T23:59:59-04:00
Walmart,8111308,TRESemmé Shampoo or conditioner,6.97,2026-08-27T00:00:00-04:00,2026-09-02T23:59:59-04:00
Walmart,8111308,Purina Beggin' dog treats,8.47,2026-08-27T00:00:00-04:00,2026-09-02T23:59:59-04:00
Walmart,8111308,Golden Happiness bun,1.42,2026-08-27T00:00:00-04:00,2026-09-02T23:59:59-04:00
Walmart,8111308,Tokimi roasted chestnuts,12.98,2026-08-27T00:00:00-04:00,2026-09-02T23:59:59-04:00
Walmart,8111308,Bibigo Crafty Ramen entrees,7.88,2026-08-27T00:00:00-04:00,2026-09-02T23:59:59-04:00
Walmart,8111308,Dare Bears or beans fruit-flavoured snack,3.88,2026-08-27T00:00:00-04:00,2026-09-02T23:59:59-04:00
Walmart,8111308,Finish dishwasher Jet-Dry rinse aid,13.97,2026-08-27T00:00:00-04:00,2026-09-02T23:59:59-04:00
Walmart,8111308,Air Wick Scented Oil Refills,10.97,2026-08-27T00:00:00-04:00,2026-09-02T23:59:59-04:00
Walmart,8111308,Air Wick Scented oil refills,10.97,2026-08-27T00:00:00-04:00,2026-09-02T23:59:59-04:00
Walmart,8111308,Swanson Entrees,4.97,2026-08-27T00:00:00-04:00,2026-09-02T23:59:59-04:00
Walmart,8111308,Your Fresh Market Butter Croissants,5.94,2026-08-27T00:00:00-04:00,2026-09-02T23:59:59-04:00
Walmart,8111308,Your Fresh Market Pizza buns,5.94,2026-08-27T00:00:00-04:00,2026-09-02T23:59:59-04:00
Walmart,8111308,Aroy-D coconut milk 400 mL,1.77,2026-08-27T00:00:00-04:00,2026-09-02T23:59:59-04:00
Walmart,8111308,ChaCheer sunflower seeds,2.28,2026-08-27T00:00:00-04:00,2026-09-02T23:59:59-04:00
Walmart,8111308,Tokimi egg yolk pastry gift box,12.98,2026-08-27T00:00:00-04:00,2026-09-02T23:59:59-04:00
Walmart,8111308,Your Fresh Market™ sliced deli meat,2.98,2026-08-27T00:00:00-04:00,2026-09-02T23:59:59-04:00
Walmart,8111308,Marcangelo Pork Kabobs,9.97,2026-08-27T00:00:00-04:00,2026-09-02T23:59:59-04:00
Walmart,8111308,Dempster's Core or signature bagels,2.98,2026-08-27T00:00:00-04:00,2026-09-02T23:59:59-04:00
Walmart,8111308,Red seedless grapes,3.84,2026-08-27T00:00:00-04:00,2026-09-02T23:59:59-04:00
Walmart,8111308,Clover Leaf tuna,1.24,2026-08-27T00:00:00-04:00,2026-09-02T23:59:59-04:00
Walmart,8111308,Your Fresh Market Mandarins,5.44,2026-08-27T00:00:00-04:00,2026-09-02T23:59:59-04:00
Walmart,8111308,Brar's vegetable samosas,6.18,2026-08-27T00:00:00-04:00,2026-09-02T23:59:59-04:00
Walmart,8111308,Samsung Galaxy S26 Postpaid phone‡,0.0,2026-08-27T00:00:00-04:00,2026-09-02T23:59:59-04:00
Walmart,8111308,Anker 65W wall charger and cable,39.98,2026-08-27T00:00:00-04:00,2026-09-02T23:59:59-04:00
Walmart,8111308,"LG 43"" UA7500 4K Smart TV",328.0,2026-08-27T00:00:00-04:00,2026-09-02T23:59:59-04:00
Walmart,8111308,"PHILIPS 50"" UHD QLED Smart TV",358.0,2026-08-27T00:00:00-04:00,2026-09-02T23:59:59-04:00
Walmart,8111308,YOUR FRESH MARKET Sliced Deli meat,2.98,2026-08-27T00:00:00-04:00,2026-09-02T23:59:59-04:00
Walmart,8111308,Rustica Stuffed or rising crust frozen pizza,6.67,2026-08-27T00:00:00-04:00,2026-09-02T23:59:59-04:00
Walmart,8111308,General Mills family size cereal,4.87,2026-08-27T00:00:00-04:00,2026-09-02T23:59:59-04:00
Walmart,8111308,International Delight Coffee Creamer 946Ml or Cold Foam 396g,4.78,2026-08-27T00:00:00-04:00,2026-09-02T23:59:59-04:00
Walmart,8111308,Clover Leaf Tuna,1.24,2026-08-27T00:00:00-04:00,2026-09-02T23:59:59-04:00
Walmart,8111308,Wite-out correction fluid or tape,3.0,2026-08-27T00:00:00-04:00,2026-09-02T23:59:59-04:00
Walmart,8111308,Memory foam futon,269.97,2026-08-27T00:00:00-04:00,2026-09-02T23:59:59-04:00
Walmart,8111308,"Pen + Gear Durable View 1.5"" binder",5.97,2026-08-27T00:00:00-04:00,2026-09-02T23:59:59-04:00
Walmart,8111308,"FPD 40-inch Smart TV, 1080P FHD Google TV with Google Play Built-in Google Cast , Dolby Audio, HDR 10, Flat Television with Google Assistant Voice Remote",258.96,2026-08-27T00:00:00-04:00,2026-09-02T23:59:59-04:00
Walmart,8111308,Dr. Scholl's insoles,17.77,2026-08-27T00:00:00-04:00,2026-09-02T23:59:59-04:00
Walmart,8111308,Equate distilled water,1.24,2026-08-27T00:00:00-04:00,2026-09-02T23:59:59-04:00
Walmart,8111308,Thrive Complete Extra Strength Nicotine Replacement spearmint gum,26.68,2026-08-27T00:00:00-04:00,2026-09-02T23:59:59-04:00
Walmart,8111308,BioSteel hydration drink 12-pack,19.98,2026-08-27T00:00:00-04:00,2026-09-02T23:59:59-04:00
Walmart,8111308,Pocky biscuit sticks,1.77,2026-08-27T00:00:00-04:00,2026-09-02T23:59:59-04:00
Walmart,8111308,Doritos,3.97,2026-08-27T00:00:00-04:00,2026-09-02T23:59:59-04:00
Walmart,8111308,International Delight coffee creamer 946 mL or cold foam 396 g,4.78,2026-08-27T00:00:00-04:00,2026-09-02T23:59:59-04:00
Walmart,8111308,Oîkos Pro drinkable Greek yogurt,2.48,2026-08-27T00:00:00-04:00,2026-09-02T23:59:59-04:00
Walmart,8111308,Watson Ridge chicken nuggets,5.97,2026-08-27T00:00:00-04:00,2026-09-02T23:59:59-04:00
Walmart,8111308,Starfrit personal blender,29.97,2026-08-27T00:00:00-04:00,2026-09-02T23:59:59-04:00
Walmart,8111308,"ACER Aspire 15.6"" IPS laptop",699.98,2026-08-27T00:00:00-04:00,2026-09-02T23:59:59-04:00
Walmart,8111308,"Philips 32"" HD QLED Roku Smart TV",158.0,2026-08-27T00:00:00-04:00,2026-09-02T23:59:59-04:00
Walmart,8111308,"Great Value frozen meat, seafood or appetizers value pack",9.98,2026-08-27T00:00:00-04:00,2026-09-02T23:59:59-04:00
Walmart,8111308,Rustica stuffed or rising crust frozen pizza,6.67,2026-08-27T00:00:00-04:00,2026-09-02T23:59:59-04:00
Walmart,8111308,Equate high protein meal replacement shakes,10.97,2026-08-27T00:00:00-04:00,2026-09-02T23:59:59-04:00
Walmart,8111308,Casio FX 260 Solar II Scientific Calculator,9.97,2026-08-27T00:00:00-04:00,2026-09-02T23:59:59-04:00
Walmart,8111308,BIC Mechanical Pencils,7.98,2026-08-27T00:00:00-04:00,2026-09-02T23:59:59-04:00
Walmart,8111308,Staedtler Yellow school pencils,1.0,2026-08-27T00:00:00-04:00,2026-09-02T23:59:59-04:00
Walmart,8111308,"Pen+GEAR Durable View 1.5"" binder",5.97,2026-08-27T00:00:00-04:00,2026-09-02T23:59:59-04:00
Walmart,8111308,Uptown Expandable lunch bag set,14.97,2026-08-27T00:00:00-04:00,2026-09-02T23:59:59-04:00
Walmart,8111308,Sheet set,19.88,2026-08-27T00:00:00-04:00,2026-09-02T23:59:59-04:00
Walmart,8111308,Mainstays Sheet Set,19.88,2026-08-27T00:00:00-04:00,2026-09-02T23:59:59-04:00
Walmart,8111308,Advil Liqui-Gels,13.83,2026-08-27T00:00:00-04:00,2026-09-02T23:59:59-04:00
Walmart,8111308,3M Command value packs,11.97,2026-08-27T00:00:00-04:00,2026-09-02T23:59:59-04:00
Walmart,8111308,Uptown expandable lunch bag set,14.97,2026-08-27T00:00:00-04:00,2026-09-02T23:59:59-04:00
Walmart,8111308,Neatfreak! Basic hangers,2.97,2026-08-27T00:00:00-04:00,2026-09-02T23:59:59-04:00
Walmart,8111308,Sharpie original 12-pack or Mystic Gems fine-point 14-pack permanent markers,7.98,2026-08-27T00:00:00-04:00,2026-09-02T23:59:59-04:00
Walmart,8111308,Elmer's Toy Story 5 glue,2.48,2026-08-27T00:00:00-04:00,2026-09-02T23:59:59-04:00
Walmart,8111308,Liquid I.V. electrolyte drink mix,16.97,2026-08-27T00:00:00-04:00,2026-09-02T23:59:59-04:00
Walmart,8111308,"KPop Demon Hunters pencil cases, notebooks or journals",7.97,2026-08-27T00:00:00-04:00,2026-09-02T23:59:59-04:00
Walmart,8111308,Stamp 'N Stick Math Roller Addition,12.97,2026-08-27T00:00:00-04:00,2026-09-02T23:59:59-04:00
Walmart,8111308,Crayola Clicks retractable markers,9.97,2026-08-27T00:00:00-04:00,2026-09-02T23:59:59-04:00
Walmart,8111308,onn. wireless mouse and keyboard combo,19.98,2026-08-27T00:00:00-04:00,2026-09-02T23:59:59-04:00
Walmart,8111308,"Dell 16"" entertainment laptop",898.0,2026-08-27T00:00:00-04:00,2026-09-02T23:59:59-04:00
Walmart,8111308,"21.5"" FHD monitor",89.98,2026-08-27T00:00:00-04:00,2026-09-02T23:59:59-04:00
Walmart,8111308,Scosche 20W USB-C wall charger,24.98,2026-08-27T00:00:00-04:00,2026-09-02T23:59:59-04:00
Walmart,8111308,"Gateway (by Acer) Chromebook laptop 14""",349.98,2026-08-27T00:00:00-04:00,2026-09-02T23:59:59-04:00
Walmart,8111308,"hp 17.3"" FHD IPS Laptop",699.98,2026-08-27T00:00:00-04:00,2026-09-02T23:59:59-04:00
Walmart,8111308,Pen+Gear pencil cases,7.0,2026-08-27T00:00:00-04:00,2026-09-02T23:59:59-04:00
Walmart,8111308,Pen+Gear binders,4.97,2026-08-27T00:00:00-04:00,2026-09-02T23:59:59-04:00
Walmart,8111308,Selected padlocks,9.97,2026-08-27T00:00:00-04:00,2026-09-02T23:59:59-04:00
Walmart,8111308,EcoTank ET-2803 wireless printer,199.98,2026-08-27T00:00:00-04:00,2026-09-02T23:59:59-04:00
Walmart,8111308,4-Piece backpack set,16.97,2026-08-27T00:00:00-04:00,2026-09-02T23:59:59-04:00
Walmart,8111308,Jetstream 3-Piece backpack set,24.97,2026-08-27T00:00:00-04:00,2026-09-02T23:59:59-04:00
Walmart,8111308,Steve Madden backpack,34.97,2026-08-27T00:00:00-04:00,2026-09-02T23:59:59-04:00
Walmart,8111308,Stamp 'N Stick DIY kit or Math Roller Addition or Symbols Addition stamps,12.97,2026-08-27T00:00:00-04:00,2026-09-02T23:59:59-04:00
Walmart,8111308,Uni Posca PC 5M Water Based Pain Markers,23.44,2026-08-27T00:00:00-04:00,2026-09-02T23:59:59-04:00
Walmart,8111308,3M Command value packs,11.97,2026-08-27T00:00:00-04:00,2026-09-02T23:59:59-04:00
Walmart,8111308,RITZ Handi-Snacks crackers 'n cheesy dip,9.48,2026-08-27T00:00:00-04:00,2026-09-02T23:59:59-04:00
Walmart,8111308,Hello Hobby stretched canvases,16.97,2026-08-27T00:00:00-04:00,2026-09-02T23:59:59-04:00
Walmart,8111308,Hello Hobby stretched canvases,16.97,2026-08-27T00:00:00-04:00,2026-09-02T23:59:59-04:00
Walmart,8111308,Pen+Gear school list kit,16.98,2026-08-27T00:00:00-04:00,2026-09-02T23:59:59-04:00
Walmart,8111308,KPop Demon Hunters notebooks,7.97,2026-08-27T00:00:00-04:00,2026-09-02T23:59:59-04:00
Walmart,8111308,Scosche magnetic wireless phone charger,34.98,2026-08-27T00:00:00-04:00,2026-09-02T23:59:59-04:00
Walmart,8111308,Sterilite wheeled under-bed tote,26.97,2026-08-27T00:00:00-04:00,2026-09-02T23:59:59-04:00
Walmart,8111308,Quaker Chewy granola bars value pack,10.97,2026-08-27T00:00:00-04:00,2026-09-02T23:59:59-04:00
Walmart,8111308,Honey Nut Cheerios Cereal,4.87,2026-08-27T00:00:00-04:00,2026-09-02T23:59:59-04:00
Walmart,8111308,Kool-Aid Jammers Drinks,3.96,2026-08-27T00:00:00-04:00,2026-09-02T23:59:59-04:00
Walmart,8111308,Classico pasta sauce,2.97,2026-08-27T00:00:00-04:00,2026-09-02T23:59:59-04:00
Walmart,8111308,Taco Bell taco shells,3.47,2026-08-27T00:00:00-04:00,2026-09-02T23:59:59-04:00
Walmart,8111308,Downy Unstopables scent booster,18.97,2026-08-27T00:00:00-04:00,2026-09-02T23:59:59-04:00
Walmart,8111308,Palmolive dish soap,3.27,2026-08-27T00:00:00-04:00,2026-09-02T23:59:59-04:00
Walmart,8111308,Selected stationery,3.0,2026-08-27T00:00:00-04:00,2026-09-02T23:59:59-04:00
Walmart,8111308,Selected stationery,3.0,2026-08-27T00:00:00-04:00,2026-09-02T23:59:59-04:00
Walmart,8111308,Pen+Gear scientific calculator,14.98,2026-08-27T00:00:00-04:00,2026-09-02T23:59:59-04:00
Walmart,8111308,Quaker instant oatmeal,2.77,2026-08-27T00:00:00-04:00,2026-09-02T23:59:59-04:00
Walmart,8111308,Quaker instant oatmeal,2.77,2026-08-27T00:00:00-04:00,2026-09-02T23:59:59-04:00
Walmart,8111308,VUSIGN magnetic dry-erase whiteboard,27.99,2026-08-27T00:00:00-04:00,2026-09-02T23:59:59-04:00
Walmart,8111308,Licensed backpack,24.97,2026-08-27T00:00:00-04:00,2026-09-02T23:59:59-04:00
Walmart,8111308,3-in-1L Lightweight stick vacuum,29.98,2026-08-27T00:00:00-04:00,2026-09-02T23:59:59-04:00
Walmart,8111308,Schoolyard vibes back pack 3-piece set,29.97,2026-08-27T00:00:00-04:00,2026-09-02T23:59:59-04:00
Walmart,8111308,Jetstream School backpack,6.97,2026-08-27T00:00:00-04:00,2026-09-02T23:59:59-04:00
Walmart,8111308,MiO liquid water enhancer,3.78,2026-08-27T00:00:00-04:00,2026-09-02T23:59:59-04:00
Walmart,8111308,"Samsung 65"" M80H Mini-LED Smart TV",948.0,2026-08-27T00:00:00-04:00,2026-09-02T23:59:59-04:00
Walmart,8111308,Quaker Harvest Crunch granola,3.97,2026-08-27T00:00:00-04:00,2026-09-02T23:59:59-04:00
Walmart,8111308,Honey Nut Cheerios Cereal,4.87,2026-08-27T00:00:00-04:00,2026-09-02T23:59:59-04:00
Walmart,8111308,Chex Mix Traditional Snack Mix,3.97,2026-08-27T00:00:00-04:00,2026-09-02T23:59:59-04:00
Walmart,8111308,Chex Mix Cheddar Snack Mix,3.97,2026-08-27T00:00:00-04:00,2026-09-02T23:59:59-04:00
Walmart,8111308,Jell-O snack cups,2.78,2026-08-27T00:00:00-04:00,2026-09-02T23:59:59-04:00
Walmart,8111308,MiO liquid water enhancer,3.78,2026-08-27T00:00:00-04:00,2026-09-02T23:59:59-04:00
Walmart,8111308,"Samsung 65"" U8000H 4K UHD Smart TV",698.0,2026-08-27T00:00:00-04:00,2026-09-02T23:59:59-04:00
Walmart,8111308,HP DeskJet 2942 all-in-one printer,49.98,2026-08-27T00:00:00-04:00,2026-09-02T23:59:59-04:00
Walmart,8111308,2-Slice toaster,9.98,2026-08-27T00:00:00-04:00,2026-09-02T23:59:59-04:00
Walmart,8111308,Swanson cheesy rice with broccoli & chicken frozen entrees,4.97,2026-08-27T00:00:00-04:00,2026-09-02T23:59:59-04:00
Walmart,8111308,Quaker Chewy granola bars value pack,10.97,2026-08-27T00:00:00-04:00,2026-09-02T23:59:59-04:00
Walmart,8111308,Old El Paso dinner kits,3.77,2026-08-27T00:00:00-04:00,2026-09-02T23:59:59-04:00
Walmart,8111308,Nature Valley granola bars,2.47,2026-08-27T00:00:00-04:00,2026-09-02T23:59:59-04:00
Walmart,8111308,Kraft Dinner cheesy ramen,3.47,2026-08-27T00:00:00-04:00,2026-09-02T23:59:59-04:00
Walmart,8111308,Cheerios Protein cereal,4.87,2026-08-27T00:00:00-04:00,2026-09-02T23:59:59-04:00
Walmart,8111308,Kraft Peanut butter,5.97,2026-08-27T00:00:00-04:00,2026-09-02T23:59:59-04:00
Walmart,8111308,Kool-Aid Jammers drinks,3.96,2026-08-27T00:00:00-04:00,2026-09-02T23:59:59-04:00
Walmart,8111308,"Samsung 43"" U8000H 4K UHD Smart TV",398.0,2026-08-27T00:00:00-04:00,2026-09-02T23:59:59-04:00
Walmart,8111308,Great Value sparkling water,5.24,2026-08-27T00:00:00-04:00,2026-09-02T23:59:59-04:00
Walmart,8111308,Great Value Sparkling Water,5.24,2026-08-27T00:00:00-04:00,2026-09-02T23:59:59-04:00
Walmart,8111308,Maple Leaf hot dogs Original Recipe Wieners,3.97,2026-08-27T00:00:00-04:00,2026-09-02T23:59:59-04:00
Walmart,8111308,Pearl Milling Company Pancake Mix & Syrup,3.97,2026-08-27T00:00:00-04:00,2026-09-02T23:59:59-04:00
Walmart,8111308,IMGadgets Go Luggage 3pc Set (Black) | Lightweight & Durable ABS Polycarbonate | 360° 4x Dual Spinner Wheels | TSA-Approved Lock | 3 GPS World Smart Tags | Spacious Design | Retractable Iron Handle,129.96,2026-08-27T00:00:00-04:00,2026-09-02T23:59:59-04:00
Walmart,8111308,Dr.Scholl's insoles,17.77,2026-08-27T00:00:00-04:00,2026-09-02T23:59:59-04:00
Walmart,8111308,Snack Pack puddings,1.98,2026-08-27T00:00:00-04:00,2026-09-02T23:59:59-04:00
Walmart,8111308,Cadbury Caramilk Minis or Dairy Milk Mini chocolate bars,5.98,2026-08-27T00:00:00-04:00,2026-09-02T23:59:59-04:00
Walmart,8111308,Sistema food storage containers,9.97,2026-08-27T00:00:00-04:00,2026-09-02T23:59:59-04:00
Walmart,8111308,Nature's Path Love Crunch organic protein chocolate,5.98,2026-08-27T00:00:00-04:00,2026-09-02T23:59:59-04:00
Walmart,8111308,Downy Unstopables Scent Booster,18.97,2026-08-27T00:00:00-04:00,2026-09-02T23:59:59-04:00
Walmart,8111308,Sterilite rectangular open laundry hamper,9.97,2026-08-27T00:00:00-04:00,2026-09-02T23:59:59-04:00
Walmart,8111308,Sterilite 3-drawer medium cart,21.97,2026-08-27T00:00:00-04:00,2026-09-02T23:59:59-04:00
Walmart,8111308,Kids' licensed lunch bag,11.97,2026-08-27T00:00:00-04:00,2026-09-02T23:59:59-04:00
Walmart,8111308,Hot Wheels Barbie Jammer electric scooter,148.0,2026-08-27T00:00:00-04:00,2026-09-02T23:59:59-04:00
Walmart,8111308,Mainstays 6-cube storage organizer,39.97,2026-08-27T00:00:00-04:00,2026-09-02T23:59:59-04:00
Walmart,8111308,OxiClean MaxForce laundry stain remover spray,7.47,2026-08-27T00:00:00-04:00,2026-09-02T23:59:59-04:00
Walmart,8111308,Lysol disinfecting wipes,5.47,2026-08-27T00:00:00-04:00,2026-09-02T23:59:59-04:00
Walmart,8111308,Betty Crocker fruit snacks,2.47,2026-08-27T00:00:00-04:00,2026-09-02T23:59:59-04:00
Walmart,8111308,Annie's macaroni and cheese,1.94,2026-08-27T00:00:00-04:00,2026-09-02T23:59:59-04:00
Walmart,8111308,Kraft Dinner Original Macaroni,7.47,2026-08-27T00:00:00-04:00,2026-09-02T23:59:59-04:00
Walmart,8111308,Kraft Dinner Cheesy ramen,3.47,2026-08-27T00:00:00-04:00,2026-09-02T23:59:59-04:00
Walmart,8111308,Kraft Dinner macaroni & Cheese snack cups,7.47,2026-08-27T00:00:00-04:00,2026-09-02T23:59:59-04:00
Walmart,8111308,Great Value clear cups 60s,5.97,2026-08-27T00:00:00-04:00,2026-09-02T23:59:59-04:00
Walmart,8111308,Mainstays Single-serve coffee maker,34.98,2026-08-27T00:00:00-04:00,2026-09-02T23:59:59-04:00
Walmart,8111308,KPop stationary,12.97,2026-08-27T00:00:00-04:00,2026-09-02T23:59:59-04:00
Walmart,8111308,Jockey Women's EverActive Racerback Tank With Built-In Bra,37.99,2026-08-27T00:00:00-04:00,2026-09-02T23:59:59-04:00
Walmart,8111308,"Phoenix adults' 27.5"" electric bike",698.0,2026-08-27T00:00:00-04:00,2026-09-02T23:59:59-04:00
Walmart,8111308,Premier Protein Al'mazing vanilla or coffee non-dairy shakes,12.97,2026-08-27T00:00:00-04:00,2026-09-02T23:59:59-04:00
Walmart,8111308,Lysol wipes 75s-84s or all-purpose cleaner 95 ml,5.47,2026-08-27T00:00:00-04:00,2026-09-02T23:59:59-04:00
Walmart,8111308,Hardbody Lunch Box Each,13.97,2026-08-27T00:00:00-04:00,2026-09-02T23:59:59-04:00
Walmart,8111308,CoolHut high-back ergonomic office chair,137.99,2026-08-27T00:00:00-04:00,2026-09-02T23:59:59-04:00
Walmart,8111308,Sensodyne Active White toothpaste,7.97,2026-08-27T00:00:00-04:00,2026-09-02T23:59:59-04:00
Walmart,8111308,Christie Chips Ahoy! Mini Cookies Snack Paks,2.48,2026-08-27T00:00:00-04:00,2026-09-02T23:59:59-04:00
Walmart,8111308,Sensodyne Clinical White Enamel strengthening or Stain Protector toothpaste,7.97,2026-08-27T00:00:00-04:00,2026-09-02T23:59:59-04:00
Walmart,8111308,Sensodyne Toothpaste,6.98,2026-08-27T00:00:00-04:00,2026-09-02T23:59:59-04:00
Walmart,8111308,Sharpie original 12-pack or Mystic Gems fine-point 14-pack permanent markers,7.98,2026-08-27T00:00:00-04:00,2026-09-02T23:59:59-04:00
Walmart,8111308,Stamp 'N Stick DIY kit or Math Roller Addition or Symbols Addition stamps,12.97,2026-08-27T00:00:00-04:00,2026-09-02T23:59:59-04:00
Walmart,8111308,Crayola Ultra-Clean washable broad line markers,5.97,2026-08-27T00:00:00-04:00,2026-09-02T23:59:59-04:00
Walmart,8111308,Campbell's Soup,0.97,2026-08-27T00:00:00-04:00,2026-09-02T23:59:59-04:00
Walmart,8111308,Spider-Man or Stitch 12-0z. bottle,17.97,2026-08-27T00:00:00-04:00,2026-09-02T23:59:59-04:00
Walmart,8111308,Spider Man or Stitch 12-oz Bottle,17.97,2026-08-27T00:00:00-04:00,2026-09-02T23:59:59-04:00
Walmart,8111308,Kellogg's Eggo waffles 8-pack,2.97,2026-08-27T00:00:00-04:00,2026-09-02T23:59:59-04:00
Walmart,8111308,Ol' Roy dry dog food,27.98,2026-08-27T00:00:00-04:00,2026-09-02T23:59:59-04:00
Walmart,8111308,Ol' Roy dry dog food,27.98,2026-08-27T00:00:00-04:00,2026-09-02T23:59:59-04:00
Walmart,8111308,Red Bull energy drink,8.97,2026-08-27T00:00:00-04:00,2026-09-02T23:59:59-04:00
Walmart,8111308,BISSELL® PowerForce® Bagless Vacuum or Little Green cleaner,84.98,2026-08-27T00:00:00-04:00,2026-09-02T23:59:59-04:00
Walmart,8111308,Johnsonville smoked sausages,6.97,2026-08-27T00:00:00-04:00,2026-09-02T23:59:59-04:00
Walmart,8111308,Mooncake with two egg yolks and lotus seed,9.98,2026-08-27T00:00:00-04:00,2026-09-02T23:59:59-04:00
Walmart,8111308,Maple Leaf fresh air-chilled boneless skinless chicken thighs 12-pack,7.75,2026-08-27T00:00:00-04:00,2026-09-02T23:59:59-04:00
Walmart,8111308,O'Tasty dumplings,4.98,2026-08-27T00:00:00-04:00,2026-09-02T23:59:59-04:00
Walmart,8111308,Searay Basa fillets,4.98,2026-08-27T00:00:00-04:00,2026-09-02T23:59:59-04:00
Walmart,8111308,Dragon fruit,2.28,2026-08-27T00:00:00-04:00,2026-09-02T23:59:59-04:00
Walmart,8111308,UFC coconut water 1 L or Kirin milk tea 1.5 L,2.98,2026-08-27T00:00:00-04:00,2026-09-02T23:59:59-04:00
Walmart,8111308,Dr. Melaxin TX cream 50 mL or Cemenrete Cyano Pink Spicule serum 30 mL,33.97,2026-08-27T00:00:00-04:00,2026-09-02T23:59:59-04:00
Walmart,8111308,Napa or flat cabbage,1.97,2026-08-27T00:00:00-04:00,2026-09-02T23:59:59-04:00
Walmart,8111308,J-Basket bubble tea kit 285 g or Binggrae milk drink 6 x 200 mL,6.98,2026-08-27T00:00:00-04:00,2026-09-02T23:59:59-04:00
Walmart,8111308,Pomelo,3.28,2026-08-27T00:00:00-04:00,2026-09-02T23:59:59-04:00
Walmart,8111308,Kopiko instant coffee 840 g or Trensité whole milk powder 500 g,8.98,2026-08-27T00:00:00-04:00,2026-09-02T23:59:59-04:00
Walmart,8111308,SKIN1004 Madagascar Centella light cleansing oil 200 mL,20.78,2026-08-27T00:00:00-04:00,2026-09-02T23:59:59-04:00
Walmart,8111308,Dao Xiang Cun jujube mooncake,6.98,2026-08-27T00:00:00-04:00,2026-09-02T23:59:59-04:00
Walmart,8111308,Abalone gift box,12.98,2026-08-27T00:00:00-04:00,2026-09-02T23:59:59-04:00
Walmart,8111308,Your fresh Market buns or rolls,3.97,2026-08-27T00:00:00-04:00,2026-09-02T23:59:59-04:00
Walmart,8111308,Your Fresh Market™ whole white or cremini mushrooms,2.44,2026-08-27T00:00:00-04:00,2026-09-02T23:59:59-04:00
Walmart,8111308,Healthy Choice Gourmet,4.97,2026-08-27T00:00:00-04:00,2026-09-02T23:59:59-04:00
Walmart,8111308,The Laughing Cow spreadable cheese 8-pack,3.68,2026-08-27T00:00:00-04:00,2026-09-02T23:59:59-04:00
Walmart,8111308,"Strawberries 454 g or raspberries or blackberries 170 g Pack. Product of USA or Mexico. Strawberries, No. 1 grade",4.44,2026-08-27T00:00:00-04:00,2026-09-02T23:59:59-04:00
Walmart,8111308,Blackberries 170 g,4.44,2026-08-27T00:00:00-04:00,2026-09-02T23:59:59-04:00
Walmart,8111308,Bibigo wontons or mandu,7.88,2026-08-27T00:00:00-04:00,2026-09-02T23:59:59-04:00
Walmart,8111308,Green seedless grapes,3.84,2026-08-27T00:00:00-04:00,2026-09-02T23:59:59-04:00
Walmart,8111308,Snack Pack pudding,1.77,2026-08-27T00:00:00-04:00,2026-09-02T23:59:59-04:00
Walmart,8111308,Heinz Ketchup,4.97,2026-08-27T00:00:00-04:00,2026-09-02T23:59:59-04:00
Walmart,8111308,Similac 360 Total Care Step 1 or 2 powder infant formula,59.98,2026-08-27T00:00:00-04:00,2026-09-02T23:59:59-04:00
Walmart,8111308,Vileda Oskar broom,11.47,2026-08-27T00:00:00-04:00,2026-09-02T23:59:59-04:00
Walmart,8111308,Bounce dryer sheets,9.97,2026-08-27T00:00:00-04:00,2026-09-02T23:59:59-04:00
Walmart,8111308,Palmolive dish soap,1.97,2026-08-27T00:00:00-04:00,2026-09-02T23:59:59-04:00
Walmart,8111308,Great Value red cups,5.97,2026-08-27T00:00:00-04:00,2026-09-02T23:59:59-04:00
Walmart,8111308,Similac 360 Total Care step 1 or 2 powder infant formula,59.98,2026-08-27T00:00:00-04:00,2026-09-02T23:59:59-04:00
Walmart,8111308,Pampers Swaddlers 360° huge pack diapers,34.97,2026-08-27T00:00:00-04:00,2026-09-02T23:59:59-04:00
Walmart,8111308,Finish dishwasher tabs 30s-45s,13.97,2026-08-27T00:00:00-04:00,2026-09-02T23:59:59-04:00
Walmart,8111308,Pampers Easy Ups giant pack training pants,36.94,2026-08-27T00:00:00-04:00,2026-09-02T23:59:59-04:00
Walmart,8111308,Caledon Farms dog treats,7.98,2026-08-27T00:00:00-04:00,2026-09-02T23:59:59-04:00
Walmart,8111308,Advil Liqui-Gels,13.83,2026-08-27T00:00:00-04:00,2026-09-02T23:59:59-04:00
Walmart,8111308,Buckley's Complete syrup,16.17,2026-08-27T00:00:00-04:00,2026-09-02T23:59:59-04:00
Walmart,8111308,Listerine mouthwash,4.98,2026-08-27T00:00:00-04:00,2026-09-02T23:59:59-04:00
Walmart,8111308,Arm & Hammer Clumping Cat Litter,24.67,2026-08-27T00:00:00-04:00,2026-09-02T23:59:59-04:00
Walmart,8111308,Always Discreet incontinence pads or underwear,28.97,2026-08-27T00:00:00-04:00,2026-09-02T23:59:59-04:00
Walmart,8111308,Irish Spring body wash,3.97,2026-08-27T00:00:00-04:00,2026-09-02T23:59:59-04:00
Walmart,8111308,Pantene Pro-V Conditioner,7.97,2026-08-27T00:00:00-04:00,2026-09-02T23:59:59-04:00
Walmart,8111308,Pantene Pro-V shampoo or conditioner,7.97,2026-08-27T00:00:00-04:00,2026-09-02T23:59:59-04:00
Walmart,8111308,Whiskas Perfect Portions or Paté wet cat food variety pack,24.98,2026-08-27T00:00:00-04:00,2026-09-02T23:59:59-04:00
Walmart,8111308,Eos body lotion,16.88,2026-08-27T00:00:00-04:00,2026-09-02T23:59:59-04:00
Walmart,8111308,Jamieson value size vitamin B12,15.97,2026-08-27T00:00:00-04:00,2026-09-02T23:59:59-04:00
Walmart,8111308,Boost high protein meal replacement,11.97,2026-08-27T00:00:00-04:00,2026-09-02T23:59:59-04:00
Walmart,8111308,"Asus TUF 27"" QHD gaming monitor",219.98,2026-08-27T00:00:00-04:00,2026-09-02T23:59:59-04:00
Walmart,8111308,Nintendo Switch 2 console,629.96,2026-08-27T00:00:00-04:00,2026-09-02T23:59:59-04:00
Walmart,8111308,Hamilton Beach 4-Slice Stainless Steel Toaster Oven,24.97,2026-08-27T00:00:00-04:00,2026-09-02T23:59:59-04:00
Walmart,8111308,Uptown expandable lunch bag set Set,14.97,2026-08-27T00:00:00-04:00,2026-09-02T23:59:59-04:00
Walmart,8111308,JETSTREAM Lunch Bag,8.88,2026-08-27T00:00:00-04:00,2026-09-02T23:59:59-04:00
Walmart,8111308,Sheet set,19.88,2026-08-27T00:00:00-04:00,2026-09-02T23:59:59-04:00
Walmart,8111308,Mainstays Sheet Set,19.88,2026-08-27T00:00:00-04:00,2026-09-02T23:59:59-04:00
Walmart,8111308,Super Sticky notes,3.47,2026-08-27T00:00:00-04:00,2026-09-02T23:59:59-04:00
Walmart,8111308,Uptown expandable lunch bag set,14.97,2026-08-27T00:00:00-04:00,2026-09-02T23:59:59-04:00
Walmart,8111308,Jetstream Backpack,19.97,2026-08-27T00:00:00-04:00,2026-09-02T23:59:59-04:00
Walmart,8111308,Starfrit Personal blender,29.97,2026-08-27T00:00:00-04:00,2026-09-02T23:59:59-04:00
Walmart,8111308,Jetstream 3-Piece backpack set,24.97,2026-08-27T00:00:00-04:00,2026-09-02T23:59:59-04:00
Walmart,8111308,Keurig K-Slim single-serve coffee maker,99.98,2026-08-27T00:00:00-04:00,2026-09-02T23:59:59-04:00
Walmart,8111308,Plastic food storage containers,6.97,2026-08-27T00:00:00-04:00,2026-09-02T23:59:59-04:00
Walmart,8111308,Ozark Trail 2 Position Oversized Arm Chair,14.93,2026-08-27T00:00:00-04:00,2026-09-02T23:59:59-04:00
Walmart,8111308,Athletic Works Kids' athletic shoes,19.0,2026-08-27T00:00:00-04:00,2026-09-02T23:59:59-04:00
Walmart,8111308,KPop Demon Hunters pencil cases,7.97,2026-08-27T00:00:00-04:00,2026-09-02T23:59:59-04:00
Walmart,8111308,KPop stationary,12.97,2026-08-27T00:00:00-04:00,2026-09-02T23:59:59-04:00
Walmart,8111308,Pen+Gear School List Kit,16.98,2026-08-27T00:00:00-04:00,2026-09-02T23:59:59-04:00
Walmart,8111308,Licensed pencil boxes,11.98,2026-08-27T00:00:00-04:00,2026-09-02T23:59:59-04:00
Walmart,8111308,"onn. 24"" Full HD monitor",109.98,2026-08-27T00:00:00-04:00,2026-09-02T23:59:59-04:00
Walmart,8111308,"TUCCI Italy CityRider 17.7"" backpack",60.0,2026-08-27T00:00:00-04:00,2026-09-02T23:59:59-04:00
Walmart,8111308,Dell 14 Productivity Laptop,1098.0,2026-08-27T00:00:00-04:00,2026-09-02T23:59:59-04:00
Walmart,8111308,Dime 3 XT true wireless earbuds,29.98,2026-08-27T00:00:00-04:00,2026-09-02T23:59:59-04:00
Walmart,8111308,HP DeskJet 2942 all-in-one printer,49.98,2026-08-27T00:00:00-04:00,2026-09-02T23:59:59-04:00
Walmart,8111308,"onn. 8"" Kids' tablet",149.98,2026-08-27T00:00:00-04:00,2026-09-02T23:59:59-04:00
Walmart,8111308,Heys licensed backpack,16.97,2026-08-27T00:00:00-04:00,2026-09-02T23:59:59-04:00
Walmart,8111308,Licensed lunch bag,11.97,2026-08-27T00:00:00-04:00,2026-09-02T23:59:59-04:00
Walmart,8111308,TAL 24-oz. stainless steel 2-in-l straw and chug water bottle,18.98,2026-08-27T00:00:00-04:00,2026-09-02T23:59:59-04:00
Walmart,8111308,Great Value sandwich bags,2.74,2026-08-27T00:00:00-04:00,2026-09-02T23:59:59-04:00
Walmart,8111308,Arctic Zone Uptown tote lunch bag,14.97,2026-08-27T00:00:00-04:00,2026-09-02T23:59:59-04:00
Walmart,8111308,TAL 24-oz. stainless steel 2-in-l straw and chug water bottle,18.98,2026-08-27T00:00:00-04:00,2026-09-02T23:59:59-04:00
Walmart,8111308,Sistema food storage containers,9.97,2026-08-27T00:00:00-04:00,2026-09-02T23:59:59-04:00
Walmart,8111308,Cool Gear 24-oz. plastic bottle,6.98,2026-08-27T00:00:00-04:00,2026-09-02T23:59:59-04:00
Walmart,8111308,Starfrit Lock&Lock Easy Match food storage containers,6.97,2026-08-27T00:00:00-04:00,2026-09-02T23:59:59-04:00
Walmart,8111308,Great Value zipper seal freezer bags,4.94,2026-08-27T00:00:00-04:00,2026-09-02T23:59:59-04:00
Walmart,8111308,Cool Gear 24-oz. plastic bottle,6.98,2026-08-27T00:00:00-04:00,2026-09-02T23:59:59-04:00
Walmart,8111308,Starfrit Lock&Lock Easy Match food storage containers,6.97,2026-08-27T00:00:00-04:00,2026-09-02T23:59:59-04:00
Walmart,8111308,ACT II microwave gourmet popcorn,2.47,2026-08-27T00:00:00-04:00,2026-09-02T23:59:59-04:00
Walmart,8111308,OREO Bubble Tea cookies,2.48,2026-08-27T00:00:00-04:00,2026-09-02T23:59:59-04:00
Walmart,8111308,Christie Chips Ahoy! Mini Cookies Snak Paks,2.48,2026-08-27T00:00:00-04:00,2026-09-02T23:59:59-04:00
Walmart,8111308,OREO Original or Bubble Tea cookies,2.48,2026-08-27T00:00:00-04:00,2026-09-02T23:59:59-04:00
Walmart,8111308,Fanta Orange zero sugar Pop,8.28,2026-08-27T00:00:00-04:00,2026-09-02T23:59:59-04:00
Walmart,8111308,OREO Mini Snak Paks,2.48,2026-08-27T00:00:00-04:00,2026-09-02T23:59:59-04:00
Walmart,8111308,Diet Coke Pop,8.28,2026-08-27T00:00:00-04:00,2026-09-02T23:59:59-04:00
Walmart,8111308,Snack Pack puddings,1.98,2026-08-27T00:00:00-04:00,2026-09-02T23:59:59-04:00
Walmart,8111308,Natrel chocolate milk,4.44,2026-08-27T00:00:00-04:00,2026-09-02T23:59:59-04:00
Walmart,8111308,Fuze mango & pineapple iced tea,8.47,2026-08-27T00:00:00-04:00,2026-09-02T23:59:59-04:00
Walmart,8111308,Nutella B-ready bars,10.47,2026-08-27T00:00:00-04:00,2026-09-02T23:59:59-04:00
Walmart,8111308,Reese's Minis Peanut Butter Cups candy 210 g,5.98,2026-08-27T00:00:00-04:00,2026-09-02T23:59:59-04:00
Walmart,8111308,Cadbury Caramilk Snack-Size bars,3.18,2026-08-27T00:00:00-04:00,2026-09-02T23:59:59-04:00
Walmart,8111308,Natrel raspberry ice cream mochi,5.48,2026-08-27T00:00:00-04:00,2026-09-02T23:59:59-04:00
Walmart,8111308,Zevia Strawberry Lemon Burst soda,6.48,2026-08-27T00:00:00-04:00,2026-09-02T23:59:59-04:00
Walmart,8111308,Fuze iced tea,8.47,2026-08-27T00:00:00-04:00,2026-09-02T23:59:59-04:00
Walmart,8111308,Healthy Choice Gourmet Steamers frozen entrees,4.97,2026-08-27T00:00:00-04:00,2026-09-02T23:59:59-04:00
Walmart,8111308,Natrel Vanilla Coffee Creamer,3.98,2026-08-27T00:00:00-04:00,2026-09-02T23:59:59-04:00
Walmart,8111308,Huffy Capitol cruiser bike,198.0,2026-08-27T00:00:00-04:00,2026-09-02T23:59:59-04:00
Walmart,8111308,Huffy Capitol cruiser bike,198.0,2026-08-27T00:00:00-04:00,2026-09-02T23:59:59-04:00
Walmart,8111308,"Phoenix adults' 27.5"" electric bike",698.0,2026-08-27T00:00:00-04:00,2026-09-02T23:59:59-04:00
Walmart,8111308,Premier Protein Al'mazing vanilla,12.97,2026-08-27T00:00:00-04:00,2026-09-02T23:59:59-04:00
Walmart,8111308,Hot Wheels electric scooter,148.0,2026-08-27T00:00:00-04:00,2026-09-02T23:59:59-04:00
Walmart,8111308,Sterilite 3-drawer wide cart,39.97,2026-08-27T00:00:00-04:00,2026-09-02T23:59:59-04:00
Walmart,8111308,Oxiclean Stain remover powder,12.97,2026-08-27T00:00:00-04:00,2026-09-02T23:59:59-04:00
Walmart,8111308,Sterilite Storage tote,8.47,2026-08-27T00:00:00-04:00,2026-09-02T23:59:59-04:00
Walmart,8111308,Palmolive dish soap,3.27,2026-08-27T00:00:00-04:00,2026-09-02T23:59:59-04:00
Walmart,8111308,Lysol Wipes,5.47,2026-08-27T00:00:00-04:00,2026-09-02T23:59:59-04:00
Walmart,8111308,Lysol wipes,5.47,2026-08-27T00:00:00-04:00,2026-09-02T23:59:59-04:00
Walmart,8111308,Lysol toilet bowl cleaner or multi-surface pours,3.97,2026-08-27T00:00:00-04:00,2026-09-02T23:59:59-04:00
Walmart,8111308,Great Value 2-ply or 3-ply facial tissues,7.94,2026-08-27T00:00:00-04:00,2026-09-02T23:59:59-04:00
Walmart,8111308,Mainstays 6-qt. Slow cooker or griddle,34.98,2026-08-27T00:00:00-04:00,2026-09-02T23:59:59-04:00
Walmart,8111308,Schoolyard vibes backpack 3-piece set,29.97,2026-08-27T00:00:00-04:00,2026-09-02T23:59:59-04:00
Walmart,8111308,"Hamilton Beach 3.3 Black, Single Door Fridge",119.97,2026-08-27T00:00:00-04:00,2026-09-02T23:59:59-04:00
Walmart,8111308,Arctic Zone Insulated lunch box combo,13.97,2026-08-27T00:00:00-04:00,2026-09-02T23:59:59-04:00
Walmart,8111308,Arctic Zone Insulated lunch box combo,13.97,2026-08-27T00:00:00-04:00,2026-09-02T23:59:59-04:00
Walmart,8111308,Heys Kids' licensed lunch bag,11.97,2026-08-27T00:00:00-04:00,2026-09-02T23:59:59-04:00
Walmart,8111308,Great Value water filter pitcher,19.97,2026-08-27T00:00:00-04:00,2026-09-02T23:59:59-04:00
Walmart,8111308,Ninja 4-QT Air Fryer,99.98,2026-08-27T00:00:00-04:00,2026-09-02T23:59:59-04:00
Walmart,8111308,Mainstays 0.7 Cu ft Microwave,69.97,2026-08-27T00:00:00-04:00,2026-09-02T23:59:59-04:00
Walmart,8111308,Ninja 4-qt. Air fryer,99.98,2026-08-27T00:00:00-04:00,2026-09-02T23:59:59-04:00
Walmart,8111308,Jetstream School backpack,6.97,2026-08-27T00:00:00-04:00,2026-09-02T23:59:59-04:00
Walmart,8111308,Ninja 4-qt. Air fryer,99.98,2026-08-27T00:00:00-04:00,2026-09-02T23:59:59-04:00
Walmart,8111308,Tal 18-oz. Ranger coffee travel mug,12.97,2026-08-27T00:00:00-04:00,2026-09-02T23:59:59-04:00
Walmart,8111308,Arctic Zone Expandable Upright lunch box,12.97,2026-08-27T00:00:00-04:00,2026-09-02T23:59:59-04:00
Walmart,8111308,Mainstays 2.2-qt. Air fryer,39.98,2026-08-27T00:00:00-04:00,2026-09-02T23:59:59-04:00
Walmart,8111308,Mainstays 22-qt. Air Fryer,39.98,2026-08-27T00:00:00-04:00,2026-09-02T23:59:59-04:00
Walmart,8111308,Mainstays 1.7L Glass Or Stainless steel Kettle,24.88,2026-08-27T00:00:00-04:00,2026-09-02T23:59:59-04:00
Walmart,8111308,TAL 24-oz. 2-in-1 Straw and chug water bottle,18.98,2026-08-27T00:00:00-04:00,2026-09-02T23:59:59-04:00
Walmart,8111308,TAL 24-OZ. 2-IN-1 Straw and chug Water bottle,18.98,2026-08-27T00:00:00-04:00,2026-09-02T23:59:59-04:00
Walmart,8111308,Mainstays 1.7 L Glass or Stainless steel kettle,24.88,2026-08-27T00:00:00-04:00,2026-09-02T23:59:59-04:00
Walmart,8111308,Licensed backpack,24.97,2026-08-27T00:00:00-04:00,2026-09-02T23:59:59-04:00
Walmart,8111308,IMgadgets adjustable standing electric desk,109.96,2026-08-27T00:00:00-04:00,2026-09-02T23:59:59-04:00
Walmart,8111308,Active noise cancelling over-ear headphones,36.99,2026-08-27T00:00:00-04:00,2026-09-02T23:59:59-04:00
Walmart,8111308,Joyway 5-piece hardshell spinner luggage set,139.99,2026-08-27T00:00:00-04:00,2026-09-02T23:59:59-04:00
Walmart,8111308,"SKYWORTH 40"" QLED Smart TV, FHD Compatible with Google TV",259.99,2026-08-27T00:00:00-04:00,2026-09-02T23:59:59-04:00
Walmart,8111308,Gyrocopters J30 electric scooter,239.96,2026-08-27T00:00:00-04:00,2026-09-02T23:59:59-04:00
Walmart,8111308,"Pentantan 6-qt. air fryer, 8-in-1 electric hot oven with digital LED touchscreen, visible window, 1500 W",71.99,2026-08-27T00:00:00-04:00,2026-09-02T23:59:59-04:00
Walmart,8111308,Sensodyne Pronamel KIDS GENTLE MINT,4.94,2026-08-27T00:00:00-04:00,2026-09-02T23:59:59-04:00
Walmart,8111308,Sensodyne or Pronamel toothbrushes 2-pack,6.97,2026-08-27T00:00:00-04:00,2026-09-02T23:59:59-04:00
Walmart,8111308,Polident overnight denture or retainer cleansers,6.86,2026-08-27T00:00:00-04:00,2026-09-02T23:59:59-04:00
Walmart,8111308,Sensodyne Pronamel Active Shield toothpaste,6.97,2026-08-27T00:00:00-04:00,2026-09-02T23:59:59-04:00
Walmart,8111308,Sensodyne Sensitivity Gum & Enamel toothpaste,6.97,2026-08-27T00:00:00-04:00,2026-09-02T23:59:59-04:00
Walmart,8111308,Polident overnight denture or retainer cleaners,6.86,2026-08-27T00:00:00-04:00,2026-09-02T23:59:59-04:00
Walmart,8111308,Nature Valley granola bars,2.47,2026-08-27T00:00:00-04:00,2026-09-02T23:59:59-04:00
Walmart,8111308,Classico Pasta Sauce,2.97,2026-08-27T00:00:00-04:00,2026-09-02T23:59:59-04:00
Walmart,8111308,Kraft Dinner cheesy ramen,3.47,2026-08-27T00:00:00-04:00,2026-09-02T23:59:59-04:00
Walmart,8111308,"Samsung 50"" M70H Mini-LED Smart TV",528.0,2026-08-27T00:00:00-04:00,2026-09-02T23:59:59-04:00
Walmart,8111308,"55"" M80H Mini-LED Smart TV",748.0,2026-08-27T00:00:00-04:00,2026-09-02T23:59:59-04:00
Walmart,8111308,"55"" U8000H 4K UHD Smart TV",498.0,2026-08-27T00:00:00-04:00,2026-09-02T23:59:59-04:00
Walmart,8111308,"SAMSUNG 55"" M7OH Mini-LED Smart TV",698.0,2026-08-27T00:00:00-04:00,2026-09-02T23:59:59-04:00
Walmart,8111308,Quaker Crispy Minis,2.97,2026-08-27T00:00:00-04:00,2026-09-02T23:59:59-04:00
Walmart,8111308,Quaker Chewy granola bars value pack,10.97,2026-08-27T00:00:00-04:00,2026-09-02T23:59:59-04:00
Walmart,8111308,Quaker Crispy Minis,2.97,2026-08-27T00:00:00-04:00,2026-09-02T23:59:59-04:00
Walmart,8111308,Quaker Harvest Crunch Granola,3.97,2026-08-27T00:00:00-04:00,2026-09-02T23:59:59-04:00
FreshCo,8103320,Natrel Plus 18% Protein Milk 2 L,6.99,2026-08-27T00:00:00-04:00,2026-09-02T23:59:59-04:00
FreshCo,8103320,Summer Fresh Salads 250-280 g,3.47,2026-08-27T00:00:00-04:00,2026-09-02T23:59:59-04:00
FreshCo,8103320,Summer Fresh Salad,7.97,2026-08-27T00:00:00-04:00,2026-09-02T23:59:59-04:00
FreshCo,8103320,Siwin Taiwanese Style Pork Sausage 375 g - FreshCo Mid-Autumn,5.98,2026-08-27T00:00:00-04:00,2026-09-02T23:59:59-04:00
FreshCo,8103320,Summer Fresh Hummus or Dips 200-327 g,3.47,2026-08-27T00:00:00-04:00,2026-09-02T23:59:59-04:00
FreshCo,8103320,McCain Premium Potatoes 1.45-1.8 kg,5.97,2026-08-27T00:00:00-04:00,2026-09-02T23:59:59-04:00
FreshCo,8103320,"Minute Maid, Five Alive or Fuze Iced Tea Beverages 8x200 mL or 10x200 mL",3.29,2026-08-27T00:00:00-04:00,2026-09-02T23:59:59-04:00
FreshCo,8103320,Compliments Cooked or Raw Pacific White Shrimp Frozen 340 g or Cooked Shrimp with Cocktail Sauce Frozen 255 g,6.0,2026-08-27T00:00:00-04:00,2026-09-02T23:59:59-04:00
FreshCo,8103320,"Janes Pub Style Breaded Chicken Strips, Nuggets, Burgers 700 g or English or Pub Style Fish Battered or Tempura Frozen 450-510 g",4.77,2026-08-27T00:00:00-04:00,2026-09-02T23:59:59-04:00
FreshCo,8103320,Astro Original Yogurt 12 pk,4.97,2026-08-27T00:00:00-04:00,2026-09-02T23:59:59-04:00
FreshCo,8103320,Cashmere Bathroom Tissue 12=24 rolls,4.97,2026-08-27T00:00:00-04:00,2026-09-02T23:59:59-04:00
FreshCo,8103320,"Compliments Carrots or Yellow Onions 3 lb Bag Product of Canada, Canada No. 1, 1.36 kg",1.97,2026-08-27T00:00:00-04:00,2026-09-02T23:59:59-04:00
FreshCo,8103320,Häagen-Dazs Ice Cream 400-450 mL or Novelties 3-4 pk,5.0,2026-08-27T00:00:00-04:00,2026-09-02T23:59:59-04:00
FreshCo,8103320,Sekka Rice 6.8 kg or India Gate Basmati Rice 4.54 kg,11.98,2026-08-27T00:00:00-04:00,2026-09-02T23:59:59-04:00
FreshCo,8103320,Pearl Milling Pancake Mix 905 g or Syrup 710 mL,3.99,2026-08-27T00:00:00-04:00,2026-09-02T23:59:59-04:00
FreshCo,8103320,Tomatoes on the Vine Product of Canada 4.34/kg,1.97,2026-08-27T00:00:00-04:00,2026-09-02T23:59:59-04:00
FreshCo,8103320,Tre Stelle Halloumi Cheese 200 g,4.97,2026-08-27T00:00:00-04:00,2026-09-02T23:59:59-04:00
FreshCo,8103320,"Coca-Cola, Canada Dry or Pepsi Soft Drinks 2 L",1.99,2026-08-27T00:00:00-04:00,2026-09-02T23:59:59-04:00
FreshCo,8103320,"Peaches 3 L Product of Ontario, Canada No. 1",4.97,2026-08-27T00:00:00-04:00,2026-09-02T23:59:59-04:00
FreshCo,8103320,Kellogg's Town House Crackers 247-391 g,2.47,2026-08-27T00:00:00-04:00,2026-09-02T23:59:59-04:00
FreshCo,8103320,Samyang Buldak Spicy Noodles 5 pk Selected Varieties - FreshCo Mid-Autumn,7.48,2026-08-27T00:00:00-04:00,2026-09-02T23:59:59-04:00
FreshCo,8103320,Quaker Standard Oats 709 g - 1 kg,3.49,2026-08-27T00:00:00-04:00,2026-09-02T23:59:59-04:00
FreshCo,8103320,Compliments English Muffins 342 g,1.97,2026-08-27T00:00:00-04:00,2026-09-02T23:59:59-04:00
FreshCo,8103320,"Paula Red Apples Product of Canada, Canada Extra Fancy 4.34/kg",1.97,2026-08-27T00:00:00-04:00,2026-09-02T23:59:59-04:00
FreshCo,8103320,Blackberries or Raspberries 170 g Product of USA,3.97,2026-08-27T00:00:00-04:00,2026-09-02T23:59:59-04:00
FreshCo,8103320,Quaker Crispy Minis 100 g or Rice Cakes 172-189 g,2.75,2026-08-27T00:00:00-04:00,2026-09-02T23:59:59-04:00
FreshCo,8103320,"Monster 444-473 mL, Celsius or Alani Nu 355 mL Energy Drink Singles",2.49,2026-08-27T00:00:00-04:00,2026-09-02T23:59:59-04:00
FreshCo,8103320,Compliments Breakfast Sandwiches or Bites 222-270 g,5.99,2026-08-27T00:00:00-04:00,2026-09-02T23:59:59-04:00
FreshCo,8103320,Compliments Frozt Bite'z Candy Coated Fruit,3.99,2026-08-27T00:00:00-04:00,2026-09-02T23:59:59-04:00
FreshCo,8103320,Compliments Laundry Detergent 1.92 L,4.99,2026-08-27T00:00:00-04:00,2026-09-02T23:59:59-04:00
FreshCo,8103320,Aman's Besan Super Fine Flour 1.81 kg,5.99,2026-08-27T00:00:00-04:00,2026-09-02T23:59:59-04:00
FreshCo,8103320,Chef Boyardee Mini Ravioli 418-425 g,1.89,2026-08-27T00:00:00-04:00,2026-09-02T23:59:59-04:00
FreshCo,8103320,Marie Callender's Frozen Entrees 312-349 g or Healthy Choice Simply Steamers 259-280 g,3.99,2026-08-27T00:00:00-04:00,2026-09-02T23:59:59-04:00
FreshCo,8103320,Nestlé Chocolate Bars 90-120 g Selected Varieties,2.5,2026-08-27T00:00:00-04:00,2026-09-02T23:59:59-04:00
FreshCo,8103320,Softsoap Hand Soap 332 mL or Irish Spring Soap Bars 3 pk,3.99,2026-08-27T00:00:00-04:00,2026-09-02T23:59:59-04:00
FreshCo,8103320,Compliments Whole Grain or Ancient Grains Bread 600 g,2.47,2026-08-27T00:00:00-04:00,2026-09-02T23:59:59-04:00
FreshCo,8103320,Dempster's Tortillas 272-340 g or Tia Rosa Tortillas 275-384 g,3.47,2026-08-27T00:00:00-04:00,2026-09-02T23:59:59-04:00
FreshCo,8103320,O'food Kimchi Soup Ramen Bowl 140-153 g,1.98,2026-08-27T00:00:00-04:00,2026-09-02T23:59:59-04:00
FreshCo,8103320,Belevini Petit Beurre Biscuits 185 g,1.29,2026-08-27T00:00:00-04:00,2026-09-02T23:59:59-04:00
FreshCo,8103320,Street Soup 50 g,3.0,2026-08-27T00:00:00-04:00,2026-09-02T23:59:59-04:00
FreshCo,8103320,HFH Spicy Peanuts 240 g - FreshCo Mid-Autumn,2.98,2026-08-27T00:00:00-04:00,2026-09-02T23:59:59-04:00
FreshCo,8103320,Orion Turtle Chips 160 g Selected Varieties - FreshCo Mid-Autumn,3.98,2026-08-27T00:00:00-04:00,2026-09-02T23:59:59-04:00
FreshCo,8103320,Huy Fong Sambal Oelek Chili Paste 476 mL or Chili Garlic Sauce 481 mL - FreshCo Mid-Autumn,5.48,2026-08-27T00:00:00-04:00,2026-09-02T23:59:59-04:00
FreshCo,8103320,Savoy Coconut Cream 400 mL or Lao Gan Ma Chilli In Oil 275 g - FreshCo Mid-Autumn,2.98,2026-08-27T00:00:00-04:00,2026-09-02T23:59:59-04:00
FreshCo,8103320,AROY-D Canned Curry 400 g - FreshCo Mid-Autumn,2.48,2026-08-27T00:00:00-04:00,2026-09-02T23:59:59-04:00
FreshCo,8103320,Pepperidge Farm Goldfish Crackers 187-227 g or Kettle Chips 156-198 g,2.49,2026-08-27T00:00:00-04:00,2026-09-02T23:59:59-04:00
FreshCo,8103320,Campbell's Broth 900 mL,1.88,2026-08-27T00:00:00-04:00,2026-09-02T23:59:59-04:00
FreshCo,8103320,Compliments Pasta 900 g,2.0,2026-08-27T00:00:00-04:00,2026-09-02T23:59:59-04:00
FreshCo,8103320,Compliments Dishwashing Liquid 5 L,7.97,2026-08-27T00:00:00-04:00,2026-09-02T23:59:59-04:00
FreshCo,8103320,Spinach Bunch Product of Canada,1.97,2026-08-27T00:00:00-04:00,2026-09-02T23:59:59-04:00
FreshCo,8103320,Brar's Rasmalai 850-908 g Selected Varieties,9.99,2026-08-27T00:00:00-04:00,2026-09-02T23:59:59-04:00
FreshCo,8103320,Deep Mango Pulp 850 g,3.49,2026-08-27T00:00:00-04:00,2026-09-02T23:59:59-04:00
FreshCo,8103320,Parle-G Biscuits 300 g,1.29,2026-08-27T00:00:00-04:00,2026-09-02T23:59:59-04:00
FreshCo,8103320,Three Crabs Brand Fish Sauce 692 mL - FreshCo Mid-Autumn,10.98,2026-08-27T00:00:00-04:00,2026-09-02T23:59:59-04:00
FreshCo,8103320,Nature-SM Tea Extra Strength 50 g - FreshCo Mid-Autumn,4.98,2026-08-27T00:00:00-04:00,2026-09-02T23:59:59-04:00
FreshCo,8103320,Skillet Gnocchi Selected varieties 200 g,4.97,2026-08-27T00:00:00-04:00,2026-09-02T23:59:59-04:00
FreshCo,8103320,Dawn Dish Detergent 896 mL-1.12 L or Starter Kit 473 mL,5.49,2026-08-27T00:00:00-04:00,2026-09-02T23:59:59-04:00
FreshCo,8103320,Snack Pack Puddings or Gels 4 pk,1.99,2026-08-27T00:00:00-04:00,2026-09-02T23:59:59-04:00
FreshCo,8103320,Compliments Laundry Booster 422 g,7.49,2026-08-27T00:00:00-04:00,2026-09-02T23:59:59-04:00
FreshCo,8103320,Compliments Bathroom Tissue 12=24 rolls,6.0,2026-08-27T00:00:00-04:00,2026-09-02T23:59:59-04:00
FreshCo,8103320,Rubicon Juice 1 L Selected Varieties,2.49,2026-08-27T00:00:00-04:00,2026-09-02T23:59:59-04:00
FreshCo,8103320,Tata Tea Bags Orange Pekoe 220 pk,7.99,2026-08-27T00:00:00-04:00,2026-09-02T23:59:59-04:00
FreshCo,8103320,Surati Snacks 250-341 g Selected Varieties,2.49,2026-08-27T00:00:00-04:00,2026-09-02T23:59:59-04:00
FreshCo,8103320,Chen Ke Ming Ramen or Udon Noodle 800 g - FreshCo Mid-Autumn,2.98,2026-08-27T00:00:00-04:00,2026-09-02T23:59:59-04:00
FreshCo,8103320,Chris Brothers Bologna Chub 1.5 kg,6.97,2026-08-27T00:00:00-04:00,2026-09-02T23:59:59-04:00
FreshCo,8103320,Nature Valley Sweet & Salty Granola Bars 160-175 g,2.47,2026-08-27T00:00:00-04:00,2026-09-02T23:59:59-04:00
FreshCo,8103320,Liberté Greek Yogurt 650-750 g or Yoplait Yogurt i6 pk,6.97,2026-08-27T00:00:00-04:00,2026-09-02T23:59:59-04:00
FreshCo,8103320,Palmolive Dish Soap 4.27 L,8.99,2026-08-27T00:00:00-04:00,2026-09-02T23:59:59-04:00
FreshCo,8103320,Unico Beans or Tomatoes 540-786 mL,1.77,2026-08-27T00:00:00-04:00,2026-09-02T23:59:59-04:00
FreshCo,8103320,"Smucker's Jam, 310-500 mL or Jif Peanut Butter, 1 kg Selected Varieties",5.97,2026-08-27T00:00:00-04:00,2026-09-02T23:59:59-04:00
FreshCo,8103320,Quaker Instant Oatmeal 232-344 g,3.0,2026-08-27T00:00:00-04:00,2026-09-02T23:59:59-04:00
FreshCo,8103320,Lemons 2 lb Product of South Africa 907 g or Pineapple Product of Costa Rica,4.97,2026-08-27T00:00:00-04:00,2026-09-02T23:59:59-04:00
FreshCo,8103320,Buddig Sliced Meats 55 g,1.97,2026-08-27T00:00:00-04:00,2026-09-02T23:59:59-04:00
FreshCo,8103320,"Compliments White Potatoes 10 lb Product of Canada, Canada No. 1, 4.54 kg",4.97,2026-08-27T00:00:00-04:00,2026-09-02T23:59:59-04:00
FreshCo,8103320,Compliments Smoked Sausages 900 g or Schneiders Original Juicy Jumbos or RedHot Wieners 900 g,10.97,2026-08-27T00:00:00-04:00,2026-09-02T23:59:59-04:00
FreshCo,8103320,Quaker Chewy or Dipps Granola Bars 120-156 g,1.97,2026-08-27T00:00:00-04:00,2026-09-02T23:59:59-04:00
FreshCo,8103320,Maple Leaf Natural Selections Sliced Meats 175 g,5.0,2026-08-27T00:00:00-04:00,2026-09-02T23:59:59-04:00
FreshCo,8103320,Villaggio Bread 550-675 g or Buns 6-8 pk,2.97,2026-08-27T00:00:00-04:00,2026-09-02T23:59:59-04:00
FreshCo,8103320,"Mini Seedless Cucumbers 6 pk Product of Ontario, Canada No. 1 or Grape Tomatoes 283 g Product of Canada",2.97,2026-08-27T00:00:00-04:00,2026-09-02T23:59:59-04:00
FreshCo,8103320,"Iceberg Lettuce Product of Canada, Canada No. 1 or Celery Product of Canada, Canada No. 1",1.97,2026-08-27T00:00:00-04:00,2026-09-02T23:59:59-04:00
FreshCo,8103320,Nutella Hazelnut or Peanut Spread 725 g,7.69,2026-08-27T00:00:00-04:00,2026-09-02T23:59:59-04:00
FreshCo,8103320,Compliments Apple Juice 2 L,3.0,2026-08-27T00:00:00-04:00,2026-09-02T23:59:59-04:00
FreshCo,8103320,Compliments Disinfecting Wipes 75 pk,3.99,2026-08-27T00:00:00-04:00,2026-09-02T23:59:59-04:00
FreshCo,8103320,Deep Bhindi Cut or Whole 340 g,1.29,2026-08-27T00:00:00-04:00,2026-09-02T23:59:59-04:00
FreshCo,8103320,Aman's Suji Rusk 600 g,3.99,2026-08-27T00:00:00-04:00,2026-09-02T23:59:59-04:00
FreshCo,8103320,Siwin Potstickers or Dumplings 454-500 g Selected Varieties - FreshCo Mid-Autumn,3.98,2026-08-27T00:00:00-04:00,2026-09-02T23:59:59-04:00
FreshCo,8103320,Tre Stelle Feta Cheese Tub 200 g,4.97,2026-08-27T00:00:00-04:00,2026-09-02T23:59:59-04:00
FreshCo,8103320,Green or Red Seedless Grapes Product of USA No. 1 Grade 8.75/kg,3.97,2026-08-27T00:00:00-04:00,2026-09-02T23:59:59-04:00
FreshCo,8103320,Compliments Ground Pork 454 g,4.47,2026-08-27T00:00:00-04:00,2026-09-02T23:59:59-04:00
FreshCo,8103320,Pogo Original Frozen 1.5 kg,14.97,2026-08-27T00:00:00-04:00,2026-09-02T23:59:59-04:00
FreshCo,8103320,Kool-Aid Jammers Fruit Beverage 10x180 mL,3.49,2026-08-27T00:00:00-04:00,2026-09-02T23:59:59-04:00
FreshCo,8103320,Lady Speed Stick 45-70 g or Mennen Speed Stick Deodorant or Antiperspirant 76-85 g Selected Varieties,3.99,2026-08-27T00:00:00-04:00,2026-09-02T23:59:59-04:00
FreshCo,8103320,Compliments 100% Coconut Water 1 L,4.0,2026-08-27T00:00:00-04:00,2026-09-02T23:59:59-04:00
FreshCo,8103320,Compliments Dryer Sheets 120 pk,4.49,2026-08-27T00:00:00-04:00,2026-09-02T23:59:59-04:00
FreshCo,8103320,Bibigo Steamed Dumplings - FreshCo Mid-Autumn,3.48,2026-08-27T00:00:00-04:00,2026-09-02T23:59:59-04:00
FreshCo,8103320,Eight Treasures Tilapia Frozen 1.36 kg - FreshCo Mid-Autumn,7.87,2026-08-27T00:00:00-04:00,2026-09-02T23:59:59-04:00
FreshCo,8103320,Sinbao Star Pudding 600 g Selected Varieties - FreshCo Mid-Autumn,3.48,2026-08-27T00:00:00-04:00,2026-09-02T23:59:59-04:00
FreshCo,8103320,Lee Kum Kee Sriracha Chili Sauce 445 mL or Aroy-D Sweet Chili Sauce 720 mL - FreshCo Mid-Autumn,3.98,2026-08-27T00:00:00-04:00,2026-09-02T23:59:59-04:00
FreshCo,8103320,Foco Canned Coconut Juice 520 mL - FreshCo Mid-Autumn,1.68,2026-08-27T00:00:00-04:00,2026-09-02T23:59:59-04:00
FreshCo,8103320,O'food Gochujang or Ssamjang Sauce 300 g,3.98,2026-08-27T00:00:00-04:00,2026-09-02T23:59:59-04:00
FreshCo,8103320,O'food Korean BBQ Galbi or Bulgogi Marinade for Beef 840g,5.98,2026-08-27T00:00:00-04:00,2026-09-02T23:59:59-04:00
FreshCo,8103320,S&B Golden Curry Mix 92 g Selected Varieties,2.98,2026-08-27T00:00:00-04:00,2026-09-02T23:59:59-04:00
FreshCo,8103320,Skillet Gnocchi Family Size or Fresh Filled Pasta Selected varieties 520-700 g,8.97,2026-08-27T00:00:00-04:00,2026-09-02T23:59:59-04:00
FreshCo,8103320,Fresh Pasta Sauce Selected Varieties 400 g or 300 ml,3.97,2026-08-27T00:00:00-04:00,2026-09-02T23:59:59-04:00
FreshCo,8103320,Gay Lea Butter Salted or Unsalted 454 g,4.97,2026-08-27T00:00:00-04:00,2026-09-02T23:59:59-04:00
FreshCo,8103320,Armstrong Cheese Bars 400 g or Shreds 320 g,3.97,2026-08-27T00:00:00-04:00,2026-09-02T23:59:59-04:00
FreshCo,8103320,"Schneiders Stackers, Lunchmate or Adult Snack Kits 75-120 g",1.87,2026-08-27T00:00:00-04:00,2026-09-02T23:59:59-04:00
FreshCo,8103320,Folgers Ground Coffee 544-816 g or K-Cups 30 pk,15.97,2026-08-27T00:00:00-04:00,2026-09-02T23:59:59-04:00
FreshCo,8103320,Christie Family Cookies Selected Varieties 285-500 g or Christie Dad's Family Cookies Selected Varieties 500-520 g,4.47,2026-08-27T00:00:00-04:00,2026-09-02T23:59:59-04:00
FreshCo,8103320,Doritos 210-280 g or Ruffles 180-200 g,7.0,2026-08-27T00:00:00-04:00,2026-09-02T23:59:59-04:00
FreshCo,8103320,Starbucks Roast and Ground Coffee 340 g or K-Cups 10 pk,11.99,2026-08-27T00:00:00-04:00,2026-09-02T23:59:59-04:00
FreshCo,8103320,Fantino & Mondello Deli Meats 100-200 g,5.0,2026-08-27T00:00:00-04:00,2026-09-02T23:59:59-04:00
FreshCo,8103320,"Sweet Bell Peppers Red, Orange or Yellow Product of Canada 6.55/kg",2.97,2026-08-27T00:00:00-04:00,2026-09-02T23:59:59-04:00
FreshCo,8103320,Green Onions or Cilantro Bunch Product of Canada,1.47,2026-08-27T00:00:00-04:00,2026-09-02T23:59:59-04:00
FreshCo,8103320,Yoplait Yogurt Tubes 8 pk,2.99,2026-08-27T00:00:00-04:00,2026-09-02T23:59:59-04:00
FreshCo,8103320,Maxwell House Coffee Pods 30 pk,16.99,2026-08-27T00:00:00-04:00,2026-09-02T23:59:59-04:00
FreshCo,8103320,Kellogg's Eggo Waffles 270-280 g,2.99,2026-08-27T00:00:00-04:00,2026-09-02T23:59:59-04:00
FreshCo,8103320,Old El Paso Taco Kits 250-510 g,3.97,2026-08-27T00:00:00-04:00,2026-09-02T23:59:59-04:00
FreshCo,8103320,Tide Liquid Detergent 0.8-l L,5.99,2026-08-27T00:00:00-04:00,2026-09-02T23:59:59-04:00
FreshCo,8103320,Tetley Orange Pekoe Tea 72 pk,3.99,2026-08-27T00:00:00-04:00,2026-09-02T23:59:59-04:00
FreshCo,8103320,Compliments Laundry Detergent 4.43 L,8.99,2026-08-27T00:00:00-04:00,2026-09-02T23:59:59-04:00
FreshCo,8103320,Compliments Paper Towels 12=24 rolls,21.99,2026-08-27T00:00:00-04:00,2026-09-02T23:59:59-04:00
FreshCo,8103320,Methi Bunch Product of Canada,1.97,2026-08-27T00:00:00-04:00,2026-09-02T23:59:59-04:00
FreshCo,8103320,Brar's Samosas 624 g Selected Varieties,5.99,2026-08-27T00:00:00-04:00,2026-09-02T23:59:59-04:00
FreshCo,8103320,White Guava Product of Egypt 10.96/kg,4.97,2026-08-27T00:00:00-04:00,2026-09-02T23:59:59-04:00
FreshCo,8103320,Brar's Gulab Jamun 850 g,6.99,2026-08-27T00:00:00-04:00,2026-09-02T23:59:59-04:00
FreshCo,8103320,Baixiang Instant Noodles 5 pk - FreshCo Mid-Autumn,4.98,2026-08-27T00:00:00-04:00,2026-09-02T23:59:59-04:00
FreshCo,8103320,Eight Treasures Basa Steaks Frozen 500 g - FreshCo Mid-Autumn,3.87,2026-08-27T00:00:00-04:00,2026-09-02T23:59:59-04:00
FreshCo,8103320,Shirakiku Imitation Crab Sticks 500 g - FreshCo Mid-Autumn,6.88,2026-08-27T00:00:00-04:00,2026-09-02T23:59:59-04:00
FreshCo,8103320,Pomelo Product of Vietnam - FreshCo Mid-Autumn,2.98,2026-08-27T00:00:00-04:00,2026-09-02T23:59:59-04:00
FreshCo,8103320,"Bok Choy, Flat or Nappa Cabbage Product of Canada 1.89/kg - FreshCo Mid-Autumn",0.88,2026-08-27T00:00:00-04:00,2026-09-02T23:59:59-04:00
FreshCo,8103320,Asian Choice Rice Roll with Prawns 550 g or Shrimp Dumplings 500 g - FreshCo Mid-Autumn,7.98,2026-08-27T00:00:00-04:00,2026-09-02T23:59:59-04:00
FreshCo,8103320,Asian Choice Fried Dough Sticks Frozen 240 g - FreshCo Mid-Autumn,2.98,2026-08-27T00:00:00-04:00,2026-09-02T23:59:59-04:00
FreshCo,8103320,Maggi Liquid Seasoning 800 mL - FreshCo Mid-Autumn,8.98,2026-08-27T00:00:00-04:00,2026-09-02T23:59:59-04:00
FreshCo,8103320,Kikkoman Teriyaki Marinate & Sauce or Soy Sauce 296ml - FreshCo Mid-Autumn,3.98,2026-08-27T00:00:00-04:00,2026-09-02T23:59:59-04:00
FreshCo,8103320,Lao Gan Ma Chili in Oil 210 g - FreshCo Mid-Autumn,2.98,2026-08-27T00:00:00-04:00,2026-09-02T23:59:59-04:00
FreshCo,8103320,China Lily Soya Sauce 483 mL - FreshCo Mid-Autumn,2.98,2026-08-27T00:00:00-04:00,2026-09-02T23:59:59-04:00
FreshCo,8103320,KO & C Hao Tea Bags 200 g or Lotte Milkis Milk & Yogurt Flavoured Drink 1.5 L Selected Varieties - FreshCo Mid-Autumn,3.98,2026-08-27T00:00:00-04:00,2026-09-02T23:59:59-04:00
FreshCo,8103320,Kikkoman Less Sodium Soy Sauce 296 mL - FreshCo Mid-Autumn,4.98,2026-08-27T00:00:00-04:00,2026-09-02T23:59:59-04:00
FreshCo,8103320,Kikkoman Soy Sauce 1.2 L - FreshCo Mid-Autumn,9.98,2026-08-27T00:00:00-04:00,2026-09-02T23:59:59-04:00
FreshCo,8103320,AROY-D UHT Coconut Milk 1 L - FreshCo Mid-Autumn,4.98,2026-08-27T00:00:00-04:00,2026-09-02T23:59:59-04:00
FreshCo,8103320,Roshen Wafer Sandwich Cookies 142 g or Cream Fudge 205 g,2.49,2026-08-27T00:00:00-04:00,2026-09-02T23:59:59-04:00
FreshCo,8103320,Borjomi Carbonated Natural Mineral Water 750 mL,2.99,2026-08-27T00:00:00-04:00,2026-09-02T23:59:59-04:00
FreshCo,8103320,ITO EN Matcha Green Tea Bags,6.98,2026-08-27T00:00:00-04:00,2026-09-02T23:59:59-04:00
FreshCo,8103320,Oliya Virgin Sunflower Oil 1 L,4.99,2026-08-27T00:00:00-04:00,2026-09-02T23:59:59-04:00
FreshCo,8103320,Grona Puff Pastries 328 g,3.0,2026-08-27T00:00:00-04:00,2026-09-02T23:59:59-04:00
FreshCo,8103320,Roshen Brownie Cookies 152 g,5.0,2026-08-27T00:00:00-04:00,2026-09-02T23:59:59-04:00
FreshCo,8103320,Jongga Kimchi Pouch 80 g,1.48,2026-08-27T00:00:00-04:00,2026-09-02T23:59:59-04:00
FreshCo,8103320,Shirakiku Frozen Udon Noodle 1.15 kg,3.98,2026-08-27T00:00:00-04:00,2026-09-02T23:59:59-04:00
FreshCo,8103320,Marigold Chana Masala Chicken Korma 500 g,5.97,2026-08-27T00:00:00-04:00,2026-09-02T23:59:59-04:00
FreshCo,8103320,Yoplait Skyr Yogurt 750 g,5.99,2026-08-27T00:00:00-04:00,2026-09-02T23:59:59-04:00
FreshCo,8103320,Sorbelicious Dubai Frozen Dessert Bars 600 mL,10.99,2026-08-27T00:00:00-04:00,2026-09-02T23:59:59-04:00
FreshCo,8103320,HY Guava Candy 350 g - FreshCo Mid-Autumn,2.0,2026-08-27T00:00:00-04:00,2026-09-02T23:59:59-04:00
FreshCo,8103320,Marīgold Frozen Entrées 354 g,5.97,2026-08-27T00:00:00-04:00,2026-09-02T23:59:59-04:00
FreshCo,8103320,Knorr Chicken Broth Powder Mix 1 kg - FreshCo Mid-Autumn,8.98,2026-08-27T00:00:00-04:00,2026-09-02T23:59:59-04:00
FreshCo,8103320,Thai Kitchen Curry Paste 112 g Selected Varieties - FreshCo Mid-Autumn,4.98,2026-08-27T00:00:00-04:00,2026-09-02T23:59:59-04:00
FreshCo,8103320,Ben & Jerry's Ice Cream 473 mL,4.95,2026-08-27T00:00:00-04:00,2026-09-02T23:59:59-04:00
Atlantic Superstore,8104019,"IN-STORE PREPARED SINGLE SERVE MEALS, 135-410 G",8.0,2026-08-27T00:00:00-04:00,2026-09-02T23:59:59-04:00
Atlantic Superstore,8104019,"PC® THE DECADENT™ CHOCOLATE CHIPS OR CHUNKS, 226-300 G",5.0,2026-08-27T00:00:00-04:00,2026-09-02T23:59:59-04:00
Atlantic Superstore,8104019,"NO NAME PEANUT BUTTER, 1 KG",6.0,2026-08-27T00:00:00-04:00,2026-09-02T23:59:59-04:00
Atlantic Superstore,8104019,"QUAKER INSTANT OATMEAL, 8'S, 232-344 G OR OATS, 900 G/1 KG",3.5,2026-08-27T00:00:00-04:00,2026-09-02T23:59:59-04:00
Atlantic Superstore,8104019,"GRIMMS SIZZLIN' OR BAVARIAN SMOKIES, 450 G",6.0,2026-08-27T00:00:00-04:00,2026-09-02T23:59:59-04:00
Atlantic Superstore,8104019,"MAPLE LEAF NATURAL SELECTIONS OR SCHNEIDERS SLICED MEATS, 150/375 G",7.0,2026-08-27T00:00:00-04:00,2026-09-02T23:59:59-04:00
Atlantic Superstore,8104019,"KELLOGG'S RICE KRISPIES SQUARES, SPECIAL K CRISPY BARS OR POP TARTS PASTRIES, 550 G - 1.15 KG",10.75,2026-08-27T00:00:00-04:00,2026-09-02T23:59:59-04:00
Atlantic Superstore,8104019,"PEPPERIDGE FARM GOLDFISH CRACKERS, 156-227 G OR CRISPS, 177 G",2.5,2026-08-27T00:00:00-04:00,2026-09-02T23:59:59-04:00
Atlantic Superstore,8104019,"CHRISTIE RITZ DRIZZLED MINIS, 226 G",6.99,2026-08-27T00:00:00-04:00,2026-09-02T23:59:59-04:00
Atlantic Superstore,8104019,"CHRISTIE CRACKERS, 162-304 G",8.0,2026-08-27T00:00:00-04:00,2026-09-02T23:59:59-04:00
Atlantic Superstore,8104019,"NO NAME® PURE WHITE VINEGAR, 4 L",2.25,2026-08-27T00:00:00-04:00,2026-09-02T23:59:59-04:00
Atlantic Superstore,8104019,"DILL CUCUMBERS, 1/4 BUSHEL",15.0,2026-08-27T00:00:00-04:00,2026-09-02T23:59:59-04:00
Atlantic Superstore,8104019,"FRESH PASTA, 250 - 350 G",12.0,2026-08-27T00:00:00-04:00,2026-09-02T23:59:59-04:00
Atlantic Superstore,8104019,"PC® 100% JUICE, 1 L",4.5,2026-08-27T00:00:00-04:00,2026-09-02T23:59:59-04:00
Atlantic Superstore,8104019,SWEET BICOLOUR CORN,3.0,2026-08-27T00:00:00-04:00,2026-09-02T23:59:59-04:00
Atlantic Superstore,8104019,"ANALGESICS, COUGH AND COLD, ALLERGY OR EYE CARE PRODUCTS",6.0,2026-08-27T00:00:00-04:00,2026-09-02T23:59:59-04:00
Atlantic Superstore,8104019,"PEDIGREE DENTASTIX, JUMBONE OR MARROBONE DOG TREATS, 396 G-1.9 KG / 5X100G",11.0,2026-08-27T00:00:00-04:00,2026-09-02T23:59:59-04:00
Atlantic Superstore,8104019,"BUNCHED BABY DILL, 200G",1.99,2026-08-27T00:00:00-04:00,2026-09-02T23:59:59-04:00
Atlantic Superstore,8104019,"MAGGI MASALA NOODLES, 244 G",1.5,2026-08-27T00:00:00-04:00,2026-09-02T23:59:59-04:00
Atlantic Superstore,8104019,BEEF HEART,8.0,2026-08-27T00:00:00-04:00,2026-09-02T23:59:59-04:00
Atlantic Superstore,8104019,"PC® ORGANICS ANIMAL COOKIES, 250 G",4.5,2026-08-27T00:00:00-04:00,2026-09-02T23:59:59-04:00
Atlantic Superstore,8104019,"SWIFFER DUSTER REFILLS, 6/10'S, WET REFILLS, 12/20/24'S, SWEEPER DRY REFILLS, 16/20/32'S, WETJET REFILLS, 12'S, POWERMOP REFILLS, 5'S, WETJET LIQUID ,2.5 L OR POWERMOP LIQUID, 2.5 L",11.0,2026-08-27T00:00:00-04:00,2026-09-02T23:59:59-04:00
Atlantic Superstore,8104019,"PACE® CHUNKY SALSA, 642 ML",5.0,2026-08-27T00:00:00-04:00,2026-09-02T23:59:59-04:00
Atlantic Superstore,8104019,"NUTELLA PEANUT SPREAD WITH COCOA, 375 G",8.0,2026-08-27T00:00:00-04:00,2026-09-02T23:59:59-04:00
Atlantic Superstore,8104019,"STARBUCKS GROUND COFFEE, 311-340 G, K-CUP PODS, 10'S OR INSTANT COFFEE, 90-202 G",12.0,2026-08-27T00:00:00-04:00,2026-09-02T23:59:59-04:00
Atlantic Superstore,8104019,EGGPLANT,3.0,2026-08-27T00:00:00-04:00,2026-09-02T23:59:59-04:00
Atlantic Superstore,8104019,"FRITO-LAY VARIETY PACKS, 42'S",20.99,2026-08-27T00:00:00-04:00,2026-09-02T23:59:59-04:00
Atlantic Superstore,8104019,SENSODYNE,9.0,2026-08-27T00:00:00-04:00,2026-09-02T23:59:59-04:00
Atlantic Superstore,8104019,"CERTO PECTIN CRYSTALS, 57 G",4.0,2026-08-27T00:00:00-04:00,2026-09-02T23:59:59-04:00
Atlantic Superstore,8104019,ROMA TOMATO HALF BUSHEL BOX,16.0,2026-08-27T00:00:00-04:00,2026-09-02T23:59:59-04:00
Atlantic Superstore,8104019,"KELLOGG'S FAMILY SIZE CEREAL, 450-650 G",5.5,2026-08-27T00:00:00-04:00,2026-09-02T23:59:59-04:00
Atlantic Superstore,8104019,"SURAJ NAAN FLATBREADS, 10'S",4.0,2026-08-27T00:00:00-04:00,2026-09-02T23:59:59-04:00
Atlantic Superstore,8104019,"ACTIVIA, 8 x 100 g",10.0,2026-08-27T00:00:00-04:00,2026-09-02T23:59:59-04:00
Atlantic Superstore,8104019,"PILLSBURY CHAKKI ATTA WHOLE WHEAT FLOUR, 9.07 KG",14.0,2026-08-27T00:00:00-04:00,2026-09-02T23:59:59-04:00
Atlantic Superstore,8104019,GINGER ROOT,2.5,2026-08-27T00:00:00-04:00,2026-09-02T23:59:59-04:00
Atlantic Superstore,8104019,"NATURE VALLEY™ SWEET & SALTY 175-210 G, FIBRE 1™ BARS, NATURE VALLEY™ PROTEIN BARS OR NATURE VALLEY™ BISCUITS, 125-190 g",9.99,2026-08-27T00:00:00-04:00,2026-09-02T23:59:59-04:00
Atlantic Superstore,8104019,"SKILLET GNOCCHI, 280 - 350 g",12.0,2026-08-27T00:00:00-04:00,2026-09-02T23:59:59-04:00
Atlantic Superstore,8104019,"CERTO LIQUID, 170 ML",5.5,2026-08-27T00:00:00-04:00,2026-09-02T23:59:59-04:00
Atlantic Superstore,8104019,TOMATOES ON THE VINE,2.5,2026-08-27T00:00:00-04:00,2026-09-02T23:59:59-04:00
Atlantic Superstore,8104019,"OIKOS®, 650, 750 g",7.99,2026-08-27T00:00:00-04:00,2026-09-02T23:59:59-04:00
Atlantic Superstore,8104019,"HERSHEY'S SNACK SIZE CHOCOLATE, 25/35'S/370-390 G OR HARRY POTTER, 267 G",8.0,2026-08-27T00:00:00-04:00,2026-09-02T23:59:59-04:00
Atlantic Superstore,8104019,"SODASTREAM DRINK MIXES, 40-440 ML",7.0,2026-08-27T00:00:00-04:00,2026-09-02T23:59:59-04:00
Atlantic Superstore,8104019,"PEPCID TABLETS 50/60'S OR IMODIUM 20/24'S TABLETS, CAPLETS OR LIQUI-GELS",23.0,2026-08-27T00:00:00-04:00,2026-09-02T23:59:59-04:00
Atlantic Superstore,8104019,"LARSEN EXTRA LEAN SMOKED BONELESS HAM SLICES, 375 G",7.0,2026-08-27T00:00:00-04:00,2026-09-02T23:59:59-04:00
Atlantic Superstore,8104019,KEURIG K-EXPRESS COFFEE MAKER,115.0,2026-08-27T00:00:00-04:00,2026-09-02T23:59:59-04:00
Atlantic Superstore,8104019,BARTLETT PEAR,3.0,2026-08-27T00:00:00-04:00,2026-09-02T23:59:59-04:00
Atlantic Superstore,8104019,"MINUTE MAID ZERO SUGAR DRINKS, 1.54 L OR SIGGI'S SKYR, 4 X 100 G",4.0,2026-08-27T00:00:00-04:00,2026-09-02T23:59:59-04:00
Atlantic Superstore,8104019,"BEN'S ORIGINAL FAST & FANCY RICE, 132 G",3.0,2026-08-27T00:00:00-04:00,2026-09-02T23:59:59-04:00
Atlantic Superstore,8104019,HARVEST GARLANDS,24.0,2026-08-27T00:00:00-04:00,2026-09-02T23:59:59-04:00
Atlantic Superstore,8104019,"FARMER'S MARKET™ CROISSANTS OR CROISSANT BUNS, 260-336 G",4.5,2026-08-27T00:00:00-04:00,2026-09-02T23:59:59-04:00
Atlantic Superstore,8104019,"PC® ORGANICS 100% PURE MAPLE SYRUP, 375 ML",11.5,2026-08-27T00:00:00-04:00,2026-09-02T23:59:59-04:00
Atlantic Superstore,8104019,Orville Redenbacher,5.0,2026-08-27T00:00:00-04:00,2026-09-02T23:59:59-04:00
Atlantic Superstore,8104019,"SUNBUTTER SUNFLOWER BUTTER, 454 G",7.5,2026-08-27T00:00:00-04:00,2026-09-02T23:59:59-04:00
Atlantic Superstore,8104019,"THREE FARMERS CRUNCHY SNACKS, 120-140 G",4.0,2026-08-27T00:00:00-04:00,2026-09-02T23:59:59-04:00
Atlantic Superstore,8104019,"WELCH'S FRUIT SNACKS, 45'S, 630 G",10.0,2026-08-27T00:00:00-04:00,2026-09-02T23:59:59-04:00
Atlantic Superstore,8104019,"VIOLIFE NON-DAIRY CHEESE, 200-227 G",5.5,2026-08-27T00:00:00-04:00,2026-09-02T23:59:59-04:00
Atlantic Superstore,8104019,"NO NAME® CRISPY RICE MARSHMALLOW SQUARES, 528 G",8.5,2026-08-27T00:00:00-04:00,2026-09-02T23:59:59-04:00
Atlantic Superstore,8104019,"ALLERGY SMART COOKIES, 140 G",4.5,2026-08-27T00:00:00-04:00,2026-09-02T23:59:59-04:00
Atlantic Superstore,8104019,"FREEYUMM OAT BARS, 135 G OR COOKIES, 154 G",4.0,2026-08-27T00:00:00-04:00,2026-09-02T23:59:59-04:00
Atlantic Superstore,8104019,"TIDE DETERGENT, 1.62-1.86 L, PODS 18-31'S, DOWNY OR GAIN FABRIC SOFTENER 1.66-2.63 L, DOWNY OR GAIN BEADS 303-379 G",10.0,2026-08-27T00:00:00-04:00,2026-09-02T23:59:59-04:00
Atlantic Superstore,8104019,"FARMER'S MARKET™ COOKIES, 12'S",6.0,2026-08-27T00:00:00-04:00,2026-09-02T23:59:59-04:00
Atlantic Superstore,8104019,"JANES CHICKEN WINGS, 650 G",11.0,2026-08-27T00:00:00-04:00,2026-09-02T23:59:59-04:00
Atlantic Superstore,8104019,"NO NAME® NATURALLY IMPERFECT BROWN OR WHITE MUSHROOMS, 680 G",6.0,2026-08-27T00:00:00-04:00,2026-09-02T23:59:59-04:00
Atlantic Superstore,8104019,"DAINTY RICE, 900 G",6.0,2026-08-27T00:00:00-04:00,2026-09-02T23:59:59-04:00
Atlantic Superstore,8104019,"PC® FROZEN VEGETABLES, 1.75 KG",10.0,2026-08-27T00:00:00-04:00,2026-09-02T23:59:59-04:00
Atlantic Superstore,8104019,"VAN HOUTTE K-CUP PODS, 48'S",40.0,2026-08-27T00:00:00-04:00,2026-09-02T23:59:59-04:00
Atlantic Superstore,8104019,"SCOTSBURN FAMILY FAVOURITES ICE CREAM, 1.5 L OR BARS, 12'S",5.0,2026-08-27T00:00:00-04:00,2026-09-02T23:59:59-04:00
Atlantic Superstore,8104019,"GATORADE SPORTS DRINK, 24X591 ML",23.49,2026-08-27T00:00:00-04:00,2026-09-02T23:59:59-04:00
Atlantic Superstore,8104019,"PC® FLATBREAD OR FOCACCIA, 330-456 G",4.0,2026-08-27T00:00:00-04:00,2026-09-02T23:59:59-04:00
Atlantic Superstore,8104019,CHICKEN THIGHS,4.0,2026-08-27T00:00:00-04:00,2026-09-02T23:59:59-04:00
Atlantic Superstore,8104019,NO NAME® OR HALAL WHOLE CHICKEN,2.99,2026-08-27T00:00:00-04:00,2026-09-02T23:59:59-04:00
Atlantic Superstore,8104019,"LISTERINE CLASSIC 1 L MOUTHWASH, COLGATE OPTIC WHITE OR SENSITIVE PRO RELIEF TOOTHPASTE 70-150 ML OR KIDS MANUAL TOOTHBRUSHES 2'S",6.5,2026-08-27T00:00:00-04:00,2026-09-02T23:59:59-04:00
Atlantic Superstore,8104019,"ZIPLOC, 10-100'S",4.0,2026-08-27T00:00:00-04:00,2026-09-02T23:59:59-04:00
Atlantic Superstore,8104019,"PURINA TIDY CATS LIGHTWEIGHT CAT LITTER, 2.72 KG",14.99,2026-08-27T00:00:00-04:00,2026-09-02T23:59:59-04:00
Atlantic Superstore,8104019,POTTED MUM,14.0,2026-08-27T00:00:00-04:00,2026-09-02T23:59:59-04:00
Atlantic Superstore,8104019,"SCHOOL SAFE MINI LOAVES OR BROWNIES, 280-290 G",4.5,2026-08-27T00:00:00-04:00,2026-09-02T23:59:59-04:00
Atlantic Superstore,8104019,"KERR'S MOLASSES KISSES, 50'S, 380 G",5.0,2026-08-27T00:00:00-04:00,2026-09-02T23:59:59-04:00
Atlantic Superstore,8104019,PC® KIDS BENTO,10.0,2026-08-27T00:00:00-04:00,2026-09-02T23:59:59-04:00
Atlantic Superstore,8104019,BIOTÈNE,14.5,2026-08-27T00:00:00-04:00,2026-09-02T23:59:59-04:00
Atlantic Superstore,8104019,"HUGGIES 16X BABY WIPES, 960-1152'S",24.0,2026-08-27T00:00:00-04:00,2026-09-02T23:59:59-04:00
Atlantic Superstore,8104019,"CLIF ENERGY BARS, 10X68 G",13.0,2026-08-27T00:00:00-04:00,2026-09-02T23:59:59-04:00
Atlantic Superstore,8104019,"YOPLAIT TUBES YOGURT, 8X56 G",7.0,2026-08-27T00:00:00-04:00,2026-09-02T23:59:59-04:00
Atlantic Superstore,8104019,"CRACKER BARREL CHEESE SLICES, 200-240 G",10.0,2026-08-27T00:00:00-04:00,2026-09-02T23:59:59-04:00
Atlantic Superstore,8104019,"ZIGGY'S® SUB TRIO SLICES, 300 G",7.0,2026-08-27T00:00:00-04:00,2026-09-02T23:59:59-04:00
Atlantic Superstore,8104019,"LECLERC CÉLÉBRATION COOKIES, 200-350 G",10.0,2026-08-27T00:00:00-04:00,2026-09-02T23:59:59-04:00
Atlantic Superstore,8104019,"SNACK PACK PUDDING OR JUICY GELS, 4'S",5.5,2026-08-27T00:00:00-04:00,2026-09-02T23:59:59-04:00
Atlantic Superstore,8104019,"BLACKBERRIES, 170 G",4.99,2026-08-27T00:00:00-04:00,2026-09-02T23:59:59-04:00
Atlantic Superstore,8104019,"FARMER'S MARKET WHITE POTATOES, 10 LB",4.0,2026-08-27T00:00:00-04:00,2026-09-02T23:59:59-04:00
Atlantic Superstore,8104019,"BETTY CROCKER SUPERMOIST CAKE MIX, 375-404 G OR FROSTINGS, 340-450 G",5.0,2026-08-27T00:00:00-04:00,2026-09-02T23:59:59-04:00
Atlantic Superstore,8104019,"SIMILAC PRO-ADVANCE STEP 1, STEP 2 OR TOTAL COMFORT BABY FORMULA POWDER, 837/859 G",50.0,2026-08-27T00:00:00-04:00,2026-09-02T23:59:59-04:00
Atlantic Superstore,8104019,"CHEF BOYARDEE PASTA, 418/425 G",2.0,2026-08-27T00:00:00-04:00,2026-09-02T23:59:59-04:00
Atlantic Superstore,8104019,EVERYDAY ESSENTIALS™ SCENTED CANDLES,6.0,2026-08-27T00:00:00-04:00,2026-09-02T23:59:59-04:00
Atlantic Superstore,8104019,"PC® SHRIMP APPETIZERS, 294-454 G OR SHRIMP BURGERS UNCOOKED, 452 G,",12.0,2026-08-27T00:00:00-04:00,2026-09-02T23:59:59-04:00
Atlantic Superstore,8104019,"FARMER'S MARKET™ MUM HANGING BASKET, 11 INCH",16.0,2026-08-27T00:00:00-04:00,2026-09-02T23:59:59-04:00
Atlantic Superstore,8104019,"TRE STELLE BOCCONCINI OR FETA, 200 G",5.0,2026-08-27T00:00:00-04:00,2026-09-02T23:59:59-04:00
Atlantic Superstore,8104019,WATERMELON QUARTERS,1.2,2026-08-27T00:00:00-04:00,2026-09-02T23:59:59-04:00
Atlantic Superstore,8104019,"SNACK FACTORY® PRETZEL CRISPS® MILK CHOCOLATE & CARAMEL DRIZZLERS, 155 g",8.0,2026-08-27T00:00:00-04:00,2026-09-02T23:59:59-04:00
Atlantic Superstore,8104019,"FARMER'S MARKET™ GRAPE TOMATOES, 283 G",4.5,2026-08-27T00:00:00-04:00,2026-09-02T23:59:59-04:00
Atlantic Superstore,8104019,"GENERAL MILLS™ RETAIL CEREAL, 300-430 G",9.99,2026-08-27T00:00:00-04:00,2026-09-02T23:59:59-04:00
Atlantic Superstore,8104019,"PHILADELPHIA CREAM CHEESE OR DIP, 227/250 G",10.0,2026-08-27T00:00:00-04:00,2026-09-02T23:59:59-04:00
Atlantic Superstore,8104019,"NO NAME® GRANOLA BARS, 120-175 G",2.25,2026-08-27T00:00:00-04:00,2026-09-02T23:59:59-04:00
Atlantic Superstore,8104019,"SUNRYPE FRUIT TO GO OR FRUITSOURCE FRUIT SNACKS OR BARS, 336-444 G",11.0,2026-08-27T00:00:00-04:00,2026-09-02T23:59:59-04:00
Atlantic Superstore,8104019,"BEN & JERRY'S OR HALO TOP ICE CREAM 473 ML OR MAGNUM BARS, 3/4'S",5.0,2026-08-27T00:00:00-04:00,2026-09-02T23:59:59-04:00
Atlantic Superstore,8104019,POLIDENT OR POLIGRIP,8.0,2026-08-27T00:00:00-04:00,2026-09-02T23:59:59-04:00
Atlantic Superstore,8104019,"LARABAR™ FRUIT & NUT ENERGY BAR, 16 X 45/48 G",18.0,2026-08-27T00:00:00-04:00,2026-09-02T23:59:59-04:00
Atlantic Superstore,8104019,"GENERAL MILLS FAMILY SIZE CEREAL, 317-778 G",5.0,2026-08-27T00:00:00-04:00,2026-09-02T23:59:59-04:00
Atlantic Superstore,8104019,"CLASSICO PASTA SAUCE OR PIZZA SAUCE, 410/600 ML",3.0,2026-08-27T00:00:00-04:00,2026-09-02T23:59:59-04:00
Atlantic Superstore,8104019,NO NAME® CHEESE BARS 700 G OR SAPUTO MOZZARELLISSIMA PIZZA MOZZARELLA CHEESE 690/700 G,9.0,2026-08-27T00:00:00-04:00,2026-09-02T23:59:59-04:00
Atlantic Superstore,8104019,"TRESEMMÉ SHAMPOO, CONDITIONER 828 ML OR STYLING PRODUCTS",7.0,2026-08-27T00:00:00-04:00,2026-09-02T23:59:59-04:00
Atlantic Superstore,8104019,"WHOLE WILD PINK SALMON, GOLDEN POMPANO OR MILKFISH",4.5,2026-08-27T00:00:00-04:00,2026-09-02T23:59:59-04:00
Atlantic Superstore,8104019,"PC® NATURAL SPRING WATER, 24X500 ML",7.0,2026-08-27T00:00:00-04:00,2026-09-02T23:59:59-04:00
Atlantic Superstore,8104019,"AMARA ORGANIC SMOOTHIE MELTS OR FRUIT BITES, 23 G",11.0,2026-08-27T00:00:00-04:00,2026-09-02T23:59:59-04:00
Atlantic Superstore,8104019,"NO NAME™ BIRCH CUTLERY, 30'S",2.0,2026-08-27T00:00:00-04:00,2026-09-02T23:59:59-04:00
Atlantic Superstore,8104019,"KRAFT PEANUT BUTTER, 750 G-1 KG",6.0,2026-08-27T00:00:00-04:00,2026-09-02T23:59:59-04:00
Atlantic Superstore,8104019,"TWO-BITE MINI CROISSANTS, 423 G",6.5,2026-08-27T00:00:00-04:00,2026-09-02T23:59:59-04:00
Atlantic Superstore,8104019,"CREST COMPLETE TOOTHPASTE 120 ML, CREST STAIN ERASER TOOTHPASTE 65 ML, CREST KIDS TOOTHPASTE 85-100 ML OR ORAL-B COMPLETE SATIN FLOSS 50 M",3.75,2026-08-27T00:00:00-04:00,2026-09-02T23:59:59-04:00
Atlantic Superstore,8104019,LIFE AT HOME™ THROW,20.0,2026-08-27T00:00:00-04:00,2026-09-02T23:59:59-04:00
Atlantic Superstore,8104019,"MAYNARDS CANDY, 135-154 G",6.0,2026-08-27T00:00:00-04:00,2026-09-02T23:59:59-04:00
Atlantic Superstore,8104019,THERMOS WATER BOTTLES,15.0,2026-08-27T00:00:00-04:00,2026-09-02T23:59:59-04:00
Atlantic Superstore,8104019,"WILD BY NATURE MINCED LOBSTER MEAT 320 G OR SEAQUEST® BAY SCALLOPS UNCOOKED 100-150/LB, 400 G",5.0,2026-08-27T00:00:00-04:00,2026-09-02T23:59:59-04:00
Atlantic Superstore,8104019,"QUAKER CRISPY MINIS OR RICE CAKES, 90-199 G",7.0,2026-08-27T00:00:00-04:00,2026-09-02T23:59:59-04:00
Atlantic Superstore,8104019,"PC® BURGERS, 568 G",12.0,2026-08-27T00:00:00-04:00,2026-09-02T23:59:59-04:00
Atlantic Superstore,8104019,"SIMILAC GO & GROW STEP 3 TODDLER DRINK 12-36 MONTHS, 850 G",29.0,2026-08-27T00:00:00-04:00,2026-09-02T23:59:59-04:00
Atlantic Superstore,8104019,PAMPERS SWADDLERS VALUE PACK,45.0,2026-08-27T00:00:00-04:00,2026-09-02T23:59:59-04:00
Atlantic Superstore,8104019,ENSURE VALUE PACK,38.0,2026-08-27T00:00:00-04:00,2026-09-02T23:59:59-04:00
Atlantic Superstore,8104019,"THERMOS MUGS, BOTTLES OR FOOD JARS",18.0,2026-08-27T00:00:00-04:00,2026-09-02T23:59:59-04:00
Atlantic Superstore,8104019,HARVEST WREATHS,29.0,2026-08-27T00:00:00-04:00,2026-09-02T23:59:59-04:00
Atlantic Superstore,8104019,"FAMILY SIZE SALADS, 665-901 G",18.0,2026-08-27T00:00:00-04:00,2026-09-02T23:59:59-04:00
Atlantic Superstore,8104019,ASTRO TUBS 650/750 G OR TROPICANA ORANGE JUICE OR DRINKS 1.36 L OR PURE LEAF 1.75 L,3.5,2026-08-27T00:00:00-04:00,2026-09-02T23:59:59-04:00
Atlantic Superstore,8104019,BABYBEL 6'S OR THE LAUGHING COW 8'S,4.0,2026-08-27T00:00:00-04:00,2026-09-02T23:59:59-04:00
Atlantic Superstore,8104019,"COUNTRY HARVEST BREAD OR BAGELS, 450/600 G",7.5,2026-08-27T00:00:00-04:00,2026-09-02T23:59:59-04:00
Atlantic Superstore,8104019,EVERYDAY ESSENTIALS™ METAL BAKEWARE,7.0,2026-08-27T00:00:00-04:00,2026-09-02T23:59:59-04:00
Atlantic Superstore,8104019,Joe Fresh,29.0,2026-08-27T00:00:00-04:00,2026-09-02T23:59:59-04:00
Atlantic Superstore,8104019,"HEAD & SHOULDERS SHAMPOO, 370 ML OR CONDITIONER, 315-325 ML",6.0,2026-08-27T00:00:00-04:00,2026-09-02T23:59:59-04:00
Atlantic Superstore,8104019,COHO SALMON FILLET,11.0,2026-08-27T00:00:00-04:00,2026-09-02T23:59:59-04:00
Atlantic Superstore,8104019,"ELMER'S SCHOOL GLUE, 150 ML",1.35,2026-08-27T00:00:00-04:00,2026-09-02T23:59:59-04:00
Atlantic Superstore,8104019,"PC® THE DECADENT™ COOKIES, 280-300 G",5.0,2026-08-27T00:00:00-04:00,2026-09-02T23:59:59-04:00
Atlantic Superstore,8104019,"COCA-COLA, CANADA DRY OR PEPSI SOFT DRINKS, 24X355 ML",12.99,2026-08-27T00:00:00-04:00,2026-09-02T23:59:59-04:00
Atlantic Superstore,8104019,LIFE BRAND® PAIN PRODUCTS,10.0,2026-08-27T00:00:00-04:00,2026-09-02T23:59:59-04:00
Atlantic Superstore,8104019,"ZIPLOC, 10-100'S",4.0,2026-08-27T00:00:00-04:00,2026-09-02T23:59:59-04:00
Atlantic Superstore,8104019,"CASA MENDOSA TORTILLAS, 340/640 G",2.85,2026-08-27T00:00:00-04:00,2026-09-02T23:59:59-04:00
Atlantic Superstore,8104019,"PC® BACON, 375 G",4.5,2026-08-27T00:00:00-04:00,2026-09-02T23:59:59-04:00
Atlantic Superstore,8104019,"VEEBА SAUCES, 300-400 G",4.0,2026-08-27T00:00:00-04:00,2026-09-02T23:59:59-04:00
Atlantic Superstore,8104019,"JANES LIGHTLY DUSTED FISH, 450/500 G",14.0,2026-08-27T00:00:00-04:00,2026-09-02T23:59:59-04:00
Atlantic Superstore,8104019,"PC ORGANICS PASTA, 454 G",3.5,2026-08-27T00:00:00-04:00,2026-09-02T23:59:59-04:00
Atlantic Superstore,8104019,PC® TRADITIONAL BLACK FOREST HAM,3.0,2026-08-27T00:00:00-04:00,2026-09-02T23:59:59-04:00
Atlantic Superstore,8104019,"CASHMERE, 24=72 ROLLS",22.0,2026-08-27T00:00:00-04:00,2026-09-02T23:59:59-04:00
Atlantic Superstore,8104019,"FARMER'S MARKET™ RED ONIONS, 3 LB",5.0,2026-08-27T00:00:00-04:00,2026-09-02T23:59:59-04:00
Atlantic Superstore,8104019,PC® EXTRA LARGE GREEN OR RED SEEDLESS GRAPES,4.5,2026-08-27T00:00:00-04:00,2026-09-02T23:59:59-04:00
Atlantic Superstore,8104019,"ROMAINE HEARTS, 3'S",4.5,2026-08-27T00:00:00-04:00,2026-09-02T23:59:59-04:00
Atlantic Superstore,8104019,"SWANSON CHICKEN BROTH, 412 ML",1.0,2026-08-27T00:00:00-04:00,2026-09-02T23:59:59-04:00
Atlantic Superstore,8104019,"KRAFT PARMESAN SHREDDED CHEESE, 200 G",7.0,2026-08-27T00:00:00-04:00,2026-09-02T23:59:59-04:00
Atlantic Superstore,8104019,"PC® ORRI MANDARINS, 2 LB",5.0,2026-08-27T00:00:00-04:00,2026-09-02T23:59:59-04:00
Atlantic Superstore,8104019,"CAMPBELL'S CHUNKY OR HABITANT SOUP, 515-796 ML",2.5,2026-08-27T00:00:00-04:00,2026-09-02T23:59:59-04:00
Atlantic Superstore,8104019,"SUFRA® HALAL WHOLE CHICKEN, 1.55 KG",16.0,2026-08-27T00:00:00-04:00,2026-09-02T23:59:59-04:00
Atlantic Superstore,8104019,"FONTAINE SANTÉ EXTRA FIRM TOFU, 400 G",6.0,2026-08-27T00:00:00-04:00,2026-09-02T23:59:59-04:00
Atlantic Superstore,8104019,"GRISSOL MELBA TOAST 350/400 G, BAGUETTES 220 G, DARE BEAR PAWS 392/490 G OR WAGON WHEELS COOKIES, 630 G",5.99,2026-08-27T00:00:00-04:00,2026-09-02T23:59:59-04:00
Atlantic Superstore,8104019,"SIMPLY PROTEIN SNACK BARS, 12 X 40 G",18.0,2026-08-27T00:00:00-04:00,2026-09-02T23:59:59-04:00
Atlantic Superstore,8104019,K-POP DEMON HUNTERS STATIONERY,3.5,2026-08-27T00:00:00-04:00,2026-09-02T23:59:59-04:00
Atlantic Superstore,8104019,"BEN'S ORIGINAL STREET FOOD ENTRÉES OR NOODLES, 250-355 G",9.0,2026-08-27T00:00:00-04:00,2026-09-02T23:59:59-04:00
Atlantic Superstore,8104019,"MISS VICKIE'S KETTLE COOKED POTATO CHIPS, 190/200 G",8.0,2026-08-27T00:00:00-04:00,2026-09-02T23:59:59-04:00
Atlantic Superstore,8104019,"OIKOS®, 300 ML",7.0,2026-08-27T00:00:00-04:00,2026-09-02T23:59:59-04:00
Atlantic Superstore,8104019,"LOCAL ATLANTIC STRAWBERRIES OR WILD BLUEBERRIES, 1 LB",4.0,2026-08-27T00:00:00-04:00,2026-09-02T23:59:59-04:00
Atlantic Superstore,8104019,PILLER'S KOLBASSA SAUSAGE 250/375 G OR PIZZA TOPPINGS 175 G,6.0,2026-08-27T00:00:00-04:00,2026-09-02T23:59:59-04:00
Atlantic Superstore,8104019,"NO NAME® ICE CREAM SANDWICHES OR BARS, 24/30'S",11.0,2026-08-27T00:00:00-04:00,2026-09-02T23:59:59-04:00
Atlantic Superstore,8104019,"QUAKER MUFFIN OR COOKIE MIX, 750/900 G",5.5,2026-08-27T00:00:00-04:00,2026-09-02T23:59:59-04:00
Atlantic Superstore,8104019,PAPAYA,2.5,2026-08-27T00:00:00-04:00,2026-09-02T23:59:59-04:00
Atlantic Superstore,8104019,REDUCE LUNCH OR HYDRATION,14.0,2026-08-27T00:00:00-04:00,2026-09-02T23:59:59-04:00
Atlantic Superstore,8104019,"MASECA INSTANT CORN MASA FLOUR, 1.8 KG",8.5,2026-08-27T00:00:00-04:00,2026-09-02T23:59:59-04:00
Atlantic Superstore,8104019,"MCCAFÉ® K-CUP PODS, 24-30'S",23.0,2026-08-27T00:00:00-04:00,2026-09-02T23:59:59-04:00
Atlantic Superstore,8104019,"SAMYANG BULDAK RAMEN NOODLES, 5'S, 650-700 G",7.0,2026-08-27T00:00:00-04:00,2026-09-02T23:59:59-04:00
Atlantic Superstore,8104019,"ATLANTIC CHOICE PORK SAUSAGE, 375/500 G",7.0,2026-08-27T00:00:00-04:00,2026-09-02T23:59:59-04:00
Atlantic Superstore,8104019,LARGE CAULIFLOWER,4.5,2026-08-27T00:00:00-04:00,2026-09-02T23:59:59-04:00
Atlantic Superstore,8104019,"PURINA ONE CAT FOOD, 1.45-1.8 KG",15.49,2026-08-27T00:00:00-04:00,2026-09-02T23:59:59-04:00
Atlantic Superstore,8104019,"SCOTTIES® ULTRA SOFT, 4-PACK",14.0,2026-08-27T00:00:00-04:00,2026-09-02T23:59:59-04:00
Atlantic Superstore,8104019,"PEARL MILLING COMPANY PANCAKE OR WAFFLE MIX, 905 G OR SYRUP, 710 ML",4.5,2026-08-27T00:00:00-04:00,2026-09-02T23:59:59-04:00
Atlantic Superstore,8104019,"PC® DE- ALCOHOLIZED WINE, 750 ML",7.5,2026-08-27T00:00:00-04:00,2026-09-02T23:59:59-04:00
Atlantic Superstore,8104019,"SUMM! SPRING ROLLS OR DUMPLINGS, 250-350 G",6.0,2026-08-27T00:00:00-04:00,2026-09-02T23:59:59-04:00
Atlantic Superstore,8104019,PICKLING DILL,4.0,2026-08-27T00:00:00-04:00,2026-09-02T23:59:59-04:00
Atlantic Superstore,8104019,"FRESH SAUCE, 300 ML",12.0,2026-08-27T00:00:00-04:00,2026-09-02T23:59:59-04:00
Atlantic Superstore,8104019,PLANTAINS,1.5,2026-08-27T00:00:00-04:00,2026-09-02T23:59:59-04:00
Atlantic Superstore,8104019,"FARMER'S MARKET™ MINI CUCUMBERS, 6'S",4.5,2026-08-27T00:00:00-04:00,2026-09-02T23:59:59-04:00
Atlantic Superstore,8104019,EUCERIN OR LIVE CLEAN BABY NEEDS,99.0,2026-08-27T00:00:00-04:00,2026-09-02T23:59:59-04:00
Atlantic Superstore,8104019,"PC® TATAKI, 130 G",13.0,2026-08-27T00:00:00-04:00,2026-09-02T23:59:59-04:00
Atlantic Superstore,8104019,MERANGUE NOTEBOOKS AND STATIONERY,0.7,2026-08-27T00:00:00-04:00,2026-09-02T23:59:59-04:00
Atlantic Superstore,8104019,"NESTLÉ OR MACINTOSH'S SINGLE BARS, 33-60 G",2.5,2026-08-27T00:00:00-04:00,2026-09-02T23:59:59-04:00
Atlantic Superstore,8104019,"OLD EL PASO™ PREMIUM KITS, 343-375 G",10.0,2026-08-27T00:00:00-04:00,2026-09-02T23:59:59-04:00
Atlantic Superstore,8104019,"CHRIS BROTHERS BOLOGNA, 1.5 KG",8.0,2026-08-27T00:00:00-04:00,2026-09-02T23:59:59-04:00
Atlantic Superstore,8104019,"CASHMERE BATHROOM TISSUE 12 DOUBLE ROLLS, SPONGETOWELS PAPER TOWELS 3=6 ROLLS, SCOTTIES FACIAL TISSUE 6'S",7.0,2026-08-27T00:00:00-04:00,2026-09-02T23:59:59-04:00
Atlantic Superstore,8104019,"PC® MINI MUFFINS, 12'S",5.0,2026-08-27T00:00:00-04:00,2026-09-02T23:59:59-04:00
Atlantic Superstore,8104019,"PC® SOFT DRINKS, 12X355 ML",6.75,2026-08-27T00:00:00-04:00,2026-09-02T23:59:59-04:00
Atlantic Superstore,8104019,"ETNICO GOAT STEW, 500 G",12.0,2026-08-27T00:00:00-04:00,2026-09-02T23:59:59-04:00
Atlantic Superstore,8104019,HOSTESS SNACK CAKES,3.0,2026-08-27T00:00:00-04:00,2026-09-02T23:59:59-04:00
Atlantic Superstore,8104019,"BERNARDIN SNAP LIDS, 12'S",4.99,2026-08-27T00:00:00-04:00,2026-09-02T23:59:59-04:00
Atlantic Superstore,8104019,"VH ASIAN SAUCES, 341-355 ML",8.0,2026-08-27T00:00:00-04:00,2026-09-02T23:59:59-04:00
Atlantic Superstore,8104019,"GOLDEN HAPPINESS SPECIALTY BUNS, 100 G",1.5,2026-08-27T00:00:00-04:00,2026-09-02T23:59:59-04:00
Atlantic Superstore,8104019,"BLACK DIAMOND CHEESESTRINGS, 8 PK - 168 G",4.0,2026-08-27T00:00:00-04:00,2026-09-02T23:59:59-04:00
Atlantic Superstore,8104019,"CENTURY TUNA, 180 G",2.0,2026-08-27T00:00:00-04:00,2026-09-02T23:59:59-04:00
Atlantic Superstore,8104019,"MEDIUM PREMIUM SALADS, 330 G",8.0,2026-08-27T00:00:00-04:00,2026-09-02T23:59:59-04:00
Atlantic Superstore,8104019,"CRAYOLA CRAYONS, 24'S",1.0,2026-08-27T00:00:00-04:00,2026-09-02T23:59:59-04:00
Atlantic Superstore,8104019,BROCCOLI STALKS,3.5,2026-08-27T00:00:00-04:00,2026-09-02T23:59:59-04:00
Atlantic Superstore,8104019,"UNICO BEANS, 540 ML OR TOMATOES, 796 ML",2.0,2026-08-27T00:00:00-04:00,2026-09-02T23:59:59-04:00
Atlantic Superstore,8104019,CILANTRO,1.25,2026-08-27T00:00:00-04:00,2026-09-02T23:59:59-04:00
Atlantic Superstore,8104019,"THAI KITCHEN COCONUT MILK, 400 ML",2.5,2026-08-27T00:00:00-04:00,2026-09-02T23:59:59-04:00
Atlantic Superstore,8104019,"LARSEN WIENERS, 375 G",3.5,2026-08-27T00:00:00-04:00,2026-09-02T23:59:59-04:00
Atlantic Superstore,8104019,"IN-STORE MADE LOADED BOWLS, 345-380 G",10.0,2026-08-27T00:00:00-04:00,2026-09-02T23:59:59-04:00
Atlantic Superstore,8104019,LEAN GROUND BEEF,9.5,2026-08-27T00:00:00-04:00,2026-09-02T23:59:59-04:00
Atlantic Superstore,8104019,"MARCANGELO CHICKEN SOUVLAKI, 480/640 G",14.0,2026-08-27T00:00:00-04:00,2026-09-02T23:59:59-04:00
Atlantic Superstore,8104019,"ACTIVIA®, 650 G",4.29,2026-08-27T00:00:00-04:00,2026-09-02T23:59:59-04:00
Atlantic Superstore,8104019,PC® SPLENDIDIO EXTRA VIRGIN OLIVE OIL 1 L OR NO NAME® CANOLA OR VEGETABLE OIL 3 L,11.0,2026-08-27T00:00:00-04:00,2026-09-02T23:59:59-04:00
Atlantic Superstore,8104019,"MONTANA'S ANGUS BEEF BURGERS, 906 G",18.0,2026-08-27T00:00:00-04:00,2026-09-02T23:59:59-04:00
Atlantic Superstore,8104019,"ROYALE® EVERYDAY COMFORT™ BATHROOM TISSUE, 12-24 rolls",10.0,2026-08-27T00:00:00-04:00,2026-09-02T23:59:59-04:00
Atlantic Superstore,8104019,"LA COSTEÑA REFINED BEANS, 546 ML",3.0,2026-08-27T00:00:00-04:00,2026-09-02T23:59:59-04:00
Atlantic Superstore,8104019,ACTIVIA - 8 x 93 mL,6.5,2026-08-27T00:00:00-04:00,2026-09-02T23:59:59-04:00
Atlantic Superstore,8104019,"NO NAME® NATURALLY IMPERFECT LIMES, 680 G",4.0,2026-08-27T00:00:00-04:00,2026-09-02T23:59:59-04:00
Atlantic Superstore,8104019,"BERNARDIN MASON JARS, 12X1L",19.99,2026-08-27T00:00:00-04:00,2026-09-02T23:59:59-04:00
Atlantic Superstore,8104019,"BLACK DIAMOND CHEESE STICKS, CHEESTRINGS, 24 PK-504 G",10.0,2026-08-27T00:00:00-04:00,2026-09-02T23:59:59-04:00
Atlantic Superstore,8104019,"WAGH BAKRI PREMIUM TEA, 907 G",12.0,2026-08-27T00:00:00-04:00,2026-09-02T23:59:59-04:00
Atlantic Superstore,8104019,"MONSTER ENERGY, REIGN OR BANG ENERGY DRINKS, 4X473 ML",11.49,2026-08-27T00:00:00-04:00,2026-09-02T23:59:59-04:00
Atlantic Superstore,8104019,"NO NAME® CHUNK OR FLAKED LIGHT TUNA, 170 g",1.5,2026-08-27T00:00:00-04:00,2026-09-02T23:59:59-04:00
Atlantic Superstore,8104019,"COTTONELLE ULTRA CLEAN OR ULTRA SOFT TOILET PAPERS, 12-48 ROLLS",17.0,2026-08-27T00:00:00-04:00,2026-09-02T23:59:59-04:00
Atlantic Superstore,8104019,"BAKING POTATOES, 4'S",4.5,2026-08-27T00:00:00-04:00,2026-09-02T23:59:59-04:00
Atlantic Superstore,8104019,"QUALITY BASMATI RICE, 8 LB",7.99,2026-08-27T00:00:00-04:00,2026-09-02T23:59:59-04:00
Atlantic Superstore,8104019,"CLUB HOUSE PICKLING SPICE, 110 G",4.5,2026-08-27T00:00:00-04:00,2026-09-02T23:59:59-04:00
Atlantic Superstore,8104019,"PC® COOKING SPRAYS AVOCADO OIL OR BERTOLLI OLIVE OIL SPRAY, 155 ML",5.0,2026-08-27T00:00:00-04:00,2026-09-02T23:59:59-04:00
Atlantic Superstore,8104019,KIDDICARE ECONO PACK DIAPERS,23.88,2026-08-27T00:00:00-04:00,2026-09-02T23:59:59-04:00
Atlantic Superstore,8104019,"FINISH TUBS, 60-105'S",20.0,2026-08-27T00:00:00-04:00,2026-09-02T23:59:59-04:00
Atlantic Superstore,8104019,"PAM OILS SPRAY, 141-170 ML",6.5,2026-08-27T00:00:00-04:00,2026-09-02T23:59:59-04:00
Atlantic Superstore,8104019,"BERNARDIN REGULAR OR WIDE MOUTH SNAP LIDS AND BANDS, 12'S",8.99,2026-08-27T00:00:00-04:00,2026-09-02T23:59:59-04:00
Atlantic Superstore,8104019,"OASIS 100% JUICE BLENDS, DEL MONTE NECTAR, HYDRAFRUIT OR ARIZONA TEA 960 ML OR ALLEN'S 1 L",1.25,2026-08-27T00:00:00-04:00,2026-09-02T23:59:59-04:00
Atlantic Superstore,8104019,CABBAGE,1.0,2026-08-27T00:00:00-04:00,2026-09-02T23:59:59-04:00
Atlantic Superstore,8104019,EVERYDAY ESSENTIALS™ STOCK POTS,13.0,2026-08-27T00:00:00-04:00,2026-09-02T23:59:59-04:00
Atlantic Superstore,8104019,"FIESTA DIP TRAY, 425 G",8.0,2026-08-27T00:00:00-04:00,2026-09-02T23:59:59-04:00
Atlantic Superstore,8104019,"BRAR'S DESI GHEE COOKING OIL, 800 G",14.0,2026-08-27T00:00:00-04:00,2026-09-02T23:59:59-04:00
Atlantic Superstore,8104019,PRONAMEL,7.5,2026-08-27T00:00:00-04:00,2026-09-02T23:59:59-04:00
Atlantic Superstore,8104019,"PC® PICKLES, OLIVES, SUNDRIED TOMATO, 270 ML-1 L OR FRANK'S REDHOT SAUCE, 354 ML",5.0,2026-08-27T00:00:00-04:00,2026-09-02T23:59:59-04:00
Atlantic Superstore,8104019,OKA OR L'EXTRA BRIE IN-STORE DELI CUT CHEESE,3.5,2026-08-27T00:00:00-04:00,2026-09-02T23:59:59-04:00
Atlantic Superstore,8104019,"CLOVER LEAF SOCKEYE SALMON OR FLAKED LIGHT TUNA, 213/240 G",7.0,2026-08-27T00:00:00-04:00,2026-09-02T23:59:59-04:00
Atlantic Superstore,8104019,"SEAQUEST® SEAFOOD MEDLEY, 340 G OR VIVASEA COOKED NEW ZEALAND GREENSHELL MUSSELS, 500 G, 340 G",6.0,2026-08-27T00:00:00-04:00,2026-09-02T23:59:59-04:00
Atlantic Superstore,8104019,"LINDT LINDOR TRUFFLES OR SQUARES, 142-151 G OR GHIRARDELLI CHOCOLATE SQUARES, 151/153 G",10.5,2026-08-27T00:00:00-04:00,2026-09-02T23:59:59-04:00
Atlantic Superstore,8104019,"GENERAL MILLS™ OATMEAL CRISP RETAIL SIZE CEREAL, 399 - 437 G",9.99,2026-08-27T00:00:00-04:00,2026-09-02T23:59:59-04:00
Atlantic Superstore,8104019,"AVOCADO BAG, 5'S",5.0,2026-08-27T00:00:00-04:00,2026-09-02T23:59:59-04:00
Atlantic Superstore,8104019,PC® LITTERLESS LUNCH,4.0,2026-08-27T00:00:00-04:00,2026-09-02T23:59:59-04:00
Atlantic Superstore,8104019,"COLGATE PREVIDENT TOOTHPASTE, 39-100 ML",15.0,2026-08-27T00:00:00-04:00,2026-09-02T23:59:59-04:00
Atlantic Superstore,8104019,"PAMPERS EASY UPS TRAINING PANTS, SIZES 4-8, 58-112'S",37.0,2026-08-27T00:00:00-04:00,2026-09-02T23:59:59-04:00
Atlantic Superstore,8104019,"NUTELLA HAZELNUT SPREAD WITH COCOA, 1 KG",13.0,2026-08-27T00:00:00-04:00,2026-09-02T23:59:59-04:00
Atlantic Superstore,8104019,"STUBB'S BBQ SAUCE, 450 ML",4.99,2026-08-27T00:00:00-04:00,2026-09-02T23:59:59-04:00
Atlantic Superstore,8104019,"TRE STELLE ORIGINAL CREAM CHEESE, 200 G",8.0,2026-08-27T00:00:00-04:00,2026-09-02T23:59:59-04:00
Atlantic Superstore,8104019,"PEACE TEA OR FUZE ICED TEA, 12X341 ML",8.99,2026-08-27T00:00:00-04:00,2026-09-02T23:59:59-04:00
Atlantic Superstore,8104019,"RUBICON JUICE DRINKS, 4X200 ML/1 L",2.5,2026-08-27T00:00:00-04:00,2026-09-02T23:59:59-04:00
Atlantic Superstore,8104019,JOE FRESH,15.0,2026-08-27T00:00:00-04:00,2026-09-02T23:59:59-04:00
Atlantic Superstore,8104019,"BLACK DIAMOND CHEESTRINGS OR CHEESE STICKS, 189-336 G OR CRACKER BARREL CHEESE BARS OR SHREDDED CHEESE, 250-400 G",5.97,2026-08-27T00:00:00-04:00,2026-09-02T23:59:59-04:00
Atlantic Superstore,8104019,"NESTLÉ ASSORTED MINI BARS, 50'S OR KITKAT SPOOKY BREAK, 40'S",14.0,2026-08-27T00:00:00-04:00,2026-09-02T23:59:59-04:00
Atlantic Superstore,8104019,"GAIN LAUNDRY DETERGENT, 4.25 L/42'S, GAIN/ DOWNY FABRIC SOFTENER, 1.42-3.29 L, BEADS, 453-550 G OR BOUNCE SHEETS, 240'S",15.0,2026-08-27T00:00:00-04:00,2026-09-02T23:59:59-04:00
Atlantic Superstore,8104019,"CATHEDRAL CITY CHEDDAR, 200 G",7.0,2026-08-27T00:00:00-04:00,2026-09-02T23:59:59-04:00
Atlantic Superstore,8104019,"CHRISTIE COOKIES, 224-303 G",8.0,2026-08-27T00:00:00-04:00,2026-09-02T23:59:59-04:00
Atlantic Superstore,8104019,"WINDSOR CANNING & PICKLING COARSE SALT, 1.36 KG",4.49,2026-08-27T00:00:00-04:00,2026-09-02T23:59:59-04:00
Atlantic Superstore,8104019,"RIO MARE TUNA SALAD OR GOLD SEAL SALMON BOWL, 160 G",4.5,2026-08-27T00:00:00-04:00,2026-09-02T23:59:59-04:00
Atlantic Superstore,8104019,"COTTONELLE FLUSHABLE WET WIPES, 168'S",12.0,2026-08-27T00:00:00-04:00,2026-09-02T23:59:59-04:00
Atlantic Superstore,8104019,"SAPUTO FETA, BOCCONCINI FRESH MOZZARELLA, 140-200 G",6.0,2026-08-27T00:00:00-04:00,2026-09-02T23:59:59-04:00
Atlantic Superstore,8104019,"PREGO® PASTA SAUCE, 645 ML",3.0,2026-08-27T00:00:00-04:00,2026-09-02T23:59:59-04:00
Atlantic Superstore,8104019,"DIAPER GENIE OR PLAYTEX BABY DIAPER GENIE REFILLS, 18'S OR 3 ROLL",20.0,2026-08-27T00:00:00-04:00,2026-09-02T23:59:59-04:00
Atlantic Superstore,8104019,"BLACK DIAMOND CHEESE STICKS, 189 - 252 G",5.97,2026-08-27T00:00:00-04:00,2026-09-02T23:59:59-04:00
Atlantic Superstore,8104019,SHEPHERD PEPPERS CASE,16.0,2026-08-27T00:00:00-04:00,2026-09-02T23:59:59-04:00
Atlantic Superstore,8104019,"HUGGIES PULL-UPS TRAINING PANTS, 42-74'S",27.0,2026-08-27T00:00:00-04:00,2026-09-02T23:59:59-04:00
Atlantic Superstore,8104019,"FARMER'S MARKET™ BLUE PLUM, 1.5 L",7.0,2026-08-27T00:00:00-04:00,2026-09-02T23:59:59-04:00
Atlantic Superstore,8104019,"CAMPBELL'S CONDENSED SOUP OR BROTH, 284 ML",4.0,2026-08-27T00:00:00-04:00,2026-09-02T23:59:59-04:00
Atlantic Superstore,8104019,PC® SNACK OR SANDWICH BENTO,6.0,2026-08-27T00:00:00-04:00,2026-09-02T23:59:59-04:00
Atlantic Superstore,8104019,LIFE AT HOME™ PILLOW,12.0,2026-08-27T00:00:00-04:00,2026-09-02T23:59:59-04:00
Atlantic Superstore,8104019,"PC® DELI CHEESE BLOCKS, 250 G",8.0,2026-08-27T00:00:00-04:00,2026-09-02T23:59:59-04:00
Atlantic Superstore,8104019,"FRESHLY PREPARED IN-STORE MADE ROMANACCIA SANDWICHES, 325-385 G",9.0,2026-08-27T00:00:00-04:00,2026-09-02T23:59:59-04:00
Atlantic Superstore,8104019,"PC® SALMON WELLINGTON, 725 G",18.0,2026-08-27T00:00:00-04:00,2026-09-02T23:59:59-04:00
Atlantic Superstore,8104019,"SNACK FACTORY® PRETZEL CRISPS®, 200 G",6.0,2026-08-27T00:00:00-04:00,2026-09-02T23:59:59-04:00
Atlantic Superstore,8104019,"NATURAL CHEESE SLICES, 220 - 240 G",4.0,2026-08-27T00:00:00-04:00,2026-09-02T23:59:59-04:00
Atlantic Superstore,8104019,"LYSOL DISINFECTANT SPRAY, 539 G, DUAL ACTION WIPES, 75'S OR TOILET BOWL CLEANER, 2X710 ML",7.0,2026-08-27T00:00:00-04:00,2026-09-02T23:59:59-04:00
Atlantic Superstore,8104019,"STOK® COLD BREW COFFEE CAFE, 1.42 L",9.0,2026-08-27T00:00:00-04:00,2026-09-02T23:59:59-04:00
Atlantic Superstore,8104019,"SEAQUEST® CRAB OR LOBSTER FLAVOURED POLLOCK FLAKES OR CHUNKS SELECTED VARIETIES, READY-TO-EAT 227 G OR DOM SPECIALTY SMOKED STEELHEAD SALMON 50 G",3.0,2026-08-27T00:00:00-04:00,2026-09-02T23:59:59-04:00
Atlantic Superstore,8104019,"LA FOURNÉE DORÉE BRIOCHE BREAD, BUNS, ROLLS OR SWIRLS 200-800 G OR LANTHIER PAINS AU CHOCOLAT 360 G",5.5,2026-08-27T00:00:00-04:00,2026-09-02T23:59:59-04:00
Atlantic Superstore,8104019,"PC® MINI VEGETABLE OR CHICKEN SAMOSAS, 268/346 G",5.5,2026-08-27T00:00:00-04:00,2026-09-02T23:59:59-04:00
Atlantic Superstore,8104019,"BEN'S ORIGINAL NATURAL SELECT RICE, 365-357 G",10.0,2026-08-27T00:00:00-04:00,2026-09-02T23:59:59-04:00
Atlantic Superstore,8104019,"NESTLÉ HAAGEN DAZS 450 ML, NOVELTIES 3'S, DRUMSTICK 4'S, CONFECTIONARY NOVELTIES 4-10'S OR TUBS 1.5 L",4.94,2026-08-27T00:00:00-04:00,2026-09-02T23:59:59-04:00
Atlantic Superstore,8104019,"GERBER ORGANIC PURÉE OR MEALTIME BABY FOOD, 99 G-162 ML",9.0,2026-08-27T00:00:00-04:00,2026-09-02T23:59:59-04:00
Atlantic Superstore,8104019,"KRAFT MIRACLE WHIP, 650-890 ML",6.0,2026-08-27T00:00:00-04:00,2026-09-02T23:59:59-04:00
Atlantic Superstore,8104019,"ENFAMIL A+ NEUROPRO OR GENTLEASE BABY FORMULA POWDER TUBS, 553/587 G",50.0,2026-08-27T00:00:00-04:00,2026-09-02T23:59:59-04:00
Atlantic Superstore,8104019,"QUAKER DIPPS OR CHEWY GRANOLA BARS, 120-156 G",2.75,2026-08-27T00:00:00-04:00,2026-09-02T23:59:59-04:00
Atlantic Superstore,8104019,"NATURE VALLEY™ BARS, 120-230 G, BETTY CROCKER™ OR MOTTS™ FRUIT SNACKS, 128-226 G, PILLSBURY™ SOFT BAKED BARS 150 G OR CEREAL TREAT BARS, 120 G",2.5,2026-08-27T00:00:00-04:00,2026-09-02T23:59:59-04:00
Atlantic Superstore,8104019,YELLOW PEACHES,2.5,2026-08-27T00:00:00-04:00,2026-09-02T23:59:59-04:00
Atlantic Superstore,8104019,"LESLEY STOWE RAINCOAST CRISPS, 150 G OR WILDLY DELICIOUS JELLY, 185 ML",6.0,2026-08-27T00:00:00-04:00,2026-09-02T23:59:59-04:00
Atlantic Superstore,8104019,ASSORTED MUMS BUNCH,15.0,2026-08-27T00:00:00-04:00,2026-09-02T23:59:59-04:00
Atlantic Superstore,8104019,LIFE BRAND® 70% RUBBING ALCOHOL OR HYDROGEN PEROXIDE,3.0,2026-08-27T00:00:00-04:00,2026-09-02T23:59:59-04:00
Atlantic Superstore,8104019,"FARMER'S MARKET™ KIWI, 2 LB CLAMSHELL",9.0,2026-08-27T00:00:00-04:00,2026-09-02T23:59:59-04:00
Atlantic Superstore,8104019,"FARMER'S MARKET™ BAR CAKES, 675-770 G",16.0,2026-08-27T00:00:00-04:00,2026-09-02T23:59:59-04:00
Atlantic Superstore,8104019,DURACELL COPPERTOP AA (8'S) OR AAA (4'S) ALKALINE BATTERIES,11.0,2026-08-27T00:00:00-04:00,2026-09-02T23:59:59-04:00
Atlantic Superstore,8104019,"NESTLÉ CERELAC BABY CEREAL, 400 G",9.0,2026-08-27T00:00:00-04:00,2026-09-02T23:59:59-04:00
Atlantic Superstore,8104019,"BLACK DIAMOND CHEESE SNACKS, 12/16'S, 189-336 G",5.97,2026-08-27T00:00:00-04:00,2026-09-02T23:59:59-04:00
Atlantic Superstore,8104019,"TOSTITOS TORTILLA CHIPS, 210-295 G",3.5,2026-08-27T00:00:00-04:00,2026-09-02T23:59:59-04:00
Atlantic Superstore,8104019,"LANTIC GRANULATED SUGAR, 2 KG",3.49,2026-08-27T00:00:00-04:00,2026-09-02T23:59:59-04:00
Atlantic Superstore,8104019,LIFE AT HOME™ ARCH STANDING MIRRORS,59.0,2026-08-27T00:00:00-04:00,2026-09-02T23:59:59-04:00
Atlantic Superstore,8104019,"CHICKEN, EGG OR TUNA SOFTY SANDWICHES 180/164 G",6.0,2026-08-27T00:00:00-04:00,2026-09-02T23:59:59-04:00
Atlantic Superstore,8104019,"ACTIVIA EXPERT, 4x100g",4.0,2026-08-27T00:00:00-04:00,2026-09-02T23:59:59-04:00
Atlantic Superstore,8104019,"AMOOZA CHEESE STICKS, 228 g",5.97,2026-08-27T00:00:00-04:00,2026-09-02T23:59:59-04:00
Atlantic Superstore,8104019,"SOURDOUGH OR PUMPERNICKEL BOULE, 574 G",4.0,2026-08-27T00:00:00-04:00,2026-09-02T23:59:59-04:00
Atlantic Superstore,8104019,"SCHNEIDERS PEPPERETTES, 225-375 G",8.0,2026-08-27T00:00:00-04:00,2026-09-02T23:59:59-04:00
Atlantic Superstore,8104019,"INDIVIDUAL CHICKEN COMBO WITH WEDGES, 361-530 G",9.0,2026-08-27T00:00:00-04:00,2026-09-02T23:59:59-04:00
Atlantic Superstore,8104019,"HUGGIES ECONO PACK DIAPERS, 60-200'S",35.0,2026-08-27T00:00:00-04:00,2026-09-02T23:59:59-04:00
Atlantic Superstore,8104019,"PILLSBURY™ CRESCENTS & WIENER WRAPS, 200-227 g",2.5,2026-08-27T00:00:00-04:00,2026-09-02T23:59:59-04:00
Atlantic Superstore,8104019,"IN-STORE PREPARED BOWLS, 345-400 G",8.0,2026-08-27T00:00:00-04:00,2026-09-02T23:59:59-04:00
Atlantic Superstore,8104019,"GRACE PLANTAIN CHIPS, 85 G OR MALT BEVERAGE, 330 ML",1.29,2026-08-27T00:00:00-04:00,2026-09-02T23:59:59-04:00
Atlantic Superstore,8104019,"FRANK'S REDHOT SAUCE, 680 ML",9.49,2026-08-27T00:00:00-04:00,2026-09-02T23:59:59-04:00
Atlantic Superstore,8104019,"LACTOSE FREE CREAM CHEESE, 200 g",8.0,2026-08-27T00:00:00-04:00,2026-09-02T23:59:59-04:00
Atlantic Superstore,8104019,"LACTANTIA MARGARINE, 850 g",6.0,2026-08-27T00:00:00-04:00,2026-09-02T23:59:59-04:00
Atlantic Superstore,8104019,"ROYALE® ULTRA STRENGTH™ PAPER TOWEL, 3=6 rolls",10.0,2026-08-27T00:00:00-04:00,2026-09-02T23:59:59-04:00
Atlantic Superstore,8104019,"SPONGETOWELS® ULTRAPRO, 8=16 Rolls",23.0,2026-08-27T00:00:00-04:00,2026-09-02T23:59:59-04:00
Atlantic Superstore,8104019,FARM TO TABLE BOUQUET,10.0,2026-08-27T00:00:00-04:00,2026-09-02T23:59:59-04:00
Atlantic Superstore,8104019,"HERSHEY'S OR REESE'S FAMILY SIZE CHOCOLATE BARS, 90-120 G",6.0,2026-08-27T00:00:00-04:00,2026-09-02T23:59:59-04:00
Atlantic Superstore,8104019,"PARKAY MARGARINE, 1.28 - 1.36 KG",6.0,2026-08-27T00:00:00-04:00,2026-09-02T23:59:59-04:00
Atlantic Superstore,8104019,PORK LOIN COMBINATION CHOPS SIRLOIN AND RIB PORTION,3.0,2026-08-27T00:00:00-04:00,2026-09-02T23:59:59-04:00
Atlantic Superstore,8104019,"STARBUCKS NESPRESSO VERTUO COFFEE CAPSULES, 60-100 G",12.99,2026-08-27T00:00:00-04:00,2026-09-02T23:59:59-04:00
Atlantic Superstore,8104019,GREEN ZUCCHINI,2.5,2026-08-27T00:00:00-04:00,2026-09-02T23:59:59-04:00
Atlantic Superstore,8104019,"PC® DEALCOHOLIZED BEER, 12X355 ML",9.0,2026-08-27T00:00:00-04:00,2026-09-02T23:59:59-04:00
Atlantic Superstore,8104019,OKRA,4.5,2026-08-27T00:00:00-04:00,2026-09-02T23:59:59-04:00
Atlantic Superstore,8104019,"PC® MAX™ PAPER TOWELS, 8'S",22.0,2026-08-27T00:00:00-04:00,2026-09-02T23:59:59-04:00
Atlantic Superstore,8104019,"PC® SCALLOPPED CRACKERS, PITA CRACKERS OR BUTTER TWISTS, 100-225 G",2.5,2026-08-27T00:00:00-04:00,2026-09-02T23:59:59-04:00
Atlantic Superstore,8104019,COLGATE MULTIPACK TOOTHPASTE 3X90/120/150 ML OR PREMIUM 2'S TOOTHBRUSH 1 EA.,9.5,2026-08-27T00:00:00-04:00,2026-09-02T23:59:59-04:00
Atlantic Superstore,8104019,"DOVE SHAMPOO OR CONDITIONER 355 ML, HAIRSPRAY OR DRY SHAMPOO 195-273 ML, 142-198 G",6.0,2026-08-27T00:00:00-04:00,2026-09-02T23:59:59-04:00
Atlantic Superstore,8104019,"PRINGLES SUPER STACK POTATO CHIPS, 147/156 G OR CHEEZ-IT CHEEZ CRACKERS, 147/156 G",3.0,2026-08-27T00:00:00-04:00,2026-09-02T23:59:59-04:00
Atlantic Superstore,8104019,"CHOLULA HOT SAUCE, 150 ML",7.49,2026-08-27T00:00:00-04:00,2026-09-02T23:59:59-04:00
Atlantic Superstore,8104019,"ST-HUBERT, SWISS CHALET OR MONTANA'S SOUP, 540 ML",3.0,2026-08-27T00:00:00-04:00,2026-09-02T23:59:59-04:00
Atlantic Superstore,8104019,"BEYOND MEAT PLANT- BASED BURGERS, 678 G OR GROUND, 908 G",18.0,2026-08-27T00:00:00-04:00,2026-09-02T23:59:59-04:00
Atlantic Superstore,8104019,"LACTANTIA BUTTER STICK, 454 g",7.0,2026-08-27T00:00:00-04:00,2026-09-02T23:59:59-04:00
Atlantic Superstore,8104019,"NONG SHIM NOODLES WITH SOUP MIX, 4 PACK, 480-508 G",4.88,2026-08-27T00:00:00-04:00,2026-09-02T23:59:59-04:00
Atlantic Superstore,8104019,"TWO GOOD™, 4 x 95 g",5.0,2026-08-27T00:00:00-04:00,2026-09-02T23:59:59-04:00
Atlantic Superstore,8104019,"UNICO PASTA, 700-900 G OR PASTA SAUCE, 680 ML",5.0,2026-08-27T00:00:00-04:00,2026-09-02T23:59:59-04:00
Atlantic Superstore,8104019,"ANNIE'S™ SUPER! MAC, ANNIE'S™ VEGAN MAC & ANNIE'S™, 170 g",3.75,2026-08-27T00:00:00-04:00,2026-09-02T23:59:59-04:00
Atlantic Superstore,8104019,"ZIGGY'S® FRESH PASTA TWIN PACKS, 600 G",5.0,2026-08-27T00:00:00-04:00,2026-09-02T23:59:59-04:00
Atlantic Superstore,8104019,NESCAFÉ INSTANT COFFEE 100-170 G OR SWEET & CREAMY SACHETS 144-351 G,6.44,2026-08-27T00:00:00-04:00,2026-09-02T23:59:59-04:00
Atlantic Superstore,8104019,TWO-PACK BENTO ONIGIRI 244 G OR JAPANESE ROLLS 200 G,9.0,2026-08-27T00:00:00-04:00,2026-09-02T23:59:59-04:00
Atlantic Superstore,8104019,PARLE-G ORIGINAL BISCUITS 300 G Or HIDE & SEEK FAB COOKIES 112 G,1.0,2026-08-27T00:00:00-04:00,2026-09-02T23:59:59-04:00
Atlantic Superstore,8104019,"POST CEREAL, 283-525 G",3.5,2026-08-27T00:00:00-04:00,2026-09-02T23:59:59-04:00
Atlantic Superstore,8104019,"LA COSTENA MEXICAN SAUCE OR SALSA, 450/456 ML",4.0,2026-08-27T00:00:00-04:00,2026-09-02T23:59:59-04:00
Atlantic Superstore,8104019,"PURINA FANCY FEAST, 85 G OR FRISKIES, 156 G WET CAT FOOD",0.9,2026-08-27T00:00:00-04:00,2026-09-02T23:59:59-04:00
Atlantic Superstore,8104019,"MAPED SHAKER 2-HOLE PENCIL SHARPENER OR MAPED UNBREAKABLE RULER, 30 CM",1.0,2026-08-27T00:00:00-04:00,2026-09-02T23:59:59-04:00
Atlantic Superstore,8104019,"SAPUTO HALLOUMI, 235 G",8.0,2026-08-27T00:00:00-04:00,2026-09-02T23:59:59-04:00
Atlantic Superstore,8104019,EVERYDAY ESSENTIALS™ COOKWARE OR COOKWARE SETS,9.0,2026-08-27T00:00:00-04:00,2026-09-02T23:59:59-04:00
Atlantic Superstore,8104019,"NO NAME® NATURALLY IMPERFECT™ SWEET PEPPERS, 2.5 LB",6.0,2026-08-27T00:00:00-04:00,2026-09-02T23:59:59-04:00
Atlantic Superstore,8104019,"ARTISAN BREAD, 420-660 G",4.0,2026-08-27T00:00:00-04:00,2026-09-02T23:59:59-04:00
Atlantic Superstore,8104019,"CAVENDISH FARMS FLAVOURCRISP, RESTAURANT STYLE OR QUICK CRISP POTATO PRODUCTS OR ONION RINGS, 400-750 G",3.0,2026-08-27T00:00:00-04:00,2026-09-02T23:59:59-04:00
Atlantic Superstore,8104019,MARC ANTHONY OR CAKE HAIR CARE,9.0,2026-08-27T00:00:00-04:00,2026-09-02T23:59:59-04:00
Atlantic Superstore,8104019,PC® 5 L STAINLESS STEEL PEDAL WASTE BIN,10.0,2026-08-27T00:00:00-04:00,2026-09-02T23:59:59-04:00
Atlantic Superstore,8104019,"ACE GOURMET OR SAUSAGE BUNS, 295G/340G",4.5,2026-08-27T00:00:00-04:00,2026-09-02T23:59:59-04:00
Atlantic Superstore,8104019,"GLAD INDOOR BUNDLE, 12-52'S",8.0,2026-08-27T00:00:00-04:00,2026-09-02T23:59:59-04:00
Atlantic Superstore,8104019,"LACTOSE FREE GARLIC & CHIVES CREAM CHEESE, 200 G",8.0,2026-08-27T00:00:00-04:00,2026-09-02T23:59:59-04:00
Atlantic Superstore,8104019,"FRESH CUT SUNFLOWERS, 5 STEM",10.0,2026-08-27T00:00:00-04:00,2026-09-02T23:59:59-04:00
Atlantic Superstore,8104019,"KURKURE SNACKS, 115 G",1.5,2026-08-27T00:00:00-04:00,2026-09-02T23:59:59-04:00
Atlantic Superstore,8104019,"BODYARMOR SPORTS DRINK, 473 ML",2.5,2026-08-27T00:00:00-04:00,2026-09-02T23:59:59-04:00
Atlantic Superstore,8104019,"IN-STORE MADE ORIGINAL OR MARRY ME CHICKEN SALAD, 400 G",8.0,2026-08-27T00:00:00-04:00,2026-09-02T23:59:59-04:00
Atlantic Superstore,8104019,"GOGO SQUEEZ FRUIT SNACK POUCHES, 4'S",3.5,2026-08-27T00:00:00-04:00,2026-09-02T23:59:59-04:00
Atlantic Superstore,8104019,"ROYALE® VELOUR® FACIAL TISSUE, 6 BOXES",10.0,2026-08-27T00:00:00-04:00,2026-09-02T23:59:59-04:00
Atlantic Superstore,8104019,"PC BURGERS, 1.02-1.36 KG",21.0,2026-08-27T00:00:00-04:00,2026-09-02T23:59:59-04:00
Atlantic Superstore,8104019,"BUBLY SPARKLING WATER, 12X355 ML",14.0,2026-08-27T00:00:00-04:00,2026-09-02T23:59:59-04:00
Atlantic Superstore,8104019,"GATORADE SPORTS DRINK, 6X591 ML",13.0,2026-08-27T00:00:00-04:00,2026-09-02T23:59:59-04:00
Atlantic Superstore,8104019,"WONDER OR D'ITALIANO BUNS OR ROLLS, , 356-672 G",6.5,2026-08-27T00:00:00-04:00,2026-09-02T23:59:59-04:00
Sobeys,8103663,Mayonnaise,6.48,2026-08-27T00:00:00-04:00,2026-09-02T22:59:59-04:00
Sobeys,8103663,"Granola Bars, Snacks or Fruitiess",12.99,2026-08-27T00:00:00-04:00,2026-09-02T22:59:59-04:00
Sobeys,8103663,COMPLIMENTS Crab or Lobster-Flavoured Alaskan Pollock,2.99,2026-08-27T00:00:00-04:00,2026-09-02T22:59:59-04:00
Sobeys,8103663,"Vietnamese Shrimp Rolls, Bang Bang Shrimp or Shrimp Tempura with Truffle",6.99,2026-08-27T00:00:00-04:00,2026-09-02T22:59:59-04:00
Sobeys,8103663,Rice Stick Noodles,1.98,2026-08-27T00:00:00-04:00,2026-09-02T22:59:59-04:00
Sobeys,8103663,"Whole Head-On, Shell-On Raw Shrimp",6.88,2026-08-27T00:00:00-04:00,2026-09-02T22:59:59-04:00
Sobeys,8103663,COMPLIMENTS Grape Tomatoes,7.99,2026-08-27T00:00:00-04:00,2026-09-02T22:59:59-04:00
Sobeys,8103663,Dry Sauce Mixes or Dry Sauce Mixes,5.0,2026-08-27T00:00:00-04:00,2026-09-02T22:59:59-04:00
Sobeys,8103663,"Viva Puffs, Whippet, Ultimate or Simple Pleasure Cookies",3.49,2026-08-27T00:00:00-04:00,2026-09-02T22:59:59-04:00
Sobeys,8103663,Bok Choy or Napa Cabbage,0.88,2026-08-27T00:00:00-04:00,2026-09-02T22:59:59-04:00
Sobeys,8103663,Dried Fruit Family Pack,9.99,2026-08-27T00:00:00-04:00,2026-09-02T22:59:59-04:00
Sobeys,8103663,Kettle Chips,3.47,2026-08-27T00:00:00-04:00,2026-09-02T22:59:59-04:00
Sobeys,8103663,Wild Argentinian Raw Shrimp,6.99,2026-08-27T00:00:00-04:00,2026-09-02T22:59:59-04:00
Sobeys,8103663,Handheld Savoury Pastries,2.99,2026-08-27T00:00:00-04:00,2026-09-02T22:59:59-04:00
Sobeys,8103663,COMPLIMENTS Mini Muffins or Cupcakes,5.0,2026-08-27T00:00:00-04:00,2026-09-02T22:59:59-04:00
Sobeys,8103663,Yop Drinkable Yogurt,5.0,2026-08-27T00:00:00-04:00,2026-09-02T22:59:59-04:00
Sobeys,8103663,Lunchmate Stackers or Adult Snack Kits or Snack Kits,3.5,2026-08-27T00:00:00-04:00,2026-09-02T22:59:59-04:00
Sobeys,8103663,Leeks,5.99,2026-08-27T00:00:00-04:00,2026-09-02T22:59:59-04:00
Sobeys,8103663,Bean Sprouts,1.98,2026-08-27T00:00:00-04:00,2026-09-02T22:59:59-04:00
Sobeys,8103663,COMPLIMENTS Cashews or Almonds,7.99,2026-08-27T00:00:00-04:00,2026-09-02T22:59:59-04:00
Sobeys,8103663,COMPLIMENTS ORGANIC White Button Mushrooms,3.88,2026-08-27T00:00:00-04:00,2026-09-02T22:59:59-04:00
Sobeys,8103663,Candy,4.99,2026-08-27T00:00:00-04:00,2026-09-02T22:59:59-04:00
Sobeys,8103663,"COMPLIMENTS Breaded Fish Sticks, Cod Nuggets, Fish Burgers or Fish in Tempura",7.99,2026-08-27T00:00:00-04:00,2026-09-02T22:59:59-04:00
Sobeys,8103663,Fresh AIR-CHILLED Chicken Drumsticks,4.49,2026-08-27T00:00:00-04:00,2026-09-02T22:59:59-04:00
Sobeys,8103663,STERLING SILVER Fresh Boneless Blade Pot Roast or Family Size Simmering Steaks or Fresh Beef Chuck Short Ribs,12.99,2026-08-27T00:00:00-04:00,2026-09-02T22:59:59-04:00
Sobeys,8103663,Seafood Appetizers,9.99,2026-08-27T00:00:00-04:00,2026-09-02T22:59:59-04:00
Sobeys,8103663,LADLES OF LOVE Soup,5.99,2026-08-27T00:00:00-04:00,2026-09-02T22:59:59-04:00
Sobeys,8103663,Hot Dog or Burger Buns,4.0,2026-08-27T00:00:00-04:00,2026-09-02T22:59:59-04:00
Sobeys,8103663,Made In-Store Chicken Pot Pies,5.0,2026-08-27T00:00:00-04:00,2026-09-02T22:59:59-04:00
Sobeys,8103663,Creamers or Non-Dairy Creamers,7.99,2026-08-27T00:00:00-04:00,2026-09-02T22:59:59-04:00
Sobeys,8103663,Bolognese Pasta Sauce,9.99,2026-08-27T00:00:00-04:00,2026-09-02T22:59:59-04:00
Sobeys,8103663,Power Bowls,5.99,2026-08-27T00:00:00-04:00,2026-09-02T22:59:59-04:00
Sobeys,8103663,Ground Coffee,12.99,2026-08-27T00:00:00-04:00,2026-09-02T22:59:59-04:00
Sobeys,8103663,Butter Salted Quarters,8.49,2026-08-27T00:00:00-04:00,2026-09-02T22:59:59-04:00
Sobeys,8103663,Popcorn,9.0,2026-08-27T00:00:00-04:00,2026-09-02T22:59:59-04:00
Sobeys,8103663,GATORADE,4.5,2026-08-27T00:00:00-04:00,2026-09-02T22:59:59-04:00
Sobeys,8103663,Tablet Bars,2.99,2026-08-27T00:00:00-04:00,2026-09-02T22:59:59-04:00
Sobeys,8103663,Cups,4.0,2026-08-27T00:00:00-04:00,2026-09-02T22:59:59-04:00
Sobeys,8103663,RealFruit Candy,4.99,2026-08-27T00:00:00-04:00,2026-09-02T22:59:59-04:00
Sobeys,8103663,KIKKOMAN Sauce,3.98,2026-08-27T00:00:00-04:00,2026-09-02T22:59:59-04:00
Sobeys,8103663,Instant Noodles,3.48,2026-08-27T00:00:00-04:00,2026-09-02T22:59:59-04:00
Sobeys,8103663,Coconut Water,2.98,2026-08-27T00:00:00-04:00,2026-09-02T22:59:59-04:00
Sobeys,8103663,Soya Sauce,2.98,2026-08-27T00:00:00-04:00,2026-09-02T22:59:59-04:00
Sobeys,8103663,Whole Tilapia,8.88,2026-08-27T00:00:00-04:00,2026-09-02T22:59:59-04:00
Sobeys,8103663,Sesame Oil Roasted,5.78,2026-08-27T00:00:00-04:00,2026-09-02T22:59:59-04:00
Sobeys,8103663,Water Chestnuts,1.28,2026-08-27T00:00:00-04:00,2026-09-02T22:59:59-04:00
Sobeys,8103663,EIGHT TREASURES Sweetened Condensed Milk,3.28,2026-08-27T00:00:00-04:00,2026-09-02T22:59:59-04:00
Sobeys,8103663,COMPLIMENTS Sliced Deli Meats,4.0,2026-08-27T00:00:00-04:00,2026-09-02T22:59:59-04:00
Sobeys,8103663,COMPLIMENTS Cookies,3.49,2026-08-27T00:00:00-04:00,2026-09-02T22:59:59-04:00
Sobeys,8103663,Signature Monterey Jack Spreads,2.99,2026-08-27T00:00:00-04:00,2026-09-02T22:59:59-04:00
Sobeys,8103663,KELLOGG'S Family Size Cereal,5.99,2026-08-27T00:00:00-04:00,2026-09-02T22:59:59-04:00
Sobeys,8103663,Assorted Canned Fruit,2.99,2026-08-27T00:00:00-04:00,2026-09-02T22:59:59-04:00
Sobeys,8103663,CRACKER BARREL Feta Crumbles,5.99,2026-08-27T00:00:00-04:00,2026-09-02T22:59:59-04:00
Sobeys,8103663,High Protein Milk Shake,4.99,2026-08-27T00:00:00-04:00,2026-09-02T22:59:59-04:00
Sobeys,8103663,POWERADE,4.5,2026-08-27T00:00:00-04:00,2026-09-02T22:59:59-04:00
Sobeys,8103663,BUBLY Pop,7.99,2026-08-27T00:00:00-04:00,2026-09-02T22:59:59-04:00
Sobeys,8103663,Perform or Zero Sports Drink,6.99,2026-08-27T00:00:00-04:00,2026-09-02T22:59:59-04:00
Sobeys,8103663,EXCEL Gum Singles,1.49,2026-08-27T00:00:00-04:00,2026-09-02T22:59:59-04:00
Sobeys,8103663,OLIVIERI Fresh Filled Pasta,5.99,2026-08-27T00:00:00-04:00,2026-09-02T22:59:59-04:00
Sobeys,8103663,Skillet Gnocchi,5.49,2026-08-27T00:00:00-04:00,2026-09-02T22:59:59-04:00
Sobeys,8103663,Fresh Regular Ground Beef,5.88,2026-08-27T00:00:00-04:00,2026-09-02T22:59:59-04:00
Sobeys,8103663,Value Size Snacks,5.49,2026-08-27T00:00:00-04:00,2026-09-02T22:59:59-04:00
Sobeys,8103663,COMPLIMENTS Sliced Cheeses,13.99,2026-08-27T00:00:00-04:00,2026-09-02T22:59:59-04:00
Sobeys,8103663,Margarine,6.99,2026-08-27T00:00:00-04:00,2026-09-02T22:59:59-04:00
Sobeys,8103663,Broccoli Bunches,2.49,2026-08-27T00:00:00-04:00,2026-09-02T22:59:59-04:00
Sobeys,8103663,Liquid Detergent,19.99,2026-08-27T00:00:00-04:00,2026-09-02T22:59:59-04:00
Sobeys,8103663,"Butter Crust, Dutch Crunch, Soft Italia or Sesame Seed Topped Bread",3.99,2026-08-27T00:00:00-04:00,2026-09-02T22:59:59-04:00
Sobeys,8103663,Extra Large Seedless Grapes,2.99,2026-08-27T00:00:00-04:00,2026-09-02T22:59:59-04:00
Sobeys,8103663,Fruit Pouches or DEL MONTE Fruit Bowls or Gels,10.0,2026-08-27T00:00:00-04:00,2026-09-02T22:59:59-04:00
Sobeys,8103663,"Tomato, Chicken Noodle, Cream of Mushroom or Vegetable Soup",0.99,2026-08-27T00:00:00-04:00,2026-09-02T22:59:59-04:00
Sobeys,8103663,Wieners,3.99,2026-08-27T00:00:00-04:00,2026-09-02T22:59:59-04:00
Sobeys,8103663,Ground or Whole Bean Coffee,8.99,2026-08-27T00:00:00-04:00,2026-09-02T22:59:59-04:00
Sobeys,8103663,Jumbo Cereal,8.99,2026-08-27T00:00:00-04:00,2026-09-02T22:59:59-04:00
Sobeys,8103663,COMPLIMENTS Honey,10.99,2026-08-27T00:00:00-04:00,2026-09-02T22:59:59-04:00
Sobeys,8103663,COMPLIMENTS Frozen Fruit,9.99,2026-08-27T00:00:00-04:00,2026-09-02T22:59:59-04:00
Sobeys,8103663,Oven Roasted Turkey or Chicken,3.99,2026-08-27T00:00:00-04:00,2026-09-02T22:59:59-04:00
Sobeys,8103663,Fresh Boneless Bottom Sirloin Tri Tip Premium Oven Roast or Family Size Grilling Steaks,14.99,2026-08-27T00:00:00-04:00,2026-09-02T22:59:59-04:00
Sobeys,8103663,"MAPLE LEAF Flakes of Ham, Turkey or Chicken",2.29,2026-08-27T00:00:00-04:00,2026-09-02T22:59:59-04:00
Sobeys,8103663,"DEMPSTER'S Whole Grain, Protein or Signature Bread",4.49,2026-08-27T00:00:00-04:00,2026-09-02T22:59:59-04:00
Sobeys,8103663,2-Pack Mini Croissants,7.99,2026-08-27T00:00:00-04:00,2026-09-02T22:59:59-04:00
Sobeys,8103663,Bok Choy or Napa Cabbage,0.88,2026-08-27T00:00:00-04:00,2026-09-02T22:59:59-04:00
Sobeys,8103663,Holsum White or Whole Wheat Bread,2.47,2026-08-27T00:00:00-04:00,2026-09-02T22:59:59-04:00
Sobeys,8103663,Juniors,2.99,2026-08-27T00:00:00-04:00,2026-09-02T22:59:59-04:00
Sobeys,8103663,"PILLSBURY Ready To Bake Cookies 454 g, CRACKER BARREL Cheese Snacks 168 g, BLACK DIAMOND Combos 3 pk or KOZY SHACK Rice Pudding 6 pk",4.99,2026-08-27T00:00:00-04:00,2026-09-02T22:59:59-04:00
Sobeys,8103663,TRE STELLE Paneer,3.99,2026-08-27T00:00:00-04:00,2026-09-02T22:59:59-04:00
Sobeys,8103663,Giuseppe Rising or Thin Crust or Rip'n Share Pizza,4.94,2026-08-27T00:00:00-04:00,2026-09-02T22:59:59-04:00
Sobeys,8103663,Premium Ice Cream,4.99,2026-08-27T00:00:00-04:00,2026-09-02T22:59:59-04:00
Sobeys,8103663,Cheese,5.97,2026-08-27T00:00:00-04:00,2026-09-02T22:59:59-04:00
Sobeys,8103663,COMPLIMENTS Crispy Rice Squares or Rainbow Sprinkle Crispy Rice Squares,7.99,2026-08-27T00:00:00-04:00,2026-09-02T22:59:59-04:00
Sobeys,8103663,Muffin or Cookie Mix,5.99,2026-08-27T00:00:00-04:00,2026-09-02T22:59:59-04:00
Sobeys,8103663,Garlic Texas Toast,5.99,2026-08-27T00:00:00-04:00,2026-09-02T22:59:59-04:00
Sobeys,8103663,ASIAN INSPIRATIONS Entrées,5.99,2026-08-27T00:00:00-04:00,2026-09-02T22:59:59-04:00
Sobeys,8103663,HAMBURGER Helper or TUNA Helper or MINUTE RICE Cups,5.0,2026-08-27T00:00:00-04:00,2026-09-02T22:59:59-04:00
Sobeys,8103663,EIGHT TREASURES Whole Pompano,14.88,2026-08-27T00:00:00-04:00,2026-09-02T22:59:59-04:00
Sobeys,8103663,EIGHT TREASURES Rice Vermicelli,1.98,2026-08-27T00:00:00-04:00,2026-09-02T22:59:59-04:00
Sobeys,8103663,Spring Rolls,13.98,2026-08-27T00:00:00-04:00,2026-09-02T22:59:59-04:00
Sobeys,8103663,Tortilla Chips,8.0,2026-08-27T00:00:00-04:00,2026-09-02T22:59:59-04:00
Sobeys,8103663,FIELD ROAST Shreds smokey BBQ or sweet mustard,8.99,2026-08-27T00:00:00-04:00,2026-09-02T22:59:59-04:00
Sobeys,8103663,COMPLIMENTS Baby-Cut Carrots,4.99,2026-08-27T00:00:00-04:00,2026-09-02T22:59:59-04:00
Sobeys,8103663,"COMPLIMENTS Beef, Chicken or Vegetable Lasagna or Macaroni & Cheese",10.99,2026-08-27T00:00:00-04:00,2026-09-02T22:59:59-04:00
Sobeys,8103663,EIGHT TREASURES Cooked and Peeled Shrimp,8.88,2026-08-27T00:00:00-04:00,2026-09-02T22:59:59-04:00
Sobeys,8103663,Chow Mein Noodles,2.48,2026-08-27T00:00:00-04:00,2026-09-02T22:59:59-04:00
Sobeys,8103663,Pocky Biscuit Sticks,3.98,2026-08-27T00:00:00-04:00,2026-09-02T22:59:59-04:00
Sobeys,8103663,Bathroom Tissue,6.99,2026-08-27T00:00:00-04:00,2026-09-02T22:59:59-04:00
Sobeys,8103663,Romaine Heart,2.99,2026-08-27T00:00:00-04:00,2026-09-02T22:59:59-04:00
Sobeys,8103663,Prepared Fresh Daily In-Store Fruit or Vegetable Trays,12.0,2026-08-27T00:00:00-04:00,2026-09-02T22:59:59-04:00
Sobeys,8103663,Loaf Cakes,4.99,2026-08-27T00:00:00-04:00,2026-09-02T22:59:59-04:00
Sobeys,8103663,Premium Ecuadorian Roses,22.99,2026-08-27T00:00:00-04:00,2026-09-02T22:59:59-04:00
Sobeys,8103663,AYLMER Condensed Soup,1.99,2026-08-27T00:00:00-04:00,2026-09-02T22:59:59-04:00
Sobeys,8103663,Dragon Fruit,3.88,2026-08-27T00:00:00-04:00,2026-09-02T22:59:59-04:00
Sobeys,8103663,COMPLIMENTS Fresh AIR-CHILLED Boneless Skinless Chicken Breasts,7.99,2026-08-27T00:00:00-04:00,2026-09-02T22:59:59-04:00
Sobeys,8103663,COMPLIMENTS NATURALLY SIMPLE Value Size Wild Pink Salmon,15.99,2026-08-27T00:00:00-04:00,2026-09-02T22:59:59-04:00
Sobeys,8103663,DAN-D PAK Cashews,8.78,2026-08-27T00:00:00-04:00,2026-09-02T22:59:59-04:00
Sobeys,8103663,COMPLIMENTS Ice Cream Cones or Cuplets,2.99,2026-08-27T00:00:00-04:00,2026-09-02T22:59:59-04:00
Sobeys,8103663,Pasta Sauces,5.99,2026-08-27T00:00:00-04:00,2026-09-02T22:59:59-04:00
Sobeys,8103663,Parlour Frozen Dessert,4.49,2026-08-27T00:00:00-04:00,2026-09-02T22:59:59-04:00
Sobeys,8103663,KNORR Chicken Broth Powder Mix,11.28,2026-08-27T00:00:00-04:00,2026-09-02T22:59:59-04:00
Sobeys,8103663,Bulk Avocados,4.0,2026-08-27T00:00:00-04:00,2026-09-02T22:59:59-04:00
Sobeys,8103663,Fresh Whole Boneless Eye of Round,7.99,2026-08-27T00:00:00-04:00,2026-09-02T22:59:59-04:00
Sobeys,8103663,Rapid Dissolving Toilet Paper,7.99,2026-08-27T00:00:00-04:00,2026-09-02T22:59:59-04:00
Sobeys,8103663,CADBURY Assorted Minis,11.99,2026-08-27T00:00:00-04:00,2026-09-02T22:59:59-04:00
Sobeys,8103663,Potted Mum in Fall Upgrade,9.99,2026-08-27T00:00:00-04:00,2026-09-02T22:59:59-04:00
Sobeys,8103663,Glowing Hearts Bouquet,16.99,2026-08-27T00:00:00-04:00,2026-09-02T22:59:59-04:00
Sobeys,8103663,COMPLIMENTS Broth,1.99,2026-08-27T00:00:00-04:00,2026-09-02T22:59:59-04:00
Sobeys,8103663,Whole Maple Baked Ham,1.49,2026-08-27T00:00:00-04:00,2026-09-02T22:59:59-04:00
Sobeys,8103663,Oikos Greek Yogurt,3.99,2026-08-27T00:00:00-04:00,2026-09-02T22:59:59-04:00
Sobeys,8103663,Salad Dressing,4.99,2026-08-27T00:00:00-04:00,2026-09-02T22:59:59-04:00
Sobeys,8103663,Gluten Free Shrimp Appetizers,11.99,2026-08-27T00:00:00-04:00,2026-09-02T22:59:59-04:00
Sobeys,8103663,Gum Bottles,3.99,2026-08-27T00:00:00-04:00,2026-09-02T22:59:59-04:00
Sobeys,8103663,Potatoes,3.99,2026-08-27T00:00:00-04:00,2026-09-02T22:59:59-04:00
Sobeys,8103663,Figs,4.99,2026-08-27T00:00:00-04:00,2026-09-02T22:59:59-04:00
Sobeys,8103663,Filled Donut Bites,5.99,2026-08-27T00:00:00-04:00,2026-09-02T22:59:59-04:00
Sobeys,8103663,Protein Made Simple,18.99,2026-08-27T00:00:00-04:00,2026-09-02T22:59:59-04:00
Sobeys,8103663,Uncrustables,4.99,2026-08-27T00:00:00-04:00,2026-09-02T22:59:59-04:00
Sobeys,8103663,Bear Paws,4.0,2026-08-27T00:00:00-04:00,2026-09-02T22:59:59-04:00
Sobeys,8103663,Gourmet Cookies,6.49,2026-08-27T00:00:00-04:00,2026-09-02T22:59:59-04:00
Sobeys,8103663,COMPLIMENTS Instant Oatmeal 260-340 g or Quick Oats 1 kg,7.0,2026-08-27T00:00:00-04:00,2026-09-02T22:59:59-04:00
Sobeys,8103663,Small Organic Cauliflower,4.99,2026-08-27T00:00:00-04:00,2026-09-02T22:59:59-04:00
Sobeys,8103663,Cereals,4.49,2026-08-27T00:00:00-04:00,2026-09-02T22:59:59-04:00
Sobeys,8103663,COMPLIMENTS Flour,4.99,2026-08-27T00:00:00-04:00,2026-09-02T22:59:59-04:00
Sobeys,8103663,Seasonings,9.99,2026-08-27T00:00:00-04:00,2026-09-02T22:59:59-04:00
Sobeys,8103663,Melona Ice Bars,3.99,2026-08-27T00:00:00-04:00,2026-09-02T22:59:59-04:00
Sobeys,8103663,COMPLIMENTS Caesar Salad Kit,4.99,2026-08-27T00:00:00-04:00,2026-09-02T22:59:59-04:00
Sobeys,8103663,Corn,0.77,2026-08-27T00:00:00-04:00,2026-09-02T22:59:59-04:00
Sobeys,8103663,Marinated Raw Shrimp Skewers,1.25,2026-08-27T00:00:00-04:00,2026-09-02T22:59:59-04:00
Sobeys,8103663,COMPLIMENTS Tea Bags,3.5,2026-08-27T00:00:00-04:00,2026-09-02T22:59:59-04:00
Sobeys,8103663,"Shrimp Wonton Soup, Sesame Shrimp Toast, Sichuan Shrimp Wontons or Prawn Dumplings",9.88,2026-08-27T00:00:00-04:00,2026-09-02T22:59:59-04:00
Sobeys,8103663,Fruit Cups,12.99,2026-08-27T00:00:00-04:00,2026-09-02T22:59:59-04:00
Sobeys,8103663,Organic Spice Bags,2.99,2026-08-27T00:00:00-04:00,2026-09-02T22:59:59-04:00
Sobeys,8103663,Land-Raised Fresh Atlantic Salmon Fillets,16.99,2026-08-27T00:00:00-04:00,2026-09-02T22:59:59-04:00
Sobeys,8103663,Blueberries Pint,4.99,2026-08-27T00:00:00-04:00,2026-09-02T22:59:59-04:00
Sobeys,8103663,MAPLE LODGE FARMS or ZABIHA HALAL Chicken Bacon,4.99,2026-08-27T00:00:00-04:00,2026-09-02T22:59:59-04:00
Sobeys,8103663,Organic Original or Greek Yogurt,5.49,2026-08-27T00:00:00-04:00,2026-09-02T22:59:59-04:00
Sobeys,8103663,Extra Virgin Olive Oil,16.99,2026-08-27T00:00:00-04:00,2026-09-02T22:59:59-04:00
Sobeys,8103663,Water Enhancers Liquids or Powders,3.99,2026-08-27T00:00:00-04:00,2026-09-02T22:59:59-04:00
Sobeys,8103663,"DARE Breton, Vinta or Simple Goodness Crackers, KELLOGG'S Cheez-It Crackers or CHRISTIE Crispers or Bits & Bites",7.0,2026-08-27T00:00:00-04:00,2026-09-02T22:59:59-04:00
Sobeys,8103663,Dumplings or Pork Buns,3.48,2026-08-27T00:00:00-04:00,2026-09-02T22:59:59-04:00
Sobeys,8103663,EVIVE Smoothie Cubes,8.99,2026-08-27T00:00:00-04:00,2026-09-02T22:59:59-04:00
Sobeys,8103663,KRAFT Philadelphia Dips 340 g or SHEPHERD GOURMET Dairy Skyr Yogurt 500 g,4.99,2026-08-27T00:00:00-04:00,2026-09-02T22:59:59-04:00
Sobeys,8103663,COMPLIMENTS Doughchi Bites or Mini Ice Cream Bars,4.49,2026-08-27T00:00:00-04:00,2026-09-02T22:59:59-04:00
Sobeys,8103663,Sausages,7.99,2026-08-27T00:00:00-04:00,2026-09-02T22:59:59-04:00
Sobeys,8103663,Basa Steaks,4.88,2026-08-27T00:00:00-04:00,2026-09-02T22:59:59-04:00
Sobeys,8103663,"Goldfish Crackers, Cookies or Crisps",2.99,2026-08-27T00:00:00-04:00,2026-09-02T22:59:59-04:00
Sobeys,8103663,Potato Chips,3.49,2026-08-27T00:00:00-04:00,2026-09-02T22:59:59-04:00
Sobeys,8103663,Vector Granola Cereal,4.99,2026-08-27T00:00:00-04:00,2026-09-02T22:59:59-04:00
Sobeys,8103663,Rice Paper,4.28,2026-08-27T00:00:00-04:00,2026-09-02T22:59:59-04:00
Sobeys,8103663,ICHIBAN Noodles,5.78,2026-08-27T00:00:00-04:00,2026-09-02T22:59:59-04:00
Sobeys,8103663,Starkrimson Pears,3.44,2026-08-27T00:00:00-04:00,2026-09-02T22:59:59-04:00
Sobeys,8103663,"Signature Cuts, Pan Sear or Breaded or Battered Premium Fish",14.99,2026-08-27T00:00:00-04:00,2026-09-02T22:59:59-04:00
Sobeys,8103663,Multipack,3.99,2026-08-27T00:00:00-04:00,2026-09-02T22:59:59-04:00
Sobeys,8103663,Orange Juice,4.99,2026-08-27T00:00:00-04:00,2026-09-02T22:59:59-04:00
Sobeys,8103663,Dragon Fruit,3.88,2026-08-27T00:00:00-04:00,2026-09-02T22:59:59-04:00
Sobeys,8103663,Snack/classic Meal Boxes,5.99,2026-08-27T00:00:00-04:00,2026-09-02T22:59:59-04:00
Sobeys,8103663,Coconut Milk,1.98,2026-08-27T00:00:00-04:00,2026-09-02T22:59:59-04:00
Sobeys,8103663,COMPLIMENTS Free Run Large White Eggs,5.99,2026-08-27T00:00:00-04:00,2026-09-02T22:59:59-04:00
Sobeys,8103663,Simply Steam Vegetables,4.0,2026-08-27T00:00:00-04:00,2026-09-02T22:59:59-04:00
Sobeys,8103663,LAMB TONIGHT,12.99,2026-08-27T00:00:00-04:00,2026-09-02T22:59:59-04:00
Sobeys,8103663,COMPLIMENTS Cooked or Raw Shrimp,9.99,2026-08-27T00:00:00-04:00,2026-09-02T22:59:59-04:00
Sobeys,8103663,Pizza,6.99,2026-08-27T00:00:00-04:00,2026-09-02T22:59:59-04:00
Sobeys,8103663,BRIANNA'S Salad Dressing,7.49,2026-08-27T00:00:00-04:00,2026-09-02T22:59:59-04:00
Sobeys,8103663,Cello Pasta,2.79,2026-08-27T00:00:00-04:00,2026-09-02T22:59:59-04:00
Sobeys,8103663,Organic Smoothies,7.99,2026-08-27T00:00:00-04:00,2026-09-02T22:59:59-04:00
Sobeys,8103663,Golden Kiwi,7.99,2026-08-27T00:00:00-04:00,2026-09-02T22:59:59-04:00
Sobeys,8103663,"COMPLIMENTS Breaded Chicken Strips, Nuggets, Burgers or Popcorn",7.99,2026-08-27T00:00:00-04:00,2026-09-02T22:59:59-04:00
Sobeys,8103663,Sriracha Hot Chili Sauce,5.78,2026-08-27T00:00:00-04:00,2026-09-02T22:59:59-04:00
Sobeys,8103663,MINUTE MAID Zero Sugar Drinks 1.54 L or FUZE Iced Tea 1.75 L,3.99,2026-08-27T00:00:00-04:00,2026-09-02T22:59:59-04:00
Sobeys,8103663,Pizza Snack Rolls,4.49,2026-08-27T00:00:00-04:00,2026-09-02T22:59:59-04:00
Sobeys,8103663,Jumbo Cereal,8.99,2026-08-27T00:00:00-04:00,2026-09-02T22:59:59-04:00
Sobeys,8103663,Instant Noodles,2.79,2026-08-27T00:00:00-04:00,2026-09-02T22:59:59-04:00
Sobeys,8103663,Energy Drinks,5.5,2026-08-27T00:00:00-04:00,2026-09-02T22:59:59-04:00
Sobeys,8103663,Maple Syrup,10.99,2026-08-27T00:00:00-04:00,2026-09-02T22:59:59-04:00
Sobeys,8103663,Instant Noodles,2.28,2026-08-27T00:00:00-04:00,2026-09-02T22:59:59-04:00
Sobeys,8103663,Large Lemons or Limes,0.99,2026-08-27T00:00:00-04:00,2026-09-02T22:59:59-04:00
Sobeys,8103663,Single Layer Shortcakes or Real Cream Layer Cakes,9.99,2026-08-27T00:00:00-04:00,2026-09-02T22:59:59-04:00
Sobeys,8103663,COMPLIMENTS Value Size Sliced Ham,14.0,2026-08-27T00:00:00-04:00,2026-09-02T22:59:59-04:00
Sobeys,8103663,SNACK FACTORY Pretzel Crisps,5.99,2026-08-27T00:00:00-04:00,2026-09-02T22:59:59-04:00
Sobeys,8103663,"EMERGEN-C Vitamin Drink Mix, Gummies or Crystals",15.99,2026-08-27T00:00:00-04:00,2026-09-02T22:59:59-04:00
Sobeys,8103663,Cereal,3.99,2026-08-27T00:00:00-04:00,2026-09-02T22:59:59-04:00
Sobeys,8103663,CLIF Bar,4.0,2026-08-27T00:00:00-04:00,2026-09-02T22:59:59-04:00
Sobeys,8103663,Ice Cream,4.99,2026-08-27T00:00:00-04:00,2026-09-02T22:59:59-04:00
Sobeys,8103663,COMPLIMENTS Fried Potatoes,3.0,2026-08-27T00:00:00-04:00,2026-09-02T22:59:59-04:00
Sobeys,8103663,Good Thins Crackers,4.0,2026-08-27T00:00:00-04:00,2026-09-02T22:59:59-04:00
Sobeys,8103663,COMPLIMENTS Smoked Sausages,12.99,2026-08-27T00:00:00-04:00,2026-09-02T22:59:59-04:00
Sobeys,8103663,Cupcakes,5.99,2026-08-27T00:00:00-04:00,2026-09-02T22:59:59-04:00
Sobeys,8103663,Ground Coffee,13.99,2026-08-27T00:00:00-04:00,2026-09-02T22:59:59-04:00
Sobeys,8103663,Organic Gala or Granny Smith Apples,8.88,2026-08-27T00:00:00-04:00,2026-09-02T22:59:59-04:00
Sobeys,8103663,Red Mangoes,5.0,2026-08-27T00:00:00-04:00,2026-09-02T22:59:59-04:00
Sobeys,8103663,COMPLIMENTS Grape Tomatoes,7.99,2026-08-27T00:00:00-04:00,2026-09-02T22:59:59-04:00
Sobeys,8103663,Blue Plums,8.88,2026-08-27T00:00:00-04:00,2026-09-02T22:59:59-04:00
Sobeys,8103663,COMPLIMENTS Rainbow Peppers,4.99,2026-08-27T00:00:00-04:00,2026-09-02T22:59:59-04:00
Sobeys,8103663,BEYOND MEAT Plant-Based Burgers or Simulated Beef,19.99,2026-08-27T00:00:00-04:00,2026-09-02T22:59:59-04:00
Sobeys,8103663,Bacon Wrapped Scallops,11.99,2026-08-27T00:00:00-04:00,2026-09-02T22:59:59-04:00
Sobeys,8103663,Prepared In-Store Fresh Atlantic Salmon Roasts,12.99,2026-08-27T00:00:00-04:00,2026-09-02T22:59:59-04:00
Sobeys,8103663,HOBBS PICKLES Chips,2.99,2026-08-27T00:00:00-04:00,2026-09-02T22:59:59-04:00
Sobeys,8103663,COMPLIMENTS Cream Cheese or Spread,3.49,2026-08-27T00:00:00-04:00,2026-09-02T22:59:59-04:00
Sobeys,8103663,Organic Kombucha,7.49,2026-08-27T00:00:00-04:00,2026-09-02T22:59:59-04:00
Sobeys,8103663,COMPLIMENTS Greek Yogurt,5.99,2026-08-27T00:00:00-04:00,2026-09-02T22:59:59-04:00
Sobeys,8103663,CHEETOS,9.0,2026-08-27T00:00:00-04:00,2026-09-02T22:59:59-04:00
Sobeys,8103663,Pancake Mix,9.99,2026-08-27T00:00:00-04:00,2026-09-02T22:59:59-04:00
Sobeys,8103663,K-Cup® Pods,11.99,2026-08-27T00:00:00-04:00,2026-09-02T22:59:59-04:00
Sobeys,8103663,POWERADE,6.49,2026-08-27T00:00:00-04:00,2026-09-02T22:59:59-04:00
Sobeys,8103663,Energy Drinks,6.5,2026-08-27T00:00:00-04:00,2026-09-02T22:59:59-04:00
Sobeys,8103663,COMPLIMENTS Basil Marinara Sauce,9.99,2026-08-27T00:00:00-04:00,2026-09-02T22:59:59-04:00
Sobeys,8103663,Snacks,3.99,2026-08-27T00:00:00-04:00,2026-09-02T22:59:59-04:00
Sobeys,8103663,Bean Sprouts,1.98,2026-08-27T00:00:00-04:00,2026-09-02T22:59:59-04:00
Sobeys,8103663,Coconut Milk,1.28,2026-08-27T00:00:00-04:00,2026-09-02T22:59:59-04:00
Sobeys,8103663,Baking Mixes,2.0,2026-08-27T00:00:00-04:00,2026-09-02T22:59:59-04:00
Sobeys,8103663,Ritz Bits or Drizzled Minis,5.99,2026-08-27T00:00:00-04:00,2026-09-02T22:59:59-04:00
Sobeys,8103663,COMPLIMENTS Pudding Cups,1.99,2026-08-27T00:00:00-04:00,2026-09-02T22:59:59-04:00
Sobeys,8103663,La Grille Seasonings,4.99,2026-08-27T00:00:00-04:00,2026-09-02T22:59:59-04:00
Sobeys,8103663,Coffee Pods,39.99,2026-08-27T00:00:00-04:00,2026-09-02T22:59:59-04:00
Sobeys,8103663,COMPLIMENTS Bagged Cereal,5.99,2026-08-27T00:00:00-04:00,2026-09-02T22:59:59-04:00
Sobeys,8103663,COMPLIMENTS Sliced Deli Meats,4.0,2026-08-27T00:00:00-04:00,2026-09-02T22:59:59-04:00
Sobeys,8103663,CASTELLO Havarti Block,7.49,2026-08-27T00:00:00-04:00,2026-09-02T22:59:59-04:00
Sobeys,8103663,COMPLIMENTS Sparkling or Fizzy Water,5.0,2026-08-27T00:00:00-04:00,2026-09-02T22:59:59-04:00
Sobeys,8103663,Cheese Slices,9.99,2026-08-27T00:00:00-04:00,2026-09-02T22:59:59-04:00
Sobeys,8103663,VAN HOUTTE K-Cup® Pods,25.99,2026-08-27T00:00:00-04:00,2026-09-02T22:59:59-04:00
Sobeys,8103663,Chewy Or Dipps Granola Bars,2.99,2026-08-27T00:00:00-04:00,2026-09-02T22:59:59-04:00
Sobeys,8103663,Baby Shampoo or Wash,12.49,2026-08-27T00:00:00-04:00,2026-09-02T22:59:59-04:00
Sobeys,8103663,Snacks or Bars,4.49,2026-08-27T00:00:00-04:00,2026-09-02T22:59:59-04:00
Sobeys,8103663,Ultra Pro Giant,5.99,2026-08-27T00:00:00-04:00,2026-09-02T22:59:59-04:00
Sobeys,8103663,CLOROX Bleach,7.99,2026-08-27T00:00:00-04:00,2026-09-02T22:59:59-04:00
Sobeys,8103663,PURINA Friskies Cat Food,24.99,2026-08-27T00:00:00-04:00,2026-09-02T22:59:59-04:00
Sobeys,8103663,Pro-Heath or Whitening Toothpaste or ORAL-B Floss,3.99,2026-08-27T00:00:00-04:00,2026-09-02T22:59:59-04:00
Sobeys,8103663,Nudges Dog Treats,11.79,2026-08-27T00:00:00-04:00,2026-09-02T22:59:59-04:00
Sobeys,8103663,Organic Snacks,3.99,2026-08-27T00:00:00-04:00,2026-09-02T22:59:59-04:00
Sobeys,8103663,Fancy Feast Gems,5.0,2026-08-27T00:00:00-04:00,2026-09-02T22:59:59-04:00
Sobeys,8103663,Complete Nutritional Supplement Drink,8.99,2026-08-27T00:00:00-04:00,2026-09-02T22:59:59-04:00
Sobeys,8103663,Pads or Liners or Tampons,9.99,2026-08-27T00:00:00-04:00,2026-09-02T22:59:59-04:00
Sobeys,8103663,Kitchen Bags 26-52 pk or Compostable 10 pk,7.99,2026-08-27T00:00:00-04:00,2026-09-02T22:59:59-04:00
Sobeys,8103663,Dish Detergent,10.99,2026-08-27T00:00:00-04:00,2026-09-02T22:59:59-04:00
Sobeys,8103663,Antibacterial Wipes,1.99,2026-08-27T00:00:00-04:00,2026-09-02T22:59:59-04:00
Sobeys,8103663,Body Wash,6.49,2026-08-27T00:00:00-04:00,2026-09-02T22:59:59-04:00
Sobeys,8103663,Foil,7.99,2026-08-27T00:00:00-04:00,2026-09-02T22:59:59-04:00
Sobeys,8103663,Dry Cat Food,12.99,2026-08-27T00:00:00-04:00,2026-09-02T22:59:59-04:00
Sobeys,8103663,Wipes,6.49,2026-08-27T00:00:00-04:00,2026-09-02T22:59:59-04:00
Sobeys,8103663,EcoSave Plates,4.99,2026-08-27T00:00:00-04:00,2026-09-02T22:59:59-04:00
Sobeys,8103663,Cleaner,7.99,2026-08-27T00:00:00-04:00,2026-09-02T22:59:59-04:00
Sobeys,8103663,Herb & Garlic Shrimp,10.99,2026-08-27T00:00:00-04:00,2026-09-02T22:59:59-04:00
Sobeys,8103663,Gluten-Free Chocolate Dipped Cookies,7.99,2026-08-27T00:00:00-04:00,2026-09-02T22:59:59-04:00
Sobeys,8103663,JOHNSONVILLE Sausage Meat,6.0,2026-08-27T00:00:00-04:00,2026-09-02T22:59:59-04:00
Sobeys,8103663,Gourmet Cheese Buns,5.99,2026-08-27T00:00:00-04:00,2026-09-02T22:59:59-04:00
Sobeys,8103663,Fully Cooked Entrées or Bacon,7.99,2026-08-27T00:00:00-04:00,2026-09-02T22:59:59-04:00
Sobeys,8103663,COMPLIMENTS Baby Wipes,7.0,2026-08-27T00:00:00-04:00,2026-09-02T22:59:59-04:00
Sobeys,8103663,GARNIER Whole Blends Shampoo or Conditioner,5.49,2026-08-27T00:00:00-04:00,2026-09-02T22:59:59-04:00
Sobeys,8103663,Signature Blocks,5.97,2026-08-27T00:00:00-04:00,2026-09-02T22:59:59-04:00
Sobeys,8103663,NIVEA Skin Care Selected Products,6.99,2026-08-27T00:00:00-04:00,2026-09-02T22:59:59-04:00
Sobeys,8103663,Peanut Butter,6.99,2026-08-27T00:00:00-04:00,2026-09-02T22:59:59-04:00
Sobeys,8103663,PURE PROTEIN Bars,14.99,2026-08-27T00:00:00-04:00,2026-09-02T22:59:59-04:00
Sobeys,8103663,COMPLIMENTS Aerosol Whipped Cream,4.49,2026-08-27T00:00:00-04:00,2026-09-02T22:59:59-04:00
Sobeys,8103663,SIMPLY PROTEIN Snack Bars,4.99,2026-08-27T00:00:00-04:00,2026-09-02T22:59:59-04:00
Sobeys,8103663,Gelato or Sorbetto,6.99,2026-08-27T00:00:00-04:00,2026-09-02T22:59:59-04:00
Sobeys,8103663,Mashed Potatoes,3.0,2026-08-27T00:00:00-04:00,2026-09-02T22:59:59-04:00
Sobeys,8103663,Fruit Drink,2.99,2026-08-27T00:00:00-04:00,2026-09-02T22:59:59-04:00
Sobeys,8103663,B-ready Bars,4.99,2026-08-27T00:00:00-04:00,2026-09-02T22:59:59-04:00
Sobeys,8103663,Ready to Heat,5.0,2026-08-27T00:00:00-04:00,2026-09-02T22:59:59-04:00
Sobeys,8103663,"7"" Tortillas",3.99,2026-08-27T00:00:00-04:00,2026-09-02T22:59:59-04:00
Sobeys,8103663,Wafers,2.0,2026-08-27T00:00:00-04:00,2026-09-02T22:59:59-04:00
Sobeys,8103663,Aphelandra Zebra Plant,14.0,2026-08-27T00:00:00-04:00,2026-09-02T22:59:59-04:00
Sobeys,8103663,Extra Firm Tofu,3.49,2026-08-27T00:00:00-04:00,2026-09-02T22:59:59-04:00
Sobeys,8103663,Fresh AIR-CHILLED Bone-In Chicken Thighs,4.49,2026-08-27T00:00:00-04:00,2026-09-02T22:59:59-04:00
Sobeys,8103663,COMPLIMENTS Smoked Sausages,12.99,2026-08-27T00:00:00-04:00,2026-09-02T22:59:59-04:00
Sobeys,8103663,PANACHE Tuna Poke Kits 200 g or Salmon 200 g,8.99,2026-08-27T00:00:00-04:00,2026-09-02T22:59:59-04:00
Sobeys,8103663,Yellowfin Tuna Steaks,10.99,2026-08-27T00:00:00-04:00,2026-09-02T22:59:59-04:00
Sobeys,8103663,MAPLE LEAF Mr Big Stick Wax Bologna,2.69,2026-08-27T00:00:00-04:00,2026-09-02T22:59:59-04:00
Sobeys,8103663,"COMPLIMENTS German, Hungarian or Peppercorn Salami",3.49,2026-08-27T00:00:00-04:00,2026-09-02T22:59:59-04:00
Sobeys,8103663,Sourdough or Potato Buns,5.0,2026-08-27T00:00:00-04:00,2026-09-02T22:59:59-04:00
No Frills,8105357,"PRAN SAMOSAS OR VEGETABLE SPRING ROLLS, 400 G",2.69,2026-08-27T00:00:00-04:00,2026-09-02T23:59:59-04:00
No Frills,8105357,SISTEMA 6 PIECE STARTER KIT,10.0,2026-08-27T00:00:00-04:00,2026-09-02T23:59:59-04:00
No Frills,8105357,"CHRISTIE TRISCUITS, GOOD THINS OR WHEAT THINS CRACKERS, 100 - 200 G",1.88,2026-08-27T00:00:00-04:00,2026-08-31T23:59:59-04:00
No Frills,8105357,"GOGO SQUEEZ FRUIT SNACK, 4X90 G",3.5,2026-08-27T00:00:00-04:00,2026-09-02T23:59:59-04:00
No Frills,8105357,"BLUE PLUMS, 1.5 L",5.99,2026-08-27T00:00:00-04:00,2026-09-02T23:59:59-04:00
No Frills,8105357,"SUFRA® HALAL CHICKEN THIGHS, UP TO 736 G",13.0,2026-08-27T00:00:00-04:00,2026-09-02T23:59:59-04:00
No Frills,8105357,NO NAME® FOOD STORAGE CONTAINERS,3.0,2026-08-27T00:00:00-04:00,2026-09-02T23:59:59-04:00
No Frills,8105357,"NO NAME® CHUNK or FLAKED LIGHT TUNA, 170 g",1.0,2026-08-27T00:00:00-04:00,2026-09-02T23:59:59-04:00
No Frills,8105357,"OLD EL PASO DINNER KIT, 250-510 g",3.99,2026-08-27T00:00:00-04:00,2026-09-02T23:59:59-04:00
No Frills,8105357,"SAPUTO MOZZARELLISSIMA, 500 G OR ARMSTRONG SHREDDED CHEESE, 300/320 G, ARMSTRONG CHEESE, 400 G",6.0,2026-08-27T00:00:00-04:00,2026-09-02T23:59:59-04:00
No Frills,8105357,"WONDER BREAD, 570/675 g or BUNS, 8's",3.0,2026-08-27T00:00:00-04:00,2026-09-02T23:59:59-04:00
No Frills,8105357,"FARMER'S MARKET™ GRAPE TOMATOES, 283 G",2.99,2026-08-27T00:00:00-04:00,2026-09-02T23:59:59-04:00
No Frills,8105357,"BALDERSON CHEDDAR, 250/280 G OR OKA CHEESE, 190 G",7.0,2026-08-27T00:00:00-04:00,2026-09-02T23:59:59-04:00
No Frills,8105357,"TEA INDIA TEA, 681 G OR TATA LOOSE BLACK TEA, 1 KG",7.99,2026-08-27T00:00:00-04:00,2026-09-02T23:59:59-04:00
No Frills,8105357,CAULIFLOWER,3.99,2026-08-27T00:00:00-04:00,2026-09-02T23:59:59-04:00
No Frills,8105357,"NO NAME® SCOOPABLE CLUMPING CAT LITTER, 18 kg",12.5,2026-08-27T00:00:00-04:00,2026-09-02T23:59:59-04:00
No Frills,8105357,"PC® WHOLE CREMINI OR WHITE MUSHROOMS, 227 G",2.49,2026-08-27T00:00:00-04:00,2026-09-02T23:59:59-04:00
No Frills,8105357,EVERYDAY ESSENTIALS™ 12 INCH NON STICK SKILLET,8.0,2026-08-27T00:00:00-04:00,2026-09-02T23:59:59-04:00
No Frills,8105357,"MUTTI FINELY CHOPPED TOMATOES, 796 ML OR MARIO'S COOKED HAM, 340 G",3.25,2026-08-27T00:00:00-04:00,2026-09-02T23:59:59-04:00
No Frills,8105357,"FARMER'S MARKET™ COOKIES, 12'S OR 8 INCH PIES, 680/750 G",5.5,2026-08-27T00:00:00-04:00,2026-09-02T23:59:59-04:00
No Frills,8105357,"TAZO TEA CONCENTRATE, 946 mL or LIPTON TEA, 200 g",5.99,2026-08-27T00:00:00-04:00,2026-09-02T23:59:59-04:00
No Frills,8105357,"CHAPMAN'S FROZEN YOGURT OR SORBET, 2 L",5.5,2026-08-27T00:00:00-04:00,2026-09-02T23:59:59-04:00
No Frills,8105357,"PC® BLUE MENU® GROUND CHICKEN or MINCED TURKEY, 454 g",9.0,2026-08-27T00:00:00-04:00,2026-09-02T23:59:59-04:00
No Frills,8105357,"SOOFEE'S GUMMY CANDIES, 120 G",2.0,2026-08-27T00:00:00-04:00,2026-09-02T23:59:59-04:00
No Frills,8105357,"BOLTHOUSE FARMS SMOOTHIES OR JUICE, 946 ML",3.5,2026-08-27T00:00:00-04:00,2026-08-31T23:59:59-04:00
No Frills,8105357,SMALL MIXED BOUQUET,10.0,2026-08-27T00:00:00-04:00,2026-09-02T23:59:59-04:00
No Frills,8105357,"DARE REALFRUIT GUMMIES, 180 G",2.0,2026-08-27T00:00:00-04:00,2026-09-02T23:59:59-04:00
No Frills,8105357,"PRANA ORGANIC GRANOLA, 300 G",5.0,2026-08-27T00:00:00-04:00,2026-09-02T23:59:59-04:00
No Frills,8105357,"NO NAME® SULTANA RAISINS, SWEETENED DRIED CRANBERRIES or WHOLE PITTED DATES",8.0,2026-08-27T00:00:00-04:00,2026-09-02T23:59:59-04:00
No Frills,8105357,"CATELLI HEALTHY HARVEST OR SMART PASTA, 340/375 G",2.5,2026-08-27T00:00:00-04:00,2026-09-02T23:59:59-04:00
No Frills,8105357,"NO NAME® INSTANT COFFEE, 150 G",5.0,2026-08-27T00:00:00-04:00,2026-09-02T23:59:59-04:00
No Frills,8105357,"PEPSI SOFT DRINKS, 24X355 ML",12.99,2026-08-27T00:00:00-04:00,2026-09-02T23:59:59-04:00
No Frills,8105357,NO NAME® BONELESS SKINLESS CHICKEN BREAST,5.99,2026-08-27T00:00:00-04:00,2026-09-02T23:59:59-04:00
No Frills,8105357,"SNACK PACK PUDDING OR JUICY GELS, 4X99 G",1.5,2026-08-27T00:00:00-04:00,2026-09-02T23:59:59-04:00
No Frills,8105357,"PC® LITTLE GEMS™ RED, YELLOW OR MIXED MINI POTATOES",2.99,2026-08-27T00:00:00-04:00,2026-09-02T23:59:59-04:00
No Frills,8105357,"SCHNEIDERS LUNCHMATE LUNCH KITS OR STACKERS, 75-120 G",2.5,2026-08-27T00:00:00-04:00,2026-09-02T23:59:59-04:00
No Frills,8105357,PINEAPPLE,5.99,2026-08-27T00:00:00-04:00,2026-09-02T23:59:59-04:00
No Frills,8105357,"CAMPBELL'S CONDENSED SOUP, 284 ML",1.0,2026-08-27T00:00:00-04:00,2026-09-02T23:59:59-04:00
No Frills,8105357,"NO NAME® PASTA, 900 G",2.0,2026-08-27T00:00:00-04:00,2026-09-02T23:59:59-04:00
No Frills,8105357,"BLACK DIAMOND SLICES PROCESSED CHEESE PRODUCT, 410 G",2.97,2026-08-27T00:00:00-04:00,2026-09-02T23:59:59-04:00
No Frills,8105357,"GREEN GIANT VEGETABLES, 341/398 ML",1.25,2026-08-27T00:00:00-04:00,2026-09-02T23:59:59-04:00
No Frills,8105357,"PC® DISHWASHING LIQUID, 638/739 mL",1.75,2026-08-27T00:00:00-04:00,2026-09-02T23:59:59-04:00
No Frills,8105357,"UNICO VEGETABLE OIL, 3 L",7.99,2026-08-27T00:00:00-04:00,2026-09-02T23:59:59-04:00
No Frills,8105357,"PC® BATHROOM TISSUE, 30-100 rolls",15.0,2026-08-27T00:00:00-04:00,2026-09-02T23:59:59-04:00
No Frills,8105357,"JANES PUB STYLE CHICKEN STRIPS, NUGGETS, BURGERS, FRIES OR POPCORN CHICKEN, 700 G",5.98,2026-08-27T00:00:00-04:00,2026-09-02T23:59:59-04:00
No Frills,8105357,"KRAFT PASTA SALAD, 200 g",1.0,2026-08-27T00:00:00-04:00,2026-09-02T23:59:59-04:00
No Frills,8105357,"CHEEZ-IT CRACKERS, 191/200 G",2.0,2026-08-27T00:00:00-04:00,2026-09-02T23:59:59-04:00
No Frills,8105357,"BUBLY, 12X355 ML OR MONTELLIER, 10X355 ML SPARKLING WATER",6.5,2026-08-27T00:00:00-04:00,2026-09-02T23:59:59-04:00
No Frills,8105357,"ROMAINE HEARTS,PKG OF 3 OR AVOCADOS, PKG OF 5",4.99,2026-08-27T00:00:00-04:00,2026-09-02T23:59:59-04:00
No Frills,8105357,"CHEEZ-IT SNAP'D, 213 G OR TOWN HOUSE CRACKERS, 247-391 G",2.5,2026-08-27T00:00:00-04:00,2026-09-02T23:59:59-04:00
No Frills,8105357,"BASKIN ROBBINS ICE CREAM, 946 ML OR SANDWICHES, 4'S",9.99,2026-08-27T00:00:00-04:00,2026-09-02T23:59:59-04:00
No Frills,8105357,"CLASSICO SAUCE,410/600 mL",2.97,2026-08-27T00:00:00-04:00,2026-09-02T23:59:59-04:00
No Frills,8105357,"KD ORIGINAL, 5x200 G",5.0,2026-08-27T00:00:00-04:00,2026-09-02T23:59:59-04:00
No Frills,8105357,"NO NAME® EVAPORATED MILK, 354 mL",1.0,2026-08-27T00:00:00-04:00,2026-09-02T23:59:59-04:00
No Frills,8105357,"MARCANGELO SOUVLAKI KABOBS, 480/640 G",9.0,2026-08-27T00:00:00-04:00,2026-09-02T23:59:59-04:00
No Frills,8105357,"MAXWELL HOUSE INSTANT COFFEE,150 g",3.99,2026-08-27T00:00:00-04:00,2026-09-02T23:59:59-04:00
No Frills,8105357,"STRAWBERRIES, 1 LB CLAMSHELL",3.99,2026-08-27T00:00:00-04:00,2026-09-02T23:59:59-04:00
No Frills,8105357,"NESTLÉ CONFECTIONARY FROZEN DESSERT, 1.5 L or NOVELTIES, 4-10's",5.0,2026-08-27T00:00:00-04:00,2026-09-02T23:59:59-04:00
No Frills,8105357,"BRAR'S RASMALAI, 850 G",8.99,2026-08-27T00:00:00-04:00,2026-09-02T23:59:59-04:00
No Frills,8105357,"PC® OR BLUE MENU® ENTRÉES, 770 G-1.13 KG OR SWANSON SKILLET MEALS, 1.19 KG",7.0,2026-08-27T00:00:00-04:00,2026-09-02T23:59:59-04:00
No Frills,8105357,"QUALITY BASMATI RICE, 3.63 KG",7.99,2026-08-27T00:00:00-04:00,2026-09-02T23:59:59-04:00
No Frills,8105357,"HEIWA SANUKI-STYLE UDON, 1.25 KG",4.99,2026-08-27T00:00:00-04:00,2026-09-02T23:59:59-04:00
No Frills,8105357,"PHILADELPHIA CREAM CHEESE, 450 g",5.99,2026-08-27T00:00:00-04:00,2026-09-02T23:59:59-04:00
No Frills,8105357,"PRANA PLAIN PARATHA, 2.4 KG",8.99,2026-08-27T00:00:00-04:00,2026-09-02T23:59:59-04:00
No Frills,8105357,GREEN ONIONS,0.99,2026-08-27T00:00:00-04:00,2026-09-02T23:59:59-04:00
No Frills,8105357,"HEALTHY CHOICE VH STEAMERS or SIMPLY DINNER ENTRÉES, 255-306 g",4.0,2026-08-27T00:00:00-04:00,2026-09-02T23:59:59-04:00
No Frills,8105357,"NANAK PANEER, 341 G",4.5,2026-08-27T00:00:00-04:00,2026-09-02T23:59:59-04:00
No Frills,8105357,GREEN OR YELLOW BEANS,2.99,2026-08-27T00:00:00-04:00,2026-09-02T23:59:59-04:00
No Frills,8105357,"FARMER'S MARKET™ LEMONS OR MANDARINS, 2 LB BAG",4.99,2026-08-27T00:00:00-04:00,2026-09-02T23:59:59-04:00
No Frills,8105357,"UNICO BEANS, 540 ML OR TOMATOES, 796 ML",1.5,2026-08-27T00:00:00-04:00,2026-09-02T23:59:59-04:00
No Frills,8105357,"HOLIDAY LUNCHEON MEAT, 340 G OR MAPLE LEAF FLAKES, 156 G",1.75,2026-08-27T00:00:00-04:00,2026-09-02T23:59:59-04:00
No Frills,8105357,"OÎKOS OR ACTIVIA EXPERT YOGURT, 4X100 G",3.47,2026-08-27T00:00:00-04:00,2026-09-02T23:59:59-04:00
No Frills,8105357,"NO NAME® PURE WHITE VINEGAR, 4 L",1.0,2026-08-27T00:00:00-04:00,2026-09-02T23:59:59-04:00
No Frills,8105357,"NO NAME® LARGE EGGS, 12'S",2.22,2026-08-27T00:00:00-04:00,2026-09-02T23:59:59-04:00
No Frills,8105357,"WHOLE SEEDLESS WATERMELON, 9 LB AVERAGE",3.97,2026-08-27T00:00:00-04:00,2026-09-02T23:59:59-04:00
No Frills,8105357,"HAPPY DAIRY PANEER, 300 G",4.5,2026-08-27T00:00:00-04:00,2026-09-02T23:59:59-04:00
No Frills,8105357,"MINUTE MAID ZERO SUGAR or FUZE ICED TEA, 1.54/1.75 L",3.75,2026-08-27T00:00:00-04:00,2026-09-02T23:59:59-04:00
No Frills,8105357,"CHAPMAN'S PREMIUM ICE CREAM,2 L OR YUKON NOVELTIES, 5-8'S",4.99,2026-08-27T00:00:00-04:00,2026-09-02T23:59:59-04:00
No Frills,8105357,"ROBIN HOOD OR FIVE ROSES ALL PURPOSE FLOUR, 10 KG",11.97,2026-08-27T00:00:00-04:00,2026-09-02T23:59:59-04:00
No Frills,8105357,"GAIN LIQUID, 4.25 L OR FLINGS, 42'S LAUNDRY DETERGENT, BEADS, 598/680 G OR DRYER SHEETS, 240'S",12.99,2026-08-27T00:00:00-04:00,2026-09-02T23:59:59-04:00
No Frills,8105357,SWEET CORN,0.49,2026-08-27T00:00:00-04:00,2026-09-02T23:59:59-04:00
No Frills,8105357,OKRA,3.99,2026-08-27T00:00:00-04:00,2026-09-02T23:59:59-04:00
No Frills,8105357,"GENERAL MILLS CEREAL, 300-437 G",3.5,2026-08-27T00:00:00-04:00,2026-09-02T23:59:59-04:00
No Frills,8105357,"WHITE POTATOES, 10 LB BAG",5.99,2026-08-27T00:00:00-04:00,2026-09-02T23:59:59-04:00
No Frills,8105357,"OASIS SMOOTHIE, 4X300 ML",7.0,2026-08-27T00:00:00-04:00,2026-09-02T23:59:59-04:00
No Frills,8105357,"BRAR'S GULAB JAMUN, 850 G",6.99,2026-08-27T00:00:00-04:00,2026-09-02T23:59:59-04:00
No Frills,8105357,"MR. CLEAN ALL PURPOSE CLEANER, 1.21 L, FEBREZE AIR, 230 G, BATHROOM, 7.5 ML OR CAR AIR FRESHENER, 2 ML",4.0,2026-08-27T00:00:00-04:00,2026-09-02T23:59:59-04:00
No Frills,8105357,GREEN OR RED SEEDLESS GRAPES,3.99,2026-08-27T00:00:00-04:00,2026-09-02T23:59:59-04:00
No Frills,8105357,"HIGH LINER FAMILY FISH, 315-700 g",8.0,2026-08-27T00:00:00-04:00,2026-09-02T23:59:59-04:00
No Frills,8105357,"SANTOSH NAAN, 5's",2.0,2026-08-27T00:00:00-04:00,2026-09-02T23:59:59-04:00
No Frills,8105357,EGGPLANT,2.49,2026-08-27T00:00:00-04:00,2026-09-02T23:59:59-04:00
No Frills,8105357,"OASIS SMOOTHIE, 4X300 ML",7.0,2026-08-27T00:00:00-04:00,2026-09-02T23:59:59-04:00
No Frills,8105357,"PC® MINI MUFFINS, 12'S",4.0,2026-08-27T00:00:00-04:00,2026-09-02T23:59:59-04:00
No Frills,8105357,"PURINA FANCY FEAST, 85 G OR FRISKIES WET CAT FOOD, 156 G",0.9,2026-08-27T00:00:00-04:00,2026-09-02T23:59:59-04:00
No Frills,8105357,"TROPICANA ORANGE JUICE, 2.63 L",8.49,2026-08-27T00:00:00-04:00,2026-09-02T23:59:59-04:00
No Frills,8105357,FIELD TOMATOES,1.49,2026-08-27T00:00:00-04:00,2026-09-02T23:59:59-04:00
No Frills,8105357,"CASCADE AUTO DISHWASHER TABS, 30-45'S",15.0,2026-08-27T00:00:00-04:00,2026-09-02T23:59:59-04:00
No Frills,8105357,"LINDT EXCELLENCE CHOCOLATE BAR, 50-100 G",5.0,2026-08-27T00:00:00-04:00,2026-09-02T23:59:59-04:00
No Frills,8105357,MEDIUM MIXED BOUQUET,15.0,2026-08-27T00:00:00-04:00,2026-09-02T23:59:59-04:00
No Frills,8105357,FARMER'S MARKET™ MINI CUCUMBERS,2.99,2026-08-27T00:00:00-04:00,2026-09-02T23:59:59-04:00
No Frills,8105357,LEAN GROUND PORK,4.49,2026-08-27T00:00:00-04:00,2026-09-02T23:59:59-04:00
No Frills,8105357,"LA COSTENA PICKLED JALAPEÑO NACHO SLICES, 477 ML",2.99,2026-08-27T00:00:00-04:00,2026-09-02T23:59:59-04:00
No Frills,8105357,"KELLOGG'S RICE KRISPIES, 154-198 G, POP TARTS, 384 G, SPECIAL K, 125 G OR NUTRI-GRAIN, 295 G BARS",3.0,2026-08-27T00:00:00-04:00,2026-09-02T23:59:59-04:00
No Frills,8105357,ENGLISH CUCUMBERS,1.49,2026-08-27T00:00:00-04:00,2026-09-02T23:59:59-04:00
No Frills,8105357,"KHAAS OR PARMALAT YOGURT, 750 G",3.0,2026-08-27T00:00:00-04:00,2026-09-02T23:59:59-04:00
No Frills,8105357,"MAZOLA CORN OIL, 2.84 L",10.99,2026-08-27T00:00:00-04:00,2026-09-02T23:59:59-04:00
No Frills,8105357,"LOU'S BEEF, CHICKEN OR PORK FULLY COOKED ENTREES, 375/400 G",9.99,2026-08-27T00:00:00-04:00,2026-09-02T23:59:59-04:00
No Frills,8105357,"PC® DINNER NAPKINS, 180'S",8.0,2026-08-27T00:00:00-04:00,2026-09-02T23:59:59-04:00
No Frills,8105357,"TAMAM CHICKPEAS OR BEANS, 796 ML",1.49,2026-08-27T00:00:00-04:00,2026-09-02T23:59:59-04:00
No Frills,8105357,"CHRISTIE FAMILY SIZE COOKIES, 374-488 G OR CAKESTERS, 285 G",4.5,2026-08-27T00:00:00-04:00,2026-09-02T23:59:59-04:00
No Frills,8105357,"INTERNATIONAL DELIGHT COFFEE ENHANCER, 946 ML OR COLD FOAM, 369/396 G",5.0,2026-08-27T00:00:00-04:00,2026-09-02T23:59:59-04:00
No Frills,8105357,"KRAFT PEANUT BUTTER, 750 G / 1 KG",5.97,2026-08-27T00:00:00-04:00,2026-09-02T23:59:59-04:00
No Frills,8105357,"MAGGI SAUCE, 340 ML",3.49,2026-08-27T00:00:00-04:00,2026-09-02T23:59:59-04:00
No Frills,8105357,"NANAK DAHI, 750 G",3.0,2026-08-27T00:00:00-04:00,2026-09-02T23:59:59-04:00
No Frills,8105357,"NESTLE KIT KAT, AERO OR CRUNCH TABLETS, 95 - 105 G",1.75,2026-08-27T00:00:00-04:00,2026-08-31T23:59:59-04:00
No Frills,8105357,FRUITS AND VEGETABLES,4.5,2026-08-27T00:00:00-04:00,2026-09-02T23:59:59-04:00
No Frills,8105357,"SKITTLES or STARBURST CANDY, 130-170 G",2.99,2026-08-27T00:00:00-04:00,2026-09-02T23:59:59-04:00
No Frills,8105357,"BLACKBERRIES, CANTALOUPES OR RASPBERRIES, 6 OZ CLAMSHELL",4.99,2026-08-27T00:00:00-04:00,2026-09-02T23:59:59-04:00
No Frills,8105357,"IMPERIAL MARGARINE, 1.2/1.28 KG",6.99,2026-08-27T00:00:00-04:00,2026-09-02T23:59:59-04:00
No Frills,8105357,"NO NAME® PEANUT BUTTER, 1 KG",4.5,2026-08-27T00:00:00-04:00,2026-09-02T23:59:59-04:00
No Frills,8105357,BABY OR SHANGHAI BOK CHOY,1.99,2026-08-27T00:00:00-04:00,2026-09-02T23:59:59-04:00
No Frills,8105357,"SEAQUEST® FISH FILLETS, 400 G",7.0,2026-08-27T00:00:00-04:00,2026-09-02T23:59:59-04:00
No Frills,8105357,"ALLEN'S DRINK BOXES, 24X200 ML OR GATORADE SPORT DRINKS, 6X591 ML/8X355 ML",6.25,2026-08-27T00:00:00-04:00,2026-09-02T23:59:59-04:00
No Frills,8105357,"SAUCE ROMAS, APPROX 25 LB CASE",13.99,2026-08-27T00:00:00-04:00,2026-09-02T23:59:59-04:00
No Frills,8105357,"CLIF ZBAR, 5X36 G OR CLIF ENERGY MINIS, 5X28 G",3.5,2026-08-27T00:00:00-04:00,2026-08-31T23:59:59-04:00
No Frills,8105357,"FARMER'S MARKET™ PAULA RED APPLES, 4 LB BAG",4.99,2026-08-27T00:00:00-04:00,2026-09-02T23:59:59-04:00
No Frills,8105357,"ORVILLE REDENBACHER MICROWAVE POPCORN, 385-492 G OR KERNEL JAR, 850 G",4.0,2026-08-27T00:00:00-04:00,2026-09-02T23:59:59-04:00
No Frills,8105357,"DR OETKER GIUSEPPE THIN CRUST OR RISING CRUST PIZZA, 480-785 G",5.5,2026-08-27T00:00:00-04:00,2026-09-02T23:59:59-04:00
No Frills,8105357,LONG EGGPLANT,2.99,2026-08-27T00:00:00-04:00,2026-09-02T23:59:59-04:00
No Frills,8105357,"PC® ORGANICS CORONATION GRAPES, 2 L",5.99,2026-08-27T00:00:00-04:00,2026-09-02T23:59:59-04:00
No Frills,8105357,"SEAQUEST® SEAFOOD MEDLEY, 340 G",5.5,2026-08-27T00:00:00-04:00,2026-09-02T23:59:59-04:00
No Frills,8105357,KALE,1.99,2026-08-27T00:00:00-04:00,2026-09-02T23:59:59-04:00
No Frills,8105357,"KELLOGG'S FAMILY SIZE CEREAL, 450-650 g",5.5,2026-08-27T00:00:00-04:00,2026-09-02T23:59:59-04:00
No Frills,8105357,"LIBERTÉ GREEK, 650/750 G, MÉDITERRANÉE, 900 G OR YOPLAIT SOURCE, 16X100 G YOGURT",7.0,2026-08-27T00:00:00-04:00,2026-09-02T23:59:59-04:00
No Frills,8105357,"MEDIUM GROUND BEEF GRASS FED, 450 G",6.0,2026-08-27T00:00:00-04:00,2026-09-02T23:59:59-04:00
No Frills,8105357,"CAMPBELL'S BROTH or CONCENTRATED BROTH, 250/900 mL",1.79,2026-08-27T00:00:00-04:00,2026-09-02T23:59:59-04:00
No Frills,8105357,"BRAR'S MILK CAKE, 400 G",8.49,2026-08-27T00:00:00-04:00,2026-09-02T23:59:59-04:00
No Frills,8105357,EVERYDAY ESSENTIALS™ 3-PIECE KNIFE SET,7.0,2026-08-27T00:00:00-04:00,2026-09-02T23:59:59-04:00
No Frills,8105357,"FARMER'S MARKET™ SWEET PEPPERS, PKG OF 4",4.99,2026-08-27T00:00:00-04:00,2026-09-02T23:59:59-04:00
No Frills,8105357,"GENERAL MILLS JUMBO CEREAL, 825 G-1.3 KG",10.0,2026-08-27T00:00:00-04:00,2026-09-02T23:59:59-04:00
No Frills,8105357,FARMER'S MARKET™ CARROTS OR YELLOW ONIONS,3.49,2026-08-27T00:00:00-04:00,2026-09-02T23:59:59-04:00
No Frills,8105357,"KURKURE SNACKS, 115 G",1.5,2026-08-27T00:00:00-04:00,2026-09-02T23:59:59-04:00
No Frills,8105357,"TEMPTATIONS CAT TREATS, CREAMY PURRRR-ÉE OR LICKABLE SPOONS, 40-180 G",2.69,2026-08-27T00:00:00-04:00,2026-09-02T23:59:59-04:00
No Frills,8105357,"LANTIC OR ROGERS SUGAR, 1 KG",2.78,2026-08-27T00:00:00-04:00,2026-09-02T23:59:59-04:00
No Frills,8105357,DRAGON FRUIT,2.99,2026-08-27T00:00:00-04:00,2026-09-02T23:59:59-04:00
No Frills,8105357,"ZIGGY'S® SUB TRIO SLICED DELI MEAT, 300 G",6.49,2026-08-27T00:00:00-04:00,2026-09-02T23:59:59-04:00
No Frills,8105357,"JARRITOS SOFT DRINKS, 370 mL",1.5,2026-08-27T00:00:00-04:00,2026-09-02T23:59:59-04:00
No Frills,8105357,"PC® OUTDOOR FALL MUMS, 9.5 INCH",9.48,2026-08-27T00:00:00-04:00,2026-09-02T23:59:59-04:00
No Frills,8105357,LARGE MIXED BOUQUET,20.0,2026-08-27T00:00:00-04:00,2026-09-02T23:59:59-04:00
No Frills,8105357,GREEN CABBAGE OR RUTABAGAS,0.99,2026-08-27T00:00:00-04:00,2026-09-02T23:59:59-04:00
No Frills,8105357,"FERRERO ROCHER CHOCOLATE BARS, 90 G",3.79,2026-08-27T00:00:00-04:00,2026-09-02T23:59:59-04:00
No Frills,8105357,"FARMER'S MARKET™ YELLOW NECTARINES, 2 L OR PEACHES, 3 L",6.99,2026-08-27T00:00:00-04:00,2026-09-02T23:59:59-04:00
No Frills,8105357,"SURAJ® DRY BEANS, 1.8 KG",7.49,2026-08-27T00:00:00-04:00,2026-09-02T23:59:59-04:00
