merchant,flyer_id,name,price,valid_from,valid_to
Sobeys,8052438,Multivitamin Gummies,16.99,2026-07-30T00:00:00-04:00,2026-08-05T22:59:59-04:00
Sobeys,8052438,NATURE VALLEY Mid-Size Granola Bars,8.49,2026-07-30T00:00:00-04:00,2026-08-05T22:59:59-04:00
Sobeys,8052438,Sparkling Water,6.49,2026-07-30T00:00:00-04:00,2026-08-05T22:59:59-04:00
Sobeys,8052438,COMPLIMENTS Charcuterie Trio,12.99,2026-07-30T00:00:00-04:00,2026-08-05T22:59:59-04:00
Sobeys,8052438,COMPLIMENTS Frozen Whipped Topping,3.49,2026-07-30T00:00:00-04:00,2026-08-05T22:59:59-04:00
Sobeys,8052438,"3D White or Pro Health Toothpaste, Floss or Toothbrushes",4.49,2026-07-30T00:00:00-04:00,2026-08-05T22:59:59-04:00
Sobeys,8052438,Deodorant,4.99,2026-07-30T00:00:00-04:00,2026-08-05T22:59:59-04:00
Sobeys,8052438,Fabric Softener,7.49,2026-07-30T00:00:00-04:00,2026-08-05T22:59:59-04:00
Sobeys,8052438,Pads or Liners,14.99,2026-07-30T00:00:00-04:00,2026-08-05T22:59:59-04:00
Sobeys,8052438,Liquid Hand Soap,2.29,2026-07-30T00:00:00-04:00,2026-08-05T22:59:59-04:00
Sobeys,8052438,COMPLIMENTS Foil Wrap,5.99,2026-07-30T00:00:00-04:00,2026-08-05T22:59:59-04:00
Sobeys,8052438,Fructis or EverPure or EverStrong Hair Care,10.99,2026-07-30T00:00:00-04:00,2026-08-05T22:59:59-04:00
Sobeys,8052438,360 Total Care Ready to Use Infant Formula,78.99,2026-07-30T00:00:00-04:00,2026-08-05T22:59:59-04:00
Sobeys,8052438,HardBall Cat Litter,19.99,2026-07-30T00:00:00-04:00,2026-08-05T22:59:59-04:00
Sobeys,8052438,Dry Cat Food,13.99,2026-07-30T00:00:00-04:00,2026-08-05T22:59:59-04:00
Sobeys,8052438,CHEETOS,9.0,2026-07-30T00:00:00-04:00,2026-08-05T22:59:59-04:00
Sobeys,8052438,COMPLIMENTS Cheddar Flavour Slices,3.99,2026-07-30T00:00:00-04:00,2026-08-05T22:59:59-04:00
Sobeys,8052438,Hot Sauce,5.99,2026-07-30T00:00:00-04:00,2026-08-05T22:59:59-04:00
Sobeys,8052438,Probiotic Kéfir 1 L or Yop Drinkable Yogurt 6 pk,6.49,2026-07-30T00:00:00-04:00,2026-08-05T22:59:59-04:00
Sobeys,8052438,Roast & Ground Coffee,9.99,2026-07-30T00:00:00-04:00,2026-08-05T22:59:59-04:00
Sobeys,8052438,Fruit Drink,2.79,2026-07-30T00:00:00-04:00,2026-08-05T22:59:59-04:00
Sobeys,8052438,Super Moist Cake Mix,3.0,2026-07-30T00:00:00-04:00,2026-08-05T22:59:59-04:00
Sobeys,8052438,Cheese Sticks,5.99,2026-07-30T00:00:00-04:00,2026-08-05T22:59:59-04:00
Sobeys,8052438,Jumbo Cereal,8.99,2026-07-30T00:00:00-04:00,2026-08-05T22:59:59-04:00
Sobeys,8052438,Peanut Butter,6.99,2026-07-30T00:00:00-04:00,2026-08-05T22:59:59-04:00
Sobeys,8052438,Orange Juice,9.99,2026-07-30T00:00:00-04:00,2026-08-05T22:59:59-04:00
Sobeys,8052438,Max,9.99,2026-07-30T00:00:00-04:00,2026-08-05T22:59:59-04:00
Sobeys,8052438,Chocolate Chip or Monster Mini Cookies,5.49,2026-07-30T00:00:00-04:00,2026-08-05T22:59:59-04:00
Sobeys,8052438,Sugar,3.49,2026-07-30T00:00:00-04:00,2026-08-05T22:59:59-04:00
Sobeys,8052438,Sea Salt Flakes,9.99,2026-07-30T00:00:00-04:00,2026-08-05T22:59:59-04:00
Sobeys,8052438,Ice Cream,4.94,2026-07-30T00:00:00-04:00,2026-08-05T22:59:59-04:00
Sobeys,8052438,Multi-Seed Crackers,5.49,2026-07-30T00:00:00-04:00,2026-08-05T22:59:59-04:00
Sobeys,8052438,COMPLIMENTS Potato Chips,2.49,2026-07-30T00:00:00-04:00,2026-08-05T22:59:59-04:00
Sobeys,8052438,Spring Water,5.0,2026-07-30T00:00:00-04:00,2026-08-05T22:59:59-04:00
Sobeys,8052438,HEALTHY CHOICE Power Bowls,5.99,2026-07-30T00:00:00-04:00,2026-08-05T22:59:59-04:00
Sobeys,8052438,Fresh Boneless Skinless Chicken Breast or Thigh Kabobs with Vegetables,9.99,2026-07-30T00:00:00-04:00,2026-08-05T22:59:59-04:00
Sobeys,8052438,Fresh Pork Tenderloin Kabobs with Vegetables,5.99,2026-07-30T00:00:00-04:00,2026-08-05T22:59:59-04:00
Sobeys,8052438,Fresh Beef Kebabs with Vegetables,17.99,2026-07-30T00:00:00-04:00,2026-08-05T22:59:59-04:00
Sobeys,8052438,CLOVER LEAF Albacore White Tuna,3.99,2026-07-30T00:00:00-04:00,2026-08-05T22:59:59-04:00
Sobeys,8052438,Pickle Spears,5.49,2026-07-30T00:00:00-04:00,2026-08-05T22:59:59-04:00
Sobeys,8052438,RED BARON Pizza,3.49,2026-07-30T00:00:00-04:00,2026-08-05T22:59:59-04:00
Sobeys,8052438,LAY'S Potato Chips,2.75,2026-07-30T00:00:00-04:00,2026-08-05T22:59:59-04:00
Sobeys,8052438,Cactus Pears,4.99,2026-07-30T00:00:00-04:00,2026-08-05T22:59:59-04:00
Sobeys,8052438,Bagels,3.99,2026-07-30T00:00:00-04:00,2026-08-05T22:59:59-04:00
Sobeys,8052438,Alcohol-Free Beer,12.99,2026-07-30T00:00:00-04:00,2026-08-05T22:59:59-04:00
Sobeys,8052438,Alcohol-Free Wine,11.99,2026-07-30T00:00:00-04:00,2026-08-05T22:59:59-04:00
Sobeys,8052438,COMPLIMENTS Aerosol Whip Cream,6.49,2026-07-30T00:00:00-04:00,2026-08-05T22:59:59-04:00
Sobeys,8052438,COMPLIMENTS White or Whole Wheat Bread,2.89,2026-07-30T00:00:00-04:00,2026-08-05T22:59:59-04:00
Sobeys,8052438,COMPLIMENTS Flavoured Tuna,3.0,2026-07-30T00:00:00-04:00,2026-08-05T22:59:59-04:00
Sobeys,8052438,COMPLIMENTS Dishwasher Rinse Aid,2.99,2026-07-30T00:00:00-04:00,2026-08-05T22:59:59-04:00
Sobeys,8052438,COMPLIMENTS Chocolate Chips,4.99,2026-07-30T00:00:00-04:00,2026-08-05T22:59:59-04:00
Sobeys,8052438,Small Bar Cakes,7.99,2026-07-30T00:00:00-04:00,2026-08-05T22:59:59-04:00
Sobeys,8052438,Single Layer Shortcakes,14.99,2026-07-30T00:00:00-04:00,2026-08-05T22:59:59-04:00
Sobeys,8052438,Sourdough Buns,5.0,2026-07-30T00:00:00-04:00,2026-08-05T22:59:59-04:00
Sobeys,8052438,Lactose Free Ice Cream,4.49,2026-07-30T00:00:00-04:00,2026-08-05T22:59:59-04:00
Sobeys,8052438,Premium Ice Cream,5.49,2026-07-30T00:00:00-04:00,2026-08-05T22:59:59-04:00
Sobeys,8052438,Plantain,1.99,2026-07-30T00:00:00-04:00,2026-08-05T22:59:59-04:00
Sobeys,8052438,COMPLIMENTS Exceptional Chocolate Chip Cookies,4.99,2026-07-30T00:00:00-04:00,2026-08-05T22:59:59-04:00
Sobeys,8052438,Cheese Sticks,5.99,2026-07-30T00:00:00-04:00,2026-08-05T22:59:59-04:00
Sobeys,8052438,Sweetened Condensed Milk,4.99,2026-07-30T00:00:00-04:00,2026-08-05T22:59:59-04:00
Sobeys,8052438,Toilet Bowl Cleaner,8.49,2026-07-30T00:00:00-04:00,2026-08-05T22:59:59-04:00
Sobeys,8052438,Papaya,1.99,2026-07-30T00:00:00-04:00,2026-08-05T22:59:59-04:00
Sobeys,8052438,Coconut Water with Pulp,1.99,2026-07-30T00:00:00-04:00,2026-08-05T22:59:59-04:00
Sobeys,8052438,Salt Fish Bits,7.99,2026-07-30T00:00:00-04:00,2026-08-05T22:59:59-04:00
Sobeys,8052438,Beneful Dry Dog,9.99,2026-07-30T00:00:00-04:00,2026-08-05T22:59:59-04:00
Sobeys,8052438,Comfort Chews Dog Treats,7.99,2026-07-30T00:00:00-04:00,2026-08-05T22:59:59-04:00
Sobeys,8052438,Organic Baby Pouches,11.0,2026-07-30T00:00:00-04:00,2026-08-05T22:59:59-04:00
Sobeys,8052438,RED BARON Rising Crust Pizza,6.99,2026-07-30T00:00:00-04:00,2026-08-05T22:59:59-04:00
Sobeys,8052438,Flour,6.49,2026-07-30T00:00:00-04:00,2026-08-05T22:59:59-04:00
Sobeys,8052438,COMPLIMENTS Waffle Cones or Bowls,4.99,2026-07-30T00:00:00-04:00,2026-08-05T22:59:59-04:00
Sobeys,8052438,COMPLIMENTS Ready To Eat Popcorn,3.99,2026-07-30T00:00:00-04:00,2026-08-05T22:59:59-04:00
Sobeys,8052438,Cookie Dough,3.99,2026-07-30T00:00:00-04:00,2026-08-05T22:59:59-04:00
Sobeys,8052438,COMPLIMENTS Value Size Candy,5.99,2026-07-30T00:00:00-04:00,2026-08-05T22:59:59-04:00
Sobeys,8052438,Ice Cream Toppings,4.99,2026-07-30T00:00:00-04:00,2026-08-05T22:59:59-04:00
Sobeys,8052438,COMPLIMENTS Hash Browns,3.99,2026-07-30T00:00:00-04:00,2026-08-05T22:59:59-04:00
Sobeys,8052438,ASTRO Balkan Yogurt,6.49,2026-07-30T00:00:00-04:00,2026-08-05T22:59:59-04:00
Sobeys,8052438,COMPLIMENTS De-Alcoholized Beer,10.99,2026-07-30T00:00:00-04:00,2026-08-05T22:59:59-04:00
Sobeys,8052438,COMPLIMENTS Cream Cheese or Spread,3.49,2026-07-30T00:00:00-04:00,2026-08-05T22:59:59-04:00
Sobeys,8052438,Energy Drink,6.0,2026-07-30T00:00:00-04:00,2026-08-05T22:59:59-04:00
Sobeys,8052438,Roast & Ground Coffee,10.99,2026-07-30T00:00:00-04:00,2026-08-05T22:59:59-04:00
Sobeys,8052438,Panko Bread Crumbs,2.99,2026-07-30T00:00:00-04:00,2026-08-05T22:59:59-04:00
Sobeys,8052438,COMPLIMENTS Cocktail Shrimp in Sauce,8.0,2026-07-30T00:00:00-04:00,2026-08-05T22:59:59-04:00
Sobeys,8052438,ACTIVIA,4.49,2026-07-30T00:00:00-04:00,2026-08-05T22:59:59-04:00
Sobeys,8052438,"LARSEN Wiener 900 g, MAPLE LEAF or SCHNEIDERS Bacon 375 g, THE CANADIAN BUTCHER Wiener 750 g, COMPLIMENTS Wiener 1 kg or Schneiders Jumbo",5.99,2026-07-30T00:00:00-04:00,2026-08-05T22:59:59-04:00
Sobeys,8052438,CEDAR BAY Planked Atlantic Salmon,7.99,2026-07-30T00:00:00-04:00,2026-08-05T22:59:59-04:00
Sobeys,8052438,TIM HORTONS Iced Coffee,7.99,2026-07-30T00:00:00-04:00,2026-08-05T22:59:59-04:00
Sobeys,8052438,Cookies,3.79,2026-07-30T00:00:00-04:00,2026-08-05T22:59:59-04:00
Sobeys,8052438,CHRISTIE Dad's or Peek Freans Cookies,4.49,2026-07-30T00:00:00-04:00,2026-08-05T22:59:59-04:00
Sobeys,8052438,Iced Tea,7.99,2026-07-30T00:00:00-04:00,2026-08-05T22:59:59-04:00
Sobeys,8052438,COMPLIMENTS or COMPLIMENTS BALANCE Salad Dressings,3.49,2026-07-30T00:00:00-04:00,2026-08-05T22:59:59-04:00
Sobeys,8052438,Sausages,7.99,2026-07-30T00:00:00-04:00,2026-08-05T22:59:59-04:00
Sobeys,8052438,Prepared In-Store Cooked or Raw Garlic Shrimp Griller,6.99,2026-07-30T00:00:00-04:00,2026-08-05T22:59:59-04:00
Sobeys,8052438,Fresh Whole Skinless Pork Belly,5.99,2026-07-30T00:00:00-04:00,2026-08-05T22:59:59-04:00
Sobeys,8052438,COMPLIMENTS Atlantic Salmon Burgers,11.99,2026-07-30T00:00:00-04:00,2026-08-05T22:59:59-04:00
Sobeys,8052438,Canned Coffee,1.19,2026-07-30T00:00:00-04:00,2026-08-05T22:59:59-04:00
Sobeys,8052438,RITTER SPORT Chocolate Bars,3.99,2026-07-30T00:00:00-04:00,2026-08-05T22:59:59-04:00
Sobeys,8052438,Coconut Milk,2.29,2026-07-30T00:00:00-04:00,2026-08-05T22:59:59-04:00
Sobeys,8052438,Dragon Fruit,3.99,2026-07-30T00:00:00-04:00,2026-08-05T22:59:59-04:00
Sobeys,8052438,Pork Back Ribs,14.99,2026-07-30T00:00:00-04:00,2026-08-05T22:59:59-04:00
Sobeys,8052438,Marinated Raw Shrimp Skewers,1.25,2026-07-30T00:00:00-04:00,2026-08-05T22:59:59-04:00
Sobeys,8052438,Mackerel or Sardines in Sauce,1.29,2026-07-30T00:00:00-04:00,2026-08-05T22:59:59-04:00
Sobeys,8052438,EXCELSIOR Genuine Jamaican Water Crackers,2.29,2026-07-30T00:00:00-04:00,2026-08-05T22:59:59-04:00
Sobeys,8052438,100% Pure Coconut Water,2.49,2026-07-30T00:00:00-04:00,2026-08-05T22:59:59-04:00
Sobeys,8052438,Fresh Boneless Striploin Premium Oven Roast or Family Size Grilling Steak,10.88,2026-07-30T00:00:00-04:00,2026-08-05T22:59:59-04:00
Sobeys,8052438,COMPLIMENTS Rainbow Peppers,3.99,2026-07-30T00:00:00-04:00,2026-08-05T22:59:59-04:00
Sobeys,8052438,Pancake Mix,3.99,2026-07-30T00:00:00-04:00,2026-08-05T22:59:59-04:00
Sobeys,8052438,Liquid Detergent,14.99,2026-07-30T00:00:00-04:00,2026-08-05T22:59:59-04:00
Sobeys,8052438,"Whole Grain, Protein or Signature Bread",3.49,2026-07-30T00:00:00-04:00,2026-08-05T22:59:59-04:00
Sobeys,8052438,CHAPMAN'S Li'l Lolly,5.49,2026-07-30T00:00:00-04:00,2026-08-05T22:59:59-04:00
Sobeys,8052438,"BAXTER, SCOTSBURN, FARMERS or NORTHUMBERLAND Sour Cream",3.99,2026-07-30T00:00:00-04:00,2026-08-05T22:59:59-04:00
Sobeys,8052438,SUMMER FRESH Salads,9.49,2026-07-30T00:00:00-04:00,2026-08-05T22:59:59-04:00
Sobeys,8052438,Hot Dog or Burger Buns,4.0,2026-07-30T00:00:00-04:00,2026-08-05T22:59:59-04:00
Sobeys,8052438,Family Size Cereal,5.99,2026-07-30T00:00:00-04:00,2026-08-05T22:59:59-04:00
Sobeys,8052438,CRACKER BARREL Cheese Slices Snacks,4.77,2026-07-30T00:00:00-04:00,2026-08-05T22:59:59-04:00
Sobeys,8052438,Fresh Atlantic Salmon Steaks or Yellowfin Tuna Steaks,9.99,2026-07-30T00:00:00-04:00,2026-08-05T22:59:59-04:00
Sobeys,8052438,Activia Yogurt,3.99,2026-07-30T00:00:00-04:00,2026-08-05T22:59:59-04:00
Sobeys,8052438,Potato Chips,2.75,2026-07-30T00:00:00-04:00,2026-08-05T22:59:59-04:00
Sobeys,8052438,S'mores Kits,8.99,2026-07-30T00:00:00-04:00,2026-08-05T22:59:59-04:00
Sobeys,8052438,Ice Cream,4.94,2026-07-30T00:00:00-04:00,2026-08-05T22:59:59-04:00
Sobeys,8052438,Romaine Hearts,2.99,2026-07-30T00:00:00-04:00,2026-08-05T22:59:59-04:00
Sobeys,8052438,BUBLY or MONTELLIER Sparkling Water,6.49,2026-07-30T00:00:00-04:00,2026-08-05T22:59:59-04:00
Sobeys,8052438,Coffee K-Cup® Pods,27.99,2026-07-30T00:00:00-04:00,2026-08-05T22:59:59-04:00
Sobeys,8052438,"Frozen Entrees, Egg Rolls, Spring Rolls or Dumplings",4.99,2026-07-30T00:00:00-04:00,2026-08-05T22:59:59-04:00
Sobeys,8052438,COMPLIMENTS Caesar Salad Kit,4.99,2026-07-30T00:00:00-04:00,2026-08-05T22:59:59-04:00
Sobeys,8052438,Boneless Pork Sirloin Chops or Roasts Family Size or Fresh Pork Side Ribs,3.49,2026-07-30T00:00:00-04:00,2026-08-05T22:59:59-04:00
Sobeys,8052438,"COMPLIMENTS, CARDINAL, ROADHOUSE, BELMONT, MONTREAL, JACK ASTOR'S or SUNRISE BURGERS & More!",10.99,2026-07-30T00:00:00-04:00,2026-08-05T22:59:59-04:00
Sobeys,8052438,Broccoli,1.97,2026-07-30T00:00:00-04:00,2026-08-05T22:59:59-04:00
Sobeys,8052438,Cheese,5.97,2026-07-30T00:00:00-04:00,2026-08-05T22:59:59-04:00
Sobeys,8052438,Drinks or Lemonades,3.99,2026-07-30T00:00:00-04:00,2026-08-05T22:59:59-04:00
Sobeys,8052438,Bistro Express Rice,9.0,2026-07-30T00:00:00-04:00,2026-08-05T22:59:59-04:00
Sobeys,8052438,Oven Roasted Turkey or Chicken,3.99,2026-07-30T00:00:00-04:00,2026-08-05T22:59:59-04:00
Sobeys,8052438,La Grille Seasonings,5.99,2026-07-30T00:00:00-04:00,2026-08-05T22:59:59-04:00
Sobeys,8052438,Seasoning Blends,7.99,2026-07-30T00:00:00-04:00,2026-08-05T22:59:59-04:00
Sobeys,8052438,Asian Pears,1.88,2026-07-30T00:00:00-04:00,2026-08-05T22:59:59-04:00
Sobeys,8052438,Blueberries Pint,2.44,2026-07-30T00:00:00-04:00,2026-08-05T22:59:59-04:00
Sobeys,8052438,COMPLIMENTS Hot Dog or Hamburger Buns,1.88,2026-07-30T00:00:00-04:00,2026-08-05T22:59:59-04:00
Sobeys,8052438,Pizza,3.49,2026-07-30T00:00:00-04:00,2026-08-05T22:59:59-04:00
Sobeys,8052438,Pasta,1.99,2026-07-30T00:00:00-04:00,2026-08-05T22:59:59-04:00
Sobeys,8052438,QUAKER Dipps or Chewy Granola Bars,5.0,2026-07-30T00:00:00-04:00,2026-08-05T22:59:59-04:00
Sobeys,8052438,Frozen Entrées 200-340 g or CHAPMAN'S Markdale Creamery Ice Cream,3.99,2026-07-30T00:00:00-04:00,2026-08-05T22:59:59-04:00
Sobeys,8052438,Soft Drinks,7.99,2026-07-30T00:00:00-04:00,2026-08-05T22:59:59-04:00
Sobeys,8052438,Kaiser Buns,3.99,2026-07-30T00:00:00-04:00,2026-08-05T22:59:59-04:00
Sobeys,8052438,COMPLIMENTS Grape Tomatoes,3.49,2026-07-30T00:00:00-04:00,2026-08-05T22:59:59-04:00
Sobeys,8052438,Veggie Bacon 142 g or Veggie Grounds 340 g,5.0,2026-07-30T00:00:00-04:00,2026-08-05T22:59:59-04:00
Sobeys,8052438,COMPLIMENTS Breaded Chicken value size,15.99,2026-07-30T00:00:00-04:00,2026-08-05T22:59:59-04:00
Sobeys,8052438,Fresh Wild Haddock Fillets,13.99,2026-07-30T00:00:00-04:00,2026-08-05T22:59:59-04:00
Sobeys,8052438,FOCO Coconut Water,2.99,2026-07-30T00:00:00-04:00,2026-08-05T22:59:59-04:00
Sobeys,8052438,Pocky Bag,3.99,2026-07-30T00:00:00-04:00,2026-08-05T22:59:59-04:00
Sobeys,8052438,Chinese Eggplant,3.99,2026-07-30T00:00:00-04:00,2026-08-05T22:59:59-04:00
Sobeys,8052438,Sorbet,6.99,2026-07-30T00:00:00-04:00,2026-08-05T22:59:59-04:00
Sobeys,8052438,Barrel Sauerkraut,4.79,2026-07-30T00:00:00-04:00,2026-08-05T22:59:59-04:00
Sobeys,8052438,INDIA GATE Rozzana Rice,14.99,2026-07-30T00:00:00-04:00,2026-08-05T22:59:59-04:00
Sobeys,8052438,Okra,4.99,2026-07-30T00:00:00-04:00,2026-08-05T22:59:59-04:00
Sobeys,8052438,Organic Cold Press Shots,3.49,2026-07-30T00:00:00-04:00,2026-08-05T22:59:59-04:00
Sobeys,8052438,Cosmic Crisp Apples,3.99,2026-07-30T00:00:00-04:00,2026-08-05T22:59:59-04:00
Sobeys,8052438,Mini Seedless Cucumbers,2.99,2026-07-30T00:00:00-04:00,2026-08-05T22:59:59-04:00
Sobeys,8052438,Red or Black Plums,3.79,2026-07-30T00:00:00-04:00,2026-08-05T22:59:59-04:00
Sobeys,8052438,Fresh Canadian Lamb Loin Chops,18.99,2026-07-30T00:00:00-04:00,2026-08-05T22:59:59-04:00
Sobeys,8052438,Wild Caught Canada Lobster Meat,29.99,2026-07-30T00:00:00-04:00,2026-08-05T22:59:59-04:00
Sobeys,8052438,"Turkey Bites, Mini Pepperoni or Salami Sticks",9.99,2026-07-30T00:00:00-04:00,2026-08-05T22:59:59-04:00
Sobeys,8052438,Kale,3.99,2026-07-30T00:00:00-04:00,2026-08-05T22:59:59-04:00
Sobeys,8052438,COMPLIMENTS Baby-Cut Carrots,4.99,2026-07-30T00:00:00-04:00,2026-08-05T22:59:59-04:00
Sobeys,8052438,Organic Broccoli,4.99,2026-07-30T00:00:00-04:00,2026-08-05T22:59:59-04:00
Sobeys,8052438,Plantain,1.99,2026-07-30T00:00:00-04:00,2026-08-05T22:59:59-04:00
Sobeys,8052438,Bartlett Pears,2.99,2026-07-30T00:00:00-04:00,2026-08-05T22:59:59-04:00
Sobeys,8052438,SO DELICIOUS,5.99,2026-07-30T00:00:00-04:00,2026-08-05T22:59:59-04:00
Sobeys,8052438,Ultra Strength Paper Towel,18.99,2026-07-30T00:00:00-04:00,2026-08-05T22:59:59-04:00
Sobeys,8052438,Donuts Mix,4.99,2026-07-30T00:00:00-04:00,2026-08-05T22:59:59-04:00
Sobeys,8052438,Sodas,1.49,2026-07-30T00:00:00-04:00,2026-08-05T22:59:59-04:00
Sobeys,8052438,COMPLIMENTS Ground Chicken or Turkey,6.0,2026-07-30T00:00:00-04:00,2026-08-05T22:59:59-04:00
Sobeys,8052438,Sunflower Bouquet,8.99,2026-07-30T00:00:00-04:00,2026-08-05T22:59:59-04:00
Sobeys,8052438,FRITO-LAY Value Size Snacks,6.29,2026-07-30T00:00:00-04:00,2026-08-05T22:59:59-04:00
Sobeys,8052438,EIGHT TREASURES Cooked and Peeled Shrimp,8.88,2026-07-30T00:00:00-04:00,2026-08-05T22:59:59-04:00
Sobeys,8052438,Large Watermelon,8.99,2026-07-30T00:00:00-04:00,2026-08-05T22:59:59-04:00
Sobeys,8052438,OIKOS,4.49,2026-07-30T00:00:00-04:00,2026-08-05T22:59:59-04:00
Sobeys,8052438,COMPLIMENTS Fresh AIR-CHILLED Bone-In Chicken Breast Halves,5.99,2026-07-30T00:00:00-04:00,2026-08-05T22:59:59-04:00
Sobeys,8052438,Fresh Pork Tenderloin,5.99,2026-07-30T00:00:00-04:00,2026-08-05T22:59:59-04:00
Sobeys,8052438,COMPLIMENTS Texas Toast or Garlic Parmesan Breadsticks,6.49,2026-07-30T00:00:00-04:00,2026-08-05T22:59:59-04:00
Sobeys,8052438,COMPLIMENTS ORGANIC Button Mushrooms,3.44,2026-07-30T00:00:00-04:00,2026-08-05T22:59:59-04:00
Sobeys,8052438,Maya Mangoes,3.99,2026-07-30T00:00:00-04:00,2026-08-05T22:59:59-04:00
Sobeys,8052438,COMPLIMENTS Cooked or Raw Shrimp,8.99,2026-07-30T00:00:00-04:00,2026-08-05T22:59:59-04:00
Sobeys,8052438,Fresh Medium Ground Beef Chuck,6.99,2026-07-30T00:00:00-04:00,2026-08-05T22:59:59-04:00
Sobeys,8052438,Juice,5.0,2026-07-30T00:00:00-04:00,2026-08-05T22:59:59-04:00
Sobeys,8052438,Greek Yogurt,6.99,2026-07-30T00:00:00-04:00,2026-08-05T22:59:59-04:00
Sobeys,8052438,KNORR Boullion Paste,5.99,2026-07-30T00:00:00-04:00,2026-08-05T22:59:59-04:00
Sobeys,8052438,Kettle Cooked Chips Honey Dill,8.0,2026-07-30T00:00:00-04:00,2026-08-05T22:59:59-04:00
Sobeys,8052438,INTERNATIONAL DELIGHT,5.99,2026-07-30T00:00:00-04:00,2026-08-05T22:59:59-04:00
Sobeys,8052438,KRAFT Philadelphia Dips,7.0,2026-07-30T00:00:00-04:00,2026-08-05T22:59:59-04:00
Sobeys,8052438,Crispers or Ritz Chips Family Size,4.0,2026-07-30T00:00:00-04:00,2026-08-05T22:59:59-04:00
Sobeys,8052438,RED BULL Energy Drinks,9.99,2026-07-30T00:00:00-04:00,2026-08-05T22:59:59-04:00
Sobeys,8052438,Ridgies Chili Lime Szechuan,8.0,2026-07-30T00:00:00-04:00,2026-08-05T22:59:59-04:00
Sobeys,8052438,Soft Drinks,4.5,2026-07-30T00:00:00-04:00,2026-08-05T22:59:59-04:00
Sobeys,8052438,Plantain Chips,2.29,2026-07-30T00:00:00-04:00,2026-08-05T22:59:59-04:00
Sobeys,8052438,Liquid Laundry Detergent,26.99,2026-07-30T00:00:00-04:00,2026-08-05T22:59:59-04:00
Sobeys,8052438,COCA-COLA Mini Cans,5.29,2026-07-30T00:00:00-04:00,2026-08-05T22:59:59-04:00
Sobeys,8052438,Roast Fine Grind Coffee,13.99,2026-07-30T00:00:00-04:00,2026-08-05T22:59:59-04:00
Sobeys,8052438,Keurig K-Cups® Pods,22.99,2026-07-30T00:00:00-04:00,2026-08-05T22:59:59-04:00
Sobeys,8052438,PEACE TEA,7.99,2026-07-30T00:00:00-04:00,2026-08-05T22:59:59-04:00
Sobeys,8052438,Original Blackcurrant Beverage,12.99,2026-07-30T00:00:00-04:00,2026-08-05T22:59:59-04:00
Sobeys,8052438,Peanut Punch,1.49,2026-07-30T00:00:00-04:00,2026-08-05T22:59:59-04:00
Sobeys,8052438,CASCADE Dish Detergent,19.99,2026-07-30T00:00:00-04:00,2026-08-05T22:59:59-04:00
Sobeys,8052438,Fresh Beef Oxtail,15.49,2026-07-30T00:00:00-04:00,2026-08-05T22:59:59-04:00
Sobeys,8052438,ACTIVIA,5.99,2026-07-30T00:00:00-04:00,2026-08-05T22:59:59-04:00
Sobeys,8052438,Bathroom Tissue,6.99,2026-07-30T00:00:00-04:00,2026-08-05T22:59:59-04:00
Sobeys,8052438,Signature Buns,3.99,2026-07-30T00:00:00-04:00,2026-08-05T22:59:59-04:00
Sobeys,8052438,FRENCH'S Mustard,2.49,2026-07-30T00:00:00-04:00,2026-08-05T22:59:59-04:00
Sobeys,8052438,Prepared Fresh Daily Watermelon Slices or Quarters,1.29,2026-07-30T00:00:00-04:00,2026-08-05T22:59:59-04:00
Sobeys,8052438,Prepared Fresh Daily In-Store Fruit or Vegetable Trays,25.0,2026-07-30T00:00:00-04:00,2026-08-05T22:59:59-04:00
Sobeys,8052438,Non-Alcoholic Beer,9.99,2026-07-30T00:00:00-04:00,2026-08-05T22:59:59-04:00
Sobeys,8052438,Sparkling Water,12.0,2026-07-30T00:00:00-04:00,2026-08-05T22:59:59-04:00
Sobeys,8052438,Gourmet Beans,2.59,2026-07-30T00:00:00-04:00,2026-08-05T22:59:59-04:00
Sobeys,8052438,Green Kiwi,4.99,2026-07-30T00:00:00-04:00,2026-08-05T22:59:59-04:00
Sobeys,8052438,COMPLIMENTS Cheese Slices,4.99,2026-07-30T00:00:00-04:00,2026-08-05T22:59:59-04:00
Sobeys,8052438,Live Market Lobsters,14.99,2026-07-30T00:00:00-04:00,2026-08-05T22:59:59-04:00
Sobeys,8052438,Chicken Sausage,5.99,2026-07-30T00:00:00-04:00,2026-08-05T22:59:59-04:00
Sobeys,8052438,Pool Party Bouquet,24.99,2026-07-30T00:00:00-04:00,2026-08-05T22:59:59-04:00
Sobeys,8052438,Dracaena in Pineapple Ceramic,12.99,2026-07-30T00:00:00-04:00,2026-08-05T22:59:59-04:00
Sobeys,8052438,COMPLIMENTS Pickles,6.0,2026-07-30T00:00:00-04:00,2026-08-05T22:59:59-04:00
Sobeys,8052438,PAM Cooking Sprays,5.99,2026-07-30T00:00:00-04:00,2026-08-05T22:59:59-04:00
Sobeys,8052438,Handheld Savoury Pastries,2.0,2026-07-30T00:00:00-04:00,2026-08-05T22:59:59-04:00
Sobeys,8052438,COMPLIMENTS Bologna,1.99,2026-07-30T00:00:00-04:00,2026-08-05T22:59:59-04:00
Sobeys,8052438,KRAFT Jet-Puffed Marshmallows,3.99,2026-07-30T00:00:00-04:00,2026-08-05T22:59:59-04:00
Sobeys,8052438,"Topped Hummus, Regular Hummus or Dips",3.99,2026-07-30T00:00:00-04:00,2026-08-05T22:59:59-04:00
Sobeys,8052438,Eggo Waffles,5.99,2026-07-30T00:00:00-04:00,2026-08-05T22:59:59-04:00
Sobeys,8052438,Organic Extra Firm Tofu,3.69,2026-07-30T00:00:00-04:00,2026-08-05T22:59:59-04:00
Sobeys,8052438,COMPLIMENTS Peanuts,5.99,2026-07-30T00:00:00-04:00,2026-08-05T22:59:59-04:00
Sobeys,8052438,Large Navel Oranges,1.99,2026-07-30T00:00:00-04:00,2026-08-05T22:59:59-04:00
Sobeys,8052438,BOURSIN,6.99,2026-07-30T00:00:00-04:00,2026-08-05T22:59:59-04:00
Sobeys,8052438,Protein Bars,7.0,2026-07-30T00:00:00-04:00,2026-08-05T22:59:59-04:00
Sobeys,8052438,KICKING HORSE Ground Coffee,13.99,2026-07-30T00:00:00-04:00,2026-08-05T22:59:59-04:00
Sobeys,8052438,Family Size Crackers,4.99,2026-07-30T00:00:00-04:00,2026-08-05T22:59:59-04:00
Sobeys,8052438,BEST BUY Wafers,1.99,2026-07-30T00:00:00-04:00,2026-08-05T22:59:59-04:00
Sobeys,8052438,Basmati Rice,7.49,2026-07-30T00:00:00-04:00,2026-08-05T22:59:59-04:00
Sobeys,8052438,MR. NOODLES Instant Noodles,0.69,2026-07-30T00:00:00-04:00,2026-08-05T22:59:59-04:00
Sobeys,8052438,COMPLIMENTS New Brunswick Cooked Wild Lobster Claws or Newfoundland Cooked Wild Snow Crab Clusters,22.99,2026-07-30T00:00:00-04:00,2026-08-05T22:59:59-04:00
Sobeys,8052438,COMPLIMENTS Cozy Coop Large White Eggs,4.99,2026-07-30T00:00:00-04:00,2026-08-05T22:59:59-04:00
Sobeys,8052438,Fresh Medium Ground Chuck Beef Burgers,8.99,2026-07-30T00:00:00-04:00,2026-08-05T22:59:59-04:00
Sobeys,8052438,All Butter Pastries,5.99,2026-07-30T00:00:00-04:00,2026-08-05T22:59:59-04:00
Sobeys,8052438,Ice Cream or Non-Dairy Frozen Dessert,11.0,2026-07-30T00:00:00-04:00,2026-08-05T22:59:59-04:00
Sobeys,8052438,TAKIS,3.49,2026-07-30T00:00:00-04:00,2026-08-05T22:59:59-04:00
Sobeys,8052438,Tortilla Chips,3.99,2026-07-30T00:00:00-04:00,2026-08-05T22:59:59-04:00
Sobeys,8052438,EARTH'S OWN Barista,10.0,2026-07-30T00:00:00-04:00,2026-08-05T22:59:59-04:00
Sobeys,8052438,Multivitamin Tablets,18.99,2026-07-30T00:00:00-04:00,2026-08-05T22:59:59-04:00
Sobeys,8052438,Assorted Potted Mums,11.99,2026-07-30T00:00:00-04:00,2026-08-05T22:59:59-04:00
Sobeys,8052438,COMPLIMENTS Ice Cream Cones,2.99,2026-07-30T00:00:00-04:00,2026-08-05T22:59:59-04:00
Sobeys,8052438,ALCAN Foil 50 ft or Non-Stick 25 ft,4.49,2026-07-30T00:00:00-04:00,2026-08-05T22:59:59-04:00
Sobeys,8052438,Drinkable Yogurt,3.99,2026-07-30T00:00:00-04:00,2026-08-05T22:59:59-04:00
Sobeys,8052438,SWANSON Pot Pies,1.99,2026-07-30T00:00:00-04:00,2026-08-05T22:59:59-04:00
Sobeys,8052438,Pods,34.99,2026-07-30T00:00:00-04:00,2026-08-05T22:59:59-04:00
Sobeys,8052438,Organic Bars,4.99,2026-07-30T00:00:00-04:00,2026-08-05T22:59:59-04:00
Sobeys,8052438,Complete Nutritional Supplement Drink,9.99,2026-07-30T00:00:00-04:00,2026-08-05T22:59:59-04:00
Sobeys,8052438,Ice Cream,4.94,2026-07-30T00:00:00-04:00,2026-08-05T22:59:59-04:00
Sobeys,8052438,From Atlantic Canada Fresh Choice Oysters,1.25,2026-07-30T00:00:00-04:00,2026-08-05T22:59:59-04:00
Sobeys,8052438,STERLING SILVER Fresh Boneless Top Sirloin Premium Oven Roast or Family Size Grilling Steaks,18.99,2026-07-30T00:00:00-04:00,2026-08-05T22:59:59-04:00
Sobeys,8052438,Gourmet Cookies,7.49,2026-07-30T00:00:00-04:00,2026-08-05T22:59:59-04:00
Sobeys,8052438,SAN DANIELE Prosciutto,6.99,2026-07-30T00:00:00-04:00,2026-08-05T22:59:59-04:00
Sobeys,8052438,Avocado Salsa,6.49,2026-07-30T00:00:00-04:00,2026-08-05T22:59:59-04:00
Sobeys,8052438,Organic Peanut Butter,7.29,2026-07-30T00:00:00-04:00,2026-08-05T22:59:59-04:00
Sobeys,8052438,COMPLIMENTS NATURALLY SIMPLE Gluten Free Almond Flour,9.99,2026-07-30T00:00:00-04:00,2026-08-05T22:59:59-04:00
Sobeys,8052438,"Fresh Premium Cheesy, Portabella Mushroom & Mozzarella, Bacon & Cheddar or Jalapeño & Cheddar or All Dressed Seasoned Medium Ground Chuck Beef Burgers",9.99,2026-07-30T00:00:00-04:00,2026-08-05T22:59:59-04:00
Sobeys,8052438,Corn,0.88,2026-07-30T00:00:00-04:00,2026-08-05T22:59:59-04:00
Sobeys,8052438,Mini Croissants,2.99,2026-07-30T00:00:00-04:00,2026-08-05T22:59:59-04:00
Sobeys,8052438,JACK LINK'S or GOLDEN ISLAND Jerky,6.99,2026-07-30T00:00:00-04:00,2026-08-05T22:59:59-04:00
Sobeys,8052438,Dried Fruit,4.99,2026-07-30T00:00:00-04:00,2026-08-05T22:59:59-04:00
Sobeys,8052438,COMPLIMENTS Sliced Meats,3.49,2026-07-30T00:00:00-04:00,2026-08-05T22:59:59-04:00
Sobeys,8052438,XXL Roasted Sunflower Seeds,4.29,2026-07-30T00:00:00-04:00,2026-08-05T22:59:59-04:00
Sobeys,8052438,Garlic,1.29,2026-07-30T00:00:00-04:00,2026-08-05T22:59:59-04:00
Sobeys,8052438,LANGERS Tropical Juice Blends,3.99,2026-07-30T00:00:00-04:00,2026-08-05T22:59:59-04:00
Sobeys,8052438,COMPLIMENTS Smoked Sausages,13.99,2026-07-30T00:00:00-04:00,2026-08-05T22:59:59-04:00
Sobeys,8052438,Product of Canada TRUE NORTH Fresh Atlantic Salmon Fillets,35.0,2026-07-30T00:00:00-04:00,2026-08-05T22:59:59-04:00
Sobeys,8052438,Potatoes,3.99,2026-07-30T00:00:00-04:00,2026-08-05T22:59:59-04:00
Sobeys,8052438,Entertaining Deli Trays,22.99,2026-07-30T00:00:00-04:00,2026-08-05T22:59:59-04:00
Sobeys,8052438,Cupcakes,5.99,2026-07-30T00:00:00-04:00,2026-08-05T22:59:59-04:00
Sobeys,8052438,"COMPLIMENTS German, Hungarian or Peppercorn Salami",3.49,2026-07-30T00:00:00-04:00,2026-08-05T22:59:59-04:00
Sobeys,8052438,Mini Croissant Chicken Club Salad Sandwiches,7.99,2026-07-30T00:00:00-04:00,2026-08-05T22:59:59-04:00
Sobeys,8052438,Iced Tea,1.49,2026-07-30T00:00:00-04:00,2026-08-05T22:59:59-04:00
Sobeys,8052438,COMPLIMENTS Honey Graham Wafers,4.49,2026-07-30T00:00:00-04:00,2026-08-05T22:59:59-04:00
Sobeys,8052438,XL Cellos,9.49,2026-07-30T00:00:00-04:00,2026-08-05T22:59:59-04:00
Sobeys,8052438,Ropes,2.79,2026-07-30T00:00:00-04:00,2026-08-05T22:59:59-04:00
Sobeys,8052438,Raincoast Crisps,8.49,2026-07-30T00:00:00-04:00,2026-08-05T22:59:59-04:00
Sobeys,8052438,"COMPLIMENTS Apple, Apple Crumble or Pumpkin Pie",6.99,2026-07-30T00:00:00-04:00,2026-08-05T22:59:59-04:00
Sobeys,8052438,Panini or Calabrese Buns,4.69,2026-07-30T00:00:00-04:00,2026-08-05T22:59:59-04:00
Sobeys,8052438,Macaroni & Cheese,2.99,2026-07-30T00:00:00-04:00,2026-08-05T22:59:59-04:00
Sobeys,8052438,GATORADE,6.99,2026-07-30T00:00:00-04:00,2026-08-05T22:59:59-04:00
Sobeys,8052438,Goldfish Crackers,9.99,2026-07-30T00:00:00-04:00,2026-08-05T22:59:59-04:00
Sobeys,8052438,Clamato,4.49,2026-07-30T00:00:00-04:00,2026-08-05T22:59:59-04:00
Sobeys,8052438,KASHI Organic Fruit Bars,6.99,2026-07-30T00:00:00-04:00,2026-08-05T22:59:59-04:00
Sobeys,8052438,Plant-Based Yogurt,5.99,2026-07-30T00:00:00-04:00,2026-08-05T22:59:59-04:00
Sobeys,8052438,Heartburn Relief,14.99,2026-07-30T00:00:00-04:00,2026-08-05T22:59:59-04:00
Sobeys,8052438,Mouthwash,6.99,2026-07-30T00:00:00-04:00,2026-08-05T22:59:59-04:00
Sobeys,8052438,COMPLIMENTS Waste Bags,8.99,2026-07-30T00:00:00-04:00,2026-08-05T22:59:59-04:00
Sobeys,8052438,Bathroom Tissue,10.99,2026-07-30T00:00:00-04:00,2026-08-05T22:59:59-04:00
Sobeys,8052438,COMPLIMENTS Hot Dog or Hamburger Buns,1.88,2026-07-30T00:00:00-04:00,2026-08-05T22:59:59-04:00
Sobeys,8052438,"COMPLIMENTS, CARDINAL ROADHOUSE, BELMONT, MONTANIA, S JACK ASTOR'S OR SUNRISE BURGERS & MORE",10.99,2026-07-30T00:00:00-04:00,2026-08-05T22:59:59-04:00
Sobeys,8052438,Potato Style Buns,5.0,2026-07-30T00:00:00-04:00,2026-08-05T22:59:59-04:00
Sobeys,8052438,Cheesecakes,12.99,2026-07-30T00:00:00-04:00,2026-08-05T22:59:59-04:00
Sobeys,8052438,Collection Ice Cream or Yogurt Bars,5.49,2026-07-30T00:00:00-04:00,2026-08-05T22:59:59-04:00
Sobeys,8052438,Sparkling Drinks,8.49,2026-07-30T00:00:00-04:00,2026-08-05T22:59:59-04:00
Sobeys,8052438,CLEARLY CANADIAN Sparkling Water,4.0,2026-07-30T00:00:00-04:00,2026-08-05T22:59:59-04:00
Sobeys,8052438,NANDO'S Wing Sauce,5.99,2026-07-30T00:00:00-04:00,2026-08-05T22:59:59-04:00
Sobeys,8052438,Hydration Drinks,2.0,2026-07-30T00:00:00-04:00,2026-08-05T22:59:59-04:00
Atlantic Superstore,8055552,"PARTY PLATTERS, 592 G–1 KG",30.0,2026-07-30T00:00:00-04:00,2026-08-05T23:59:59-04:00
Atlantic Superstore,8055552,LONG EGGPLANT,3.0,2026-07-30T00:00:00-04:00,2026-08-05T23:59:59-04:00
Atlantic Superstore,8055552,"BENTO KAZOKU PLATTER, 1.2 KG",30.0,2026-07-30T00:00:00-04:00,2026-08-05T23:59:59-04:00
Atlantic Superstore,8055552,"SAMYANG BULDAK HOT CHICKEN FLAVOUR RAMEN NOODLES, 650/700 G",6.98,2026-07-30T00:00:00-04:00,2026-08-05T23:59:59-04:00
Atlantic Superstore,8055552,"HUGGIES PULL-UPS TRAINING PANTS, TRAINING UNDERWEAR SIZES, 2T-3T TO 5T-6T, 66-104'S OR PAMPERS EASY UPS TRAINING UNDERWEAR SIZES, 2T-3T TO 5T-6T, 52-112'S",37.0,2026-07-30T00:00:00-04:00,2026-08-05T23:59:59-04:00
Atlantic Superstore,8055552,"L'ORÉAL HAIR EXPERTISE SHAMPOO OR CONDITIONER, 150-375 ML",5.0,2026-07-30T00:00:00-04:00,2026-08-05T23:59:59-04:00
Atlantic Superstore,8055552,"NO NAME® LIQUID OR CREAMED HONEY, 1 KG",11.0,2026-07-30T00:00:00-04:00,2026-08-05T23:59:59-04:00
Atlantic Superstore,8055552,"GRACE VIENNA SAUSAGES, 130 G OR COCONUT WATER, 500 ML",1.25,2026-07-30T00:00:00-04:00,2026-08-05T23:59:59-04:00
Atlantic Superstore,8055552,"BRISK® ICED TEA, 710 mL",4.0,2026-07-30T00:00:00-04:00,2026-08-05T23:59:59-04:00
Atlantic Superstore,8055552,"SPEED STICK PREMIUM DEODORANT, 45-85 G OR SKINTIMATE/EDGE SHAVE GEL, 198 ML",3.5,2026-07-30T00:00:00-04:00,2026-08-05T23:59:59-04:00
Atlantic Superstore,8055552,POWER CRUNCH PROTEIN BAR,3.0,2026-07-30T00:00:00-04:00,2026-08-05T23:59:59-04:00
Atlantic Superstore,8055552,"CAMPBELL'S CHILI, 425 G OR PC® PINK SALMON, 170 G",3.5,2026-07-30T00:00:00-04:00,2026-08-05T23:59:59-04:00
Atlantic Superstore,8055552,"ROOSTER® TOFU, 454 G",4.88,2026-07-30T00:00:00-04:00,2026-08-05T23:59:59-04:00
Atlantic Superstore,8055552,"PEPPERIDGE FARM GOLDFISH CRACKERS, 156-227 G OR CRISPS, 177 G",7.0,2026-07-30T00:00:00-04:00,2026-08-05T23:59:59-04:00
Atlantic Superstore,8055552,"GRACE COCONUT MILK, 400 ML",1.0,2026-07-30T00:00:00-04:00,2026-08-05T23:59:59-04:00
Atlantic Superstore,8055552,"PEPSI SOFT DRINKS, 6X710 ML",4.5,2026-07-30T00:00:00-04:00,2026-08-05T23:59:59-04:00
Atlantic Superstore,8055552,"GATORADE PERFORM™/ G ZERO™ POWDER STICKS, 10x3 g",7.99,2026-07-30T00:00:00-04:00,2026-08-05T23:59:59-04:00
Atlantic Superstore,8055552,"GRACE CORNED BEEF, 340 G",5.25,2026-07-30T00:00:00-04:00,2026-08-05T23:59:59-04:00
Atlantic Superstore,8055552,"GRACE VIRGIN COCONUT OIL, 500 ML",6.29,2026-07-30T00:00:00-04:00,2026-08-05T23:59:59-04:00
Atlantic Superstore,8055552,"KRAFT REAL MAYONNAISE, 650-890 ML",5.79,2026-07-30T00:00:00-04:00,2026-08-05T23:59:59-04:00
Atlantic Superstore,8055552,"JUMBO HOTDOG OR HAMBURGER BUNS, 8'S OR BRIOCHE HAMBURGER BUNS, 6'S",3.5,2026-07-30T00:00:00-04:00,2026-08-05T23:59:59-04:00
Atlantic Superstore,8055552,"UNICO KALAMATA OLIVES, 375 ML OR BICK'S PICKLES, 1 L",5.0,2026-07-30T00:00:00-04:00,2026-08-05T23:59:59-04:00
Atlantic Superstore,8055552,"GLAD CLING WRAP, 90 M",5.5,2026-07-30T00:00:00-04:00,2026-08-05T23:59:59-04:00
Atlantic Superstore,8055552,"OCEAN'S LIGHT TUNA, 170 g",1.75,2026-07-30T00:00:00-04:00,2026-08-05T23:59:59-04:00
Atlantic Superstore,8055552,"MALTESERS MILK CHOCOLATE CANDY BITES, 165 G, M&M'S CHOCOLATE CANDIES, 155/165 G OR MARS PEANUT FREE CHOCOLATE CANDY BITES, 170 G",10.0,2026-07-30T00:00:00-04:00,2026-08-05T23:59:59-04:00
Atlantic Superstore,8055552,"VITAMALT MALT BEVERAGE, 330 ML",1.5,2026-07-30T00:00:00-04:00,2026-08-05T23:59:59-04:00
Atlantic Superstore,8055552,PAPAYA,2.5,2026-07-30T00:00:00-04:00,2026-08-05T23:59:59-04:00
Atlantic Superstore,8055552,LIFE AT HOME® CUSHION,15.0,2026-07-30T00:00:00-04:00,2026-08-05T23:59:59-04:00
Atlantic Superstore,8055552,"PAMPERS SWADDLERS OR CRUISERS 360° DIAPERS, SIZE 3-7, 92-192'S",45.0,2026-07-30T00:00:00-04:00,2026-08-05T23:59:59-04:00
Atlantic Superstore,8055552,"SIMILAC 360 TOTAL CARE POWDER FORMULA STEP 1 OR 2, 584 G",50.0,2026-07-30T00:00:00-04:00,2026-08-05T23:59:59-04:00
Atlantic Superstore,8055552,"PC® CHEESE STICKS, 345/454 G",9.0,2026-07-30T00:00:00-04:00,2026-08-05T23:59:59-04:00
Atlantic Superstore,8055552,"BUBLY™ SPARKLING WATER BEVERAGE, 2X355 ML",14.0,2026-07-30T00:00:00-04:00,2026-08-05T23:59:59-04:00
Atlantic Superstore,8055552,"NO NAME® MARSHMALLOW, 400 G",2.5,2026-07-30T00:00:00-04:00,2026-08-05T23:59:59-04:00
Atlantic Superstore,8055552,"ALEXIS DE PORTNEUF BRIE OR CAMEMBERT, 125 G",5.0,2026-07-30T00:00:00-04:00,2026-08-05T23:59:59-04:00
Atlantic Superstore,8055552,"GOLD SEAL WILD SOCKEYE SALMON, 213 g",6.25,2026-07-30T00:00:00-04:00,2026-08-05T23:59:59-04:00
Atlantic Superstore,8055552,"FERRERO ROCHER CHOCOLATE BARS, 90 G",10.0,2026-07-30T00:00:00-04:00,2026-08-05T23:59:59-04:00
Atlantic Superstore,8055552,"NO NAME® ORIGINAL HOT DOGS, 450 G",3.0,2026-07-30T00:00:00-04:00,2026-08-05T23:59:59-04:00
Atlantic Superstore,8055552,"WONDER HOTDOG OR HAMBURGER BUNS, 356-480 G, BALLPARK BUNS, 432/560 G OR HAMBURGER ROLLS, 672 G OR D'ITALIANO CRUSTINI, SAUSAGE OR HAMBURGER BUNS, 420-568 G",7.0,2026-07-30T00:00:00-04:00,2026-08-05T23:59:59-04:00
Atlantic Superstore,8055552,"MIO, KOOL-AID & CRYSTAL LIGHT LIQUID WATER ENHANCER, 48 ML AND POWDERED DRINK MIX, 24 - 45 G OR KOOL-AID JAMMERS FRUIT BEVERAGE, 10 X 180 ML",7.0,2026-07-30T00:00:00-04:00,2026-08-05T23:59:59-04:00
Atlantic Superstore,8055552,SMALL MIXED BOUQUET,10.0,2026-07-30T00:00:00-04:00,2026-08-05T23:59:59-04:00
Atlantic Superstore,8055552,"CHRISTIE FAMILY SIZE CRACKERS, 350-454 G",11.0,2026-07-30T00:00:00-04:00,2026-08-05T23:59:59-04:00
Atlantic Superstore,8055552,"MINI ROSE, 6 INCH",15.0,2026-07-30T00:00:00-04:00,2026-08-05T23:59:59-04:00
Atlantic Superstore,8055552,"FARMER'S MARKET™ HOMESTYLE TARTS, 348-510 G",7.0,2026-07-30T00:00:00-04:00,2026-08-05T23:59:59-04:00
Atlantic Superstore,8055552,"GENERAL MILLS™ RETAIL SIZE CEREAL, 297-430 g",9.99,2026-07-30T00:00:00-04:00,2026-08-05T23:59:59-04:00
Atlantic Superstore,8055552,"BETTY CROCKER™ SUPERMOIST CAKE MIX 375-404 G, CREAMY DELUXE FROSTINGS 340-450 G",5.0,2026-07-30T00:00:00-04:00,2026-08-05T23:59:59-04:00
Atlantic Superstore,8055552,"NO NAME® SOUR CREAM, 500 ML",6.0,2026-07-30T00:00:00-04:00,2026-08-05T23:59:59-04:00
Atlantic Superstore,8055552,"CRAYOLA CLICKS RETRACTABLE MARKERS, ORIGINAL OR NEON, 10'S OR CRAYOLA CLICKS MECHANICAL COLOURED PENCILS, 12'S",9.97,2026-07-30T00:00:00-04:00,2026-08-05T23:59:59-04:00
Atlantic Superstore,8055552,"PAMPERS SUPER BIG PACK DIAPERS, SIZES 1-7, 42-96'S",27.0,2026-07-30T00:00:00-04:00,2026-08-05T23:59:59-04:00
Atlantic Superstore,8055552,"ROOSTER® LIQUID HONEY, 1 KG",9.0,2026-07-30T00:00:00-04:00,2026-08-05T23:59:59-04:00
Atlantic Superstore,8055552,"BLUEBERRIES, 340 G",4.5,2026-07-30T00:00:00-04:00,2026-08-05T23:59:59-04:00
Atlantic Superstore,8055552,OKRA,4.5,2026-07-30T00:00:00-04:00,2026-08-05T23:59:59-04:00
Atlantic Superstore,8055552,"HEIWA SANUKI-STYLE UDON, 1.25 KG",5.49,2026-07-30T00:00:00-04:00,2026-08-05T23:59:59-04:00
Atlantic Superstore,8055552,"KAISER OR PANINI ROLLS, 6'S",8.0,2026-07-30T00:00:00-04:00,2026-08-05T23:59:59-04:00
Atlantic Superstore,8055552,"PC® BACON, 375 G",5.0,2026-07-30T00:00:00-04:00,2026-08-05T23:59:59-04:00
Atlantic Superstore,8055552,"T&T VEGETABLE SPRING ROLLS, 500 G",6.0,2026-07-30T00:00:00-04:00,2026-08-05T23:59:59-04:00
Atlantic Superstore,8055552,CELERY STALKS,3.0,2026-07-30T00:00:00-04:00,2026-08-05T23:59:59-04:00
Atlantic Superstore,8055552,PC® EXTRA LARGE GREEN OR RED SEEDLESS GRAPES,4.5,2026-07-30T00:00:00-04:00,2026-08-05T23:59:59-04:00
Atlantic Superstore,8055552,"FISHERMAN'S FINEST HOT SMOKED SALMON READY TO EAT OR OCEAN PIER WILD ATLANTIC SEA SCALLOPS, 320 G",26.0,2026-07-30T00:00:00-04:00,2026-08-05T23:59:59-04:00
Atlantic Superstore,8055552,"SANTOSH NAAN, 500 G",2.5,2026-07-30T00:00:00-04:00,2026-08-05T23:59:59-04:00
Atlantic Superstore,8055552,BABY BOK CHOY,2.88,2026-07-30T00:00:00-04:00,2026-08-05T23:59:59-04:00
Atlantic Superstore,8055552,"TIDE DETERGENT, 1.62-186L, PODS, 18-31'S, DOWNY OR GAIN FABRIC SOFTENER, 1.66-2.63L, DOWNY, GAIN BEADS, 202-279 G OR DAWN DISH JUGS, 2.21 L",10.0,2026-07-30T00:00:00-04:00,2026-08-05T23:59:59-04:00
Atlantic Superstore,8055552,"KING COLE TEA, 120-216'S OR TETLEY TEA, 216'S ORANGE PEKOE",10.0,2026-07-30T00:00:00-04:00,2026-08-05T23:59:59-04:00
Atlantic Superstore,8055552,"CRAVE FROZEN MEALS, 200-340 G OR KRAFT MACARONI AND CHEESE FROZEN DINNERS, 340 G",4.0,2026-07-30T00:00:00-04:00,2026-08-05T23:59:59-04:00
Atlantic Superstore,8055552,"TRADITIONAL HUMMUS, 260 G",4.0,2026-07-30T00:00:00-04:00,2026-08-05T23:59:59-04:00
Atlantic Superstore,8055552,"SURAJ® WHEAT SEMOLINA SOOJI FLOUR, 2 KG",6.0,2026-07-30T00:00:00-04:00,2026-08-05T23:59:59-04:00
Atlantic Superstore,8055552,"T&T COOKIES, 168-304 G",4.0,2026-07-30T00:00:00-04:00,2026-08-05T23:59:59-04:00
Atlantic Superstore,8055552,"MASTRO SLICED SALAMI DELI MEATS, 125-150 G OR BOURSIN, 150 G",5.0,2026-07-30T00:00:00-04:00,2026-08-05T23:59:59-04:00
Atlantic Superstore,8055552,FROM OUR CHEFS™ SERVICE CASE HAM,3.25,2026-07-30T00:00:00-04:00,2026-08-05T23:59:59-04:00
Atlantic Superstore,8055552,"FARMERS MARKET™ MINI CARROTS, 907 G",5.5,2026-07-30T00:00:00-04:00,2026-08-05T23:59:59-04:00
Atlantic Superstore,8055552,"SURATI SNACKS, 250/341 G",2.0,2026-07-30T00:00:00-04:00,2026-08-05T23:59:59-04:00
Atlantic Superstore,8055552,"KURKURE SNACKS, 115 G",1.5,2026-07-30T00:00:00-04:00,2026-08-05T23:59:59-04:00
Atlantic Superstore,8055552,"T&T COCONUT MILK, 398 ML",1.49,2026-07-30T00:00:00-04:00,2026-08-05T23:59:59-04:00
Atlantic Superstore,8055552,"OVALTINE MALTED DRINK, 400 G",5.99,2026-07-30T00:00:00-04:00,2026-08-05T23:59:59-04:00
Atlantic Superstore,8055552,"SUNRISE LARGE WAX BOLOGNA, 2 KG",17.5,2026-07-30T00:00:00-04:00,2026-08-05T23:59:59-04:00
Atlantic Superstore,8055552,"LAY'S POTATO CHIPS , 177-235 G",3.0,2026-07-30T00:00:00-04:00,2026-08-05T23:59:59-04:00
Atlantic Superstore,8055552,"CLARK BEANS, 398 ML",1.5,2026-07-30T00:00:00-04:00,2026-08-05T23:59:59-04:00
Atlantic Superstore,8055552,"NO NAME® NATURALLY IMPERFECT AVOCADO, 2.2 LB",7.0,2026-07-30T00:00:00-04:00,2026-08-05T23:59:59-04:00
Atlantic Superstore,8055552,"NO NAME® OLIVE OIL, , 750 ML",8.0,2026-07-30T00:00:00-04:00,2026-08-05T23:59:59-04:00
Atlantic Superstore,8055552,COUNTRY HARVEST BREAD OR BAGELS,7.0,2026-07-30T00:00:00-04:00,2026-08-05T23:59:59-04:00
Atlantic Superstore,8055552,"MTR READY TO EAT MEALS, 300 G",2.5,2026-07-30T00:00:00-04:00,2026-08-05T23:59:59-04:00
Atlantic Superstore,8055552,"VERY FINE SHREDDED CHEESE, FETA OR BOCCONCINI, 140-200 G",5.0,2026-07-30T00:00:00-04:00,2026-08-05T23:59:59-04:00
Atlantic Superstore,8055552,"PILLSBURY™ PIZZA POPS™, 8'S OR PILLSBURY™ PIZZA BITES",7.0,2026-07-30T00:00:00-04:00,2026-08-05T23:59:59-04:00
Atlantic Superstore,8055552,"BOUNTY PAPER TOWEL, 6=12 ROLL",18.0,2026-07-30T00:00:00-04:00,2026-08-05T23:59:59-04:00
Atlantic Superstore,8055552,"CASHMERE BATHROOM TISSUE, 20=60 ROLLS OR SPONGETOWELS PAPER TOWELS, 6=12 ROLLS OR SCOTTIES FACIAL TISSUE, 12'S",14.0,2026-07-30T00:00:00-04:00,2026-08-05T23:59:59-04:00
Atlantic Superstore,8055552,"SAPUTO DORE-MI HALOUMI, 235 G",8.0,2026-07-30T00:00:00-04:00,2026-08-05T23:59:59-04:00
Atlantic Superstore,8055552,"HEINZ KETCHUP, 750 ML – 1 L HEINZ MAYONNAISE, 675 ML MIRACLE WHIP SPREAD, 650 – 890 ML",6.0,2026-07-30T00:00:00-04:00,2026-08-05T23:59:59-04:00
Atlantic Superstore,8055552,CANTALOUPE,4.0,2026-07-30T00:00:00-04:00,2026-08-05T23:59:59-04:00
Atlantic Superstore,8055552,"LARGE VEGETABLE OR FRUIT PLATTER, 1.343-1.87 KG",20.0,2026-07-30T00:00:00-04:00,2026-08-02T23:59:59-04:00
Atlantic Superstore,8055552,"THE SNACK FACTORY PRETZEL CRISPS, 200 G",4.0,2026-07-30T00:00:00-04:00,2026-08-05T23:59:59-04:00
Atlantic Superstore,8055552,"NO NAME® ICE MILK, 4 L",8.5,2026-07-30T00:00:00-04:00,2026-08-05T23:59:59-04:00
Atlantic Superstore,8055552,GREEN KALE,2.5,2026-07-30T00:00:00-04:00,2026-08-05T23:59:59-04:00
Atlantic Superstore,8055552,UFC 100% COCONUT WATER,3.5,2026-07-30T00:00:00-04:00,2026-08-05T23:59:59-04:00
Atlantic Superstore,8055552,"PC® NATURAL SPRING WATER, 24X500 ML",3.0,2026-07-30T00:00:00-04:00,2026-08-05T23:59:59-04:00
Atlantic Superstore,8055552,"PC® KETTLE COOKED, RIPPLED KETTLE, LOADS OF™ FLAVOURS OR WORLD OF FLAVOURS POTATO CHIPS, 200 G",2.5,2026-07-30T00:00:00-04:00,2026-08-05T23:59:59-04:00
Atlantic Superstore,8055552,"HAAGEN DAZS ICE CREAM, 400-450 ML OR BARS, 3-4'S",4.94,2026-07-30T00:00:00-04:00,2026-08-05T23:59:59-04:00
Atlantic Superstore,8055552,STRIPLOIN GRILLING STEAK,11.88,2026-07-30T00:00:00-04:00,2026-08-02T23:59:59-04:00
Atlantic Superstore,8055552,"NO NAME® BUTTER, 454 G",11.0,2026-07-30T00:00:00-04:00,2026-08-05T23:59:59-04:00
Atlantic Superstore,8055552,"WAGH BAKRI PREMIUM TEA, 907 G",12.0,2026-07-30T00:00:00-04:00,2026-08-05T23:59:59-04:00
Atlantic Superstore,8055552,"ATLANTIC CHOICE SAUSAGES, 375-500 G",7.0,2026-07-30T00:00:00-04:00,2026-08-05T23:59:59-04:00
Atlantic Superstore,8055552,"PC® SQUEEZABLE TOPPING, 425 ML",6.0,2026-07-30T00:00:00-04:00,2026-08-05T23:59:59-04:00
Atlantic Superstore,8055552,"ACE BISTRO LOAF, 545-640 G",5.0,2026-07-30T00:00:00-04:00,2026-08-05T23:59:59-04:00
Atlantic Superstore,8055552,"SUFRA HALAL STEWING BEEF, 454 G",15.0,2026-07-30T00:00:00-04:00,2026-08-05T23:59:59-04:00
Atlantic Superstore,8055552,SEEDLESS WATERMELON,8.0,2026-07-30T00:00:00-04:00,2026-08-05T23:59:59-04:00
Atlantic Superstore,8055552,CHICKEN LEG QUARTERS,2.99,2026-07-30T00:00:00-04:00,2026-08-05T23:59:59-04:00
Atlantic Superstore,8055552,"ASC BASA STEAKS, 1 KG OR OCEAN MARKET WHOLE WILD CHUB MACKEREL, 1 KG",7.0,2026-07-30T00:00:00-04:00,2026-08-05T23:59:59-04:00
Atlantic Superstore,8055552,"IN-STORE MADE LOADED BOWLS, 345-380 G",10.0,2026-07-30T00:00:00-04:00,2026-08-05T23:59:59-04:00
Atlantic Superstore,8055552,"PUDGYBOY MINI DONUTS, 320 G",5.0,2026-07-30T00:00:00-04:00,2026-08-05T23:59:59-04:00
Atlantic Superstore,8055552,"MINI COOKIES, 326 G",5.0,2026-07-30T00:00:00-04:00,2026-08-05T23:59:59-04:00
Atlantic Superstore,8055552,"NUTELLA HAZELNUT SPREAD, 725 G",9.5,2026-07-30T00:00:00-04:00,2026-08-05T23:59:59-04:00
Atlantic Superstore,8055552,"BRAR'S DESI GHEE COOKING OIL, 800 G",15.0,2026-07-30T00:00:00-04:00,2026-08-05T23:59:59-04:00
Atlantic Superstore,8055552,"PC® DIPS OR HUMMUS, 200-228 G OR NAAN CRISPS, 170 G",7.0,2026-07-30T00:00:00-04:00,2026-08-05T23:59:59-04:00
Atlantic Superstore,8055552,"WATSON RIDGE CHICKEN BREASTS, 800 G",14.0,2026-07-30T00:00:00-04:00,2026-08-05T23:59:59-04:00
Atlantic Superstore,8055552,"POST OR ALPEN MUESLI FAMILY SIZE CEREAL, 453-650 G",5.5,2026-07-30T00:00:00-04:00,2026-08-05T23:59:59-04:00
Atlantic Superstore,8055552,"NO NAME® HOT DOG OR HAMBURGER BUNS, 8'S",2.5,2026-07-30T00:00:00-04:00,2026-08-05T23:59:59-04:00
Atlantic Superstore,8055552,"PHILADELPHIA CREAM CHEESE OR DIPS, 227/250 G, KRAFT SINGLES, 410 G OR CHEEZWHIZ, 450 G",4.0,2026-07-30T00:00:00-04:00,2026-08-05T23:59:59-04:00
Atlantic Superstore,8055552,"NO NAME® BREAD WHITE OR WHOLE WHEAT, 520 G",2.89,2026-07-30T00:00:00-04:00,2026-08-05T23:59:59-04:00
Atlantic Superstore,8055552,BUNCHED BEETS,4.0,2026-07-30T00:00:00-04:00,2026-08-05T23:59:59-04:00
Atlantic Superstore,8055552,SWEET BICOLOUR CORN,0.5,2026-07-30T00:00:00-04:00,2026-08-05T23:59:59-04:00
Atlantic Superstore,8055552,"BRU INSTANT COFFEE & ROASTED CHICORY, 200 G",10.0,2026-07-30T00:00:00-04:00,2026-08-05T23:59:59-04:00
Atlantic Superstore,8055552,"LECLERC GO PURE OR MUFFIN MAX BARS, 140-175 G",3.5,2026-07-30T00:00:00-04:00,2026-08-05T23:59:59-04:00
Atlantic Superstore,8055552,"PC® FROZEN FRUIT, 300-600 G",4.5,2026-07-30T00:00:00-04:00,2026-08-05T23:59:59-04:00
Atlantic Superstore,8055552,"MOTT'S CLAMATO JUICE, 1.89 L OR OCEAN SPRAY 100% JUICE BLEND OR COCKTAIL, 1.77-1.89 L",3.5,2026-07-30T00:00:00-04:00,2026-08-05T23:59:59-04:00
Atlantic Superstore,8055552,"PILLER'S KOLBASSA SAUSAGE, 250/375 G OR BALDERSON CHEDDAR, 250/280 G OR GOUDA, 170/200 G",8.0,2026-07-30T00:00:00-04:00,2026-08-05T23:59:59-04:00
Atlantic Superstore,8055552,"FRENCH'S MUSTARD, 325 ML",4.0,2026-07-30T00:00:00-04:00,2026-08-05T23:59:59-04:00
Atlantic Superstore,8055552,"PAN CORN MEAL, 1 KG",3.25,2026-07-30T00:00:00-04:00,2026-08-05T23:59:59-04:00
Atlantic Superstore,8055552,"LOCAL ATLANTIC STRAWBERRIES, QUART",6.5,2026-07-30T00:00:00-04:00,2026-08-05T23:59:59-04:00
Atlantic Superstore,8055552,"MONTANA'S BBQ SAUCE, 350 ML OR THE KEG SALAD DRESSING, 475 ML",6.0,2026-07-30T00:00:00-04:00,2026-08-05T23:59:59-04:00
Atlantic Superstore,8055552,"BOUNTY PAPER TOWEL, SELECT A SIZE, 2=5 ROLL",8.0,2026-07-30T00:00:00-04:00,2026-08-05T23:59:59-04:00
Atlantic Superstore,8055552,"DE CECCO PASTA, 454 G",3.0,2026-07-30T00:00:00-04:00,2026-08-05T23:59:59-04:00
Atlantic Superstore,8055552,"NO NAME® ICE CREAM CONES OR CUPS, 45-80 G",5.0,2026-07-30T00:00:00-04:00,2026-08-05T23:59:59-04:00
Atlantic Superstore,8055552,ENGLISH CUCUMBERS,1.5,2026-07-30T00:00:00-04:00,2026-08-05T23:59:59-04:00
Atlantic Superstore,8055552,CHINESE JUMBO CARROTS,1.0,2026-07-30T00:00:00-04:00,2026-08-05T23:59:59-04:00
Atlantic Superstore,8055552,JUMBO HAMBURGER OR HOT DOG BUNS,3.5,2026-07-30T00:00:00-04:00,2026-08-05T23:59:59-04:00
Atlantic Superstore,8055552,"PC® OR BLUE MENU® PANCAKE OR WAFFLE MIX, 905 G OR TABLE SYRUP, 750 ML",3.5,2026-07-30T00:00:00-04:00,2026-08-05T23:59:59-04:00
Atlantic Superstore,8055552,"GATORADE SPORTS DRINK, 6X591 ML",13.0,2026-07-30T00:00:00-04:00,2026-08-05T23:59:59-04:00
Atlantic Superstore,8055552,BEEF OXTAIL,14.5,2026-07-30T00:00:00-04:00,2026-08-05T23:59:59-04:00
Atlantic Superstore,8055552,PC® SIGNATURE GIFT BOUQUET,26.0,2026-07-30T00:00:00-04:00,2026-08-05T23:59:59-04:00
Atlantic Superstore,8055552,"CADBURY MINI EGGS CHOCOLATEY CANDY EGGS, 700 G",17.0,2026-07-30T00:00:00-04:00,2026-08-05T23:59:59-04:00
Atlantic Superstore,8055552,"EVIAN® NATURAL SPRING WATER / GATORADE® WATER, 1 L",6.0,2026-07-30T00:00:00-04:00,2026-08-05T23:59:59-04:00
Atlantic Superstore,8055552,COLOUR POP DAISY BUNCH,16.0,2026-07-30T00:00:00-04:00,2026-08-05T23:59:59-04:00
Atlantic Superstore,8055552,TOMATOES ON THE VINE,2.5,2026-07-30T00:00:00-04:00,2026-08-05T23:59:59-04:00
Atlantic Superstore,8055552,"MARIE MORIN CRÈME BRÛLÉE, SALTED CARAMEL CHEESECAKE OR CHOCOLATE GANACHE, 90 - 103 g",7.0,2026-07-30T00:00:00-04:00,2026-08-05T23:59:59-04:00
Atlantic Superstore,8055552,"NO NAME® ICE CREAM SANDWICHES OR BARS, 24/30'S",11.0,2026-07-30T00:00:00-04:00,2026-08-05T23:59:59-04:00
Atlantic Superstore,8055552,"WIBISCO SHIRLEY BISCUITS, 100 G OR SUPLIGEN INSTANT BREAKFAST BEVERAGE, 250 ML",1.25,2026-07-30T00:00:00-04:00,2026-08-05T23:59:59-04:00
Atlantic Superstore,8055552,"30 PIECE WINGS & WEDGES BUCKET, 1.29 KG",30.0,2026-07-30T00:00:00-04:00,2026-08-05T23:59:59-04:00
Atlantic Superstore,8055552,PURPLE UBE YAM,2.88,2026-07-30T00:00:00-04:00,2026-08-05T23:59:59-04:00
Atlantic Superstore,8055552,"KFI TAMARIND OR CORIANDER CHUTNEY, 455 ML",2.99,2026-07-30T00:00:00-04:00,2026-08-05T23:59:59-04:00
Atlantic Superstore,8055552,"PC® RIBS, 500/680 G OR WINGS, 800/907 G",14.0,2026-07-30T00:00:00-04:00,2026-08-05T23:59:59-04:00
Atlantic Superstore,8055552,"FARMER'S MARKET™ MUFFINS, 570-600 G",7.0,2026-07-30T00:00:00-04:00,2026-08-05T23:59:59-04:00
Atlantic Superstore,8055552,"NABOB ROAST AND GROUND COFFEE, 915/930 G, AGGA NESPRESSO CAPSULES 40'S OR TIMOTHY'S K-CUPS 30'S",20.0,2026-07-30T00:00:00-04:00,2026-08-05T23:59:59-04:00
Atlantic Superstore,8055552,FARMER'S MARKET™ NECTARINES OR PEACHES,5.5,2026-07-30T00:00:00-04:00,2026-08-05T23:59:59-04:00
Atlantic Superstore,8055552,"CHARRAS CORN TOSTADAS ORIGINAL FLAVOUR WITH SEA SALT, 350 G",3.25,2026-07-30T00:00:00-04:00,2026-08-05T23:59:59-04:00
Atlantic Superstore,8055552,"CHUBBY SOFT DRINKS, 250 ML",0.4,2026-07-30T00:00:00-04:00,2026-08-05T23:59:59-04:00
Atlantic Superstore,8055552,PC® BONE-IN CHICKEN THIGHS OR DRUMSTICKS,13.0,2026-07-30T00:00:00-04:00,2026-08-05T23:59:59-04:00
Atlantic Superstore,8055552,"POPPI SODA, 4X355 ML",8.0,2026-07-30T00:00:00-04:00,2026-08-05T23:59:59-04:00
Atlantic Superstore,8055552,"PC® BLACK TIGER SHRIMP RAW ZIPPERBACK™, 16-20/LB, 400 G OR SHRIMP APPETIZERS SELECTED VARIETIES, 294-454 G",11.0,2026-07-30T00:00:00-04:00,2026-08-05T23:59:59-04:00
Atlantic Superstore,8055552,"MAISON PERRIER SLIM CAN SPARKLING WATER, 8X330 ML",7.99,2026-07-30T00:00:00-04:00,2026-08-05T23:59:59-04:00
Atlantic Superstore,8055552,"CHARMIN BATH TISSUE, 12-48 roll",18.0,2026-07-30T00:00:00-04:00,2026-08-05T23:59:59-04:00
Atlantic Superstore,8055552,"OASIS 100% JUICE BLENDS, DEL MONTE NECTAR, HYDRAFRUIT, ARIZONA TEA, 960 ML OR ALLEN'S, 1 L",1.5,2026-07-30T00:00:00-04:00,2026-08-05T23:59:59-04:00
Atlantic Superstore,8055552,"SIGGI'S SKYR YOGURT, 650-750 G OR PC® ORANGE JUICE, 2.5 L",6.5,2026-07-30T00:00:00-04:00,2026-08-05T23:59:59-04:00
Atlantic Superstore,8055552,"PROMISE GLUTEN-FREE LOAVES, 400/480 G OR HAMBURGER BUNS OR SANDWICH ROLLS, 260 G",7.0,2026-07-30T00:00:00-04:00,2026-08-05T23:59:59-04:00
Atlantic Superstore,8055552,"BREYERS CREAMERY STYLE ICE CREAM, 1.4-14.11 L OR THE ORIGINAL POPSICLE NOVELTIES, 12'S/720 ML",3.99,2026-07-30T00:00:00-04:00,2026-08-05T23:59:59-04:00
Atlantic Superstore,8055552,"GRACE JERK SEASONING, 284 G",4.25,2026-07-30T00:00:00-04:00,2026-08-05T23:59:59-04:00
Atlantic Superstore,8055552,"PC ORGANICS PORTOBELLO MUSHROOM CAP, 4'S",7.0,2026-07-30T00:00:00-04:00,2026-08-05T23:59:59-04:00
Atlantic Superstore,8055552,"COCA-COLA OR PEPSI SOFT DRINKS, 24X355 ML",12.99,2026-07-30T00:00:00-04:00,2026-08-05T23:59:59-04:00
Atlantic Superstore,8055552,"SCHNEIDERS PEPPERETTES, 225-375 G",8.0,2026-07-30T00:00:00-04:00,2026-08-05T23:59:59-04:00
Atlantic Superstore,8055552,"MAPLE LEAF NATURAL SELECTIONS SLICED MEATS, 375/400 G",14.0,2026-07-30T00:00:00-04:00,2026-08-05T23:59:59-04:00
Atlantic Superstore,8055552,CHAYOTE SQUASH,1.75,2026-07-30T00:00:00-04:00,2026-08-05T23:59:59-04:00
Atlantic Superstore,8055552,"NATURE VALLEY™ SWEET & SALTY 175-210 G, FIBRE, 1 BARS, NATURE VALLEY PROTEIN BARS, NATURE VALLEY BISCUITS, 125-190 G",9.99,2026-07-30T00:00:00-04:00,2026-08-05T23:59:59-04:00
Atlantic Superstore,8055552,"GREENHOUSE EXTRA LARGE ORANGE, RED OR YELLOW SWEET PEPPERS",3.5,2026-07-30T00:00:00-04:00,2026-08-05T23:59:59-04:00
Atlantic Superstore,8055552,"WHITE TUNA, 170 g",3.5,2026-07-30T00:00:00-04:00,2026-08-05T23:59:59-04:00
Atlantic Superstore,8055552,5 INCH ORCHID,28.0,2026-07-30T00:00:00-04:00,2026-08-05T23:59:59-04:00
Atlantic Superstore,8055552,"ROASTED RED PEPPER PROTEIN HUMMUS, 3x100 g",6.0,2026-07-30T00:00:00-04:00,2026-08-05T23:59:59-04:00
Atlantic Superstore,8055552,"FARMER'S MARKET™ WHITE POTATOES, 10 LB",6.5,2026-07-30T00:00:00-04:00,2026-08-05T23:59:59-04:00
Atlantic Superstore,8055552,"PRAN SAMOSA OR VEGETABLE SPRING ROLLS, 400 G",2.99,2026-07-30T00:00:00-04:00,2026-08-05T23:59:59-04:00
Atlantic Superstore,8055552,"MEDIUM PREMIUM SALADS, 330 G",8.0,2026-07-30T00:00:00-04:00,2026-08-05T23:59:59-04:00
Atlantic Superstore,8055552,"CHELSEA BONED SALTED COD BITS, 454 G",10.0,2026-07-30T00:00:00-04:00,2026-08-05T23:59:59-04:00
Atlantic Superstore,8055552,"WILD PINK SALMON FLAVOURS, 80 g",5.0,2026-07-30T00:00:00-04:00,2026-08-05T23:59:59-04:00
Atlantic Superstore,8055552,"MAYNARDS CANDY, 814/816 G",9.0,2026-07-30T00:00:00-04:00,2026-08-05T23:59:59-04:00
Atlantic Superstore,8055552,"COTTONELLE® FLUSHABLE WIPES, 1-4's",12.0,2026-07-30T00:00:00-04:00,2026-08-05T23:59:59-04:00
Atlantic Superstore,8055552,"FERRERO ROCHER & INDIVIDUALLY WRAPPED CHOCOLATES, 80/100 G",6.5,2026-07-30T00:00:00-04:00,2026-08-05T23:59:59-04:00
Atlantic Superstore,8055552,"KELLOGG'S RETAIL SIZE CEREAL, 250-355 G",9.99,2026-07-30T00:00:00-04:00,2026-08-05T23:59:59-04:00
Atlantic Superstore,8055552,CASSAVA,2.25,2026-07-30T00:00:00-04:00,2026-08-05T23:59:59-04:00
Atlantic Superstore,8055552,NEW ZEALAND SHORT CUT LAMB LEG,10.0,2026-07-30T00:00:00-04:00,2026-08-05T23:59:59-04:00
Atlantic Superstore,8055552,"IAMS PROACTIVE HEALTH DRY CAT FOOD, 1.588/1.59 KG",12.99,2026-07-30T00:00:00-04:00,2026-08-05T23:59:59-04:00
Atlantic Superstore,8055552,"NO NAME® BEEF BURGERS, 1.36 KG",20.0,2026-07-30T00:00:00-04:00,2026-08-05T23:59:59-04:00
Atlantic Superstore,8055552,"HEINZ PICNIC TRIO, 3 X 375 ML",6.0,2026-07-30T00:00:00-04:00,2026-08-05T23:59:59-04:00
Atlantic Superstore,8055552,DOZEN ROSES,20.0,2026-07-30T00:00:00-04:00,2026-08-05T23:59:59-04:00
Atlantic Superstore,8055552,"KELLOGG'S RICE KRISPIE SQUARES, 175 G, NUTRI-GRAIN BARS, 295 G OR POP TARTS PASTRIES, 384 G",9.99,2026-07-30T00:00:00-04:00,2026-08-05T23:59:59-04:00
Atlantic Superstore,8055552,PLANTAIN,1.5,2026-07-30T00:00:00-04:00,2026-08-05T23:59:59-04:00
Atlantic Superstore,8055552,"GENERAL MILLS CHEERIOS PROTEIN OR OATMEAL CRISP PROTEIN, OR OATMEAL CRISP CEREAL, 317-628 G",4.87,2026-07-30T00:00:00-04:00,2026-08-05T23:59:59-04:00
Atlantic Superstore,8055552,"LISTERINE MULTIBENEFITS, 1 L OR CLASSIC, 1.5 L MOUTHWASH",8.0,2026-07-30T00:00:00-04:00,2026-08-05T23:59:59-04:00
Atlantic Superstore,8055552,"CREST PRO HEALTH GUM DETOXIFY TOOTHPASTE, 110 ML, ORAL-B FLOSS TWIN PACK OR CREST PRO HEALTH ADVANCED RINSE, 1 L",8.0,2026-07-30T00:00:00-04:00,2026-08-05T23:59:59-04:00
Atlantic Superstore,8055552,"ASPIRIN 100/325'S, ALEVE, 40/52'S, ALEVE-X 72's, TYLENOL, 50 RELIEF TABLETS, CAPLETS, GELS OR RUB",15.0,2026-07-30T00:00:00-04:00,2026-08-05T23:59:59-04:00
Atlantic Superstore,8055552,"COLGATE OPTIC WHITE OR SENSITIVE PRO RELIEF TOOTHPASTE, 70-150 ML, KIDS MANUAL TOOTHBRUSHES, 2'S, HELLO TOOTHPASTE, 82-98 ML OR COLGATE PERIODONTAL TOOTHPASTE, 70 ML",6.5,2026-07-30T00:00:00-04:00,2026-08-05T23:59:59-04:00
Atlantic Superstore,8055552,KIDDICARE ECONO PACK DIAPERS,27.88,2026-07-30T00:00:00-04:00,2026-08-05T23:59:59-04:00
Atlantic Superstore,8055552,"LITTLE BELLIES ORGANIC PICK-ME STICKS, 16 G",7.0,2026-07-30T00:00:00-04:00,2026-08-05T23:59:59-04:00
Atlantic Superstore,8055552,"U BY KOTEX LINERS, 80-129'S PADS 24'S OR TAMPONS, 50/52'S",11.0,2026-07-30T00:00:00-04:00,2026-08-05T23:59:59-04:00
Atlantic Superstore,8055552,"OGX, MAUI OR AVEENO HAIR CARE",9.0,2026-07-30T00:00:00-04:00,2026-08-05T23:59:59-04:00
Atlantic Superstore,8055552,"NO NAME® PAPER PLATES, 40'S",4.5,2026-07-30T00:00:00-04:00,2026-08-05T23:59:59-04:00
Atlantic Superstore,8055552,"VASELINE BODY LOTION, 400-600 ML",7.5,2026-07-30T00:00:00-04:00,2026-08-05T23:59:59-04:00
Atlantic Superstore,8055552,SUN BUM SUNCARE PRODUCTS,12.39,2026-07-30T00:00:00-04:00,2026-08-05T23:59:59-04:00
Atlantic Superstore,8055552,"Q-TIPS COTTON SWABS, 200-500'S",4.5,2026-07-30T00:00:00-04:00,2026-08-05T23:59:59-04:00
Atlantic Superstore,8055552,"HERBAL ESSENCES PURE PLANTS SHAMPOO, CONDITIONER, 400 ML OR STYLING PRODUCTS, 170-226 G",9.0,2026-07-30T00:00:00-04:00,2026-08-05T23:59:59-04:00
Atlantic Superstore,8055552,"GERBER ORGANIC BABY CEREAL OR NESTLÉ CERELAC SAVOURY CEREAL, 200/208 G",11.0,2026-07-30T00:00:00-04:00,2026-08-05T23:59:59-04:00
Atlantic Superstore,8055552,"DOVE SHAMPOO OR CONDITIONER, 355ML; HAIRSPRAY OR DRY SHAMPOO, 195-273 ML",6.0,2026-07-30T00:00:00-04:00,2026-08-05T23:59:59-04:00
Atlantic Superstore,8055552,"SCOTSBURN FAMILY FAVOURITES ICE CREAM, 1.5 L OR NOVELTIES, 900 ML/1.32 L",4.5,2026-07-30T00:00:00-04:00,2026-08-05T23:59:59-04:00
Atlantic Superstore,8055552,"NO NAME® INSTANT COFFEE, 340 G",12.0,2026-07-30T00:00:00-04:00,2026-08-05T23:59:59-04:00
Atlantic Superstore,8055552,"SWANSON POT PIES, 200 G OR MICHELINA FROZEN MEALS, 128-284 G",1.35,2026-07-30T00:00:00-04:00,2026-08-05T23:59:59-04:00
Atlantic Superstore,8055552,"DARE BRETON GLUTEN FREE, 135 G, GRISSOL MELBA OR CANAPÉ TOAST, 150-200 G OR BAGUETTES, 120/130 G",7.0,2026-07-30T00:00:00-04:00,2026-08-05T23:59:59-04:00
Atlantic Superstore,8055552,"IN-STORE PREPARED ONE PAN FAMILY MEALS, 440-960 G",16.0,2026-07-30T00:00:00-04:00,2026-08-05T23:59:59-04:00
Atlantic Superstore,8055552,MINI CARNATION BUNCH,10.0,2026-07-30T00:00:00-04:00,2026-08-05T23:59:59-04:00
Atlantic Superstore,8055552,"NO NAME FLOUR, 2.5 KG",4.0,2026-07-30T00:00:00-04:00,2026-08-05T23:59:59-04:00
Atlantic Superstore,8055552,"GRACE CORNMEAL, 2 KG OR COCONUT WATER, 1 L",3.99,2026-07-30T00:00:00-04:00,2026-08-05T23:59:59-04:00
Atlantic Superstore,8055552,"FARMER'S MARKET® BUTTER CROISSANTS OR CROISSANT BUNS, 270-336 G",5.0,2026-07-30T00:00:00-04:00,2026-08-05T23:59:59-04:00
Atlantic Superstore,8055552,"LECLERC CELEBRATION COOKIES, 200-350 G",10.0,2026-07-30T00:00:00-04:00,2026-08-05T23:59:59-04:00
Atlantic Superstore,8055552,"DARE CANDY, 475-700 G",4.5,2026-07-30T00:00:00-04:00,2026-08-05T23:59:59-04:00
Atlantic Superstore,8055552,"HEINZ MAYONNAISE-STYLE SAUCES, 340 mL",3.5,2026-07-30T00:00:00-04:00,2026-08-05T23:59:59-04:00
Atlantic Superstore,8055552,"OLD EL PASO™ PREMIUM KITS, 250-510 G",6.49,2026-07-30T00:00:00-04:00,2026-08-05T23:59:59-04:00
Atlantic Superstore,8055552,"NO NAME® MUSHROOMS, 284 ML",1.5,2026-07-30T00:00:00-04:00,2026-08-05T23:59:59-04:00
Atlantic Superstore,8055552,"NO NAME® WAFFLES, 8'S",2.75,2026-07-30T00:00:00-04:00,2026-08-05T23:59:59-04:00
Atlantic Superstore,8055552,"PC® OR BLUE MENU® SALAD DRESSINGS, 475 ML OR CROUTONS, 140 G",3.5,2026-07-30T00:00:00-04:00,2026-08-05T23:59:59-04:00
Atlantic Superstore,8055552,"PC® SMOKIES™, 1 KG",12.0,2026-07-30T00:00:00-04:00,2026-08-05T23:59:59-04:00
Atlantic Superstore,8055552,"CHARMIN BATH TISSUE, 12=48 ROLL",18.0,2026-07-30T00:00:00-04:00,2026-08-05T23:59:59-04:00
Atlantic Superstore,8055552,"GLAD INDOOR BAGS, 12-52'S",8.0,2026-07-30T00:00:00-04:00,2026-08-05T23:59:59-04:00
Atlantic Superstore,8055552,"COTTONELLE® TOILET PAPER, 12=48 ROLLS",17.0,2026-07-30T00:00:00-04:00,2026-08-05T23:59:59-04:00
Atlantic Superstore,8055552,"REESE'S, WHOPPERS, HERSHEY'S, YORK, OH HENRY OR BROOKSIDE BAGGED CHOCOLATES, 160 - 270 G",10.0,2026-07-30T00:00:00-04:00,2026-08-05T23:59:59-04:00
Atlantic Superstore,8055552,EVERYDAY ESSENTIALS™ FLEECE THROW,10.0,2026-07-30T00:00:00-04:00,2026-08-05T23:59:59-04:00
Atlantic Superstore,8055552,EVERYDAY ESSENTIALS™ BATH TOWEL,8.0,2026-07-30T00:00:00-04:00,2026-08-05T23:59:59-04:00
Atlantic Superstore,8055552,"CRAYOLA COLOURED PENCILS, 24'S",2.34,2026-07-30T00:00:00-04:00,2026-08-05T23:59:59-04:00
Atlantic Superstore,8055552,EVERYDAY ESSENTIALS™ SMALL KITCHEN APPLIANCES,15.0,2026-07-30T00:00:00-04:00,2026-08-05T23:59:59-04:00
Atlantic Superstore,8055552,SPORTS BALLS OR HOOP SETS,12.0,2026-07-30T00:00:00-04:00,2026-08-05T23:59:59-04:00
Atlantic Superstore,8055552,EVERYDAY ESSENTIALS™ COMFORTERS,20.0,2026-07-30T00:00:00-04:00,2026-08-05T23:59:59-04:00
Atlantic Superstore,8055552,"IVORY BODY WASH, 1035 ML",7.49,2026-07-30T00:00:00-04:00,2026-08-05T23:59:59-04:00
Atlantic Superstore,8055552,"HUGGIES LITTLE SNUGGLERS, LITTLE MOVERS, SNUG & DRY OR LITTLE MOVERS HUGGFIT 360° DIAPERS, SIZES N-8, 62-186'S",35.0,2026-07-30T00:00:00-04:00,2026-08-05T23:59:59-04:00
Atlantic Superstore,8055552,"PURINA FANCY FEAST WET CAT FOOD, 85 G OR PURINA FRISKIES WET CAT FOOD, 156 G",0.9,2026-07-30T00:00:00-04:00,2026-08-05T23:59:59-04:00
Atlantic Superstore,8055552,"PAMPERS BABY WIPES, 1008'S",26.0,2026-07-30T00:00:00-04:00,2026-08-05T23:59:59-04:00
Atlantic Superstore,8055552,"LOVE CHILD ORGANICS POUCHES, 128 ML OR LOVE DUCKS, 30 G",10.0,2026-07-30T00:00:00-04:00,2026-08-05T23:59:59-04:00
Atlantic Superstore,8055552,"NO NAME® CHUNK OR FLAKE LIGHT TUNA, 170 G",1.25,2026-07-30T00:00:00-04:00,2026-08-05T23:59:59-04:00
Atlantic Superstore,8055552,"PEDIASURE NUTRITIONAL SUPPLEMENT, 4X235 ML",18.0,2026-07-30T00:00:00-04:00,2026-08-05T23:59:59-04:00
Atlantic Superstore,8055552,"PC® MAX™ PAPER TOWELS, 8'S",22.0,2026-07-30T00:00:00-04:00,2026-08-05T23:59:59-04:00
Atlantic Superstore,8055552,"BALZAC'S GROUND OR WHOLE BEAN COFFEE, 300/340 G, ILLY ROAST AND GROUND, 250 G OR TWINING'S TEA 100'S",14.0,2026-07-30T00:00:00-04:00,2026-08-05T23:59:59-04:00
Atlantic Superstore,8055552,"VEEBA SAUCES, 300-400 G",4.0,2026-07-30T00:00:00-04:00,2026-08-05T23:59:59-04:00
Atlantic Superstore,8055552,"SAPUTO MOZZARELLISSIMA PIZZA MOZZARELLA CHEESE, 690/700 G OR ARMSTRONG CHEESE SLICES, 500 G",9.49,2026-07-30T00:00:00-04:00,2026-08-05T23:59:59-04:00
Atlantic Superstore,8055552,BOOST READY TO DRINK SHAKES,12.5,2026-07-30T00:00:00-04:00,2026-08-05T23:59:59-04:00
Atlantic Superstore,8055552,LEAN GROUND BEEF,9.5,2026-07-30T00:00:00-04:00,2026-08-05T23:59:59-04:00
Atlantic Superstore,8055552,"DAN-D PAK CASHEWS, 500 G",8.49,2026-07-30T00:00:00-04:00,2026-08-05T23:59:59-04:00
Atlantic Superstore,8055552,"CAPTAIN JAC CRAB FLAVORED SEAFOOD FLAKES 11.02/KG OR VIVASEA COOKED NEW ZEALAND GREENSHELL MUSSELS, 500 G",5.0,2026-07-30T00:00:00-04:00,2026-08-05T23:59:59-04:00
Atlantic Superstore,8055552,"SUFRA® HALAL CHICKEN BREASTS, 250 G",14.0,2026-07-30T00:00:00-04:00,2026-08-05T23:59:59-04:00
Atlantic Superstore,8055552,"SWANSON CHICKEN BROTH, 412 ML",2.0,2026-07-30T00:00:00-04:00,2026-08-05T23:59:59-04:00
Atlantic Superstore,8055552,ROYAL GALA APPLES,2.5,2026-07-30T00:00:00-04:00,2026-08-05T23:59:59-04:00
Atlantic Superstore,8055552,"PC® GLUTEN FREE CAKES, 553 G",14.0,2026-07-30T00:00:00-04:00,2026-08-05T23:59:59-04:00
Atlantic Superstore,8055552,"OIKOS PRO DRINKABLE YOGURT, 300 ML",2.5,2026-07-30T00:00:00-04:00,2026-08-05T23:59:59-04:00
Atlantic Superstore,8055552,"KIND BREAKFAST OR HEALTHY GRAIN BARS, 175-200 G",3.0,2026-07-30T00:00:00-04:00,2026-08-05T23:59:59-04:00
Atlantic Superstore,8055552,"FAMILY SIZES SALADS, 665-9010",18.0,2026-07-30T00:00:00-04:00,2026-08-05T23:59:59-04:00
Atlantic Superstore,8055552,"PARTY PLATTERS, 592 G-KG",30.0,2026-07-30T00:00:00-04:00,2026-08-05T23:59:59-04:00
Atlantic Superstore,8055552,GREEN ZUCCHINI,2.99,2026-07-30T00:00:00-04:00,2026-08-05T23:59:59-04:00
Atlantic Superstore,8055552,ICEBERG LETTUCE,3.0,2026-07-30T00:00:00-04:00,2026-08-05T23:59:59-04:00
Atlantic Superstore,8055552,"PC® SPICES OR SEASONINGS, 8-62 g",6.5,2026-07-30T00:00:00-04:00,2026-08-05T23:59:59-04:00
Atlantic Superstore,8055552,"SAPUTO HALLOUMI, 235 G",8.0,2026-07-30T00:00:00-04:00,2026-08-05T23:59:59-04:00
Atlantic Superstore,8055552,"NATURE VALLEY™ MUFFIN BARS, 175 G, DUNKAROOS™, 168 G",4.5,2026-07-30T00:00:00-04:00,2026-08-05T23:59:59-04:00
Atlantic Superstore,8055552,"PC® DOUBLE CREAM BRIE, 165-200 G",7.0,2026-07-30T00:00:00-04:00,2026-08-05T23:59:59-04:00
Atlantic Superstore,8055552,"PC® FLATBREAD, 330-395 G OR PC® FOCACCIA, 415-456 G",4.0,2026-07-30T00:00:00-04:00,2026-08-05T23:59:59-04:00
Atlantic Superstore,8055552,"HIGHLINER PAN-SEAR OR SIGNATURE FISH, 425-540 G",14.0,2026-07-30T00:00:00-04:00,2026-08-05T23:59:59-04:00
Atlantic Superstore,8055552,"PC® DELI CHEESE SLICES, 500 G",14.0,2026-07-30T00:00:00-04:00,2026-08-05T23:59:59-04:00
Atlantic Superstore,8055552,"PRINGLES SUPER STACK POTATO CHIPS, 148/156 G",3.0,2026-07-30T00:00:00-04:00,2026-08-05T23:59:59-04:00
Atlantic Superstore,8055552,"ENFAMIL+ NEUROPRO BABY FORMULA POWDER REFILLS, 862/890 G",65.5,2026-07-30T00:00:00-04:00,2026-08-05T23:59:59-04:00
Atlantic Superstore,8055552,5-HOUR ENERGY,13.5,2026-07-30T00:00:00-04:00,2026-08-05T23:59:59-04:00
Atlantic Superstore,8055552,"L'ORÉAL PREFERENCE, FERIA OR GARNIER OLIA HAIR COLOUR",12.0,2026-07-30T00:00:00-04:00,2026-08-05T23:59:59-04:00
Atlantic Superstore,8055552,"RESER'S SALAD, 1.25-1.35 KG",7.49,2026-07-30T00:00:00-04:00,2026-08-05T23:59:59-04:00
Atlantic Superstore,8055552,FIESTA SUNFLOWER BUNCH,16.0,2026-07-30T00:00:00-04:00,2026-08-05T23:59:59-04:00
Atlantic Superstore,8055552,"DURACELL BATTERIES, AA12'S/AAA8'S",15.0,2026-07-30T00:00:00-04:00,2026-08-05T23:59:59-04:00
Atlantic Superstore,8055552,FRESH ATLANTIC SALMON SKIN-ON FILLETS,11.0,2026-07-30T00:00:00-04:00,2026-08-05T23:59:59-04:00
Atlantic Superstore,8055552,"SNYDER'S PRETZEL, 240 G",4.0,2026-07-30T00:00:00-04:00,2026-08-05T23:59:59-04:00
Atlantic Superstore,8055552,YOPLAIT CREAMY OR SOURCE YOGURT 16X100 G OR ACTIVIA PROBIOTIC YOGURT 12X100 G,7.0,2026-07-30T00:00:00-04:00,2026-08-05T23:59:59-04:00
Atlantic Superstore,8055552,"BIG FOOT CHIPS, 25 G",1.0,2026-07-30T00:00:00-04:00,2026-08-05T23:59:59-04:00
Atlantic Superstore,8055552,"CELSIUS® ENERGY DRINK OR ALANI® ENERGY DRINK, 355 mL",6.0,2026-07-30T00:00:00-04:00,2026-08-05T23:59:59-04:00
Atlantic Superstore,8055552,"CHAPMAN'S MARKDALE CREAMERY ICE CREAM, 2 L OR CANADIAN COLLECTION NOVELTIES, 8'S",4.5,2026-07-30T00:00:00-04:00,2026-08-05T23:59:59-04:00
Atlantic Superstore,8055552,"FINISH DISHWASHING TUBS, 30-45'S",15.0,2026-07-30T00:00:00-04:00,2026-08-05T23:59:59-04:00
Atlantic Superstore,8055552,"KRAFT SINGLES PROCESS CHEESE PRODUCT, 410 g",4.0,2026-07-30T00:00:00-04:00,2026-08-05T23:59:59-04:00
Atlantic Superstore,8055552,"CHILI SPICED OIL HUMM!, 482 g",6.0,2026-07-30T00:00:00-04:00,2026-08-05T23:59:59-04:00
Atlantic Superstore,8055552,"MELONA FROZEN DESSERT BARS, 560 ML",4.99,2026-07-30T00:00:00-04:00,2026-08-05T23:59:59-04:00
Atlantic Superstore,8055552,TENA UNDERWEAR OR PADS,18.0,2026-07-30T00:00:00-04:00,2026-08-05T23:59:59-04:00
Atlantic Superstore,8055552,"TOWN HOUSE CRACKERS, 247-391 G, CHEEZ-IT OR SNAP'D CRACKERS, 213/352 G",4.0,2026-07-30T00:00:00-04:00,2026-08-05T23:59:59-04:00
Atlantic Superstore,8055552,"PURE J.L KRAFT DRESSING & MARINADE, 355 ML",6.0,2026-07-30T00:00:00-04:00,2026-08-05T23:59:59-04:00
Atlantic Superstore,8055552,FARMER'S MARKET™ APRICOTS 1 L OR YELLOW PLUMS 1.5 L,7.0,2026-07-30T00:00:00-04:00,2026-08-05T23:59:59-04:00
Atlantic Superstore,8055552,"NO NAME® CHEESE BARS, 400 G OR SHREDS, 300-320 G",11.0,2026-07-30T00:00:00-04:00,2026-08-05T23:59:59-04:00
Atlantic Superstore,8055552,Joe Fresh,12.0,2026-07-30T00:00:00-04:00,2026-08-05T23:59:59-04:00
Atlantic Superstore,8055552,"PEPSICO BEVERAGES, 6x222 mL",10.0,2026-07-30T00:00:00-04:00,2026-08-05T23:59:59-04:00
Atlantic Superstore,8055552,"LARABAR™ FRUIT & NUT ENERGY BAR, 16 x 45/48 g",20.0,2026-07-30T00:00:00-04:00,2026-08-05T23:59:59-04:00
Atlantic Superstore,8055552,PORK SHOULDER BLADE STEAKS,4.5,2026-07-30T00:00:00-04:00,2026-08-05T23:59:59-04:00
Walmart,8059526,Jamieson magnesium ultra strength 150s,13.47,2026-07-30T00:00:00-04:00,2026-08-05T23:59:59-04:00
Walmart,8059526,Jamieson magnesium + ashwagandha 130s,17.97,2026-07-30T00:00:00-04:00,2026-08-05T23:59:59-04:00
Walmart,8059526,Jamieson magnesium,17.97,2026-07-30T00:00:00-04:00,2026-08-05T23:59:59-04:00
Walmart,8059526,Jamieson Vitamin D,6.67,2026-07-30T00:00:00-04:00,2026-08-05T23:59:59-04:00
Walmart,8059526,Jamieson magnesium bisglycinate 70s,13.47,2026-07-30T00:00:00-04:00,2026-08-05T23:59:59-04:00
Walmart,8059526,Jamieson vitamin C chewables,6.67,2026-07-30T00:00:00-04:00,2026-08-05T23:59:59-04:00
Walmart,8059526,Jamieson vitamin B12 100s,9.67,2026-07-30T00:00:00-04:00,2026-08-05T23:59:59-04:00
Walmart,8059526,"Jamieson calcium, magnesium and vitamin D3 200s",9.67,2026-07-30T00:00:00-04:00,2026-08-05T23:59:59-04:00
Walmart,8059526,Jamieson Vitamin D,6.67,2026-07-30T00:00:00-04:00,2026-08-05T23:59:59-04:00
Walmart,8059526,Jamieson vitamin B12 80s,9.67,2026-07-30T00:00:00-04:00,2026-08-05T23:59:59-04:00
Walmart,8059526,Jamieson magnesium,17.97,2026-07-30T00:00:00-04:00,2026-08-05T23:59:59-04:00
Walmart,8059526,Jamieson vitamin C chewables,6.67,2026-07-30T00:00:00-04:00,2026-08-05T23:59:59-04:00
Walmart,8059526,Jamieson gentle iron 90s,9.67,2026-07-30T00:00:00-04:00,2026-08-05T23:59:59-04:00
Walmart,8059526,Jamieson liquid iron 200 mL,16.17,2026-07-30T00:00:00-04:00,2026-08-05T23:59:59-04:00
Walmart,8059526,Jamieson berberine 70s,17.97,2026-07-30T00:00:00-04:00,2026-08-05T23:59:59-04:00
Walmart,8059526,Jamieson iron gummies 90s,16.17,2026-07-30T00:00:00-04:00,2026-08-05T23:59:59-04:00
Walmart,8059526,Purex laundry detergent,9.27,2026-07-30T00:00:00-04:00,2026-08-05T23:59:59-04:00
Walmart,8059526,Great Value butter,4.97,2026-07-30T00:00:00-04:00,2026-08-05T23:59:59-04:00
Walmart,8059526,Tostitos chips,2.97,2026-07-30T00:00:00-04:00,2026-08-05T23:59:59-04:00
Walmart,8059526,Maple Leaf hot dogs,3.97,2026-07-30T00:00:00-04:00,2026-08-05T23:59:59-04:00
Walmart,8059526,Cracker Barrel cheese block 400 g or shreds 320 g,5.97,2026-07-30T00:00:00-04:00,2026-08-05T23:59:59-04:00
Walmart,8059526,Liberté Greek yogurt,2.97,2026-07-30T00:00:00-04:00,2026-08-05T23:59:59-04:00
Walmart,8059526,Kellogg's Rice Krispies squares or Pop-Tarts,7.94,2026-07-30T00:00:00-04:00,2026-08-05T23:59:59-04:00
Walmart,8059526,"Cashmere bathroom tissue 30 = 62, 253 sheets or UltraLuxe 20 = 60,198 sheets",14.96,2026-07-30T00:00:00-04:00,2026-08-05T23:59:59-04:00
Walmart,8059526,Blueberries,2.44,2026-07-30T00:00:00-04:00,2026-08-05T23:59:59-04:00
Walmart,8059526,Your Fresh Market™ AAA Angus beef top sirloin and cap steak,9.98,2026-07-30T00:00:00-04:00,2026-08-05T23:59:59-04:00
Walmart,8059526,Liberté Greek yogurt,2.97,2026-07-30T00:00:00-04:00,2026-08-05T23:59:59-04:00
Walmart,8059526,Schneiders Original Recipe Wieners,3.97,2026-07-30T00:00:00-04:00,2026-08-05T23:59:59-04:00
Walmart,8059526,Purex laundry detergent,9.27,2026-07-30T00:00:00-04:00,2026-08-05T23:59:59-04:00
Walmart,8059526,Lay's chips,2.97,2026-07-30T00:00:00-04:00,2026-08-05T23:59:59-04:00
Walmart,8059526,Large seedless watermelon,7.98,2026-07-30T00:00:00-04:00,2026-08-05T23:59:59-04:00
Walmart,8059526,Kellogg's Rice Krispies squares or Pop-Tarts,7.94,2026-07-30T00:00:00-04:00,2026-08-05T23:59:59-04:00
Walmart,8059526,Cashmere bathroom tissue 30 = 62,14.96,2026-07-30T00:00:00-04:00,2026-08-05T23:59:59-04:00
Walmart,8059526,Great Value butter,4.97,2026-07-30T00:00:00-04:00,2026-08-05T23:59:59-04:00
Walmart,8059526,Nestlé Drumstick,3.97,2026-07-30T00:00:00-04:00,2026-08-05T23:59:59-04:00
Walmart,8059526,Cracker Barrel cheese block 400 g,5.97,2026-07-30T00:00:00-04:00,2026-08-05T23:59:59-04:00
Walmart,8059526,Maxwell House ground coffee 864 g or pods 30s,15.97,2026-07-30T00:00:00-04:00,2026-08-05T23:59:59-04:00
Walmart,8059526,Pepsi,13.97,2026-07-30T00:00:00-04:00,2026-08-05T23:59:59-04:00
Walmart,8059526,Tomatoes on the vine,2.42,2026-07-30T00:00:00-04:00,2026-08-05T23:59:59-04:00
Walmart,8059526,Corn,0.98,2026-07-30T00:00:00-04:00,2026-08-05T23:59:59-04:00
Walmart,8059526,Maple Leaf boneless skinless chicken breasts value pack,5.74,2026-07-30T00:00:00-04:00,2026-08-05T23:59:59-04:00
Walmart,8059526,Tetley tea pods 30s,15.97,2026-07-30T00:00:00-04:00,2026-08-05T23:59:59-04:00
Walmart,8059526,Nestlé Drumstick or Real Dairy confectioneries or tubs or Del Monte novelties,3.97,2026-07-30T00:00:00-04:00,2026-08-05T23:59:59-04:00
Walmart,8059526,Tomatoes on the vine or Roma tomatoes,2.42,2026-07-30T00:00:00-04:00,2026-08-05T23:59:59-04:00
Walmart,8059526,Maxwell House ground coffee,15.97,2026-07-30T00:00:00-04:00,2026-08-05T23:59:59-04:00
Walmart,8059526,Christie mini Snak Paks cookies,2.48,2026-07-30T00:00:00-04:00,2026-08-05T23:59:59-04:00
Walmart,8059526,Dempster's hamburger buns,2.98,2026-07-30T00:00:00-04:00,2026-08-05T23:59:59-04:00
Walmart,8059526,Coca-Cola Pop,3.97,2026-07-30T00:00:00-04:00,2026-08-05T23:59:59-04:00
Walmart,8059526,Kraft salad dressing,2.44,2026-07-30T00:00:00-04:00,2026-08-05T23:59:59-04:00
Walmart,8059526,Your Fresh Market™ butter croissants 12-pack,5.94,2026-07-30T00:00:00-04:00,2026-08-05T23:59:59-04:00
Walmart,8059526,Allen's apple juice boxes,2.98,2026-07-30T00:00:00-04:00,2026-08-05T23:59:59-04:00
Walmart,8059526,Sensible Portions Garden Veggie Straws,2.96,2026-07-30T00:00:00-04:00,2026-08-05T23:59:59-04:00
Walmart,8059526,SpongeTowels UltraPRO paper towels,19.98,2026-07-30T00:00:00-04:00,2026-08-05T23:59:59-04:00
Walmart,8059526,Christie mini Snak Paks cookies,10.48,2026-07-30T00:00:00-04:00,2026-08-05T23:59:59-04:00
Walmart,8059526,Heinz ketchup,4.97,2026-07-30T00:00:00-04:00,2026-08-05T23:59:59-04:00
Walmart,8059526,Orville Redenbacher popcorn,10.97,2026-07-30T00:00:00-04:00,2026-08-05T23:59:59-04:00
Walmart,8059526,Orville Redenbacher popcorn,10.97,2026-07-30T00:00:00-04:00,2026-08-05T23:59:59-04:00
Walmart,8059526,Your Fresh Market™ deli salads,3.27,2026-07-30T00:00:00-04:00,2026-08-05T23:59:59-04:00
Walmart,8059526,Brar's vegetable samosas,6.18,2026-07-30T00:00:00-04:00,2026-08-05T23:59:59-04:00
Walmart,8059526,Big Foot cheese snack,0.78,2026-07-30T00:00:00-04:00,2026-08-05T23:59:59-04:00
Walmart,8059526,Great Value smoked sausages,7.97,2026-07-30T00:00:00-04:00,2026-08-05T23:59:59-04:00
Walmart,8059526,Vaseline body gel oil,8.82,2026-07-30T00:00:00-04:00,2026-08-05T23:59:59-04:00
Walmart,8059526,Vaseline body gel oil Each.,8.82,2026-07-30T00:00:00-04:00,2026-08-05T23:59:59-04:00
Walmart,8059526,Fruitopia drinks,2.24,2026-07-30T00:00:00-04:00,2026-08-05T23:59:59-04:00
Walmart,8059526,Neutrogena Ultra Sheer face sunscreen SPF 100,17.97,2026-07-30T00:00:00-04:00,2026-08-05T23:59:59-04:00
Walmart,8059526,"HP 17.3"" Full HD 17-cn3012Ca laptop",699.98,2026-07-30T00:00:00-04:00,2026-08-05T23:59:59-04:00
Walmart,8059526,"onn. 11"" tablet (2026)",199.98,2026-07-30T00:00:00-04:00,2026-08-05T23:59:59-04:00
Walmart,8059526,Licensed lunch bag,11.97,2026-07-30T00:00:00-04:00,2026-08-05T23:59:59-04:00
Walmart,8059526,RITZ Handi-Snacks crackers 'n cheesy dip,9.48,2026-07-30T00:00:00-04:00,2026-08-05T23:59:59-04:00
Walmart,8059526,Mainstays 4-Tier shoe rack,9.77,2026-07-30T00:00:00-04:00,2026-08-05T23:59:59-04:00
Walmart,8059526,"10"" Android Tablet with Keyboard",179.99,2026-07-30T00:00:00-04:00,2026-08-05T23:59:59-04:00
Walmart,8059526,Great Value white kitchen bags,6.97,2026-07-30T00:00:00-04:00,2026-08-05T23:59:59-04:00
Walmart,8059526,Steve Madden backpack,34.97,2026-07-30T00:00:00-04:00,2026-08-05T23:59:59-04:00
Walmart,8059526,"Chromebook 311 11.6"" laptop",269.98,2026-07-30T00:00:00-04:00,2026-08-05T23:59:59-04:00
Walmart,8059526,"onn. 24"" Full HD monitor",109.98,2026-07-30T00:00:00-04:00,2026-08-05T23:59:59-04:00
Walmart,8059526,"onn. 8"" tablet (2026)",169.98,2026-07-30T00:00:00-04:00,2026-08-05T23:59:59-04:00
Walmart,8059526,Crayola Ultra-Clean washable broad line markers,5.97,2026-07-30T00:00:00-04:00,2026-08-05T23:59:59-04:00
Walmart,8059526,RITZ family size crackers,3.98,2026-07-30T00:00:00-04:00,2026-08-05T23:59:59-04:00
Walmart,8059526,Kinder Chocolate 6-pack or Kinder Surprises 3-pack,5.48,2026-07-30T00:00:00-04:00,2026-08-05T23:59:59-04:00
Walmart,8059526,Heinz Pasta,1.27,2026-07-30T00:00:00-04:00,2026-08-05T23:59:59-04:00
Walmart,8059526,Kids' or toddlers' athletic shoes,29.97,2026-07-30T00:00:00-04:00,2026-08-05T23:59:59-04:00
Walmart,8059526,Yucca root,1.77,2026-07-30T00:00:00-04:00,2026-08-05T23:59:59-04:00
Walmart,8059526,Grace Island Soda,1.08,2026-07-30T00:00:00-04:00,2026-08-05T23:59:59-04:00
Walmart,8059526,Maple Leaf fresh split chicken wings,6.43,2026-07-30T00:00:00-04:00,2026-08-05T23:59:59-04:00
Walmart,8059526,Big Banana sweet plantains,3.42,2026-07-30T00:00:00-04:00,2026-08-05T23:59:59-04:00
Walmart,8059526,Sharpie Toy Story 5 permanent markers,3.48,2026-07-30T00:00:00-04:00,2026-08-05T23:59:59-04:00
Walmart,8059526,Arctic Zone Uptown tote lunch bag,14.97,2026-07-30T00:00:00-04:00,2026-08-05T23:59:59-04:00
Walmart,8059526,Country Harvest grain bread,3.48,2026-07-30T00:00:00-04:00,2026-08-05T23:59:59-04:00
Walmart,8059526,vega protein shake 4-pack,14.97,2026-07-30T00:00:00-04:00,2026-08-05T23:59:59-04:00
Walmart,8059526,Kids Spider-Man 2-piece pyjama set,20.0,2026-07-30T00:00:00-04:00,2026-08-05T23:59:59-04:00
Walmart,8059526,Your Fresh Market™ mini carrots,2.44,2026-07-30T00:00:00-04:00,2026-08-05T23:59:59-04:00
Walmart,8059526,Frito-Lay variety pack 42s,19.97,2026-07-30T00:00:00-04:00,2026-08-05T23:59:59-04:00
Walmart,8059526,Smart Watch for Android & iPhone,28.72,2026-07-30T00:00:00-04:00,2026-08-05T23:59:59-04:00
Walmart,8059526,Apple iPhone 15 128GB Unlocked | Certified Refurbished,549.0,2026-07-30T00:00:00-04:00,2026-08-05T23:59:59-04:00
Walmart,8059526,Towable Inflatable Water Tube,188.99,2026-07-30T00:00:00-04:00,2026-08-05T23:59:59-04:00
Walmart,8059526,Bottle Sterilizer and Dryer for Baby Bottles,64.99,2026-07-30T00:00:00-04:00,2026-08-05T23:59:59-04:00
Walmart,8059526,Sun Bum sunscreen lotion,19.88,2026-07-30T00:00:00-04:00,2026-08-05T23:59:59-04:00
Walmart,8059526,Tide Simply All-in-One liquid laundry detergent,7.97,2026-07-30T00:00:00-04:00,2026-08-05T23:59:59-04:00
Walmart,8059526,Temptations cat treats 180 g or lickables 40 g or 48 g,2.58,2026-07-30T00:00:00-04:00,2026-08-05T23:59:59-04:00
Walmart,8059526,Pure Balance chicken or duck tenders dog treats,11.98,2026-07-30T00:00:00-04:00,2026-08-05T23:59:59-04:00
Walmart,8059526,Snack Pack puddings,1.98,2026-07-30T00:00:00-04:00,2026-08-05T23:59:59-04:00
Walmart,8059526,Oasis ready-to-drink smoothies,6.98,2026-07-30T00:00:00-04:00,2026-08-05T23:59:59-04:00
Walmart,8059526,Nerds Gummy Clusters,3.18,2026-07-30T00:00:00-04:00,2026-08-05T23:59:59-04:00
Walmart,8059526,Great Value granola bars,10.98,2026-07-30T00:00:00-04:00,2026-08-05T23:59:59-04:00
Walmart,8059526,Equate lavender body wash,4.87,2026-07-30T00:00:00-04:00,2026-08-05T23:59:59-04:00
Walmart,8059526,Great Value disinfectant wipes,10.97,2026-07-30T00:00:00-04:00,2026-08-05T23:59:59-04:00
Walmart,8059526,Spidey Amazing Friends Cozee Buddy flip-out chair by Delta Children,49.97,2026-07-30T00:00:00-04:00,2026-08-05T23:59:59-04:00
Walmart,8059526,Kraft Singles slices,3.97,2026-07-30T00:00:00-04:00,2026-08-05T23:59:59-04:00
Walmart,8059526,Heinz beans or pasta,1.27,2026-07-30T00:00:00-04:00,2026-08-05T23:59:59-04:00
Walmart,8059526,Your Fresh Market™ mini yellow potatoes,3.48,2026-07-30T00:00:00-04:00,2026-08-05T23:59:59-04:00
Walmart,8059526,Sungold,9.97,2026-07-30T00:00:00-04:00,2026-08-05T23:59:59-04:00
Walmart,8059526,Your Fresh Market™ mini cupcakes,3.97,2026-07-30T00:00:00-04:00,2026-08-05T23:59:59-04:00
Walmart,8059526,Pillsbury P Pizza Pops,18.97,2026-07-30T00:00:00-04:00,2026-08-05T23:59:59-04:00
Walmart,8059526,Raspberries,4.94,2026-07-30T00:00:00-04:00,2026-08-05T23:59:59-04:00
Walmart,8059526,GO Wireless Keyboard,19.98,2026-07-30T00:00:00-04:00,2026-08-05T23:59:59-04:00
Walmart,8059526,"onn. 8"" Kids' tablet",149.98,2026-07-30T00:00:00-04:00,2026-08-05T23:59:59-04:00
Walmart,8059526,Samsung Galaxy A17 128 GB unlocked phone,219.98,2026-08-07T00:00:00-04:00,2026-08-05T23:59:59-04:00
Walmart,8059526,two-bite brownies,6.42,2026-07-30T00:00:00-04:00,2026-08-05T23:59:59-04:00
Walmart,8059526,Grace coconut water,3.27,2026-07-30T00:00:00-04:00,2026-08-05T23:59:59-04:00
Walmart,8059526,L'Oréal Paris Infallible 3-Second setting mist,17.96,2026-07-30T00:00:00-04:00,2026-08-05T23:59:59-04:00
Walmart,8059526,Grace sardines in tomato sauce,0.98,2026-07-30T00:00:00-04:00,2026-08-05T23:59:59-04:00
Walmart,8059526,Mina halal fresh split chicken wings,6.43,2026-07-30T00:00:00-04:00,2026-08-05T23:59:59-04:00
Walmart,8059526,Janes Ultimates chicken wings or bites,11.47,2026-07-30T00:00:00-04:00,2026-08-05T23:59:59-04:00
Walmart,8059526,Great Value Breaded,8.97,2026-07-30T00:00:00-04:00,2026-08-05T23:59:59-04:00
Walmart,8059526,Our Finest orange juice,6.98,2026-07-30T00:00:00-04:00,2026-08-05T23:59:59-04:00
Walmart,8059526,Coca-Cola Pop,2.48,2026-07-30T00:00:00-04:00,2026-08-05T23:59:59-04:00
Walmart,8059526,Nutella B-ready bars,10.47,2026-07-30T00:00:00-04:00,2026-08-05T23:59:59-04:00
Walmart,8059526,"5th Wheel WLB17 adults' 26"" electric bike",519.99,2026-07-30T00:00:00-04:00,2026-08-05T23:59:59-04:00
Walmart,8059526,Premier Protein cafe latte shakes,33.97,2026-07-30T00:00:00-04:00,2026-08-05T23:59:59-04:00
Walmart,8059526,Ziploc sandwich mega pack,10.96,2026-07-30T00:00:00-04:00,2026-08-05T23:59:59-04:00
Walmart,8059526,Palmolive Essential clean liquid dish soap,1.97,2026-07-30T00:00:00-04:00,2026-08-05T23:59:59-04:00
Walmart,8059526,Spring Valley magnesium,16.47,2026-07-30T00:00:00-04:00,2026-08-05T23:59:59-04:00
Walmart,8059526,80-page notebook,0.48,2026-07-30T00:00:00-04:00,2026-08-05T23:59:59-04:00
Walmart,8059526,Scosche magnetic wireless phone charger,34.98,2026-07-30T00:00:00-04:00,2026-08-05T23:59:59-04:00
Walmart,8059526,Dime 3 XT true wireless earbuds,29.98,2026-07-30T00:00:00-04:00,2026-08-05T23:59:59-04:00
Walmart,8059526,BIC Mechanical pencils,7.98,2026-07-30T00:00:00-04:00,2026-08-05T23:59:59-04:00
Walmart,8059526,Wheeled duffle bag,29.88,2026-07-30T00:00:00-04:00,2026-08-05T23:59:59-04:00
Walmart,8059526,Hello Hobby stretched canvases,16.97,2026-07-30T00:00:00-04:00,2026-08-05T23:59:59-04:00
Walmart,8059526,Sharpie original 12-pack or Mystic Gems fine-point 14-pack permanent markers,7.98,2026-07-30T00:00:00-04:00,2026-08-05T23:59:59-04:00
Walmart,8059526,Hello Hobby stretched canvases,16.97,2026-07-30T00:00:00-04:00,2026-08-05T23:59:59-04:00
Walmart,8059526,Selected Not Your Mother's hair styling products,10.97,2026-07-30T00:00:00-04:00,2026-08-05T23:59:59-04:00
Walmart,8059526,Coca-Cola Pop,8.28,2026-07-30T00:00:00-04:00,2026-08-05T23:59:59-04:00
Walmart,8059526,Zevia Orange Creamsicle soda,6.48,2026-07-30T00:00:00-04:00,2026-08-05T23:59:59-04:00
Walmart,8059526,Coca-Cola Zero Pop,2.87,2026-07-30T00:00:00-04:00,2026-08-05T23:59:59-04:00
Walmart,8059526,wide-leg sweatpants,14.0,2026-07-30T00:00:00-04:00,2026-08-05T23:59:59-04:00
Walmart,8059526,AVIA Kids' or toddlers' athletic shoes,29.97,2026-07-30T00:00:00-04:00,2026-08-05T23:59:59-04:00
Walmart,8059526,Avia Kids' or toddlers' athletic shoes,29.97,2026-07-30T00:00:00-04:00,2026-08-05T23:59:59-04:00
Walmart,8059526,Towable Inflatable Water Tube,188.99,2026-07-30T00:00:00-04:00,2026-08-05T23:59:59-04:00
Walmart,8059526,"5TH WHEEL K9 Electric Bike for Kids, 150W",175.99,2026-07-30T00:00:00-04:00,2026-08-05T23:59:59-04:00
Walmart,8059526,Nivea Luminous 630 Dark Spot Solution serum,37.77,2026-07-30T00:00:00-04:00,2026-08-05T23:59:59-04:00
Walmart,8059526,Dove Men+Care 2-in-1 shampoo,11.76,2026-07-30T00:00:00-04:00,2026-08-05T23:59:59-04:00
Walmart,8059526,Selected Not Your Mother's hair styling products,10.97,2026-07-30T00:00:00-04:00,2026-08-05T23:59:59-04:00
Walmart,8059526,Sensodyne toothpaste,4.94,2026-07-30T00:00:00-04:00,2026-08-05T23:59:59-04:00
Walmart,8059526,KISS imPRESS nails,9.97,2026-07-30T00:00:00-04:00,2026-08-05T23:59:59-04:00
Walmart,8059526,Rimmel Multi Tasker on-the-go blush stick,11.96,2026-07-30T00:00:00-04:00,2026-08-05T23:59:59-04:00
Walmart,8059526,Baby Gourmet organic puree,2.27,2026-07-30T00:00:00-04:00,2026-08-05T23:59:59-04:00
Walmart,8059526,Little Bellies baby organic pick-me sticks snacks,2.88,2026-07-30T00:00:00-04:00,2026-08-05T23:59:59-04:00
Walmart,8059526,Harmony Transit deluxe backless booster car seat with UAS,33.97,2026-07-30T00:00:00-04:00,2026-08-05T23:59:59-04:00
Walmart,8059526,Baby Gourmet organic purée,2.27,2026-07-30T00:00:00-04:00,2026-08-05T23:59:59-04:00
Walmart,8059526,Kraft Salad Dressing,2.44,2026-07-30T00:00:00-04:00,2026-08-05T23:59:59-04:00
Walmart,8059526,Diana Sauce,3.97,2026-07-30T00:00:00-04:00,2026-08-05T23:59:59-04:00
Walmart,8059526,Neutrogena all-in-one duo cleansing wipes,17.97,2026-07-30T00:00:00-04:00,2026-08-05T23:59:59-04:00
Walmart,8059526,Enfamil A+ NeuroPro Gentlease ready-to-feed formula,87.97,2026-07-30T00:00:00-04:00,2026-08-05T23:59:59-04:00
Walmart,8059526,BULLS-EYE BBQ SAUCE,3.97,2026-07-30T00:00:00-04:00,2026-08-05T23:59:59-04:00
Walmart,8059526,Nivea face toner 200 mL,7.26,2026-07-30T00:00:00-04:00,2026-08-05T23:59:59-04:00
Walmart,8059526,Nivea body lotion,7.48,2026-07-30T00:00:00-04:00,2026-08-05T23:59:59-04:00
Walmart,8059526,Oîkos high protein 0% Greek yogurt,6.46,2026-07-30T00:00:00-04:00,2026-08-05T23:59:59-04:00
Walmart,8059526,Oikos Pro drinkable yogurt,3.47,2026-07-30T00:00:00-04:00,2026-08-05T23:59:59-04:00
Walmart,8059526,Lego Marvel Spider-Man Prison Transport Chase,69.86,2026-07-30T00:00:00-04:00,2026-08-05T23:59:59-04:00
Walmart,8059526,Nivea Derma Comfort roll-on antiperspirant,3.28,2026-07-30T00:00:00-04:00,2026-08-05T23:59:59-04:00
Walmart,8059526,Oikos Pro drinkable yogurt,3.47,2026-07-30T00:00:00-04:00,2026-08-05T23:59:59-04:00
Walmart,8059526,Spider-Man: Brand New Day Titan series action figure,14.96,2026-07-30T00:00:00-04:00,2026-08-05T23:59:59-04:00
Walmart,8059526,Red seedless grapes,4.94,2026-07-30T00:00:00-04:00,2026-08-05T23:59:59-04:00
Walmart,8059526,blackberries,4.94,2026-07-30T00:00:00-04:00,2026-08-05T23:59:59-04:00
Walmart,8059526,EcoTank ET-2803 wireless printer,199.98,2026-07-30T00:00:00-04:00,2026-08-05T23:59:59-04:00
Walmart,8059526,Dual-compartment lunch bag,16.97,2026-07-30T00:00:00-04:00,2026-08-05T23:59:59-04:00
Walmart,8059526,Royal & Langnickel Essentials paint set,7.97,2026-07-30T00:00:00-04:00,2026-08-05T23:59:59-04:00
Walmart,8059526,Math Roller Addition stamps,12.97,2026-07-30T00:00:00-04:00,2026-08-05T23:59:59-04:00
Walmart,8059526,3M Command value packs,11.97,2026-07-30T00:00:00-04:00,2026-08-05T23:59:59-04:00
Walmart,8059526,Crayola 64ct Crayons or Crayola 20ct washable Super Tips markers,2.0,2026-07-30T00:00:00-04:00,2026-08-05T23:59:59-04:00
Walmart,8059526,Sensible Portions Garden Veggie Straws,2.96,2026-07-30T00:00:00-04:00,2026-08-05T23:59:59-04:00
Walmart,8059526,Great Value 3-ply facial tissues,7.94,2026-07-30T00:00:00-04:00,2026-08-05T23:59:59-04:00
Walmart,8059526,Finish Quantum dishwasher tabs,19.97,2026-07-30T00:00:00-04:00,2026-08-05T23:59:59-04:00
Walmart,8059526,Men's Joe Boxer underwear,21.97,2026-07-30T00:00:00-04:00,2026-08-05T23:59:59-04:00
Walmart,8059526,Royalty cookies,2.48,2026-07-30T00:00:00-04:00,2026-08-05T23:59:59-04:00
Walmart,8059526,Pillsbury Pizza Pops,18.97,2026-07-30T00:00:00-04:00,2026-08-05T23:59:59-04:00
Walmart,8059526,Lou's Kitchen fully cooked entrees,9.88,2026-07-30T00:00:00-04:00,2026-08-05T23:59:59-04:00
Walmart,8059526,Swiss Chalet fully cooked pork back ribs,10.76,2026-07-30T00:00:00-04:00,2026-08-05T23:59:59-04:00
Walmart,8059526,Christie mini Snak Paks cookies,2.48,2026-07-30T00:00:00-04:00,2026-08-05T23:59:59-04:00
Walmart,8059526,Maple Leaf fresh split chicken wings,6.43,2026-07-30T00:00:00-04:00,2026-08-05T23:59:59-04:00
Walmart,8059526,Chubby soda,0.48,2026-07-30T00:00:00-04:00,2026-08-05T23:59:59-04:00
Walmart,8059526,Your Fresh Market™ mini red potatoes,3.48,2026-07-30T00:00:00-04:00,2026-08-05T23:59:59-04:00
Walmart,8059526,SheaMoisture styling products or treatments,14.42,2026-07-30T00:00:00-04:00,2026-08-05T23:59:59-04:00
Walmart,8059526,Mr. Noodles instant noodles,0.38,2026-07-30T00:00:00-04:00,2026-08-05T23:59:59-04:00
Walmart,8059526,Werther's Original caramel candy,2.38,2026-07-30T00:00:00-04:00,2026-08-05T23:59:59-04:00
Walmart,8059526,Kraft BBQ sauce,1.27,2026-07-30T00:00:00-04:00,2026-08-05T23:59:59-04:00
Walmart,8059526,Frito Lay Halloween treat bags 40s,13.37,2026-07-30T00:00:00-04:00,2026-08-05T23:59:59-04:00
Walmart,8059526,Wong Wing frozen appetizers,5.97,2026-07-30T00:00:00-04:00,2026-08-05T23:59:59-04:00
Walmart,8059526,M&M's chocolate,3.98,2026-07-30T00:00:00-04:00,2026-08-05T23:59:59-04:00
Walmart,8059526,Royale 2-ply bathroom tissue,19.96,2026-07-30T00:00:00-04:00,2026-08-05T23:59:59-04:00
Walmart,8059526,Fruitopia drinks,2.24,2026-07-30T00:00:00-04:00,2026-08-05T23:59:59-04:00
Walmart,8059526,"Great Value frozen meat, seafood or appetizers value packs",9.98,2026-07-30T00:00:00-04:00,2026-08-05T23:59:59-04:00
Walmart,8059526,iögo nanö novelties,5.97,2026-07-30T00:00:00-04:00,2026-08-05T23:59:59-04:00
Walmart,8059526,Leclerc Célébration ice cream sandwiches,6.94,2026-07-30T00:00:00-04:00,2026-08-05T23:59:59-04:00
Walmart,8059526,Sharpie bullet-tip creative markers 5-pack.,10.98,2026-07-30T00:00:00-04:00,2026-08-05T23:59:59-04:00
Walmart,8059526,Uni Posca PC-5M water-based paint markers,23.44,2026-07-30T00:00:00-04:00,2026-08-05T23:59:59-04:00
Walmart,8059526,Expo dry erase markers 8-pack,11.48,2026-07-30T00:00:00-04:00,2026-08-05T23:59:59-04:00
Walmart,8059526,Temptations cat treats 180 g or lickables 40 g or 48 g,2.58,2026-07-30T00:00:00-04:00,2026-08-05T23:59:59-04:00
Walmart,8059526,Nivea body wash,3.28,2026-07-30T00:00:00-04:00,2026-08-05T23:59:59-04:00
Walmart,8059526,Kraft salad dressing,2.44,2026-07-30T00:00:00-04:00,2026-08-05T23:59:59-04:00
Walmart,8059526,Bulk green peppers,1.92,2026-07-30T00:00:00-04:00,2026-08-05T23:59:59-04:00
Walmart,8059526,Pen+Gear binders,4.97,2026-07-30T00:00:00-04:00,2026-08-05T23:59:59-04:00
Walmart,8059526,Furlani garlic toast,4.98,2026-07-30T00:00:00-04:00,2026-08-05T23:59:59-04:00
Walmart,8059526,Marcangelo fresh chicken,9.97,2026-07-30T00:00:00-04:00,2026-08-05T23:59:59-04:00
Walmart,8059526,ce ice cream cups 18-pack or sugar cones 12-pack,2.77,2026-07-30T00:00:00-04:00,2026-08-05T23:59:59-04:00
Walmart,8059526,Tylenol Muscle & Body or Arthritis pain relief,20.67,2026-07-30T00:00:00-04:00,2026-08-05T23:59:59-04:00
Walmart,8059526,Canon PIXMA TS3720 wireless all-in-one printer,47.98,2026-07-30T00:00:00-04:00,2026-08-05T23:59:59-04:00
Walmart,8059526,Sistema food storage containers,9.97,2026-07-30T00:00:00-04:00,2026-08-05T23:59:59-04:00
Walmart,8059526,Coca-Cola Pop,3.97,2026-07-30T00:00:00-04:00,2026-08-05T23:59:59-04:00
Walmart,8059526,Ritz Bits Snackwiches 10-Snak paks,4.98,2026-07-30T00:00:00-04:00,2026-08-05T23:59:59-04:00
Walmart,8059526,Diet Coke Pop,8.28,2026-07-30T00:00:00-04:00,2026-08-05T23:59:59-04:00
Walmart,8059526,Watson Ridge chicken nuggets,5.97,2026-07-30T00:00:00-04:00,2026-08-05T23:59:59-04:00
Walmart,8059526,Christie mini Snak Paks cookies,10.48,2026-07-30T00:00:00-04:00,2026-08-05T23:59:59-04:00
Walmart,8059526,Talenti gelato or sorbet ice cream tubs or Popsicle novelties,5.98,2026-07-30T00:00:00-04:00,2026-08-05T23:59:59-04:00
Walmart,8059526,Lysol toilet bowl cleaner 710 mL,3.97,2026-07-30T00:00:00-04:00,2026-08-05T23:59:59-04:00
Walmart,8059526,Purina ONE dry cat food,19.47,2026-07-30T00:00:00-04:00,2026-08-05T23:59:59-04:00
Walmart,8059526,Christie Chips Ahoy! Mini Snak Paks,2.48,2026-07-30T00:00:00-04:00,2026-08-05T23:59:59-04:00
Walmart,8059526,Oasis beverages or juice boxes,3.47,2026-07-30T00:00:00-04:00,2026-08-05T23:59:59-04:00
Walmart,8059526,Oasis or juice boxes,3.47,2026-07-30T00:00:00-04:00,2026-08-05T23:59:59-04:00
Walmart,8059526,Swanson lasagna or sweet & sour chicken frozen entrees,4.47,2026-07-30T00:00:00-04:00,2026-08-05T23:59:59-04:00
Walmart,8059526,Broccoli crowns,2.44,2026-07-30T00:00:00-04:00,2026-08-05T23:59:59-04:00
Walmart,8059526,Your Fresh Market™ frosted cookies,3.97,2026-07-30T00:00:00-04:00,2026-08-05T23:59:59-04:00
Walmart,8059526,Country Harvest grain bread,3.48,2026-07-30T00:00:00-04:00,2026-08-05T23:59:59-04:00
Walmart,8059526,Zevia Strawberry Lemon Burst soda,6.48,2026-07-30T00:00:00-04:00,2026-08-05T23:59:59-04:00
Walmart,8059526,Reese's Minis Peanut Butter Cups candy,4.48,2026-07-30T00:00:00-04:00,2026-08-05T23:59:59-04:00
Walmart,8059526,Cadbury Caramilk Minis,5.98,2026-07-30T00:00:00-04:00,2026-08-05T23:59:59-04:00
Walmart,8059526,Pogo Original,12.97,2026-07-30T00:00:00-04:00,2026-08-05T23:59:59-04:00
Walmart,8059526,Great Value appetizers value packs,9.98,2026-07-30T00:00:00-04:00,2026-08-05T23:59:59-04:00
Walmart,8059526,Astro yogurt tubs,3.27,2026-07-30T00:00:00-04:00,2026-08-05T23:59:59-04:00
Walmart,8059526,Kraft Dinner,1.27,2026-07-30T00:00:00-04:00,2026-08-05T23:59:59-04:00
Walmart,8059526,Sour Patch Kids candy,3.98,2026-07-30T00:00:00-04:00,2026-08-05T23:59:59-04:00
Walmart,8059526,Canon PIXMA TR7122 wireless printer,99.98,2026-07-30T00:00:00-04:00,2026-08-05T23:59:59-04:00
Walmart,8059526,"Acer Iconia A10 Gen2 10.1"" tablet",179.98,2026-07-30T00:00:00-04:00,2026-08-05T23:59:59-04:00
Walmart,8059526,Diesel whey protein powder,39.98,2026-07-30T00:00:00-04:00,2026-08-05T23:59:59-04:00
Walmart,8059526,Pen+Gear report cover,0.22,2026-07-30T00:00:00-04:00,2026-08-05T23:59:59-04:00
Walmart,8059526,"Gateway (by Acer) laptop 14""",349.98,2026-07-30T00:00:00-04:00,2026-08-05T23:59:59-04:00
Walmart,8059526,Kruzer 200 folding scooter,99.97,2026-07-30T00:00:00-04:00,2026-08-05T23:59:59-04:00
Walmart,8059526,Outsunny 10'x10' Hardtop Patio Gazebo,549.99,2026-07-30T00:00:00-04:00,2026-08-05T23:59:59-04:00
Walmart,8059526,Bottle Sterilizer and Dryer for Baby Bottles,64.99,2026-07-30T00:00:00-04:00,2026-08-05T23:59:59-04:00
Walmart,8059526,Cetaphil lotion,12.97,2026-07-30T00:00:00-04:00,2026-08-05T23:59:59-04:00
Walmart,8059526,Annabelle Kohl Eyeliners,5.96,2026-07-30T00:00:00-04:00,2026-08-05T23:59:59-04:00
Walmart,8059526,Neutrogena all-in-one duo cleansing wipes,17.97,2026-07-30T00:00:00-04:00,2026-08-05T23:59:59-04:00
Walmart,8059526,Crest Scope Outlast mouthwash 1L,5.97,2026-07-30T00:00:00-04:00,2026-08-05T23:59:59-04:00
Walmart,8059526,Athena Club body wash,11.97,2026-07-30T00:00:00-04:00,2026-08-05T23:59:59-04:00
Walmart,8059526,e.l.f. Cosmetics primers or setting mist,12.97,2026-07-30T00:00:00-04:00,2026-08-05T23:59:59-04:00
Walmart,8059526,Sun Bum sunscreen spray SPF 30 - 50,19.88,2026-07-30T00:00:00-04:00,2026-08-05T23:59:59-04:00
Walmart,8059526,Parent's Choice wipes,19.94,2026-07-30T00:00:00-04:00,2026-08-05T23:59:59-04:00
Walmart,8059526,Parent's Choice milk-based infant formula,26.94,2026-07-30T00:00:00-04:00,2026-08-05T23:59:59-04:00
Walmart,8059526,Jamieson vitamins,13.47,2026-07-30T00:00:00-04:00,2026-08-05T23:59:59-04:00
Walmart,8059526,Great Value breaded or battered fish,8.97,2026-07-30T00:00:00-04:00,2026-08-05T23:59:59-04:00
Walmart,8059526,Baby Trend Tour LTE 2-in-1 stroller wagon,300.0,2026-07-30T00:00:00-04:00,2026-08-05T23:59:59-04:00
Walmart,8059526,Safety 1st Summit wagon stroller,399.97,2026-07-30T00:00:00-04:00,2026-08-05T23:59:59-04:00
Walmart,8059526,Parent's Choice organic baby food purée,1.17,2026-07-30T00:00:00-04:00,2026-08-05T23:59:59-04:00
Walmart,8059526,Fuze raspberry iced tea,2.77,2026-07-30T00:00:00-04:00,2026-08-05T23:59:59-04:00
Walmart,8059526,Oîkos Greek yogurt 4-pack,4.17,2026-07-30T00:00:00-04:00,2026-08-05T23:59:59-04:00
Walmart,8059526,Spider-Man 2 piece comforter set includes comforter and pillowcase,54.94,2026-07-30T00:00:00-04:00,2026-08-05T23:59:59-04:00
Walmart,8059526,"16"" Spider-Man bike",148.0,2026-07-30T00:00:00-04:00,2026-08-05T23:59:59-04:00
Walmart,8059526,Mio Iced tea drink mix,8.97,2026-07-30T00:00:00-04:00,2026-08-05T23:59:59-04:00
Walmart,8059526,Coppertone Kids SPF 50 sunscreen lotion or spray,16.47,2026-07-30T00:00:00-04:00,2026-08-05T23:59:59-04:00
Walmart,8059526,Nivea body lotion,7.48,2026-07-30T00:00:00-04:00,2026-08-05T23:59:59-04:00
Walmart,8059526,Nivea Men sensitive skin after shave balm 100 mL,11.96,2026-07-30T00:00:00-04:00,2026-08-05T23:59:59-04:00
Walmart,8059526,Kraft Miracle Whip Spread,3.97,2026-07-30T00:00:00-04:00,2026-08-05T23:59:59-04:00
Walmart,8059526,3M Command value packs,11.97,2026-07-30T00:00:00-04:00,2026-08-05T23:59:59-04:00
Walmart,8059526,Great Value sliced bread,2.88,2026-07-30T00:00:00-04:00,2026-08-05T23:59:59-04:00
Walmart,8059526,Equate hand soap refill,3.97,2026-07-30T00:00:00-04:00,2026-08-05T23:59:59-04:00
Walmart,8059526,Infants' Tylenol Fever & Pain,10.77,2026-07-30T00:00:00-04:00,2026-08-05T23:59:59-04:00
Walmart,8059526,Aussie shampoo or conditioner,8.97,2026-07-30T00:00:00-04:00,2026-08-05T23:59:59-04:00
Walmart,8059526,Equate hand soap refill,3.97,2026-07-30T00:00:00-04:00,2026-08-05T23:59:59-04:00
Walmart,8059526,Spider-Man: Brand New Day Spider-Man or Hulk costume mask,14.96,2026-07-30T00:00:00-04:00,2026-08-05T23:59:59-04:00
Walmart,8059526,RITZ Drizzled minis,4.98,2026-07-30T00:00:00-04:00,2026-08-05T23:59:59-04:00
Walmart,8059526,Nature's Path Organic Heritage flakes eco pack cereal,9.42,2026-07-30T00:00:00-04:00,2026-08-05T23:59:59-04:00
Walmart,8059526,Sensodyne Clinical White enamel strengthening,7.97,2026-07-30T00:00:00-04:00,2026-08-05T23:59:59-04:00
Walmart,8059526,Sensodyne Clinical Repair toothpaste,7.97,2026-07-30T00:00:00-04:00,2026-08-05T23:59:59-04:00
Walmart,8059526,3-in-l Lightweight stick vacuum,29.98,2026-07-30T00:00:00-04:00,2026-08-05T23:59:59-04:00
Walmart,8059526,Pronamel Toothpaste,4.94,2026-07-30T00:00:00-04:00,2026-08-05T23:59:59-04:00
Walmart,8059526,Athena Club body wash,11.97,2026-07-30T00:00:00-04:00,2026-08-05T23:59:59-04:00
Walmart,8059526,Rascals premium superpack diapers,21.88,2026-07-30T00:00:00-04:00,2026-08-05T23:59:59-04:00
Walmart,8059526,Annabelle kohl eyeliners,5.96,2026-07-30T00:00:00-04:00,2026-08-05T23:59:59-04:00
Walmart,8059526,Hulk costume mask,14.96,2026-07-30T00:00:00-04:00,2026-08-05T23:59:59-04:00
Walmart,8059526,Logitech USB computer headset,19.98,2026-07-30T00:00:00-04:00,2026-08-05T23:59:59-04:00
Walmart,8059526,4-Piece backpack set,16.97,2026-07-30T00:00:00-04:00,2026-08-05T23:59:59-04:00
Walmart,8059526,Logitech wireless keyboard and mouse,29.98,2026-07-30T00:00:00-04:00,2026-08-05T23:59:59-04:00
Walmart,8059526,Pen+Gear school list kit,16.98,2026-07-30T00:00:00-04:00,2026-08-05T23:59:59-04:00
Walmart,8059526,Crayola Clicks mechanical coloured pencils,9.97,2026-07-30T00:00:00-04:00,2026-08-05T23:59:59-04:00
Walmart,8059526,Selected padlocks,9.97,2026-07-30T00:00:00-04:00,2026-08-05T23:59:59-04:00
Walmart,8059526,Math Roller Symbols Addition stamps,12.97,2026-07-30T00:00:00-04:00,2026-08-05T23:59:59-04:00
Walmart,8059526,Elmer's Toy Story 5 glue,2.48,2026-07-30T00:00:00-04:00,2026-08-05T23:59:59-04:00
Walmart,8059526,TAL 24-oz. stainless steel 2-in-1 straw and chug water bottle,18.98,2026-07-30T00:00:00-04:00,2026-08-05T23:59:59-04:00
Walmart,8059526,Dairy Milk Mini chocolate bars,5.98,2026-07-30T00:00:00-04:00,2026-08-05T23:59:59-04:00
Walmart,8059526,Snack Pack puddings,1.98,2026-07-30T00:00:00-04:00,2026-08-05T23:59:59-04:00
Walmart,8059526,Huffy Capitol cruiser bike,198.0,2026-07-30T00:00:00-04:00,2026-08-05T23:59:59-04:00
Walmart,8059526,Swiss Chalet fully cooked pork back ribs,10.76,2026-07-30T00:00:00-04:00,2026-08-05T23:59:59-04:00
Walmart,8059526,Sunrise sliced bologna,5.97,2026-07-30T00:00:00-04:00,2026-08-05T23:59:59-04:00
Walmart,8059526,Strawberries,4.44,2026-07-30T00:00:00-04:00,2026-08-05T23:59:59-04:00
Walmart,8059526,Boursin cheese,5.47,2026-07-30T00:00:00-04:00,2026-08-05T23:59:59-04:00
Walmart,8059526,Astro Original yogurt 12-pack,4.27,2026-07-30T00:00:00-04:00,2026-08-05T23:59:59-04:00
Walmart,8059526,Your Fresh Market™ deli salads,3.27,2026-07-30T00:00:00-04:00,2026-08-05T23:59:59-04:00
Walmart,8059526,Taylor Farms chopped salad kit,5.77,2026-07-30T00:00:00-04:00,2026-08-05T23:59:59-04:00
Walmart,8059526,Marcangelo fresh chicken or pork kabobs,9.97,2026-07-30T00:00:00-04:00,2026-08-05T23:59:59-04:00
Walmart,8059526,Sunrise sliced bologna,5.97,2026-07-30T00:00:00-04:00,2026-08-05T23:59:59-04:00
Walmart,8059526,Schneiders bacon,5.97,2026-07-30T00:00:00-04:00,2026-08-05T23:59:59-04:00
Walmart,8059526,Heinz beans,1.27,2026-07-30T00:00:00-04:00,2026-08-05T23:59:59-04:00
Walmart,8059526,Red Baron classic or thin crust frozen pizza,2.97,2026-07-30T00:00:00-04:00,2026-08-05T23:59:59-04:00
Walmart,8059526,Nivea roll-on deodorant 50mL,3.28,2026-07-30T00:00:00-04:00,2026-08-05T23:59:59-04:00
Walmart,8059526,Lou's Kitchen fully cooked entrees,9.88,2026-07-30T00:00:00-04:00,2026-08-05T23:59:59-04:00
Walmart,8059526,Canada Dry ginger ale,3.97,2026-07-30T00:00:00-04:00,2026-08-05T23:59:59-04:00
Walmart,8059526,Werther's Original caramel candy,2.38,2026-07-30T00:00:00-04:00,2026-08-05T23:59:59-04:00
Walmart,8059526,Wong Wing frozen appetizers,5.97,2026-07-30T00:00:00-04:00,2026-08-05T23:59:59-04:00
Walmart,8059526,Dr. Oetker Giuseppe Pizzeria rising crust frozen pizza,5.84,2026-07-30T00:00:00-04:00,2026-08-05T23:59:59-04:00
Walmart,8059526,Great Value ice milk,6.97,2026-07-30T00:00:00-04:00,2026-08-05T23:59:59-04:00
Walmart,8059526,Great Value tuna bowls,3.97,2026-07-30T00:00:00-04:00,2026-08-05T23:59:59-04:00
Walmart,8059526,Jetstream backpacks,19.97,2026-07-30T00:00:00-04:00,2026-08-05T23:59:59-04:00
Walmart,8059526,Canon PIXMA TR4725 inkjet printer,59.98,2026-07-30T00:00:00-04:00,2026-08-05T23:59:59-04:00
Walmart,8059526,Coconut,2.28,2026-07-30T00:00:00-04:00,2026-08-05T23:59:59-04:00
Walmart,8059526,Pure Balance chicken or duck tenders dog treats,11.98,2026-07-30T00:00:00-04:00,2026-08-05T23:59:59-04:00
Walmart,8059526,Pine-Sol cleaner,11.97,2026-07-30T00:00:00-04:00,2026-08-05T23:59:59-04:00
Walmart,8059526,Bounty paper towels 4 = 12 rolls,14.98,2026-07-30T00:00:00-04:00,2026-08-05T23:59:59-04:00
Walmart,8059526,Equate high protein meal replacement shakes,10.97,2026-07-30T00:00:00-04:00,2026-08-05T23:59:59-04:00
Walmart,8059526,Crayola Clicks retractable markers,9.97,2026-07-30T00:00:00-04:00,2026-08-05T23:59:59-04:00
Walmart,8059526,Paper Mate Flair! felt-tip pens,15.98,2026-07-30T00:00:00-04:00,2026-08-05T23:59:59-04:00
Walmart,8059526,Hello Kitty creativity case,12.97,2026-07-30T00:00:00-04:00,2026-08-05T23:59:59-04:00
Walmart,8059526,Dome lunchbag,15.97,2026-07-30T00:00:00-04:00,2026-08-05T23:59:59-04:00
Walmart,8059526,Swanson lasagna or sweet & sour chicken frozen entrees,4.47,2026-07-30T00:00:00-04:00,2026-08-05T23:59:59-04:00
Walmart,8059526,Mainstays 6-cube storage organizer,39.97,2026-07-30T00:00:00-04:00,2026-08-05T23:59:59-04:00
Walmart,8059526,Nintendo Switch console and Sports game bundle,419.96,2026-07-30T00:00:00-04:00,2026-08-05T23:59:59-04:00
Walmart,8059526,Healthy Choice Simply Steamers frozen entrees,4.97,2026-07-30T00:00:00-04:00,2026-08-05T23:59:59-04:00
Walmart,8059526,"32"" HD QLED Roku Smart TV",158.0,2026-07-30T00:00:00-04:00,2026-08-05T23:59:59-04:00
Walmart,8059526,"onn 40""1080p FHD Roku Smart TV",218.0,2026-07-30T00:00:00-04:00,2026-08-05T23:59:59-04:00
Walmart,8059526,"ACER Aspire Lite 15.6"" FHD laptop",299.98,2026-07-30T00:00:00-04:00,2026-08-05T23:59:59-04:00
Walmart,8059526,Hamilton Beach 1.1-cu. ft. Stainless steel microwave,99.98,2026-07-30T00:00:00-04:00,2026-08-05T23:59:59-04:00
Walmart,8059526,George Leggings,5.0,2026-07-30T00:00:00-04:00,2026-08-05T23:59:59-04:00
Walmart,8059526,Wheeled duffle bag,29.88,2026-07-30T00:00:00-04:00,2026-08-05T23:59:59-04:00
Walmart,8059526,55 L Clear storage tote,8.97,2026-07-30T00:00:00-04:00,2026-08-05T23:59:59-04:00
Walmart,8059526,Mainstays 2.2-qt. Air fryer,39.98,2026-07-30T00:00:00-04:00,2026-08-05T23:59:59-04:00
Walmart,8059526,"64""x21"" Arched Full-Length Mirror",52.99,2026-07-30T00:00:00-04:00,2026-08-05T23:59:59-04:00
Walmart,8059526,Outsunny 10'x10' Hardtop Patio Gazebo,549.99,2026-07-30T00:00:00-04:00,2026-08-05T23:59:59-04:00
Walmart,8059526,KISS imPRESS nails,9.97,2026-07-30T00:00:00-04:00,2026-08-05T23:59:59-04:00
Walmart,8059526,Pink Collagen Overnight Gel Mask,19.89,2026-07-30T00:00:00-04:00,2026-08-05T23:59:59-04:00
Walmart,8059526,Nivea body lotion,7.48,2026-07-30T00:00:00-04:00,2026-08-05T23:59:59-04:00
Walmart,8059526,Reese's Pieces candy,4.48,2026-07-30T00:00:00-04:00,2026-08-05T23:59:59-04:00
Walmart,8059526,Pink Collagen Overnight Gel Mask,19.89,2026-07-30T00:00:00-04:00,2026-08-05T23:59:59-04:00
Walmart,8059526,Method Men body wash,9.97,2026-07-30T00:00:00-04:00,2026-08-05T23:59:59-04:00
Walmart,8059526,Maple Leaf raised without antibiotics fresh lean ground pork,4.97,2026-07-30T00:00:00-04:00,2026-08-05T23:59:59-04:00
Walmart,8059526,Maple Leaf bacon,5.97,2026-07-30T00:00:00-04:00,2026-08-05T23:59:59-04:00
Walmart,8059526,Lactantia trad spread 850 g,4.97,2026-07-30T00:00:00-04:00,2026-08-05T23:59:59-04:00
Walmart,8059526,green kiwi,9.97,2026-07-30T00:00:00-04:00,2026-08-05T23:59:59-04:00
Walmart,8059526,Coffee mate liquid coffee enhancers,4.97,2026-07-30T00:00:00-04:00,2026-08-05T23:59:59-04:00
Walmart,8059526,Smucker's Sundae Syrup,4.97,2026-07-30T00:00:00-04:00,2026-08-05T23:59:59-04:00
Walmart,8059526,Plantains,1.03,2026-07-30T00:00:00-04:00,2026-08-05T23:59:59-04:00
Walmart,8059526,Canada Dry ginger ale,2.48,2026-07-30T00:00:00-04:00,2026-08-05T23:59:59-04:00
Walmart,8059526,Your Fresh Market™ fresh medium ground beef,6.34,2026-07-30T00:00:00-04:00,2026-08-05T23:59:59-04:00
Walmart,8059526,Dr. Oetker Giuseppe Pizzeria thin crust frozen pizza,5.84,2026-07-30T00:00:00-04:00,2026-08-05T23:59:59-04:00
Walmart,8059526,Ben's Original Tasty Bite rice,1.57,2026-07-30T00:00:00-04:00,2026-08-05T23:59:59-04:00
Walmart,8059526,Post cereal,2.97,2026-07-30T00:00:00-04:00,2026-08-05T23:59:59-04:00
Walmart,8059526,Green Giant Valley Selections frozen vegetables,3.97,2026-07-30T00:00:00-04:00,2026-08-05T23:59:59-04:00
Walmart,8059526,Hellmann's mayonnaise,3.77,2026-07-30T00:00:00-04:00,2026-08-05T23:59:59-04:00
Walmart,8059526,Janes Ultimates chicken wings or bites,11.47,2026-07-30T00:00:00-04:00,2026-08-05T23:59:59-04:00
Walmart,8059526,Great Value ice cream waffle cones,3.97,2026-07-30T00:00:00-04:00,2026-08-05T23:59:59-04:00
Walmart,8059526,Great Value ice milk,6.97,2026-07-30T00:00:00-04:00,2026-08-05T23:59:59-04:00
Walmart,8059526,Royale 2-ply bathroom tissue,7.97,2026-07-30T00:00:00-04:00,2026-08-05T23:59:59-04:00
Walmart,8059526,Downy fabric softener 150 loads,12.97,2026-07-30T00:00:00-04:00,2026-08-05T23:59:59-04:00
Walmart,8059526,Bounce fabric softener sheets 240s,12.97,2026-07-30T00:00:00-04:00,2026-08-05T23:59:59-04:00
Walmart,8059526,IAMS dry dog food,26.97,2026-07-30T00:00:00-04:00,2026-08-05T23:59:59-04:00
Walmart,8059526,Ziploc sandwich or freezer bags mega pack,10.96,2026-07-30T00:00:00-04:00,2026-08-05T23:59:59-04:00
Walmart,8059526,Royale 2-ply bathroom tissue,19.96,2026-07-30T00:00:00-04:00,2026-08-05T23:59:59-04:00
Walmart,8059526,Tidy Cats LightWeight multi-cat clumping cat litter,28.88,2026-07-30T00:00:00-04:00,2026-08-05T23:59:59-04:00
Walmart,8059526,Royale facial tissue,19.97,2026-07-30T00:00:00-04:00,2026-08-05T23:59:59-04:00
Walmart,8059526,Tidy Cats LightWeight multi-cat clumping cat litter,28.88,2026-07-30T00:00:00-04:00,2026-08-05T23:59:59-04:00
Walmart,8059526,Equate high protein nutrition shakes,13.97,2026-07-30T00:00:00-04:00,2026-08-05T23:59:59-04:00
Walmart,8059526,Our Finest macaroni & cheese,2.97,2026-07-30T00:00:00-04:00,2026-08-05T23:59:59-04:00
Walmart,8059526,Equate aloe vera body wash,4.87,2026-07-30T00:00:00-04:00,2026-08-05T23:59:59-04:00
Walmart,8059526,Spring Valley magnesium,16.47,2026-07-30T00:00:00-04:00,2026-08-05T23:59:59-04:00
Walmart,8059526,Great Value tuna bowls,3.97,2026-07-30T00:00:00-04:00,2026-08-05T23:59:59-04:00
Walmart,8059526,Rascals premium super econo box diapers,29.88,2026-07-30T00:00:00-04:00,2026-08-05T23:59:59-04:00
Walmart,8059526,Listerine mouthwash,4.98,2026-07-30T00:00:00-04:00,2026-08-05T23:59:59-04:00
Walmart,8059526,L'Oréal Paris Hair Expertise shampoo,5.98,2026-07-30T00:00:00-04:00,2026-08-05T23:59:59-04:00
Walmart,8059526,Listerine mouthwash,4.98,2026-07-30T00:00:00-04:00,2026-08-05T23:59:59-04:00
Walmart,8059526,L'Oréal Paris Excellence hair colour,13.96,2026-07-30T00:00:00-04:00,2026-08-05T23:59:59-04:00
Walmart,8059526,Tylenol Arthritis pain relief,20.67,2026-07-30T00:00:00-04:00,2026-08-05T23:59:59-04:00
Walmart,8059526,Premier Protein shakes,12.97,2026-07-30T00:00:00-04:00,2026-08-05T23:59:59-04:00
Walmart,8059526,Pampers Easy Ups giant pack training underwear,36.94,2026-07-30T00:00:00-04:00,2026-08-05T23:59:59-04:00
Walmart,8059526,Diesel whey protein powder,39.98,2026-07-30T00:00:00-04:00,2026-08-05T23:59:59-04:00
Walmart,8059526,Neutrogena Ultra Sheer face sunscreen,17.97,2026-07-30T00:00:00-04:00,2026-08-05T23:59:59-04:00
Walmart,8059526,Aussie shampoo,8.97,2026-07-30T00:00:00-04:00,2026-08-05T23:59:59-04:00
Walmart,8059526,Colgate MaxFresh 3 x 150 mL or Total 3 x 120 mL toothpaste or 3600 Advanced toothbrushes 2-pack,7.97,2026-07-30T00:00:00-04:00,2026-08-05T23:59:59-04:00
Walmart,8059526,iPad A16 Wi-Fi 1286B,549.0,2026-07-30T00:00:00-04:00,2026-08-05T23:59:59-04:00
Walmart,8059526,Skullcandy Grom over-ear sound isolating kid's headphones,29.98,2026-07-30T00:00:00-04:00,2026-08-05T23:59:59-04:00
Walmart,8059526,Pen+Gear binders,4.97,2026-07-30T00:00:00-04:00,2026-08-05T23:59:59-04:00
Walmart,8059526,Pen+Gear report cover,0.22,2026-07-30T00:00:00-04:00,2026-08-05T23:59:59-04:00
Walmart,8059526,Heys backpack,16.97,2026-07-30T00:00:00-04:00,2026-08-05T23:59:59-04:00
Walmart,8059526,"16"" OmniBook 5 laptop",899.98,2026-07-30T00:00:00-04:00,2026-08-05T23:59:59-04:00
Walmart,8059526,"TUCCI Italy CityRider 17.7"" backpack",60.0,2026-07-30T00:00:00-04:00,2026-08-05T23:59:59-04:00
Walmart,8059526,onn. wireless mouse and keyboard combo,19.98,2026-07-30T00:00:00-04:00,2026-08-05T23:59:59-04:00
Walmart,8059526,onn. 30W I-port USB-C charger with 3' Type-C cable,27.98,2026-07-30T00:00:00-04:00,2026-08-05T23:59:59-04:00
Walmart,8059526,HP DeskJet 2942 all-in-one printer,49.98,2026-07-30T00:00:00-04:00,2026-08-05T23:59:59-04:00
Walmart,8059526,JLAB GO Wireless Bluetooth mouse,12.98,2026-07-30T00:00:00-04:00,2026-08-05T23:59:59-04:00
Walmart,8059526,HP Envy 6152E all-in-one printer,79.98,2026-07-30T00:00:00-04:00,2026-08-05T23:59:59-04:00
Walmart,8059526,JBuds Wireless mouse,29.98,2026-07-30T00:00:00-04:00,2026-08-05T23:59:59-04:00
Walmart,8059526,Licensed pencil boxes,11.98,2026-07-30T00:00:00-04:00,2026-08-05T23:59:59-04:00
Walmart,8059526,KPop Demon Hunters pens,12.97,2026-07-30T00:00:00-04:00,2026-08-05T23:59:59-04:00
Walmart,8059526,KPop Demon Hunters pencil cases,7.97,2026-07-30T00:00:00-04:00,2026-08-05T23:59:59-04:00
Walmart,8059526,KPop Demon Hunters pens,12.97,2026-07-30T00:00:00-04:00,2026-08-05T23:59:59-04:00
Walmart,8059526,Pen+Gear scientific calculator,14.98,2026-07-30T00:00:00-04:00,2026-08-05T23:59:59-04:00
Walmart,8059526,Stamp 'N Stick DIY kit or Math Roller Addition or Symbols Addition stamps,12.97,2026-07-30T00:00:00-04:00,2026-08-05T23:59:59-04:00
Walmart,8059526,Heys licensed backpack,16.97,2026-07-30T00:00:00-04:00,2026-08-05T23:59:59-04:00
Walmart,8059526,TAL 24-oz. stainless steel 2-in-l straw and chug water bottle,18.98,2026-07-30T00:00:00-04:00,2026-08-05T23:59:59-04:00
Walmart,8059526,Great Value sandwich bags,2.74,2026-07-30T00:00:00-04:00,2026-08-05T23:59:59-04:00
Walmart,8059526,Dome lunchbag,15.97,2026-07-30T00:00:00-04:00,2026-08-05T23:59:59-04:00
Walmart,8059526,Cool Gear,6.98,2026-07-30T00:00:00-04:00,2026-08-05T23:59:59-04:00
Walmart,8059526,ACT II microwave gourmet popcorn,2.47,2026-07-30T00:00:00-04:00,2026-08-05T23:59:59-04:00
Walmart,8059526,Christie Chips Ahoy! Mini Cookies Snak Paks,2.48,2026-07-30T00:00:00-04:00,2026-08-05T23:59:59-04:00
Walmart,8059526,Fanta Orange Pop,3.97,2026-07-30T00:00:00-04:00,2026-08-05T23:59:59-04:00
Walmart,8059526,Fuze mango & pineapple iced tea,7.47,2026-07-30T00:00:00-04:00,2026-08-05T23:59:59-04:00
Walmart,8059526,Natrel chocolate milk,6.46,2026-07-30T00:00:00-04:00,2026-08-05T23:59:59-04:00
Walmart,8059526,Reese's Big Cup stuffed with Pieces King,2.18,2026-07-30T00:00:00-04:00,2026-08-05T23:59:59-04:00
Walmart,8059526,Nutella biscuits,6.67,2026-07-30T00:00:00-04:00,2026-08-05T23:59:59-04:00
Walmart,8059526,Nutella hazelnut or peanut,8.47,2026-07-30T00:00:00-04:00,2026-08-05T23:59:59-04:00
Walmart,8059526,Swanson fettuccini Alfredo or cheesy rice with broccoli & chicken frozen entrees,4.47,2026-07-30T00:00:00-04:00,2026-08-05T23:59:59-04:00
Walmart,8059526,Natrel vanilla coffee creamer,6.88,2026-07-30T00:00:00-04:00,2026-08-05T23:59:59-04:00
Walmart,8059526,Vega protein Made Simple protein powder,19.97,2026-07-30T00:00:00-04:00,2026-08-05T23:59:59-04:00
Walmart,8059526,"Phoenix adults' 27.5"" electric bike",698.0,2026-07-30T00:00:00-04:00,2026-08-05T23:59:59-04:00
Walmart,8059526,Premier Protein Al'mazing vanilla non-dairy shakes,12.97,2026-07-30T00:00:00-04:00,2026-08-05T23:59:59-04:00
Walmart,8059526,Sterilite 3-drawer wide cart,39.97,2026-07-30T00:00:00-04:00,2026-08-05T23:59:59-04:00
Walmart,8059526,Sterilite wheeled under-bed tote,26.97,2026-07-30T00:00:00-04:00,2026-08-05T23:59:59-04:00
Walmart,8059526,OxiClean MaxForce laundry stain remover spray,7.47,2026-07-30T00:00:00-04:00,2026-08-05T23:59:59-04:00
Walmart,8059526,Sterilite 3-drawer medium cart,21.97,2026-07-30T00:00:00-04:00,2026-08-05T23:59:59-04:00
Walmart,8059526,Tide Simply laundry detergent,7.97,2026-07-30T00:00:00-04:00,2026-08-05T23:59:59-04:00
Walmart,8059526,Palmolive dish soap,1.97,2026-07-30T00:00:00-04:00,2026-08-05T23:59:59-04:00
Walmart,8059526,80-page notebook,0.48,2026-07-30T00:00:00-04:00,2026-08-05T23:59:59-04:00
Walmart,8059526,Pencil case,6.0,2026-07-30T00:00:00-04:00,2026-08-05T23:59:59-04:00
Walmart,8059526,80-page notebook,0.48,2026-07-30T00:00:00-04:00,2026-08-05T23:59:59-04:00
Walmart,8059526,"Aspire Lite 17.3"" HD IPS laptop",459.98,2026-07-30T00:00:00-04:00,2026-08-05T23:59:59-04:00
Walmart,8059526,3-Drawer medium cart,21.97,2026-07-30T00:00:00-04:00,2026-08-05T23:59:59-04:00
Walmart,8059526,2.2-qt. Air fryer,39.98,2026-07-30T00:00:00-04:00,2026-08-05T23:59:59-04:00
Walmart,8059526,Fleece hoodie,12.0,2026-07-30T00:00:00-04:00,2026-08-05T23:59:59-04:00
Walmart,8059526,Toastmaster 2-Slice toaster,14.88,2026-07-30T00:00:00-04:00,2026-08-05T23:59:59-04:00
Walmart,8059526,Mainstays 6-Cube organizer,39.97,2026-07-30T00:00:00-04:00,2026-08-05T23:59:59-04:00
Walmart,8059526,Toastmaster electric single burner,14.88,2026-07-30T00:00:00-04:00,2026-08-05T23:59:59-04:00
Walmart,8059526,Smart Watch for Android & iPhone,28.72,2026-07-30T00:00:00-04:00,2026-08-05T23:59:59-04:00
Walmart,8059526,Outdoor Folding Muskoka Chair,149.97,2026-07-30T00:00:00-04:00,2026-08-05T23:59:59-04:00
Walmart,8059526,Granitestone Blue 20-Piece Non-Stick Cookware Set,145.99,2026-07-30T00:00:00-04:00,2026-08-05T23:59:59-04:00
Walmart,8059526,"GE 14,000 BTU Smart Portable Air Conditioner",399.0,2026-07-30T00:00:00-04:00,2026-08-05T23:59:59-04:00
Walmart,8059526,Rimmel Multi Tasker on-the-go blush stick,11.96,2026-07-30T00:00:00-04:00,2026-08-05T23:59:59-04:00
Walmart,8059526,"Marc Anthony shampoo, conditioner or styling products or Cake styling products",11.94,2026-07-30T00:00:00-04:00,2026-08-05T23:59:59-04:00
Walmart,8059526,Cetaphil skin cleanser,12.97,2026-07-30T00:00:00-04:00,2026-08-05T23:59:59-04:00
Walmart,8059526,Crest 3D White Advanced toothpaste 135 mL,5.97,2026-07-30T00:00:00-04:00,2026-08-05T23:59:59-04:00
Walmart,8059526,e.l.f. Cosmetics primers or setting mist,12.97,2026-07-30T00:00:00-04:00,2026-08-05T23:59:59-04:00
Walmart,8059526,Nivea Luminous 630 Dark Spot Solution serum,37.77,2026-07-30T00:00:00-04:00,2026-08-05T23:59:59-04:00
Walmart,8059526,Rascals premium superpack diapers,21.88,2026-07-30T00:00:00-04:00,2026-08-05T23:59:59-04:00
Walmart,8059526,Parent's Choice organic baby food purée,1.17,2026-07-30T00:00:00-04:00,2026-08-05T23:59:59-04:00
Walmart,8059526,Little Bellies baby organic pick-me sticks snacks,2.88,2026-07-30T00:00:00-04:00,2026-08-05T23:59:59-04:00
Walmart,8059526,Aveeno Baby daily wash and shampoo or cream,12.47,2026-07-30T00:00:00-04:00,2026-08-05T23:59:59-04:00
Walmart,8059526,Parent's Choice wipes,19.94,2026-07-30T00:00:00-04:00,2026-08-05T23:59:59-04:00
Walmart,8059526,Pedialyte electrolyte oral rehydration solution,8.97,2026-07-30T00:00:00-04:00,2026-08-05T23:59:59-04:00
Walmart,8059526,Parent's Choice training pants,24.94,2026-07-30T00:00:00-04:00,2026-08-05T23:59:59-04:00
Walmart,8059526,Heinz Condiment 3-pack,4.94,2026-07-30T00:00:00-04:00,2026-08-05T23:59:59-04:00
Walmart,8059526,Heinz mayo-style Sauce,3.97,2026-07-30T00:00:00-04:00,2026-08-05T23:59:59-04:00
Walmart,8059526,Diana Sauce,3.97,2026-07-30T00:00:00-04:00,2026-08-05T23:59:59-04:00
Walmart,8059526,Nivea Gentle face cleansing cream,7.26,2026-07-30T00:00:00-04:00,2026-08-05T23:59:59-04:00
Walmart,8059526,Nivea Derma Comfort body wash,3.28,2026-07-30T00:00:00-04:00,2026-08-05T23:59:59-04:00
Walmart,8059526,Coppertone Kids SPF 50 sunscreen lotion or spray,16.47,2026-07-30T00:00:00-04:00,2026-08-05T23:59:59-04:00
Walmart,8059526,Oikos Pro drinkable yogurt,3.47,2026-07-30T00:00:00-04:00,2026-08-05T23:59:59-04:00
Walmart,8059526,Spider-Man Men's Tee,15.0,2026-07-30T00:00:00-04:00,2026-08-05T23:59:59-04:00
Walmart,8059526,Royale facial tissue.,19.97,2026-07-30T00:00:00-04:00,2026-08-05T23:59:59-04:00
Walmart,8059526,Swiffer wet cloths,9.97,2026-07-30T00:00:00-04:00,2026-08-05T23:59:59-04:00
Walmart,8059526,Purina ONE wet dog food variety pack,49.48,2026-07-30T00:00:00-04:00,2026-08-05T23:59:59-04:00
Walmart,8059526,Royale 2-ply bathroom tissue,7.97,2026-07-30T00:00:00-04:00,2026-08-05T23:59:59-04:00
Walmart,8059526,Finish Quantum dishwasher tabs,19.97,2026-07-30T00:00:00-04:00,2026-08-05T23:59:59-04:00
Walmart,8059526,Pine-Sol cleaner,11.97,2026-07-30T00:00:00-04:00,2026-08-05T23:59:59-04:00
Walmart,8059526,Palmolive to Essential clean liquid dish soap,1.97,2026-07-30T00:00:00-04:00,2026-08-05T23:59:59-04:00
Walmart,8059526,Purina ONE dry cat food,19.47,2026-07-30T00:00:00-04:00,2026-08-05T23:59:59-04:00
Walmart,8059526,Great Value white kitchen bags,6.97,2026-07-30T00:00:00-04:00,2026-08-05T23:59:59-04:00
Walmart,8059526,Premier Protein shakes,12.97,2026-07-30T00:00:00-04:00,2026-08-05T23:59:59-04:00
Walmart,8059526,Native body wash,9.98,2026-07-30T00:00:00-04:00,2026-08-05T23:59:59-04:00
Walmart,8059526,Native Natural deodorant,13.98,2026-07-30T00:00:00-04:00,2026-08-05T23:59:59-04:00
Walmart,8059526,Pampers 6x or 7x,19.77,2026-07-30T00:00:00-04:00,2026-08-05T23:59:59-04:00
Walmart,8059526,Equate high protein meal replacement shakes,10.97,2026-07-30T00:00:00-04:00,2026-08-05T23:59:59-04:00
Walmart,8059526,L'Oréal Paris conditioner,5.98,2026-07-30T00:00:00-04:00,2026-08-05T23:59:59-04:00
Walmart,8059526,Lady Speed Stick antiperspirant,5.98,2026-07-30T00:00:00-04:00,2026-08-05T23:59:59-04:00
Walmart,8059526,Native Natural deodorant,13.98,2026-07-30T00:00:00-04:00,2026-08-05T23:59:59-04:00
Walmart,8059526,Native body wash,9.98,2026-07-30T00:00:00-04:00,2026-08-05T23:59:59-04:00
Walmart,8059526,Jamieson vitamins,13.47,2026-07-30T00:00:00-04:00,2026-08-05T23:59:59-04:00
Walmart,8059526,Selected stationery,3.0,2026-07-30T00:00:00-04:00,2026-08-05T23:59:59-04:00
Walmart,8059526,Pen+Gear pencil cases,7.0,2026-07-30T00:00:00-04:00,2026-08-05T23:59:59-04:00
Walmart,8059526,Scosche 20W USB-C wall charger,24.98,2026-07-30T00:00:00-04:00,2026-08-05T23:59:59-04:00
Walmart,8059526,Selected stationery,2.0,2026-07-30T00:00:00-04:00,2026-08-05T23:59:59-04:00
Walmart,8059526,Pen+Gear pencil cases,7.0,2026-07-30T00:00:00-04:00,2026-08-05T23:59:59-04:00
Walmart,8059526,"27"" FHD IPS monitor",129.98,2026-07-30T00:00:00-04:00,2026-08-05T23:59:59-04:00
Walmart,8059526,"ASUS Chromebook laptop 14""",279.98,2026-07-30T00:00:00-04:00,2026-08-05T23:59:59-04:00
Walmart,8059526,"Dell 14"" productivity laptop",1098.0,2026-07-30T00:00:00-04:00,2026-08-05T23:59:59-04:00
Walmart,8059526,JLab JBuddies Studio 2 wired headphones,14.98,2026-07-30T00:00:00-04:00,2026-08-05T23:59:59-04:00
Walmart,8059526,Canon imageCLASS MF3010 laser printer,99.98,2026-07-30T00:00:00-04:00,2026-08-05T23:59:59-04:00
Walmart,8059526,HP M110W Laser Printer,99.98,2026-07-30T00:00:00-04:00,2026-08-05T23:59:59-04:00
Walmart,8059526,HP DeskJet 2942 all-in-one printer,49.98,2026-07-30T00:00:00-04:00,2026-08-05T23:59:59-04:00
Walmart,8059526,HP DeskJet 2942 all-in-one printer,49.98,2026-07-30T00:00:00-04:00,2026-08-05T23:59:59-04:00
Walmart,8059526,Sharpie bullet-tip creative markers 5-pack.,10.98,2026-07-30T00:00:00-04:00,2026-08-05T23:59:59-04:00
Walmart,8059526,Crayola 64ct Crayons or Crayola 20ct washable Super Tips markers,2.0,2026-07-30T00:00:00-04:00,2026-08-05T23:59:59-04:00
Walmart,8059526,"KPop Demon Hunters pencil cases, notebooks or journals",7.97,2026-07-30T00:00:00-04:00,2026-08-05T23:59:59-04:00
Walmart,8059526,KPop Demon Hunters notebooks,7.97,2026-07-30T00:00:00-04:00,2026-08-05T23:59:59-04:00
Walmart,8059526,Pen+Gear laminator,24.97,2026-07-30T00:00:00-04:00,2026-08-05T23:59:59-04:00
Walmart,8059526,Starfrit Lock&Lock Easy Match food storage containers,6.97,2026-07-30T00:00:00-04:00,2026-08-05T23:59:59-04:00
Walmart,8059526,Dual-compartment lunch bag,16.97,2026-07-30T00:00:00-04:00,2026-08-05T23:59:59-04:00
Walmart,8059526,Cool Gear 24-oz plastic bottle,6.98,2026-07-30T00:00:00-04:00,2026-08-05T23:59:59-04:00
Walmart,8059526,Great Value zipper seal freezer bags,4.94,2026-07-30T00:00:00-04:00,2026-08-05T23:59:59-04:00
Walmart,8059526,Jetstream 3-Piece backpack set,24.97,2026-07-30T00:00:00-04:00,2026-08-05T23:59:59-04:00
Walmart,8059526,Licensed lunch bag,11.97,2026-07-30T00:00:00-04:00,2026-08-05T23:59:59-04:00
Walmart,8059526,Starfrit Lock & Lock Easy Match food storage containers,6.97,2026-07-30T00:00:00-04:00,2026-08-05T23:59:59-04:00
Walmart,8059526,Steve Madden backpack,34.97,2026-07-30T00:00:00-04:00,2026-08-05T23:59:59-04:00
Walmart,8059526,Jetstream 3-Piece backpack set,24.97,2026-07-30T00:00:00-04:00,2026-08-05T23:59:59-04:00
Walmart,8059526,Skross backpack,34.97,2026-07-30T00:00:00-04:00,2026-08-05T23:59:59-04:00
Walmart,8059526,Arctic Zone Uptown tote lunch bag,14.97,2026-07-30T00:00:00-04:00,2026-08-05T23:59:59-04:00
Walmart,8059526,Great Value zipper seal freezer bags,4.94,2026-07-30T00:00:00-04:00,2026-08-05T23:59:59-04:00
Walmart,8059526,Fanta Orange zero sugar Pop,8.28,2026-07-30T00:00:00-04:00,2026-08-05T23:59:59-04:00
Walmart,8059526,OREO Mini Snak Paks,2.48,2026-07-30T00:00:00-04:00,2026-08-05T23:59:59-04:00
Walmart,8059526,Fuze iced tea,7.47,2026-07-30T00:00:00-04:00,2026-08-05T23:59:59-04:00
Walmart,8059526,Natrel raspberry ice cream mochi 6-pack or lactose free ice cream,5.48,2026-07-30T00:00:00-04:00,2026-08-05T23:59:59-04:00
Walmart,8059526,Kinder Chocolate 6-pack or Kinder Surprise' 3-pack,5.48,2026-07-30T00:00:00-04:00,2026-08-05T23:59:59-04:00
Walmart,8059526,Natrel lactose free ice cream,5.48,2026-07-30T00:00:00-04:00,2026-08-05T23:59:59-04:00
Walmart,8059526,Palmolive dish soap,1.97,2026-07-30T00:00:00-04:00,2026-08-05T23:59:59-04:00
Walmart,8059526,Black & White bathroom tissue or paper towel,4.94,2026-07-30T00:00:00-04:00,2026-08-05T23:59:59-04:00
Walmart,8059526,Huffy Capitol cruiser bike,198.0,2026-07-30T00:00:00-04:00,2026-08-05T23:59:59-04:00
Walmart,8059526,"24"" Rock Creek mountain bike",148.0,2026-07-30T00:00:00-04:00,2026-08-05T23:59:59-04:00
Walmart,8059526,Hot Wheels Barbie Jammer electric scooter,148.0,2026-07-30T00:00:00-04:00,2026-08-05T23:59:59-04:00
Walmart,8059526,Premier Protein Al'mazing vanilla or coffee non-dairy shakes,12.97,2026-07-30T00:00:00-04:00,2026-08-05T23:59:59-04:00
Walmart,8059526,Gyrocopters PixAl Electric foldable dual rider cargo bike,399.96,2026-07-30T00:00:00-04:00,2026-08-05T23:59:59-04:00
Walmart,8059526,Hot Wheels electric scooter,148.0,2026-07-30T00:00:00-04:00,2026-08-05T23:59:59-04:00
Walmart,8059526,Vega Protein & Supergreens plant-based powder,21.97,2026-07-30T00:00:00-04:00,2026-08-05T23:59:59-04:00
Walmart,8059526,Gyrocopters J30 electric scooter,239.96,2026-07-30T00:00:00-04:00,2026-08-05T23:59:59-04:00
Walmart,8059526,neatfreak! basic hangers,2.97,2026-07-30T00:00:00-04:00,2026-08-05T23:59:59-04:00
Walmart,8059526,Tide Simply laundry detergent,7.97,2026-07-30T00:00:00-04:00,2026-08-05T23:59:59-04:00
Walmart,8059526,Lysol all-purpose cleaner,5.47,2026-07-30T00:00:00-04:00,2026-08-05T23:59:59-04:00
Walmart,8059526,Sterilite rectangular open laundry hamper,9.97,2026-07-30T00:00:00-04:00,2026-08-05T23:59:59-04:00
Walmart,8059526,Sterilite storage tote,8.47,2026-07-30T00:00:00-04:00,2026-08-05T23:59:59-04:00
Walmart,8059526,OxiClean stain remover powder,10.97,2026-07-30T00:00:00-04:00,2026-08-05T23:59:59-04:00
Walmart,8059526,Downy Unstopables scent booster,24.97,2026-07-30T00:00:00-04:00,2026-08-05T23:59:59-04:00
Walmart,8059526,Black & White bathroom tissue or paper towel,4.94,2026-07-30T00:00:00-04:00,2026-08-05T23:59:59-04:00
Walmart,8059526,Lysol toilet bowl cleaner or multi-surface pours,3.97,2026-07-30T00:00:00-04:00,2026-08-05T23:59:59-04:00
Walmart,8059526,Lysol wipes,5.47,2026-07-30T00:00:00-04:00,2026-08-05T23:59:59-04:00
Walmart,8059526,Lysol multi-surface pours,3.97,2026-07-30T00:00:00-04:00,2026-08-05T23:59:59-04:00
Walmart,8059526,Mechanical pencils,7.98,2026-07-30T00:00:00-04:00,2026-08-05T23:59:59-04:00
Walmart,8059526,Pen+Gear Multi-purpose paper 500-pack,7.98,2026-07-30T00:00:00-04:00,2026-08-05T23:59:59-04:00
Walmart,8059526,Pencil case,6.0,2026-07-30T00:00:00-04:00,2026-08-05T23:59:59-04:00
Walmart,8059526,AirPods 4,144.0,2026-07-30T00:00:00-04:00,2026-08-05T23:59:59-04:00
Walmart,8059526,Phoenix e-step thru bike,698.0,2026-07-30T00:00:00-04:00,2026-08-05T23:59:59-04:00
Walmart,8059526,"55"" QM51L Series 4K UHD HDR QD-Mini LED Smart TV",648.0,2026-07-30T00:00:00-04:00,2026-08-05T23:59:59-04:00
Walmart,8059526,Halo: Campaign Evolved for PlayStation 5,69.96,2026-07-30T00:00:00-04:00,2026-08-05T23:59:59-04:00
Walmart,8059526,Canon PIXMA TR4725 inkjet printer,59.98,2026-07-30T00:00:00-04:00,2026-08-05T23:59:59-04:00
Walmart,8059526,55 L Clear storage tote,8.97,2026-07-30T00:00:00-04:00,2026-08-05T23:59:59-04:00
Walmart,8059526,Striped beach towel,6.88,2026-07-30T00:00:00-04:00,2026-08-05T23:59:59-04:00
Walmart,8059526,BISSELL 3-in-1 Lightweight stick vacuum,29.98,2026-07-30T00:00:00-04:00,2026-08-05T23:59:59-04:00
Walmart,8059526,George Fleece joggers,10.0,2026-07-30T00:00:00-04:00,2026-08-05T23:59:59-04:00
Walmart,8059526,"2-Slice toaster, sandwich maker or electric single burner",14.88,2026-07-30T00:00:00-04:00,2026-08-05T23:59:59-04:00
Walmart,8059526,Flannel sleep shorts,9.0,2026-07-30T00:00:00-04:00,2026-08-05T23:59:59-04:00
Walmart,8059526,2.2-qt. Air fryer,39.98,2026-07-30T00:00:00-04:00,2026-08-05T23:59:59-04:00
Walmart,8059526,6-Cube organizer,39.97,2026-07-30T00:00:00-04:00,2026-08-05T23:59:59-04:00
Walmart,8059526,Sterilite 3-Drawer medium cart,21.97,2026-07-30T00:00:00-04:00,2026-08-05T23:59:59-04:00
Walmart,8059526,Nivea Luminou5630 Skin Glow face serum or refiner,19.97,2026-07-30T00:00:00-04:00,2026-08-05T23:59:59-04:00
Walmart,8059526,Nivea Men sensitive skin after shave balm 100 mL or face wash 150 mL,11.96,2026-07-30T00:00:00-04:00,2026-08-05T23:59:59-04:00
Walmart,8059526,Tech tee,6.0,2026-07-30T00:00:00-04:00,2026-08-05T23:59:59-04:00
Walmart,8059526,Men's Joe Boxer underwear,21.97,2026-07-30T00:00:00-04:00,2026-08-05T23:59:59-04:00
Walmart,8059526,Coppertone sport SPF 50 sunscreen spray or lotion,16.47,2026-07-30T00:00:00-04:00,2026-08-05T23:59:59-04:00
Walmart,8059526,Nature's Path EnviroKidz Organic Koala Crisp or Honey'D corn flakes,9.42,2026-07-30T00:00:00-04:00,2026-08-05T23:59:59-04:00
Walmart,8059526,Nivea Derma Comfort body wash,3.28,2026-07-30T00:00:00-04:00,2026-08-05T23:59:59-04:00
Walmart,8059526,Natrel lactose free milk,7.08,2026-07-30T00:00:00-04:00,2026-08-05T23:59:59-04:00
Walmart,8059526,Yoplait Tubes yogurt,2.47,2026-07-30T00:00:00-04:00,2026-08-05T23:59:59-04:00
Walmart,8059526,Nivea Derma Comfort roll-on antiperspirant,3.28,2026-07-30T00:00:00-04:00,2026-08-05T23:59:59-04:00
Walmart,8059526,Yop strawberry banana,5.76,2026-07-30T00:00:00-04:00,2026-08-05T23:59:59-04:00
Walmart,8059526,Swanson fettuccini Alfredo or cheesy rice with broccoli & chicken frozen entrees,4.47,2026-07-30T00:00:00-04:00,2026-08-05T23:59:59-04:00
Walmart,8059526,Healthy Choice Simply Steamers frozen entrees,4.97,2026-07-30T00:00:00-04:00,2026-08-05T23:59:59-04:00
Walmart,8059526,Nature's Path EnviroKidz Organic Koala Crisp or Honey'D corn flakes,9.42,2026-07-30T00:00:00-04:00,2026-08-05T23:59:59-04:00
Walmart,8059526,Aveeno Baby daily wash and shampoo or cream,12.47,2026-07-30T00:00:00-04:00,2026-08-05T23:59:59-04:00
Walmart,8059526,Ingenuity Sun Valley compact folding high chair,79.0,2026-07-30T00:00:00-04:00,2026-08-05T23:59:59-04:00
Walmart,8059526,Parent's Choice training pants,24.94,2026-07-30T00:00:00-04:00,2026-08-05T23:59:59-04:00
Walmart,8059526,Parent's Choice Gentle+ iron-fortified infant formula,26.94,2026-07-30T00:00:00-04:00,2026-08-05T23:59:59-04:00
Walmart,8059526,Pedialyte electrolyte oral rehydration solution,8.97,2026-07-30T00:00:00-04:00,2026-08-05T23:59:59-04:00
Walmart,8059526,Similac Pro-Advance step1 ready-to-feed bottles,59.98,2026-07-30T00:00:00-04:00,2026-08-05T23:59:59-04:00
Walmart,8059526,Disney Marvel Spider-Man Harness booster car seat,299.0,2026-07-30T00:00:00-04:00,2026-08-05T23:59:59-04:00
Walmart,8059526,Cosco Kids™ Lift and Stroll™ Travel System,250.0,2026-07-30T00:00:00-04:00,2026-08-05T23:59:59-04:00
Walmart,8059526,Great Value sliced bread,2.88,2026-07-30T00:00:00-04:00,2026-08-05T23:59:59-04:00
Walmart,8059526,Schick Hydro men's razor system with 8 razor refills,24.97,2026-07-30T00:00:00-04:00,2026-08-05T23:59:59-04:00
Walmart,8059526,Dove antiperspirant,4.88,2026-07-30T00:00:00-04:00,2026-08-05T23:59:59-04:00
Walmart,8059526,L'Oréal Paris Telescopic mascara,16.48,2026-07-30T00:00:00-04:00,2026-08-05T23:59:59-04:00
Walmart,8059526,Method or Method Men Body Wash,9.97,2026-07-30T00:00:00-04:00,2026-08-05T23:59:59-04:00
Walmart,8059526,Equate toothbrushes 8-pack,5.97,2026-07-30T00:00:00-04:00,2026-08-05T23:59:59-04:00
Walmart,8059526,Great Value cream cheese spread,2.98,2026-07-30T00:00:00-04:00,2026-08-05T23:59:59-04:00
Walmart,8059526,Great Value Cheese Strings,3.18,2026-07-30T00:00:00-04:00,2026-08-05T23:59:59-04:00
Walmart,8059526,Black & White paper towels,17.93,2026-07-30T00:00:00-04:00,2026-08-05T23:59:59-04:00
Walmart,8059526,Great Value quick oats,2.77,2026-07-30T00:00:00-04:00,2026-08-05T23:59:59-04:00
Walmart,8059526,Great Value juice,2.96,2026-07-30T00:00:00-04:00,2026-08-05T23:59:59-04:00
Walmart,8059526,Your Fresh Market™ butter or cheese mini croissants,5.14,2026-07-30T00:00:00-04:00,2026-08-05T23:59:59-04:00
Walmart,8059526,Your Fresh Market™ sliced loaf cakes,5.16,2026-07-30T00:00:00-04:00,2026-08-05T23:59:59-04:00
Walmart,8059526,Our Finest macaroni & cheese,2.97,2026-07-30T00:00:00-04:00,2026-08-05T23:59:59-04:00
Walmart,8059526,Oîkos Greek yogurt 4-pack,4.17,2026-07-30T00:00:00-04:00,2026-08-05T23:59:59-04:00
Walmart,8059526,Oîkos Greek yogurt 12-pack,9.47,2026-07-30T00:00:00-04:00,2026-08-05T23:59:59-04:00
Walmart,8059526,Spider-Man tee,13.0,2026-07-30T00:00:00-04:00,2026-08-05T23:59:59-04:00
Walmart,8059526,Kraft Miracle Whip Spread,3.97,2026-07-30T00:00:00-04:00,2026-08-05T23:59:59-04:00
Walmart,8059526,Kraft Salad Dressing,2.44,2026-07-30T00:00:00-04:00,2026-08-05T23:59:59-04:00
Walmart,8059526,Mio Water Enhancer,3.98,2026-07-30T00:00:00-04:00,2026-08-05T23:59:59-04:00
Walmart,8059526,Heinz Beans,1.27,2026-07-30T00:00:00-04:00,2026-08-05T23:59:59-04:00
Walmart,8059526,Diana Sauce,3.97,2026-07-30T00:00:00-04:00,2026-08-05T23:59:59-04:00
Walmart,8059526,Lay's chips,2.97,2026-07-30T00:00:00-04:00,2026-08-05T23:59:59-04:00
Walmart,8059526,OREO Original,2.98,2026-07-30T00:00:00-04:00,2026-08-05T23:59:59-04:00
Walmart,8059526,Astro yogurt tubs,3.27,2026-07-30T00:00:00-04:00,2026-08-05T23:59:59-04:00
Walmart,8059526,L'Oréal Paris Excellence hair colour,13.96,2026-07-30T00:00:00-04:00,2026-08-05T23:59:59-04:00
Walmart,8059526,Selected stationery,3.0,2026-07-30T00:00:00-04:00,2026-08-05T23:59:59-04:00
Walmart,8059526,L'Oréal Paris LUMI Bronze Le Stick Soleil bronzer stick,17.96,2026-07-30T00:00:00-04:00,2026-08-05T23:59:59-04:00
Walmart,8059526,Sour Patch Kids candy,3.98,2026-07-30T00:00:00-04:00,2026-08-05T23:59:59-04:00
Walmart,8059526,Frankn's RedHot Sauce,3.77,2026-07-30T00:00:00-04:00,2026-08-05T23:59:59-04:00
Walmart,8059526,Nerds Gummy Clusters,3.18,2026-07-30T00:00:00-04:00,2026-08-05T23:59:59-04:00
Walmart,8059526,"Phoenix adults' 27.5"" electric bike",698.0,2026-07-30T00:00:00-04:00,2026-08-05T23:59:59-04:00
Walmart,8059526,Post cereal,2.97,2026-07-30T00:00:00-04:00,2026-08-05T23:59:59-04:00
Walmart,8059526,4-Piece backpack set,16.97,2026-07-30T00:00:00-04:00,2026-08-05T23:59:59-04:00
Walmart,8059526,MiO iced tea drink mix,8.97,2026-07-30T00:00:00-04:00,2026-08-05T23:59:59-04:00
Walmart,8059526,Liberté GREEK PLAIN yogurt tubs,6.97,2026-07-30T00:00:00-04:00,2026-08-05T23:59:59-04:00
Walmart,8059526,Farmers 10% blend cream,3.96,2026-07-30T00:00:00-04:00,2026-08-05T23:59:59-04:00
Walmart,8059526,Heinz ketchup,4.97,2026-07-30T00:00:00-04:00,2026-08-05T23:59:59-04:00
Walmart,8059526,Ben's Original Fast & Fancy,1.57,2026-07-30T00:00:00-04:00,2026-08-05T23:59:59-04:00
Walmart,8059526,Liberté Greek yogurt tubs,6.97,2026-07-30T00:00:00-04:00,2026-08-05T23:59:59-04:00
Walmart,8059526,Your Fresh Market™ mini cucumbers,2.44,2026-07-30T00:00:00-04:00,2026-08-05T23:59:59-04:00
Walmart,8059526,Schneiders Pepperettes,8.97,2026-07-30T00:00:00-04:00,2026-08-05T23:59:59-04:00
Walmart,8059526,Our Finest orange juice,6.98,2026-07-30T00:00:00-04:00,2026-08-05T23:59:59-04:00
Walmart,8059526,Lysol all-purpose cleaning pours 1.2 L,3.97,2026-07-30T00:00:00-04:00,2026-08-05T23:59:59-04:00
Walmart,8059526,Equate high protein Nutrition Shakes,13.97,2026-07-30T00:00:00-04:00,2026-08-05T23:59:59-04:00
Walmart,8059526,Rascals premium super econo box diapers,29.88,2026-07-30T00:00:00-04:00,2026-08-05T23:59:59-04:00
Walmart,8059526,M317 wireless mouse,19.98,2026-07-30T00:00:00-04:00,2026-08-05T23:59:59-04:00
Walmart,8059526,Cadbury Caramilk Snack-Size bars,3.18,2026-07-30T00:00:00-04:00,2026-08-05T23:59:59-04:00
Walmart,8059526,Fuze iced tea,7.47,2026-07-30T00:00:00-04:00,2026-08-05T23:59:59-04:00
Walmart,8059526,Natrel lactose free butter,6.57,2026-07-30T00:00:00-04:00,2026-08-05T23:59:59-04:00
Walmart,8059526,Kinder Chocolate,1.98,2026-07-30T00:00:00-04:00,2026-08-05T23:59:59-04:00
Walmart,8059526,Kendamil ready-to-feed infant formula,29.97,2026-07-30T00:00:00-04:00,2026-08-05T23:59:59-04:00
Walmart,8059526,Great Value beef or chicken burgers or fully cooked burgers,9.96,2026-07-30T00:00:00-04:00,2026-08-05T23:59:59-04:00
Walmart,8059526,Taylor Farms chopped salad kit,5.77,2026-07-30T00:00:00-04:00,2026-08-05T23:59:59-04:00
Walmart,8059526,Nescafé Rich instant coffee,6.44,2026-07-30T00:00:00-04:00,2026-08-05T23:59:59-04:00
Walmart,8059526,"Dell 16"" Entertainment laptop",898.0,2026-07-30T00:00:00-04:00,2026-08-05T23:59:59-04:00
Walmart,8059526,Nestle Parlour frozen dessert tubs,3.67,2026-07-30T00:00:00-04:00,2026-08-05T23:59:59-04:00
Walmart,8059526,Great Value ice cream sugar cones 12-pack,2.77,2026-07-30T00:00:00-04:00,2026-08-05T23:59:59-04:00
Walmart,8059526,Pen+Gear binders,4.97,2026-07-30T00:00:00-04:00,2026-08-05T23:59:59-04:00
Walmart,8059526,Granitestone Blue 20-Piece Non-Stick Cookware Set,145.99,2026-07-30T00:00:00-04:00,2026-08-05T23:59:59-04:00
Walmart,8059526,Heinz mayo-style dips,3.97,2026-07-30T00:00:00-04:00,2026-08-05T23:59:59-04:00
Walmart,8059526,Heinz pickle-flavoured tomato ketchup,2.97,2026-07-30T00:00:00-04:00,2026-08-05T23:59:59-04:00
Walmart,8059526,Great Value hot dog or hamburger buns,1.88,2026-07-30T00:00:00-04:00,2026-08-05T23:59:59-04:00
Walmart,8059526,Great Value mustard,1.47,2026-07-30T00:00:00-04:00,2026-08-05T23:59:59-04:00
Walmart,8059526,Great Value hot dogs,3.94,2026-07-30T00:00:00-04:00,2026-08-05T23:59:59-04:00
Walmart,8059526,Nestlé Drumstick or Real Dairy confectioneries or tubs or Del Monte novelties,3.97,2026-07-30T00:00:00-04:00,2026-08-05T23:59:59-04:00
Walmart,8059526,Great Value hot dog or hamburger buns,1.88,2026-07-30T00:00:00-04:00,2026-08-05T23:59:59-04:00
Walmart,8059526,Gatorade,6.27,2026-07-30T00:00:00-04:00,2026-08-05T23:59:59-04:00
Walmart,8059526,Green seedless grapes,4.94,2026-07-30T00:00:00-04:00,2026-08-05T23:59:59-04:00
Walmart,8059526,Mr. Noodles instant noodles,0.38,2026-07-30T00:00:00-04:00,2026-08-05T23:59:59-04:00
Walmart,8059526,Kraft BBQ sauce,1.27,2026-07-30T00:00:00-04:00,2026-08-05T23:59:59-04:00
Walmart,8059526,Great Value juice,2.96,2026-07-30T00:00:00-04:00,2026-08-05T23:59:59-04:00
Walmart,8059526,Cool Runnings plantain chips,3.27,2026-07-30T00:00:00-04:00,2026-08-05T23:59:59-04:00
Walmart,8059526,Talenti gelato,5.98,2026-07-30T00:00:00-04:00,2026-08-05T23:59:59-04:00
Walmart,8059526,Kendamil goat milk infant formula powder,59.97,2026-07-30T00:00:00-04:00,2026-08-05T23:59:59-04:00
Walmart,8059526,Jetstream backpacks,19.97,2026-07-30T00:00:00-04:00,2026-08-05T23:59:59-04:00
Walmart,8059526,Great Value sandwich bags,2.74,2026-07-30T00:00:00-04:00,2026-08-05T23:59:59-04:00
Walmart,8059526,Christie Chips Ahoy! Mini cookies 200 g,2.48,2026-07-30T00:00:00-04:00,2026-08-05T23:59:59-04:00
Walmart,8059526,OREO Original or Bubble Tea cookies,2.98,2026-07-30T00:00:00-04:00,2026-08-05T23:59:59-04:00
Walmart,8059526,Healthy Choice Gourmet Steamers frozen entrees,4.97,2026-07-30T00:00:00-04:00,2026-08-05T23:59:59-04:00
Walmart,8059526,Mio Electrolyte drink mix,3.98,2026-07-30T00:00:00-04:00,2026-08-05T23:59:59-04:00
Walmart,8059526,Great Value chicken burgers,9.96,2026-07-30T00:00:00-04:00,2026-08-05T23:59:59-04:00
Walmart,8059526,Lay's chips,2.97,2026-07-30T00:00:00-04:00,2026-08-05T23:59:59-04:00
Walmart,8059526,Colgate MaxFresh 3 x 150 mL or Total 3 x 120 mL toothpaste,7.97,2026-07-30T00:00:00-04:00,2026-08-05T23:59:59-04:00
Walmart,8059526,Lady Speed Stick antiperspirant,5.98,2026-07-30T00:00:00-04:00,2026-08-05T23:59:59-04:00
Walmart,8059526,Hershey's syrup,6.97,2026-07-30T00:00:00-04:00,2026-08-05T23:59:59-04:00
Walmart,8059526,Nature's Path Love Crunch organic protein chocolate and almond butter or strawberry cheesecake granola,5.98,2026-07-30T00:00:00-04:00,2026-08-05T23:59:59-04:00
Walmart,8059526,Nature's Path Love Crunch organic protein chocolate and almond butter or strawberry cheesecake granola,5.98,2026-07-30T00:00:00-04:00,2026-08-05T23:59:59-04:00
Walmart,8059526,Corn,0.98,2026-07-30T00:00:00-04:00,2026-08-05T23:59:59-04:00
Walmart,8059526,Dempster's hot dog or hamburger buns,2.98,2026-07-30T00:00:00-04:00,2026-08-05T23:59:59-04:00
Walmart,8059526,Schneiders Pepperettes,8.97,2026-07-30T00:00:00-04:00,2026-08-05T23:59:59-04:00
Walmart,8059526,SheaMoisture styling products,14.42,2026-07-30T00:00:00-04:00,2026-08-05T23:59:59-04:00
Walmart,8059526,Mielle haircare,14.97,2026-07-30T00:00:00-04:00,2026-08-05T23:59:59-04:00
Walmart,8059526,Grace sardines in tomato sauce,0.98,2026-07-30T00:00:00-04:00,2026-08-05T23:59:59-04:00
Walmart,8059526,Nestlé Parlour frozen dessert tubs,3.67,2026-07-30T00:00:00-04:00,2026-08-05T23:59:59-04:00
Walmart,8059526,Baskin-Robbins ice cream tubs,9.94,2026-07-30T00:00:00-04:00,2026-08-05T23:59:59-04:00
Walmart,8059526,Great Value Milk Chocolatey Almond ice cream bars,9.96,2026-07-30T00:00:00-04:00,2026-08-05T23:59:59-04:00
Walmart,8059526,M&M's chocolate,3.98,2026-07-30T00:00:00-04:00,2026-08-05T23:59:59-04:00
Walmart,8059526,IAMS dry dog food,26.97,2026-07-30T00:00:00-04:00,2026-08-05T23:59:59-04:00
Walmart,8059526,Nutrament supplement drink,3.27,2026-07-30T00:00:00-04:00,2026-08-05T23:59:59-04:00
Walmart,8059526,Patty King Jamaican beef patties,9.42,2026-07-30T00:00:00-04:00,2026-08-05T23:59:59-04:00
Walmart,8059526,Swiffer 3' starter kit,9.97,2026-07-30T00:00:00-04:00,2026-08-05T23:59:59-04:00
Walmart,8059526,Selected padlocks,9.97,2026-07-30T00:00:00-04:00,2026-08-05T23:59:59-04:00
Walmart,8059526,Selected stationery,2.0,2026-07-30T00:00:00-04:00,2026-08-05T23:59:59-04:00
Walmart,8059526,"15.6"" Aspire Lite FHD IPS laptop",399.98,2026-07-30T00:00:00-04:00,2026-08-05T23:59:59-04:00
Walmart,8059526,sandwich maker,16.23,2026-07-30T00:00:00-04:00,2026-08-05T23:59:59-04:00
Walmart,8059526,Mott's Clamato cocktail,3.47,2026-07-30T00:00:00-04:00,2026-08-05T23:59:59-04:00
Walmart,8059526,Mott's Clamato cocktail,3.47,2026-07-30T00:00:00-04:00,2026-08-05T23:59:59-04:00
Walmart,8059526,Grace coconut milk,1.47,2026-07-30T00:00:00-04:00,2026-08-05T23:59:59-04:00
Walmart,8059526,"GE 14,000 BTU Smart Portable Air Conditioner",399.0,2026-07-30T00:00:00-04:00,2026-08-05T23:59:59-04:00
Walmart,8059526,Huggies 11x wipes,19.77,2026-07-30T00:00:00-04:00,2026-08-05T23:59:59-04:00
Walmart,8059526,Downy Unstopables scent booster,24.97,2026-07-30T00:00:00-04:00,2026-08-05T23:59:59-04:00
Walmart,8059526,Sistema food storage containers,9.97,2026-07-30T00:00:00-04:00,2026-08-05T23:59:59-04:00
Walmart,8059526,Expo dry erase markers 8-pack,11.48,2026-07-30T00:00:00-04:00,2026-08-05T23:59:59-04:00
Walmart,8059526,Royalty cookies,2.48,2026-07-30T00:00:00-04:00,2026-08-05T23:59:59-04:00
Walmart,8059526,Pampers Easy Ups giant pack training underwear,36.94,2026-07-30T00:00:00-04:00,2026-08-05T23:59:59-04:00
Walmart,8059526,Wood Pencils 24-pack,1.0,2026-07-30T00:00:00-04:00,2026-08-05T23:59:59-04:00
Walmart,8059526,"KPop Demon Hunters pencil cases, notebooks or journals",7.97,2026-07-30T00:00:00-04:00,2026-08-05T23:59:59-04:00
Walmart,8059526,Royal & Langnickel Essentials paint set,7.97,2026-07-30T00:00:00-04:00,2026-08-05T23:59:59-04:00
Walmart,8059526,Cool Runnings plantain chips,3.27,2026-07-30T00:00:00-04:00,2026-08-05T23:59:59-04:00
Walmart,8059526,Zevia Strawberry Lemon Burst soda,6.48,2026-07-30T00:00:00-04:00,2026-08-05T23:59:59-04:00
Walmart,8059526,Tide Simply All-in-One liquid laundry detergent,7.97,2026-07-30T00:00:00-04:00,2026-08-05T23:59:59-04:00
Walmart,8059526,Nutella hazelnut or peanut,8.47,2026-07-30T00:00:00-04:00,2026-08-05T23:59:59-04:00
Walmart,8059526,Bulk beefsteak tomatoes,1.92,2026-07-30T00:00:00-04:00,2026-08-05T23:59:59-04:00
Walmart,8059526,Iceberg lettuce,1.94,2026-07-30T00:00:00-04:00,2026-08-05T23:59:59-04:00
Walmart,8059526,Outdoor Folding Muskoka Chair,149.97,2026-07-30T00:00:00-04:00,2026-08-05T23:59:59-04:00
Walmart,8059526,L'Oréal Paris Telescopic Mascara,16.48,2026-07-30T00:00:00-04:00,2026-08-05T23:59:59-04:00
Walmart,8059526,Great Value soda,1.43,2026-07-30T00:00:00-04:00,2026-08-05T23:59:59-04:00
Walmart,8059526,Banner - BBQ for 10 for under $5 per person,5.0,2026-07-30T00:00:00-04:00,2026-08-05T23:59:59-04:00
Walmart,8059526,Green Giant Valley Selections frozen vegetables,3.97,2026-07-30T00:00:00-04:00,2026-08-05T23:59:59-04:00
Walmart,8059526,Lysol wipes 75s - 84s,5.47,2026-07-30T00:00:00-04:00,2026-08-05T23:59:59-04:00
Walmart,8059526,Great Value processed cheese slices,2.97,2026-07-30T00:00:00-04:00,2026-08-05T23:59:59-04:00
Walmart,8059526,French's ketchup,2.97,2026-07-30T00:00:00-04:00,2026-08-05T23:59:59-04:00
Walmart,8059526,Smucker's Sundae Syrup,4.97,2026-07-30T00:00:00-04:00,2026-08-05T23:59:59-04:00
Walmart,8059526,Lysol all-purpose cleaner,5.47,2026-07-30T00:00:00-04:00,2026-08-05T23:59:59-04:00
Walmart,8059526,"5TH WHEEL K9 Electric Bike for Kids, 150W",175.99,2026-07-30T00:00:00-04:00,2026-08-05T23:59:59-04:00
Walmart,8059526,Dove deodorant or antiperspirant,4.88,2026-07-30T00:00:00-04:00,2026-08-05T23:59:59-04:00
Walmart,8059526,Great Value processed cheese slices,2.97,2026-07-30T00:00:00-04:00,2026-08-05T23:59:59-04:00
Walmart,8059526,Hellmann's real mayonnaise 710-890 mL,5.77,2026-07-30T00:00:00-04:00,2026-08-05T23:59:59-04:00
Walmart,8059526,Diaper Genie Signature pail and Easy Roll refill,62.97,2026-07-30T00:00:00-04:00,2026-08-05T23:59:59-04:00
Walmart,8059526,Mio Iced Tea Drink Mix,8.97,2026-07-30T00:00:00-04:00,2026-08-05T23:59:59-04:00
Walmart,8059526,Nivea Luminous630 Skin Glow face serum or refiner,19.97,2026-07-30T00:00:00-04:00,2026-08-05T23:59:59-04:00
Walmart,8059526,Coppertone sport SPF 50 sunscreen spray or lotion,16.47,2026-07-30T00:00:00-04:00,2026-08-05T23:59:59-04:00
Walmart,8059526,"64""x21"" Arched Full-Length Mirror",52.99,2026-07-30T00:00:00-04:00,2026-08-05T23:59:59-04:00
Walmart,8059526,"10"" Android Tablet with Keyboard",179.99,2026-07-30T00:00:00-04:00,2026-08-05T23:59:59-04:00
Walmart,8059526,Nivea body lotion,7.48,2026-07-30T00:00:00-04:00,2026-08-05T23:59:59-04:00
Walmart,8059526,Enfamil A+ NeuroPro or NeuroPro Gentlease ready-to-feed formula,87.97,2026-07-30T00:00:00-04:00,2026-08-05T23:59:59-04:00
Walmart,8059526,Skross backpack,34.97,2026-07-30T00:00:00-04:00,2026-08-05T23:59:59-04:00
Walmart,8059526,Lysol all-purpose cleaner 950 mL,5.47,2026-07-30T00:00:00-04:00,2026-08-05T23:59:59-04:00
Walmart,8059526,Hyper 37 V folding electric scooter,298.0,2026-07-30T00:00:00-04:00,2026-08-05T23:59:59-04:00
Walmart,8059526,Coca-Cola Pop,2.87,2026-07-30T00:00:00-04:00,2026-08-05T23:59:59-04:00
Walmart,8059526,Great Value 2-ply facial tissues,7.94,2026-07-30T00:00:00-04:00,2026-08-05T23:59:59-04:00
Walmart,8059526,Hellmann's mayonnaise type dressing 325 mL - 340 mL,3.77,2026-07-30T00:00:00-04:00,2026-08-05T23:59:59-04:00
Walmart,8059526,"Marc Anthony shampoo, conditioner",11.94,2026-07-30T00:00:00-04:00,2026-08-05T23:59:59-04:00
Walmart,8059526,Equate beauty original blemish patch,9.47,2026-07-30T00:00:00-04:00,2026-08-05T23:59:59-04:00
Walmart,8059526,Equate unscented all-purpose wipes 100s,2.94,2026-07-30T00:00:00-04:00,2026-08-05T23:59:59-04:00
Walmart,8059526,Oîkos Pro drinkable yogurt,3.47,2026-07-30T00:00:00-04:00,2026-08-05T23:59:59-04:00
Walmart,8059526,Grace Island Soda,1.08,2026-07-30T00:00:00-04:00,2026-08-05T23:59:59-04:00
Walmart,8059526,Sharpie original 12-pack,7.98,2026-07-30T00:00:00-04:00,2026-08-05T23:59:59-04:00
Walmart,8059526,Licensed pencil boxes,11.98,2026-07-30T00:00:00-04:00,2026-08-05T23:59:59-04:00
Walmart,8059526,Apple iPhone 15 128GB Unlocked | Certified Refurbished,549.0,2026-07-30T00:00:00-04:00,2026-08-05T23:59:59-04:00
Walmart,8059526,Tilda parboiled rice,12.57,2026-07-30T00:00:00-04:00,2026-08-05T23:59:59-04:00
Walmart,8059526,Hershey's Pokémon Kisses,5.98,2026-07-30T00:00:00-04:00,2026-08-05T23:59:59-04:00
Walmart,8059526,iögo frozen yogurt tubs,5.97,2026-07-30T00:00:00-04:00,2026-08-05T23:59:59-04:00
Walmart,8059526,"21.5"" FHD monitor",89.98,2026-07-30T00:00:00-04:00,2026-08-05T23:59:59-04:00
Walmart,8059526,OxiClean stain remover powder,10.97,2026-07-30T00:00:00-04:00,2026-08-05T23:59:59-04:00
Walmart,8059526,George Sweatshirt,14.0,2026-07-30T00:00:00-04:00,2026-08-05T23:59:59-04:00
Walmart,8059526,Mielle haircare,14.97,2026-07-30T00:00:00-04:00,2026-08-05T23:59:59-04:00
Walmart,8059526,"TUCCI Italy SportSurge 17.3"" laptop backpack",61.99,2026-07-30T00:00:00-04:00,2026-08-05T23:59:59-04:00
Walmart,8059526,Hard Candy Eye Def eyeshadow marker,9.48,2026-07-30T00:00:00-04:00,2026-08-05T23:59:59-04:00
Walmart,8059526,Patty King Jamaican beef patties,9.42,2026-07-30T00:00:00-04:00,2026-08-05T23:59:59-04:00
Walmart,8059526,Nestlé Drumstick or Real Dairy confectioneries or tubs or Del Monte novelties,3.97,2026-07-30T00:00:00-04:00,2026-08-05T23:59:59-04:00
Walmart,8059526,Big Foot cheese snack,0.78,2026-07-30T00:00:00-04:00,2026-08-05T23:59:59-04:00
Walmart,8059526,Paper Mate InkJoy gel pens 14-pack,15.98,2026-07-30T00:00:00-04:00,2026-08-05T23:59:59-04:00
Walmart,8059526,Hellmann's mayonnaise type dressing 325 mL - 340 mL,3.77,2026-07-30T00:00:00-04:00,2026-08-05T23:59:59-04:00
Walmart,8059526,Cool Runnings 100% coconut water,1.28,2026-07-30T00:00:00-04:00,2026-08-05T23:59:59-04:00
Walmart,8059526,Baskin-Robbins ice cream novelties,9.94,2026-07-30T00:00:00-04:00,2026-08-05T23:59:59-04:00
Walmart,8059526,Chipwich ice cream sandwiches,6.94,2026-07-30T00:00:00-04:00,2026-08-05T23:59:59-04:00
Walmart,8059526,Great Value ice cream waffle bowls,3.97,2026-07-30T00:00:00-04:00,2026-08-05T23:59:59-04:00
Walmart,8059526,Hershey's syrup,6.97,2026-07-30T00:00:00-04:00,2026-08-05T23:59:59-04:00
No Frills,8055480,"WHITE POTATOES, 10 LB BAG",3.99,2026-07-30T00:00:00-04:00,2026-08-05T23:59:59-04:00
No Frills,8055480,ARMSTRONG or PC® SHREDDED CHEESE 250-320 g or ARMSTRONG CHEESE 400 g,4.99,2026-07-30T00:00:00-04:00,2026-08-05T23:59:59-04:00
No Frills,8055480,"PC® NUTRITION FIRST® DOG FOOD, 7 kg",30.0,2026-07-30T00:00:00-04:00,2026-08-05T23:59:59-04:00
No Frills,8055480,T-BONE OR WING STEAK,10.99,2026-07-30T00:00:00-04:00,2026-08-05T23:59:59-04:00
No Frills,8055480,"DARE VIVA PUFFS, WAGON WHEELS, ULTIMATE or BEAR PAWS COOKIES, 168-360 g",2.5,2026-07-30T00:00:00-04:00,2026-08-05T23:59:59-04:00
No Frills,8055480,RESER'S SALADS 425/454 g or ZIGGY'S® FRESH PASTA 350/360 g,2.5,2026-07-30T00:00:00-04:00,2026-08-05T23:59:59-04:00
No Frills,8055480,"NUTELLA HAZELNUT SPREAD, 725 g",7.5,2026-07-30T00:00:00-04:00,2026-08-05T23:59:59-04:00
No Frills,8055480,"GROUND CHICKEN, 454 g",3.0,2026-07-30T00:00:00-04:00,2026-08-05T23:59:59-04:00
No Frills,8055480,PAPAYA,1.99,2026-07-30T00:00:00-04:00,2026-08-05T23:59:59-04:00
No Frills,8055480,"CRACKER BARREL CHEESE SHREDS, 320 g or BLACK DIAMOND CHEESTRINGS or SNACKS, 252/336 g",5.99,2026-07-30T00:00:00-04:00,2026-08-05T23:59:59-04:00
No Frills,8055480,"INTERNATIONAL DELIGHT COFFEE ENHANCER, 946 ml or COLD FOAM, 396 g",5.0,2026-07-30T00:00:00-04:00,2026-08-05T23:59:59-04:00
No Frills,8055480,"KNORR SIDEKICKS, 120-162 g",1.89,2026-07-30T00:00:00-04:00,2026-08-05T23:59:59-04:00
No Frills,8055480,"MAISON PERRIER SPARKLING WATER, 1 L",1.69,2026-07-30T00:00:00-04:00,2026-08-05T23:59:59-04:00
No Frills,8055480,"CATELLI SMART or WHOLE GRAINS PASTA, 340/375 g",2.5,2026-07-30T00:00:00-04:00,2026-08-05T23:59:59-04:00
No Frills,8055480,"LARSEN CLASSIC WIENERS or SCHNEIDER RED HOT FRANKS, 375 g",3.0,2026-07-30T00:00:00-04:00,2026-08-05T23:59:59-04:00
No Frills,8055480,"LISTERINE MOUTHWASH, 1 L",5.5,2026-07-30T00:00:00-04:00,2026-08-05T23:59:59-04:00
No Frills,8055480,LIBERTÉ KEFIR 1 L or MEDITERRANEE 900 g YOGURT,5.5,2026-07-30T00:00:00-04:00,2026-08-05T23:59:59-04:00
No Frills,8055480,"BROCCOLI CROWNS, each",2.49,2026-07-30T00:00:00-04:00,2026-08-05T23:59:59-04:00
No Frills,8055480,"NO NAME® POPSICLES, 30's",8.0,2026-07-30T00:00:00-04:00,2026-08-05T23:59:59-04:00
No Frills,8055480,"CATELLI SMART or WHOLE GRAINS PASTA, 340/375 g",2.5,2026-07-30T00:00:00-04:00,2026-08-05T23:59:59-04:00
No Frills,8055480,"NO NAME® SNACKS or CORN CHIPS, 200 g",2.5,2026-07-30T00:00:00-04:00,2026-08-05T23:59:59-04:00
No Frills,8055480,"EAGLE BRAND SWEETENED CONDENSED MILK, 300 mL",3.75,2026-07-30T00:00:00-04:00,2026-08-05T23:59:59-04:00
No Frills,8055480,"IRISH SPRING BODY WASH, 591 mL or BAR SOAP, 6x104 g, SOFTSOAP BODY WASH, 591 mL, AXE BODY SPRAY, 113 g, DEODORANT, 76/85 g, BODY WASH or HAIR CARE, 473 mL",4.0,2026-07-30T00:00:00-04:00,2026-08-05T23:59:59-04:00
No Frills,8055480,"SUFRA® HALAL BONELESS SKINLESS CHICKEN BREAST, 645 g",14.0,2026-07-30T00:00:00-04:00,2026-08-05T23:59:59-04:00
No Frills,8055480,"OCEAN SPRAY CRANBERRY COCKTAIL or MOTT'S CLAMATO, 1.89 L",3.5,2026-07-30T00:00:00-04:00,2026-08-05T23:59:59-04:00
No Frills,8055480,"GRACE HOT PEPPER SAUCE, 170 ml",1.99,2026-07-30T00:00:00-04:00,2026-08-05T23:59:59-04:00
No Frills,8055480,"COCA-COLA or PEPSI SOFT DRINKS, 2 L",1.69,2026-07-30T00:00:00-04:00,2026-08-05T23:59:59-04:00
No Frills,8055480,"PURE LEAF ICED TEA, 1.75 L, TROPICANA LEMONADE or FRUIT BEVERAGES, 1.36 L",3.5,2026-07-30T00:00:00-04:00,2026-08-05T23:59:59-04:00
No Frills,8055480,"NO NAME® CANOLA or VEGETABLE OIL, 3 L",7.99,2026-07-30T00:00:00-04:00,2026-08-05T23:59:59-04:00
No Frills,8055480,"CRACKER BARREL CHEESE SLICES, 200-240 g",4.77,2026-07-30T00:00:00-04:00,2026-08-05T23:59:59-04:00
No Frills,8055480,"PC® SHREDDED CHEESE, 250-320 G OR ARMSTRONG CHEESE, 400 G",4.99,2026-07-30T00:00:00-04:00,2026-08-05T23:59:59-04:00
No Frills,8055480,"NO NAME® BRIOCHE HAMBURGER BUNS, 8's",3.5,2026-07-30T00:00:00-04:00,2026-08-05T23:59:59-04:00
No Frills,8055480,"WONDER BREAD, 570/675 g or BUNS, 8's",3.0,2026-07-30T00:00:00-04:00,2026-08-05T23:59:59-04:00
No Frills,8055480,"CHAPMAN'S PREMIUM ICE CREAM, 2 L OR SUPER SANDWICH, CONES OR NOVELTIES, 8-20'S",4.99,2026-07-30T00:00:00-04:00,2026-08-05T23:59:59-04:00
No Frills,8055480,"GRACE SWEETENED CONDENSED WHITENER, 297 mL or SUPLIGEN INSTANT BREAKFAST BEVERAGE, 290 mL",1.99,2026-07-30T00:00:00-04:00,2026-08-05T23:59:59-04:00
No Frills,8055480,"NO NAME® PURE WHITE VINEGAR, 4 L",2.79,2026-07-30T00:00:00-04:00,2026-08-05T23:59:59-04:00
No Frills,8055480,"NO NAME® CREAM CHEESE, 227/250 g",3.0,2026-07-30T00:00:00-04:00,2026-08-05T23:59:59-04:00
No Frills,8055480,"FARMER'S MARKET™ MUFFINS, 6's or COOKIES, 12's",6.0,2026-07-30T00:00:00-04:00,2026-08-05T23:59:59-04:00
No Frills,8055480,"RAW SHRIMP SKEWERS, 31 - 40 count per lb., 5 pack, 300g",4.77,2026-07-30T00:00:00-04:00,2026-07-31T23:59:59-04:00
No Frills,8055480,OKRA,3.99,2026-07-30T00:00:00-04:00,2026-08-05T23:59:59-04:00
No Frills,8055480,"NO NAME® ICE CREAM SANDWICHES or BARS, 24/30's",11.0,2026-07-30T00:00:00-04:00,2026-08-05T23:59:59-04:00
No Frills,8055480,"NO NAME® PURE WHITE VINEGAR, 4 L",2.79,2026-07-30T00:00:00-04:00,2026-08-05T23:59:59-04:00
No Frills,8055480,PC® CHEESE SLICES 250-375 G OR PILLER'S KOLBASSA 250-375 G,5.0,2026-07-30T00:00:00-04:00,2026-08-05T23:59:59-04:00
No Frills,8055480,"LAY'S POTATO CHIPS, 177-235 g",2.99,2026-07-30T00:00:00-04:00,2026-08-05T23:59:59-04:00
No Frills,8055480,"REAL CANADIAN SPRING WATER, 24x500 mL",3.0,2026-07-30T00:00:00-04:00,2026-08-05T23:59:59-04:00
No Frills,8055480,"DARE BRETON CRACKERS, DARE BITES, SIMPLE GOODNESS OR VINTA CRACKERS, 132 - 225 g",1.88,2026-07-30T00:00:00-04:00,2026-07-31T23:59:59-04:00
No Frills,8055480,"LARSEN CLASSIC WIENERS, 375 g",3.0,2026-07-30T00:00:00-04:00,2026-08-05T23:59:59-04:00
No Frills,8055480,"ZIGGY'S FRESH PASTA, 350/360 g",2.5,2026-07-30T00:00:00-04:00,2026-08-05T23:59:59-04:00
No Frills,8055480,GREEN ZUCCHINI,1.99,2026-07-30T00:00:00-04:00,2026-08-05T23:59:59-04:00
No Frills,8055480,"BIBIGO MANDU or MINI WONTONS, 680 g",7.99,2026-07-30T00:00:00-04:00,2026-08-05T23:59:59-04:00
No Frills,8055480,"EAGLE BRAND SWEETENED CONDENSED MILK, 300 ML",3.75,2026-07-30T00:00:00-04:00,2026-08-05T23:59:59-04:00
No Frills,8055480,"ENGLISH CUCUMBERS, EACH",1.49,2026-07-30T00:00:00-04:00,2026-08-05T23:59:59-04:00
No Frills,8055480,"OLD EL PASO DINNER KIT, 250-510 g",4.0,2026-07-30T00:00:00-04:00,2026-08-05T23:59:59-04:00
No Frills,8055480,"NO NAME® MARSHMALLOWS, 400 g",2.5,2026-07-30T00:00:00-04:00,2026-08-05T23:59:59-04:00
No Frills,8055480,"FARMER'S MARKET™ CORTLAND APPLES, 4 LB BAG",4.99,2026-07-30T00:00:00-04:00,2026-08-05T23:59:59-04:00
No Frills,8055480,"817 BASMATI RICE, 4 KG, GOLD PARBOILED RICE OR LONG GRAIN RICE, 8 KG",11.99,2026-07-30T00:00:00-04:00,2026-08-05T23:59:59-04:00
No Frills,8055480,"APRICOTS, 1 L",6.99,2026-07-30T00:00:00-04:00,2026-08-05T23:59:59-04:00
No Frills,8055480,817 ELEPHANT BRAND BASMATI RICE 4 kg or GOLD PARBOILED or LONG GRAIN RICE 8 kg,11.99,2026-07-30T00:00:00-04:00,2026-08-05T23:59:59-04:00
No Frills,8055480,"DILL CUCUMBERS, 3 L",6.99,2026-07-30T00:00:00-04:00,2026-08-05T23:59:59-04:00
No Frills,8055480,DOZEN ROSES,16.0,2026-07-30T00:00:00-04:00,2026-08-05T23:59:59-04:00
No Frills,8055480,"FRISKIES DRY CAT FOOD, 7.26/7.5 KG",22.0,2026-07-30T00:00:00-04:00,2026-08-05T23:59:59-04:00
No Frills,8055480,"FARMER'S MARKET™ YELLOW PEACHES, 3 L",5.49,2026-07-30T00:00:00-04:00,2026-08-05T23:59:59-04:00
No Frills,8055480,"PEPSI SOFT DRINKS, 12x355 ml",7.5,2026-07-30T00:00:00-04:00,2026-08-05T23:59:59-04:00
No Frills,8055480,"PC® BLACK LABEL ICE CREAM, 500 ML OR CHAPMAN'S YUKON NOVELTIES, 5-8'S",4.5,2026-07-30T00:00:00-04:00,2026-08-05T23:59:59-04:00
No Frills,8055480,LARGE MIXED BOUQUET,20.0,2026-07-30T00:00:00-04:00,2026-08-05T23:59:59-04:00
No Frills,8055480,"WHITE POTATOES, 10 LB BAG",3.99,2026-07-30T00:00:00-04:00,2026-08-05T23:59:59-04:00
No Frills,8055480,"NO NAME® POPSICLES, 30's",8.0,2026-07-30T00:00:00-04:00,2026-08-05T23:59:59-04:00
No Frills,8055480,CAULIFLOWER,3.99,2026-07-30T00:00:00-04:00,2026-08-05T23:59:59-04:00
No Frills,8055480,"NO NAME® ICE MILK, 1.65 L",4.0,2026-07-30T00:00:00-04:00,2026-08-05T23:59:59-04:00
No Frills,8055480,"BECEL MARGARINE, 637/800 G",6.99,2026-07-30T00:00:00-04:00,2026-08-05T23:59:59-04:00
No Frills,8055480,"LA COSTENA MEXICAN SAUCES, 455 ML",3.79,2026-07-30T00:00:00-04:00,2026-08-05T23:59:59-04:00
No Frills,8055480,STEELHEAD TROUT FILLETS,10.0,2026-07-30T00:00:00-04:00,2026-08-05T23:59:59-04:00
No Frills,8055480,"NO NAME® MAYONNAISE, 890 ML",4.99,2026-07-30T00:00:00-04:00,2026-08-05T23:59:59-04:00
No Frills,8055480,"NO NAME® NATURALLY IMPERFECT™ MANGOES, 3 LB BAG",6.0,2026-07-30T00:00:00-04:00,2026-08-05T23:59:59-04:00
No Frills,8055480,"NO NAME® BEEF BURGERS, 1.36 KG",20.0,2026-07-30T00:00:00-04:00,2026-08-05T23:59:59-04:00
No Frills,8055480,TOMATOES ON THE VINE,1.99,2026-07-30T00:00:00-04:00,2026-08-05T23:59:59-04:00
No Frills,8055480,"NO NAME® CANOLA or VEGETABLE OIL, 3 L",7.99,2026-07-30T00:00:00-04:00,2026-08-05T23:59:59-04:00
No Frills,8055480,"CHUBBY SODA, 250 ML",0.4,2026-07-30T00:00:00-04:00,2026-08-05T23:59:59-04:00
No Frills,8055480,"GALLO EXTRA VIRGIN OLIVE OIL, 1 L",8.99,2026-07-30T00:00:00-04:00,2026-08-05T23:59:59-04:00
No Frills,8055480,"AVOCADOS, PKG OF 5",4.99,2026-07-30T00:00:00-04:00,2026-08-05T23:59:59-04:00
No Frills,8055480,"NO NAME® CREAM CHEESE, 227/250 g",3.0,2026-07-30T00:00:00-04:00,2026-08-05T23:59:59-04:00
No Frills,8055480,"CRACKER BARREL CHEESE SLICES, 200-240 G",4.77,2026-07-30T00:00:00-04:00,2026-08-05T23:59:59-04:00
No Frills,8055480,CILANTRO,1.29,2026-07-30T00:00:00-04:00,2026-08-05T23:59:59-04:00
No Frills,8055480,"FANCY FEAST WET CAT FOOD, 12x85 g",9.5,2026-07-30T00:00:00-04:00,2026-08-05T23:59:59-04:00
No Frills,8055480,"GRACE JERK SEASONING, 284 g",3.99,2026-07-30T00:00:00-04:00,2026-08-05T23:59:59-04:00
No Frills,8055480,"SMUCKER'S FRUIT JAM, JELLY or MARMALADE, 500 mL or NO SUGAR ADDED JAM, 310 mL",5.5,2026-07-30T00:00:00-04:00,2026-08-05T23:59:59-04:00
No Frills,8055480,LONG EGGPLANT,2.99,2026-07-30T00:00:00-04:00,2026-08-05T23:59:59-04:00
No Frills,8055480,GREEN CABBAGE,0.99,2026-07-30T00:00:00-04:00,2026-08-05T23:59:59-04:00
No Frills,8055480,"CHAPMAN'S PREMIUM ICE CREAM 2 L or SUPER SANDWICH, CONES or NOVELTIES 8-20's",4.99,2026-07-30T00:00:00-04:00,2026-08-05T23:59:59-04:00
No Frills,8055480,BABY BOK CHOY OR SHANGHAI BOK CHOY,1.99,2026-07-30T00:00:00-04:00,2026-08-05T23:59:59-04:00
No Frills,8055480,GREEN ONIONS,1.29,2026-07-30T00:00:00-04:00,2026-08-05T23:59:59-04:00
No Frills,8055480,"BICK'S PICKLES, 1 L",4.99,2026-07-30T00:00:00-04:00,2026-08-05T23:59:59-04:00
No Frills,8055480,"CHERRIES, BLUEBERRIES, PINT, STRAWBERRIES, 1 LB CLAMSHELL",4.99,2026-07-30T00:00:00-04:00,2026-08-05T23:59:59-04:00
No Frills,8055480,"NO NAME® CHICKEN STRIPS, NUGGETS, BURGERS, 908 g",6.0,2026-07-30T00:00:00-04:00,2026-08-05T23:59:59-04:00
No Frills,8055480,"BOURSIN CHEESE, 150/220 G OR MARCANGELO SLICED MEATS, 85 G",5.0,2026-07-30T00:00:00-04:00,2026-08-05T23:59:59-04:00
No Frills,8055480,"NO NAME® GROUND COFFEE, 907 G",15.0,2026-07-30T00:00:00-04:00,2026-08-05T23:59:59-04:00
No Frills,8055480,"GRACE EXOTIC CHIPS, 75 g",1.5,2026-07-30T00:00:00-04:00,2026-08-05T23:59:59-04:00
No Frills,8055480,"LA COSTENA REFRIED BEANS, 546 mL or CHIPOTLE PEPPERS IN ADOBO SAUCE, 186 mL",2.79,2026-07-30T00:00:00-04:00,2026-08-05T23:59:59-04:00
No Frills,8055480,"EXTRA LEAN GROUND BEEF, 450 g",8.0,2026-07-30T00:00:00-04:00,2026-08-05T23:59:59-04:00
No Frills,8055480,"YELLOW PLUMS, 1.5 L",6.99,2026-07-30T00:00:00-04:00,2026-08-05T23:59:59-04:00
No Frills,8055480,GINGER ROOT,2.88,2026-07-30T00:00:00-04:00,2026-08-05T23:59:59-04:00
No Frills,8055480,"SCHNEIDERS OR MAPLE LEAF PRE COOKED OR FRESH BACON, 65/375 G",3.95,2026-07-30T00:00:00-04:00,2026-08-05T23:59:59-04:00
No Frills,8055480,"NO NAME® PEANUT BUTTER, 1 KG",4.5,2026-07-30T00:00:00-04:00,2026-08-05T23:59:59-04:00
No Frills,8055480,WONDER BREAD 570/675 g or BUNS 8's,3.0,2026-07-30T00:00:00-04:00,2026-08-05T23:59:59-04:00
No Frills,8055480,MCCAIN SUPERFRIES OR SPECIALTY FRIES 454-800 G OR POCKETS 300 G,2.77,2026-07-30T00:00:00-04:00,2026-08-05T23:59:59-04:00
No Frills,8055480,"FARMER'S MARKET™ SWEET CORN, PKG OF 5",3.99,2026-07-30T00:00:00-04:00,2026-08-05T23:59:59-04:00
No Frills,8055480,"KD RAMEN BOWLS, 95/97 G",2.5,2026-07-30T00:00:00-04:00,2026-08-05T23:59:59-04:00
No Frills,8055480,"PC® CHOCOLATE BAR, 300 G",8.0,2026-07-30T00:00:00-04:00,2026-08-05T23:59:59-04:00
No Frills,8055480,PC® LEMONADE 1.89 L or PC® ORGANICS APPLE JUICE 1.36 L,3.5,2026-07-30T00:00:00-04:00,2026-08-05T23:59:59-04:00
No Frills,8055480,"HABITANT SOUP, 796 ML OR CAMPBELL'S READY TO SERVE SOUP, 515 ML",2.5,2026-07-30T00:00:00-04:00,2026-08-05T23:59:59-04:00
No Frills,8055480,"WHOLE SEEDLESS WATERMELON, 9 LB AVERAGE",5.99,2026-07-30T00:00:00-04:00,2026-08-05T23:59:59-04:00
No Frills,8055480,CELERY,2.99,2026-07-30T00:00:00-04:00,2026-08-05T23:59:59-04:00
No Frills,8055480,"GREEN GIANT VEGETABLES, 283-750 g",3.5,2026-07-30T00:00:00-04:00,2026-08-05T23:59:59-04:00
No Frills,8055480,"BASA FILLETS, 400 G",5.0,2026-07-30T00:00:00-04:00,2026-08-05T23:59:59-04:00
No Frills,8055480,RED MANGOES,1.49,2026-07-30T00:00:00-04:00,2026-08-05T23:59:59-04:00
No Frills,8055480,OKA 190 g or BALDERSON CHEDDAR CHEESE 250/280 g,7.0,2026-07-30T00:00:00-04:00,2026-08-05T23:59:59-04:00
No Frills,8055480,"PC® MAX™ PAPER TOWELS, 3-6 rolls",7.0,2026-07-30T00:00:00-04:00,2026-08-05T23:59:59-04:00
No Frills,8055480,HÄAGEN-DAZS ICE CREAM 450 mL or NOVELTIES 3/4's,4.99,2026-07-30T00:00:00-04:00,2026-08-05T23:59:59-04:00
No Frills,8055480,"GRACE COCONUT WATER, 500 mL",0.99,2026-07-30T00:00:00-04:00,2026-08-05T23:59:59-04:00
No Frills,8055480,"HANS DAIRY DAHI YOGURT, 750 g",2.29,2026-07-30T00:00:00-04:00,2026-08-05T23:59:59-04:00
No Frills,8055480,MEDIUM MIXED BOUQUET,15.0,2026-07-30T00:00:00-04:00,2026-08-05T23:59:59-04:00
No Frills,8055480,"NO NAME® CHEESE BARS, 700 g",8.99,2026-07-30T00:00:00-04:00,2026-08-05T23:59:59-04:00
No Frills,8055480,"BRAR'S MALAI PANEER, 375 g",4.99,2026-07-30T00:00:00-04:00,2026-08-05T23:59:59-04:00
No Frills,8055480,CANTALOUPE,2.99,2026-07-30T00:00:00-04:00,2026-08-05T23:59:59-04:00
No Frills,8055480,RUTABAGAS,0.99,2026-07-30T00:00:00-04:00,2026-08-05T23:59:59-04:00
No Frills,8055480,"BRAR'S RASMALAI, 850 g",8.99,2026-07-30T00:00:00-04:00,2026-08-05T23:59:59-04:00
No Frills,8055480,DORITOS TORTILLA CHIPS 210/235 g or CHEETOS SNACKS 170-285 g,4.0,2026-07-30T00:00:00-04:00,2026-08-05T23:59:59-04:00
No Frills,8055480,"MR. CLEAN ALL PURPOSE CLEANER, 1.21 L, FEBREZE AIR, 230 g, BATHROOM, 7.5 mL or CAR AIR FRESHENER, 2 mL",4.0,2026-07-30T00:00:00-04:00,2026-08-05T23:59:59-04:00
No Frills,8055480,"BELLEISLE COLESLAW, 227 G",1.29,2026-07-30T00:00:00-04:00,2026-08-05T23:59:59-04:00
No Frills,8055480,"PC® CHEESE SLICES, 140-170 g or PILLER'S KOLBASSA, 250-375 g",5.0,2026-07-30T00:00:00-04:00,2026-08-05T23:59:59-04:00
No Frills,8055480,"PC® CHICKEN DRUMSTICKS or THIGHS, up to 870 g",9.0,2026-07-30T00:00:00-04:00,2026-08-05T23:59:59-04:00
No Frills,8055480,"MAGGI MASALA NOODLES, 70 g",0.39,2026-07-30T00:00:00-04:00,2026-08-05T23:59:59-04:00
No Frills,8055480,"DAWN DISHWASHING LIQUID, 366-502 mL",2.5,2026-07-30T00:00:00-04:00,2026-08-05T23:59:59-04:00
No Frills,8055480,"SEAQUEST® WHOLE TILAPIA, 1.36 kg or WHOLE POMPANO, 800 g",9.0,2026-07-30T00:00:00-04:00,2026-08-05T23:59:59-04:00
No Frills,8055480,"NO NAME® SNACKS or CORN CHIPS, 200 g",2.5,2026-07-30T00:00:00-04:00,2026-08-05T23:59:59-04:00
No Frills,8055480,"NESTLÉ DRUMSTICK or KIT KAT CONES, 4's",4.0,2026-07-30T00:00:00-04:00,2026-08-05T23:59:59-04:00
No Frills,8055480,"iÖGO FROZEN YOGURT, 946 mL or POPS or BARS, 320/400 mL",5.0,2026-07-30T00:00:00-04:00,2026-08-05T23:59:59-04:00
No Frills,8055480,"PATTY KING JAMAICAN STYLE BEEF PATTIES, 1.17 kg",8.99,2026-07-30T00:00:00-04:00,2026-08-05T23:59:59-04:00
No Frills,8055480,SMALL MIXED BOUQUET,10.0,2026-07-30T00:00:00-04:00,2026-08-05T23:59:59-04:00
No Frills,8055480,PLANTAINS,1.29,2026-07-30T00:00:00-04:00,2026-08-05T23:59:59-04:00
No Frills,8055480,PINEAPPLE,4.99,2026-07-30T00:00:00-04:00,2026-08-05T23:59:59-04:00
No Frills,8055480,"FARMER'S MARKET™ MUFFINS, 6's or COOKIES, 12's",6.0,2026-07-30T00:00:00-04:00,2026-08-05T23:59:59-04:00
No Frills,8055480,"NO NAME® VEGETABLES, 2 kg",6.5,2026-07-30T00:00:00-04:00,2026-08-05T23:59:59-04:00
No Frills,8055480,"PRINGLES POTATO CRISPS, 148/156 g",2.5,2026-07-30T00:00:00-04:00,2026-08-05T23:59:59-04:00
No Frills,8055480,"HERSHEY'S KING SIZE CHOCOLATE BAR, 62 - 83 g",1.5,2026-07-30T00:00:00-04:00,2026-07-31T23:59:59-04:00
No Frills,8055480,"TETLEY TEA, 80/144's",6.99,2026-07-30T00:00:00-04:00,2026-08-05T23:59:59-04:00
No Frills,8055480,"CHRISTIE PREMIUM PLUS CRACKERS, 450/481 G",4.0,2026-07-30T00:00:00-04:00,2026-08-05T23:59:59-04:00
No Frills,8055480,"LIBERTÉ KEFIR, 1 L or MÉDITERRANÉE, 900 g YOGURT",5.5,2026-07-30T00:00:00-04:00,2026-08-05T23:59:59-04:00
No Frills,8055480,"LAY'S POTATO CHIPS, 177-235 g",2.99,2026-07-30T00:00:00-04:00,2026-08-05T23:59:59-04:00
No Frills,8055480,"ROMAINE HEARTS, PKG OF 3",3.49,2026-07-30T00:00:00-04:00,2026-08-05T23:59:59-04:00
No Frills,8055480,"BANANA BOAT SUNSCREEN, 170-226 g/150-315 mL",10.0,2026-07-30T00:00:00-04:00,2026-08-05T23:59:59-04:00
No Frills,8055480,"NO NAME® SHREDDED CHEESE, 900 g",13.5,2026-07-30T00:00:00-04:00,2026-08-05T23:59:59-04:00
No Frills,8055480,"ETHNICO FROZEN BAGGED GOAT STEW, 500 g",10.99,2026-07-30T00:00:00-04:00,2026-08-05T23:59:59-04:00
No Frills,8055480,"HERSHEY'S CHIPITS, 200-270 g",5.5,2026-07-30T00:00:00-04:00,2026-08-05T23:59:59-04:00
No Frills,8055480,"LOU'S FRESH FULLY COOKED BEEF, PORK or CHICKEN ENTREES, 375/400 g",9.99,2026-07-30T00:00:00-04:00,2026-08-05T23:59:59-04:00
No Frills,8055480,"PILLSBURY TOASTER STRUDEL, 326 g or TOASTER SCRAMBLES, 204 g, PASTRIES",3.5,2026-07-30T00:00:00-04:00,2026-08-05T23:59:59-04:00
No Frills,8055480,"PC® OR BLUE MENU® FROZEN ENTREES, 212-365 g",4.0,2026-07-30T00:00:00-04:00,2026-08-05T23:59:59-04:00
No Frills,8055480,"NO NAME® SMOKED SAUSAGES, 900 g",9.0,2026-07-30T00:00:00-04:00,2026-08-05T23:59:59-04:00
No Frills,8055480,"U BY KOTEX LINERS, 34-58's, PADS, 10-20's or TAMPONS, 15-16's",5.5,2026-07-30T00:00:00-04:00,2026-08-05T23:59:59-04:00
No Frills,8055480,"NO NAME® ICE CREAM SANDWICHES or BARS, 24/30's",11.0,2026-07-30T00:00:00-04:00,2026-08-05T23:59:59-04:00
No Frills,8055480,"PC® THICK AND JUICY LAZER MENU™ BURGERS, 1.02-1.36 kg",18.0,2026-07-30T00:00:00-04:00,2026-08-05T23:59:59-04:00
No Frills,8055480,"PC® DIPS, 200/227 g or NAAN DIPPERS, 200 g",3.0,2026-07-30T00:00:00-04:00,2026-08-05T23:59:59-04:00
No Frills,8055480,"NO NAME® WHOLE KERNEL or CREAM-STYLE CORN, 341/398 mL",1.25,2026-07-30T00:00:00-04:00,2026-08-05T23:59:59-04:00
No Frills,8055480,"NO NAME® BREAD, 520 g",2.89,2026-07-30T00:00:00-04:00,2026-08-05T23:59:59-04:00
No Frills,8055480,"DOVE BAR SOAP, 6x106 g or BODY WASH, 400-710 ml",9.0,2026-07-30T00:00:00-04:00,2026-08-05T23:59:59-04:00
No Frills,8055480,"FARMER'S MARKET™ MANDARINS or LEMONS, 2 LB BAG",4.99,2026-07-30T00:00:00-04:00,2026-08-05T23:59:59-04:00
No Frills,8055480,"POISE PADS or LINERS, 14-48's",6.0,2026-07-30T00:00:00-04:00,2026-08-05T23:59:59-04:00
No Frills,8055480,"NO NAME® CHOCOLATE BAR, 100 g",2.0,2026-07-30T00:00:00-04:00,2026-08-05T23:59:59-04:00
No Frills,8055480,"CRISPY ROTI, 15's",3.49,2026-07-30T00:00:00-04:00,2026-08-05T23:59:59-04:00
No Frills,8055480,NO NAME® CHICKEN LEGS,2.99,2026-07-30T00:00:00-04:00,2026-08-05T23:59:59-04:00
No Frills,8055480,"YELLOW ONIONS, 10 LB BAG",5.99,2026-07-30T00:00:00-04:00,2026-08-05T23:59:59-04:00
No Frills,8055480,"GRACE ISLAND SODA, 355 mL or PLANTAIN CHIPS, 85 g",0.99,2026-07-30T00:00:00-04:00,2026-08-05T23:59:59-04:00
No Frills,8055480,"REAL CANADIAN SPRING WATER, 24x500 mL",3.0,2026-07-30T00:00:00-04:00,2026-08-05T23:59:59-04:00
No Frills,8055480,"SEAQUEST® RAW or COOKED SHRIMP 36-55 per lb 300 g, BAY SCALLOPS 400 g or SHRIMP RING 277 g",5.5,2026-07-30T00:00:00-04:00,2026-08-05T23:59:59-04:00
No Frills,8055480,"NESCAFÉ RICH, 100-170 g, SWEET & CREAMY, 16/18's or ESPRESSO CONCENTRATE, 500 mL INSTANT COFFEE",6.44,2026-07-30T00:00:00-04:00,2026-08-05T23:59:59-04:00
No Frills,8055480,PORK COMBO CHOPS,5.0,2026-07-30T00:00:00-04:00,2026-08-05T23:59:59-04:00
No Frills,8055480,"NO NAME® HOTDOG or HAMBURGER BUNS, 8's",2.5,2026-07-30T00:00:00-04:00,2026-08-05T23:59:59-04:00
No Frills,8055480,"BUBLY, 12X355 ML OR MONTELLIER, 10X355 ML SPARKLING WATER",6.5,2026-07-30T00:00:00-04:00,2026-08-05T23:59:59-04:00
No Frills,8055480,"HUGGIES ECONO PACK DIAPERS, 60-208's",34.99,2026-07-30T00:00:00-04:00,2026-08-05T23:59:59-04:00
