merchant,flyer_id,name,price,valid_from,valid_to
Walmart,8171556,Kidde smoke alarm,46.78,2026-10-08T00:00:00-04:00,2026-10-14T23:59:59-04:00
Walmart,8171556,Cool Whip whipped topping,5.48,2026-10-08T00:00:00-04:00,2026-10-14T23:59:59-04:00
Walmart,8171556,Flamingo Canada A fresh turkey,2.71,2026-10-08T00:00:00-04:00,2026-10-14T23:59:59-04:00
Walmart,8171556,Hostess Hershey's snack cakes,4.28,2026-10-08T00:00:00-04:00,2026-10-14T23:59:59-04:00
Walmart,8171556,Amara organic smoothie melts or fruit bites,4.47,2026-10-08T00:00:00-04:00,2026-10-14T23:59:59-04:00
Walmart,8171556,Your Fresh Market™ pies,5.94,2026-10-08T00:00:00-04:00,2026-10-14T23:59:59-04:00
Walmart,8171556,Boursin cheese,4.98,2026-10-08T00:00:00-04:00,2026-10-14T23:59:59-04:00
Walmart,8171556,Green Giant frozen vegetables,3.47,2026-10-08T00:00:00-04:00,2026-10-14T23:59:59-04:00
Walmart,8171556,Club House sauces or gravy mixes,0.98,2026-10-08T00:00:00-04:00,2026-10-14T23:59:59-04:00
Walmart,8171556,Fantino & Mondello Italian Charcuterie meats,5.97,2026-10-08T00:00:00-04:00,2026-10-14T23:59:59-04:00
Walmart,8171556,Brussels sprouts,3.44,2026-10-08T00:00:00-04:00,2026-10-14T23:59:59-04:00
Walmart,8171556,Glad white kitchen garbage bags,10.97,2026-10-08T00:00:00-04:00,2026-10-14T23:59:59-04:00
Walmart,8171556,Dove dry spray deodorant,7.86,2026-10-08T00:00:00-04:00,2026-10-14T23:59:59-04:00
Walmart,8171556,Simply Lemonade 2.25 L or Apple or cranberry juice,5.48,2026-10-08T00:00:00-04:00,2026-10-14T23:59:59-04:00
Walmart,8171556,Ocean Spray cranberry sauce,1.57,2026-10-08T00:00:00-04:00,2026-10-14T23:59:59-04:00
Walmart,8171556,Jamieson calcium 120s or zinc 100s,9.97,2026-10-08T00:00:00-04:00,2026-10-14T23:59:59-04:00
Walmart,8171556,Universal tractor fluid,109.0,2026-10-08T00:00:00-04:00,2026-10-14T23:59:59-04:00
Walmart,8171556,Cozy knit throw,29.97,2026-10-08T00:00:00-04:00,2026-10-14T23:59:59-04:00
Walmart,8171556,Reynolds composable parchment paper 75',6.98,2026-10-08T00:00:00-04:00,2026-10-14T23:59:59-04:00
Walmart,8171556,Daise mystery bracelets,12.98,2026-10-08T00:00:00-04:00,2026-10-14T23:59:59-04:00
Walmart,8171556,Garnier Whole Blends shampoo,4.98,2026-10-08T00:00:00-04:00,2026-10-14T23:59:59-04:00
Walmart,8171556,"John Frieda shampoo, conditioner or styling products",11.48,2026-10-08T00:00:00-04:00,2026-10-14T23:59:59-04:00
Walmart,8171556,Jergens lotion,8.62,2026-10-08T00:00:00-04:00,2026-10-14T23:59:59-04:00
Walmart,8171556,Chapman's Premium frozen tubs 2L,6.97,2026-10-08T00:00:00-04:00,2026-10-14T23:59:59-04:00
Walmart,8171556,Suave body wash 532 mL or antiperspirant 74 Each,3.97,2026-10-08T00:00:00-04:00,2026-10-14T23:59:59-04:00
Walmart,8171556,Live Clean holiday hand soap,4.96,2026-10-08T00:00:00-04:00,2026-10-14T23:59:59-04:00
Walmart,8171556,Britannia milk rusk,4.74,2026-10-08T00:00:00-04:00,2026-10-14T23:59:59-04:00
Walmart,8171556,Your Fresh Market™ apple fritter 4-pack,4.78,2026-10-08T00:00:00-04:00,2026-10-14T23:59:59-04:00
Walmart,8171556,Your Fresh Market™ apple cider,4.47,2026-10-08T00:00:00-04:00,2026-10-14T23:59:59-04:00
Walmart,8171556,Bulk McIntosh apples,1.28,2026-10-08T00:00:00-04:00,2026-10-14T23:59:59-04:00
Walmart,8171556,Bulk Honeycrisp apples,2.98,2026-10-08T00:00:00-04:00,2026-10-14T23:59:59-04:00
Walmart,8171556,Indian red carrot,1.98,2026-10-08T00:00:00-04:00,2026-10-14T23:59:59-04:00
Walmart,8171556,Mane'n Tail shampoo or conditioner,10.77,2026-10-08T00:00:00-04:00,2026-10-14T23:59:59-04:00
Walmart,8171556,Hamilton Beach 1.1-cu. ft. Microwave,84.97,2026-10-08T00:00:00-04:00,2026-10-14T23:59:59-04:00
Walmart,8171556,Marcangelo fresh pork kabobs,9.97,2026-10-08T00:00:00-04:00,2026-10-14T23:59:59-04:00
Walmart,8171556,Fancy Feast cat treats variety pack,6.97,2026-10-08T00:00:00-04:00,2026-10-14T23:59:59-04:00
Walmart,8171556,Sheba Bistro Perfect Portions wet cat food variety pack,15.98,2026-10-08T00:00:00-04:00,2026-10-14T23:59:59-04:00
Walmart,8171556,Purex laundry detergent,10.47,2026-10-08T00:00:00-04:00,2026-10-14T23:59:59-04:00
Walmart,8171556,Goldfish crackers,2.48,2026-10-08T00:00:00-04:00,2026-10-14T23:59:59-04:00
Walmart,8171556,Whiskas wet cat food pouch singles,0.77,2026-10-08T00:00:00-04:00,2026-10-14T23:59:59-04:00
Walmart,8171556,Sanpellegrino Ciao! flavoured sparkling water,8.27,2026-10-08T00:00:00-04:00,2026-10-14T23:59:59-04:00
Walmart,8171556,L'Oréal Paris Hair Expertise Density Booster shampoo or conditioner,8.97,2026-10-08T00:00:00-04:00,2026-10-14T23:59:59-04:00
Walmart,8171556,Lawn stake lights,14.98,2026-10-08T00:00:00-04:00,2026-10-14T23:59:59-04:00
Walmart,8171556,Your Fresh Market™ coho salmon side,7.88,2026-10-08T00:00:00-04:00,2026-10-14T23:59:59-04:00
Walmart,8171556,Enfamil A+ NeuroPro Gentlease ready-to-feed formula,87.97,2026-10-08T00:00:00-04:00,2026-10-14T23:59:59-04:00
Walmart,8171556,Colgate toothbrushes 6-pack or Sensitive Pro-Relief 120 mL or Optic White Advanced 133 mL toothpaste,6.97,2026-10-08T00:00:00-04:00,2026-10-14T23:59:59-04:00
Walmart,8171556,Your Fresh Market™ Gravenstein apples,4.98,2026-10-08T00:00:00-04:00,2026-10-14T23:59:59-04:00
Walmart,8171556,White cauliflower,3.44,2026-10-08T00:00:00-04:00,2026-10-14T23:59:59-04:00
Walmart,8171556,Your Fresh Market™ Rave apples,5.98,2026-10-08T00:00:00-04:00,2026-10-14T23:59:59-04:00
Walmart,8171556,Adults' costumes,19.98,2026-10-08T00:00:00-04:00,2026-10-14T23:59:59-04:00
Walmart,8171556,Kool-Aid Jammers,2.97,2026-10-08T00:00:00-04:00,2026-10-14T23:59:59-04:00
Walmart,8171556,Heinz ketchup zero sugar,3.97,2026-10-08T00:00:00-04:00,2026-10-14T23:59:59-04:00
Walmart,8171556,Farmers 10% blend cream,3.48,2026-10-08T00:00:00-04:00,2026-10-14T23:59:59-04:00
Walmart,8171556,Tampax premium tampons,10.98,2026-10-08T00:00:00-04:00,2026-10-14T23:59:59-04:00
Walmart,8171556,Schneiders bacon 375 g,4.97,2026-10-08T00:00:00-04:00,2026-10-14T23:59:59-04:00
Walmart,8171556,Cracker Barrel cheese shreds 320 g,5.98,2026-10-08T00:00:00-04:00,2026-10-14T23:59:59-04:00
Walmart,8171556,Pull-chopper or onion chopper,15.97,2026-10-08T00:00:00-04:00,2026-10-14T23:59:59-04:00
Walmart,8171556,Eggo waffles 8-pack,2.97,2026-10-08T00:00:00-04:00,2026-10-14T23:59:59-04:00
Walmart,8171556,Club House sauces or gravy mixes,0.98,2026-10-08T00:00:00-04:00,2026-10-14T23:59:59-04:00
Walmart,8171556,Montellier carbonated water,1.27,2026-10-08T00:00:00-04:00,2026-10-14T23:59:59-04:00
Walmart,8171556,Chapman's Super sandwich novelties 12 x 120 mL,6.97,2026-10-08T00:00:00-04:00,2026-10-14T23:59:59-04:00
Walmart,8171556,Lijjat jeera papad,2.24,2026-10-08T00:00:00-04:00,2026-10-14T23:59:59-04:00
Walmart,8171556,Verka gurkhpur jaggery,2.24,2026-10-08T00:00:00-04:00,2026-10-14T23:59:59-04:00
Walmart,8171556,Liberté Méditerranée yogurt tubs,3.47,2026-10-08T00:00:00-04:00,2026-10-14T23:59:59-04:00
Walmart,8171556,Heinz pickle-flavoured tomato ketchup,2.97,2026-10-08T00:00:00-04:00,2026-10-14T23:59:59-04:00
Walmart,8171556,Vibrant Life enclosed cat litter pan,29.94,2026-10-08T00:00:00-04:00,2026-10-14T23:59:59-04:00
Walmart,8171556,Harvest collection assortment,4.97,2026-10-08T00:00:00-04:00,2026-10-14T23:59:59-04:00
Walmart,8171556,Sensodyne or Pronamel toothpaste,6.97,2026-10-08T00:00:00-04:00,2026-10-14T23:59:59-04:00
Walmart,8171556,Pantene Pro-V shampoo,7.97,2026-10-08T00:00:00-04:00,2026-10-14T23:59:59-04:00
Walmart,8171556,International Delight limited edition pistachio coffee creamer,2.97,2026-10-08T00:00:00-04:00,2026-10-14T23:59:59-04:00
Walmart,8171556,Always premium pads,10.98,2026-10-08T00:00:00-04:00,2026-10-14T23:59:59-04:00
Walmart,8171556,Garnier Whole Blends shampoo or conditioner,4.98,2026-10-08T00:00:00-04:00,2026-10-14T23:59:59-04:00
Walmart,8171556,STŌK cold brew black coffee,9.98,2026-10-08T00:00:00-04:00,2026-10-14T23:59:59-04:00
Walmart,8171556,Ocean plush,4.97,2026-10-08T00:00:00-04:00,2026-10-14T23:59:59-04:00
Walmart,8171556,Pillsbury Ready to Bake! fall cookie dough,3.98,2026-10-08T00:00:00-04:00,2026-10-14T23:59:59-04:00
Walmart,8171556,PowerForce Turbo bagless upright vacuum,98.98,2026-10-08T00:00:00-04:00,2026-10-14T23:59:59-04:00
Walmart,8171556,Sanpellegrino sparkling water,2.47,2026-10-08T00:00:00-04:00,2026-10-14T23:59:59-04:00
Walmart,8171556,Philadelphia cream cheese,3.97,2026-10-08T00:00:00-04:00,2026-10-14T23:59:59-04:00
Walmart,8171556,"Waffle maker, sandwich maker or 10-cup rice cooker",29.97,2026-10-08T00:00:00-04:00,2026-10-14T23:59:59-04:00
Walmart,8171556,Crest 3D White deep stain remover toothpaste 67 mL,9.97,2026-10-08T00:00:00-04:00,2026-10-14T23:59:59-04:00
Walmart,8171556,McCafé K-cups 30s,22.86,2026-10-08T00:00:00-04:00,2026-10-14T23:59:59-04:00
Walmart,8171556,Aquaphor healing ointment,9.96,2026-10-08T00:00:00-04:00,2026-10-14T23:59:59-04:00
Walmart,8171556,Philadelphia cream cheese,3.97,2026-10-08T00:00:00-04:00,2026-10-14T23:59:59-04:00
Walmart,8171556,Your Fresh Market™ apple turnover 8-pack,5.94,2026-10-08T00:00:00-04:00,2026-10-14T23:59:59-04:00
Walmart,8171556,Eggo waffles 8-pack,2.97,2026-10-08T00:00:00-04:00,2026-10-14T23:59:59-04:00
Walmart,8171556,Advil Cold & Sinus,15.07,2026-10-08T00:00:00-04:00,2026-10-14T23:59:59-04:00
Walmart,8171556,IAMS Proactive Health dry cat food,19.77,2026-10-08T00:00:00-04:00,2026-10-14T23:59:59-04:00
Walmart,8171556,Activia Fibre+ probiotic yogurt tubs,4.96,2026-10-08T00:00:00-04:00,2026-10-14T23:59:59-04:00
Walmart,8171556,Ivory gentle body wash,8.48,2026-10-08T00:00:00-04:00,2026-10-14T23:59:59-04:00
Walmart,8171556,Carnation partly skimmed or evaporated milk,1.74,2026-10-08T00:00:00-04:00,2026-10-14T23:59:59-04:00
Walmart,8171556,Cracker Barrel cheese block 400 g,5.98,2026-10-08T00:00:00-04:00,2026-10-14T23:59:59-04:00
Walmart,8171556,Giuseppe thin or rising crust pizza,5.84,2026-10-08T00:00:00-04:00,2026-10-14T23:59:59-04:00
Walmart,8171556,CÔTES DE DOS DE PORC BARBECUE,8.46,2026-10-08T00:00:00-04:00,2026-10-14T23:59:59-04:00
Walmart,8171556,Classico pasta sauce,2.97,2026-10-08T00:00:00-04:00,2026-10-14T23:59:59-04:00
Walmart,8171556,Maple Leaf Ready crisp bacon 65 g -85 g,4.97,2026-10-08T00:00:00-04:00,2026-10-14T23:59:59-04:00
Walmart,8171556,Kinder Surprise chocolate eggs,4.48,2026-10-08T00:00:00-04:00,2026-10-14T23:59:59-04:00
Walmart,8171556,Alcan aluminum foil 60' or 100',6.98,2026-10-08T00:00:00-04:00,2026-10-14T23:59:59-04:00
Walmart,8171556,RestoraLAX 14 doses,14.77,2026-10-08T00:00:00-04:00,2026-10-14T23:59:59-04:00
Walmart,8171556,Tylenol Extra Strength,11.97,2026-10-08T00:00:00-04:00,2026-10-14T23:59:59-04:00
Walmart,8171556,Tylenol Extra Strength,11.97,2026-10-08T00:00:00-04:00,2026-10-14T23:59:59-04:00
Walmart,8171556,International Delight Reese's iced coffee,4.98,2026-10-08T00:00:00-04:00,2026-10-14T23:59:59-04:00
Walmart,8171556,Ivory gentle body wash,8.48,2026-10-08T00:00:00-04:00,2026-10-14T23:59:59-04:00
Walmart,8171556,Advil Liqui-Gels 72s or Mini-Gels 70s Each,16.98,2026-10-08T00:00:00-04:00,2026-10-14T23:59:59-04:00
Walmart,8171556,Golden pineapple,4.97,2026-10-08T00:00:00-04:00,2026-10-14T23:59:59-04:00
Walmart,8171556,Vileda H2prO flat mop and bucket multi-surface floor cleaning system,49.96,2026-10-08T00:00:00-04:00,2026-10-14T23:59:59-04:00
Walmart,8171556,IAMS Proactive Health dry cat food,19.77,2026-10-08T00:00:00-04:00,2026-10-14T23:59:59-04:00
Walmart,8171556,COVERGIRL TruBlend Sun & Sculpt bronzing glow serum,16.46,2026-10-08T00:00:00-04:00,2026-10-14T23:59:59-04:00
Walmart,8171556,Blue Buffalo dry dog food for large breeds,56.97,2026-10-08T00:00:00-04:00,2026-10-14T23:59:59-04:00
Walmart,8171556,Great Value long grain or thai jasmine rice,4.77,2026-10-08T00:00:00-04:00,2026-10-14T23:59:59-04:00
Walmart,8171556,Kool-Aid Jammers drinks,2.97,2026-10-08T00:00:00-04:00,2026-10-14T23:59:59-04:00
Walmart,8171556,Old Orchard juice concentrate,2.28,2026-10-08T00:00:00-04:00,2026-10-14T23:59:59-04:00
Walmart,8171556,Bulk McIntosh or Gala apples,1.28,2026-10-08T00:00:00-04:00,2026-10-14T23:59:59-04:00
Walmart,8171556,Enfamil A+ stage 1 or 2 powder formula refill,62.98,2026-10-08T00:00:00-04:00,2026-10-14T23:59:59-04:00
Walmart,8171556,"Dempster's 7"" tortillas",2.98,2026-10-08T00:00:00-04:00,2026-10-14T23:59:59-04:00
Walmart,8171556,Great Value long grain or thai jasmine rice,4.77,2026-10-08T00:00:00-04:00,2026-10-14T23:59:59-04:00
Walmart,8171556,John Frieda styling products,11.48,2026-10-08T00:00:00-04:00,2026-10-14T23:59:59-04:00
Walmart,8171556,Friskies Party Mix crunch cat treats,2.27,2026-10-08T00:00:00-04:00,2026-10-14T23:59:59-04:00
Walmart,8171556,Special Kitty clumping cat litter,12.97,2026-10-08T00:00:00-04:00,2026-10-14T23:59:59-04:00
Walmart,8171556,Kraft salad dressing,3.24,2026-10-08T00:00:00-04:00,2026-10-14T23:59:59-04:00
Walmart,8171556,"Swiffer wet, dry or duster refills or Sweep and Mop starter kit",15.97,2026-10-08T00:00:00-04:00,2026-10-14T23:59:59-04:00
Walmart,8171556,Large white eggs,7.34,2026-10-08T00:00:00-04:00,2026-10-14T23:59:59-04:00
Walmart,8171556,Balderson cheddar double cream brie,6.67,2026-10-08T00:00:00-04:00,2026-10-14T23:59:59-04:00
Walmart,8171556,Pillsbury wiener wraps or crescents,1.67,2026-10-08T00:00:00-04:00,2026-10-14T23:59:59-04:00
Walmart,8171556,Palmolive dish soap,7.97,2026-10-08T00:00:00-04:00,2026-10-14T23:59:59-04:00
Walmart,8171556,"25"" Light-up Halloween swing girl decor",89.98,2026-10-08T00:00:00-04:00,2026-10-14T23:59:59-04:00
Walmart,8171556,Nivea body wash,4.98,2026-10-08T00:00:00-04:00,2026-10-14T23:59:59-04:00
Walmart,8171556,Ol' Roy Maximum high protein dry dog food,36.97,2026-10-08T00:00:00-04:00,2026-10-14T23:59:59-04:00
Walmart,8171556,Licensed greeters,32.98,2026-10-08T00:00:00-04:00,2026-10-14T23:59:59-04:00
Walmart,8171556,Giuseppe thin or rising crust pizza,5.84,2026-10-08T00:00:00-04:00,2026-10-14T23:59:59-04:00
Walmart,8171556,Black Diamond cheese slices,3.47,2026-10-08T00:00:00-04:00,2026-10-14T23:59:59-04:00
Walmart,8171556,Kendamil organic powder infant formula,49.97,2026-10-08T00:00:00-04:00,2026-10-14T23:59:59-04:00
Walmart,8171556,Q-tips original cotton swabs,3.97,2026-10-08T00:00:00-04:00,2026-10-14T23:59:59-04:00
Walmart,8171556,Heinz soup,5.47,2026-10-08T00:00:00-04:00,2026-10-14T23:59:59-04:00
Walmart,8171556,Tenderflake deep pie shells,3.27,2026-10-08T00:00:00-04:00,2026-10-14T23:59:59-04:00
Walmart,8171556,Purple sweet potato,1.87,2026-10-08T00:00:00-04:00,2026-10-14T23:59:59-04:00
Walmart,8171556,Sanpellegrino Light,6.97,2026-10-08T00:00:00-04:00,2026-10-14T23:59:59-04:00
Walmart,8171556,Lawn stake lights,14.98,2026-10-08T00:00:00-04:00,2026-10-14T23:59:59-04:00
Walmart,8171556,Green Giant canned vegetables,1.67,2026-10-08T00:00:00-04:00,2026-10-14T23:59:59-04:00
Walmart,8171556,Biba Rangriti Indian ethnic suit set for women - Chandrima Set,81.74,2026-10-08T00:00:00-04:00,2026-10-14T23:59:59-04:00
Walmart,8171556,Liberté Méditerranée yogurt tubs,3.47,2026-10-08T00:00:00-04:00,2026-10-14T23:59:59-04:00
Walmart,8171556,Starbucks iced coffee,6.98,2026-10-08T00:00:00-04:00,2026-10-14T23:59:59-04:00
Walmart,8171556,Cascade dishwasher tabs,19.97,2026-10-08T00:00:00-04:00,2026-10-14T23:59:59-04:00
Walmart,8171556,Harvest collection assortment,4.97,2026-10-08T00:00:00-04:00,2026-10-14T23:59:59-04:00
Walmart,8171556,Your Fresh Market™ butter croissants,5.94,2026-10-08T00:00:00-04:00,2026-10-14T23:59:59-04:00
Walmart,8171556,Aquaphor healing ointment,19.96,2026-10-08T00:00:00-04:00,2026-10-14T23:59:59-04:00
Walmart,8171556,"Great Value frozen Italian-style chicken and beef meatballs or meat, seafood or appetizer value bags",9.98,2026-10-08T00:00:00-04:00,2026-10-14T23:59:59-04:00
Walmart,8171556,International Delight pumpkin spice cold foam,5.88,2026-10-08T00:00:00-04:00,2026-10-14T23:59:59-04:00
Walmart,8171556,Equate high protein meal replacement shakes,10.97,2026-10-08T00:00:00-04:00,2026-10-14T23:59:59-04:00
Walmart,8171556,Purina Beneful dry dog food,26.97,2026-10-08T00:00:00-04:00,2026-10-14T23:59:59-04:00
Walmart,8171556,Dove body wash 591 mL,8.86,2026-10-08T00:00:00-04:00,2026-10-14T23:59:59-04:00
Walmart,8171556,Alcan bakeware foil pan,3.98,2026-10-08T00:00:00-04:00,2026-10-14T23:59:59-04:00
Walmart,8171556,Classico pasta sauce,2.97,2026-10-08T00:00:00-04:00,2026-10-14T23:59:59-04:00
Walmart,8171556,Campbell's broth,1.47,2026-10-08T00:00:00-04:00,2026-10-14T23:59:59-04:00
Walmart,8171556,Silk soy protein plant-based beverage,3.98,2026-10-08T00:00:00-04:00,2026-10-14T23:59:59-04:00
Walmart,8171556,Great Value whipped topping,3.27,2026-10-08T00:00:00-04:00,2026-10-14T23:59:59-04:00
Walmart,8171556,Hostess Hershey's snack cakes,4.28,2026-10-08T00:00:00-04:00,2026-10-14T23:59:59-04:00
Walmart,8171556,"Royal Chinet 10.38"" dinner plates",21.47,2026-10-08T00:00:00-04:00,2026-10-14T23:59:59-04:00
Walmart,8171556,CeraVe AM or PM moisturizing lotions,20.96,2026-10-08T00:00:00-04:00,2026-10-14T23:59:59-04:00
Walmart,8171556,TuffStore 63 L storage tote,6.97,2026-10-08T00:00:00-04:00,2026-10-14T23:59:59-04:00
Walmart,8171556,Sun-Maid raisin bread,3.98,2026-10-08T00:00:00-04:00,2026-10-14T23:59:59-04:00
Walmart,8171556,Sanpellegrino Ciao! flavoured Sparkling Water,8.27,2026-10-08T00:00:00-04:00,2026-10-14T23:59:59-04:00
Walmart,8171556,Lysol multi-surface cleaner,9.97,2026-10-08T00:00:00-04:00,2026-10-14T23:59:59-04:00
Walmart,8171556,TheraBreath oral rinse,13.47,2026-10-08T00:00:00-04:00,2026-10-14T23:59:59-04:00
Walmart,8171556,Pull-chopper or onion chopper,15.97,2026-10-08T00:00:00-04:00,2026-10-14T23:59:59-04:00
Walmart,8171556,L'Oréal Paris Hair Expertise Density Booster shampoo or conditioner,8.97,2026-10-08T00:00:00-04:00,2026-10-14T23:59:59-04:00
Walmart,8171556,Ocean Spray cranberry sauce,1.57,2026-10-08T00:00:00-04:00,2026-10-14T23:59:59-04:00
Walmart,8171556,Ocean Spray cranberry sauce,1.57,2026-10-08T00:00:00-04:00,2026-10-14T23:59:59-04:00
Walmart,8171556,Coca-Cola Pop,6.94,2026-10-08T00:00:00-04:00,2026-10-14T23:59:59-04:00
Walmart,8171556,Halloween plush,8.48,2026-10-08T00:00:00-04:00,2026-10-14T23:59:59-04:00
Walmart,8171556,Activia Fibre+ probiotic yogurt tubs,4.96,2026-10-08T00:00:00-04:00,2026-10-14T23:59:59-04:00
Walmart,8171556,Nestlé Parlour frozen dessert tubs,2.94,2026-10-08T00:00:00-04:00,2026-10-14T23:59:59-04:00
Walmart,8171556,Sanpellegrino flavoured sparkling drink,6.97,2026-10-08T00:00:00-04:00,2026-10-14T23:59:59-04:00
Walmart,8171556,Rascals premium superpack diapers,19.88,2026-10-08T00:00:00-04:00,2026-10-14T23:59:59-04:00
Walmart,8171556,Selected squash,0.97,2026-10-08T00:00:00-04:00,2026-10-14T23:59:59-04:00
Walmart,8171556,PORK BACK RIBS CHIPOTLE MANGO,8.46,2026-10-08T00:00:00-04:00,2026-10-14T23:59:59-04:00
Walmart,8171556,Great Value Cola,5.67,2026-10-08T00:00:00-04:00,2026-10-14T23:59:59-04:00
Walmart,8171556,Aussie shampoo or conditioner,8.97,2026-10-08T00:00:00-04:00,2026-10-14T23:59:59-04:00
Walmart,8171556,Your Fresh Market™ yellow onions,4.44,2026-10-08T00:00:00-04:00,2026-10-14T23:59:59-04:00
Walmart,8171556,White cauliflower or broccoli stalks,3.44,2026-10-08T00:00:00-04:00,2026-10-14T23:59:59-04:00
Walmart,8171556,Kraft salad dressing,3.24,2026-10-08T00:00:00-04:00,2026-10-14T23:59:59-04:00
Walmart,8171556,Canada Grade A or Utility frozen turkeys,23.0,2026-10-08T00:00:00-04:00,2026-10-14T23:59:59-04:00
Walmart,8171556,Maynards share size candies,3.98,2026-10-08T00:00:00-04:00,2026-10-14T23:59:59-04:00
Walmart,8171556,Stove Top stuffing mix,1.27,2026-10-08T00:00:00-04:00,2026-10-14T23:59:59-04:00
Walmart,8171556,Heinz soup,5.47,2026-10-08T00:00:00-04:00,2026-10-14T23:59:59-04:00
Walmart,8171556,Sanpellegrino sparkling water,11.58,2026-10-08T00:00:00-04:00,2026-10-14T23:59:59-04:00
Walmart,8171556,Sanpellegrino CIAO! flavoured sparkling water,8.27,2026-10-08T00:00:00-04:00,2026-10-14T23:59:59-04:00
Walmart,8171556,IAMS Proactive Health dry dog food for large breeds,62.97,2026-10-08T00:00:00-04:00,2026-10-14T23:59:59-04:00
Walmart,8171556,Adults' costumes,19.98,2026-10-08T00:00:00-04:00,2026-10-14T23:59:59-04:00
Walmart,8171556,Rainbow peppers,4.74,2026-10-08T00:00:00-04:00,2026-10-14T23:59:59-04:00
Walmart,8171556,Kettle Brand chips,2.88,2026-10-08T00:00:00-04:00,2026-10-14T23:59:59-04:00
Walmart,8171556,MAINSTAYS 14-oz. 3-Wick candles,9.94,2026-10-08T00:00:00-04:00,2026-10-14T23:59:59-04:00
Walmart,8171556,Equate high protein meal replacement shakes,10.97,2026-10-08T00:00:00-04:00,2026-10-14T23:59:59-04:00
Walmart,8171556,Your Fresh Market™ Angus beef boneless cross rib roast,7.88,2026-10-08T00:00:00-04:00,2026-10-14T23:59:59-04:00
Walmart,8171556,Starfrit 10-cup rice cooker,29.97,2026-10-08T00:00:00-04:00,2026-10-14T23:59:59-04:00
Walmart,8171556,Marcangelo fresh chicken or pork kabobs,9.97,2026-10-08T00:00:00-04:00,2026-10-14T23:59:59-04:00
Walmart,8171556,Maple Leaf Prime raised without antibiotics boneless skinless chicken breasts,6.34,2026-10-08T00:00:00-04:00,2026-10-14T23:59:59-04:00
Walmart,8171556,Dole pineapples,1.97,2026-10-08T00:00:00-04:00,2026-10-14T23:59:59-04:00
Walmart,8171556,Maple Leaf fresh lean ground pork,4.97,2026-10-08T00:00:00-04:00,2026-10-14T23:59:59-04:00
Walmart,8171556,Hungry-Man or Hungry-Man XL entrees or POGO 4-pack,4.47,2026-10-08T00:00:00-04:00,2026-10-14T23:59:59-04:00
Walmart,8171556,Kotex liners or pads,10.97,2026-10-08T00:00:00-04:00,2026-10-14T23:59:59-04:00
Walmart,8171556,Pampers value pack Swaddlers or Cruisers 360° diapers,44.94,2026-10-08T00:00:00-04:00,2026-10-14T23:59:59-04:00
Walmart,8171556,Activia yogurt tubs,3.97,2026-10-08T00:00:00-04:00,2026-10-14T23:59:59-04:00
Walmart,8171556,Tide liquid 39 - 48 loads or Pods 31s,9.97,2026-10-08T00:00:00-04:00,2026-10-14T23:59:59-04:00
Walmart,8171556,International Delight caramel macchiato coffee creamer,6.46,2026-10-08T00:00:00-04:00,2026-10-14T23:59:59-04:00
Walmart,8171556,Pillsbury crescents,1.67,2026-10-08T00:00:00-04:00,2026-10-14T23:59:59-04:00
Walmart,8171556,eos shea butter body lotion,16.98,2026-10-08T00:00:00-04:00,2026-10-14T23:59:59-04:00
Walmart,8171556,Kool-Aid Jammers drinks,2.97,2026-10-08T00:00:00-04:00,2026-10-14T23:59:59-04:00
Walmart,8171556,Cascade dishwasher tabs,19.97,2026-10-08T00:00:00-04:00,2026-10-14T23:59:59-04:00
Walmart,8171556,Romaine lettuce hearts,4.97,2026-10-08T00:00:00-04:00,2026-10-14T23:59:59-04:00
Walmart,8171556,Carnation partly skimmed milk,1.74,2026-10-08T00:00:00-04:00,2026-10-14T23:59:59-04:00
Walmart,8171556,Old Orchard juice concentrate,2.28,2026-10-08T00:00:00-04:00,2026-10-14T23:59:59-04:00
Walmart,8171556,Pure Balance Pro+ dog food,49.98,2026-10-08T00:00:00-04:00,2026-10-14T23:59:59-04:00
Walmart,8171556,Arm & Hammer clumping cat litter,24.67,2026-10-08T00:00:00-04:00,2026-10-14T23:59:59-04:00
Walmart,8171556,Pedigree dry dog food,22.48,2026-10-08T00:00:00-04:00,2026-10-14T23:59:59-04:00
Walmart,8171556,TuffStore 63 L storage tote,6.97,2026-10-08T00:00:00-04:00,2026-10-14T23:59:59-04:00
Walmart,8171556,Cesar wet dog food,8.48,2026-10-08T00:00:00-04:00,2026-10-14T23:59:59-04:00
Walmart,8171556,Vibrant Life Tough Chew dog toy,6.75,2026-10-08T00:00:00-04:00,2026-10-14T23:59:59-04:00
Walmart,8171556,Sanpellegrino Light,6.97,2026-10-08T00:00:00-04:00,2026-10-14T23:59:59-04:00
Walmart,8171556,Milk-Bone dog biscuits,3.97,2026-10-08T00:00:00-04:00,2026-10-14T23:59:59-04:00
Walmart,8171556,Great Value Halloween lollipops,5.97,2026-10-08T00:00:00-04:00,2026-10-14T23:59:59-04:00
Walmart,8171556,Senso instant cardamom chai latte mix,5.47,2026-10-08T00:00:00-04:00,2026-10-14T23:59:59-04:00
Walmart,8171556,Green beans,3.44,2026-10-08T00:00:00-04:00,2026-10-14T23:59:59-04:00
Walmart,8171556,L'ange Hair flat iron or curling wand,29.97,2026-10-08T00:00:00-04:00,2026-10-14T23:59:59-04:00
Walmart,8171556,COVERGIRL TruBlend Sun & Sculpt bronzing glow serum,16.46,2026-10-08T00:00:00-04:00,2026-10-14T23:59:59-04:00
Walmart,8171556,CeraVe AM or PM moisturizing lotions,20.96,2026-10-08T00:00:00-04:00,2026-10-14T23:59:59-04:00
Walmart,8171556,Coffee mate liquid coffee enhancer,4.97,2026-10-08T00:00:00-04:00,2026-10-14T23:59:59-04:00
Walmart,8171556,SunChips snacks or Smartfood popcorn,3.47,2026-10-08T00:00:00-04:00,2026-10-14T23:59:59-04:00
Walmart,8171556,Green Giant canned vegetables,1.67,2026-10-08T00:00:00-04:00,2026-10-14T23:59:59-04:00
Walmart,8171556,STŌK cold brew black coffee or cappuccino,9.98,2026-10-08T00:00:00-04:00,2026-10-14T23:59:59-04:00
Walmart,8171556,Dove styling products,4.97,2026-10-08T00:00:00-04:00,2026-10-14T23:59:59-04:00
Walmart,8171556,Boys' licensed costumes,34.98,2026-10-08T00:00:00-04:00,2026-10-14T23:59:59-04:00
Walmart,8171556,Kraft Dinner,1.67,2026-10-08T00:00:00-04:00,2026-10-14T23:59:59-04:00
Walmart,8171556,"24"" Halloween blow mould",49.98,2026-10-08T00:00:00-04:00,2026-10-14T23:59:59-04:00
Walmart,8171556,Your Fresh Market™ loaf cakes,5.24,2026-10-08T00:00:00-04:00,2026-10-14T23:59:59-04:00
Walmart,8171556,Green Giant canned vegetables,1.67,2026-10-08T00:00:00-04:00,2026-10-14T23:59:59-04:00
Walmart,8171556,Glad white kitchen garbage bags,10.97,2026-10-08T00:00:00-04:00,2026-10-14T23:59:59-04:00
Walmart,8171556,Your Fresh Market™ basil or poultry blend fresh herbs,1.67,2026-10-08T00:00:00-04:00,2026-10-14T23:59:59-04:00
Walmart,8171556,Dempster's Protein bread or bagels,3.98,2026-10-08T00:00:00-04:00,2026-10-14T23:59:59-04:00
Walmart,8171556,Arm & Hammer Double Duty cat litter deodorizer,4.48,2026-10-08T00:00:00-04:00,2026-10-14T23:59:59-04:00
Walmart,8171556,SunChips snacks,3.47,2026-10-08T00:00:00-04:00,2026-10-14T23:59:59-04:00
Walmart,8171556,Scotties 2-ply or Supreme 3-ply facial tissue,19.97,2026-10-08T00:00:00-04:00,2026-10-14T23:59:59-04:00
Walmart,8171556,Promise gluten free bread,7.98,2026-10-08T00:00:00-04:00,2026-10-14T23:59:59-04:00
Walmart,8171556,Promise Gluten free bread,7.98,2026-10-08T00:00:00-04:00,2026-10-14T23:59:59-04:00
Walmart,8171556,Quaker Oatmeal protein,6.98,2026-10-08T00:00:00-04:00,2026-10-14T23:59:59-04:00
Walmart,8171556,Joe's Tasty Travels walnuts or raw cashews,4.97,2026-10-08T00:00:00-04:00,2026-10-14T23:59:59-04:00
Walmart,8171556,Prana Grano Love,3.97,2026-10-08T00:00:00-04:00,2026-10-14T23:59:59-04:00
Walmart,8171556,Harvest collection assortment,4.97,2026-10-08T00:00:00-04:00,2026-10-14T23:59:59-04:00
Walmart,8171556,Kettle Brand chips,2.88,2026-10-08T00:00:00-04:00,2026-10-14T23:59:59-04:00
Walmart,8171556,Huggies superpack diapers,26.98,2026-10-08T00:00:00-04:00,2026-10-14T23:59:59-04:00
Walmart,8171556,Enfamil A+ stage 1 or 2 powder formula refill,62.98,2026-10-08T00:00:00-04:00,2026-10-14T23:59:59-04:00
Walmart,8171556,Farm Girl cake mixes,11.47,2026-10-08T00:00:00-04:00,2026-10-14T23:59:59-04:00
Walmart,8171556,Premier protein muffin mix,7.47,2026-10-08T00:00:00-04:00,2026-10-14T23:59:59-04:00
Walmart,8171556,Campbell's broth,1.47,2026-10-08T00:00:00-04:00,2026-10-14T23:59:59-04:00
Walmart,8171556,L'ange Hair curling wand,29.97,2026-10-08T00:00:00-04:00,2026-10-14T23:59:59-04:00
Walmart,8171556,De Cecco high protein pasta,5.47,2026-10-08T00:00:00-04:00,2026-10-14T23:59:59-04:00
Walmart,8171556,BFit chocolate protein shake,2.97,2026-10-08T00:00:00-04:00,2026-10-14T23:59:59-04:00
Walmart,8171556,BFit vanilla or chocolate protein shake,2.97,2026-10-08T00:00:00-04:00,2026-10-14T23:59:59-04:00
Walmart,8171556,Cheez-It crackers,1.97,2026-10-08T00:00:00-04:00,2026-10-14T23:59:59-04:00
Walmart,8171556,Nestlé minis variety pack,8.47,2026-10-08T00:00:00-04:00,2026-10-14T23:59:59-04:00
Walmart,8171556,Cheez-It crackers,1.97,2026-10-08T00:00:00-04:00,2026-10-14T23:59:59-04:00
Walmart,8171556,Your Fresh Market™ double cream brie,6.67,2026-10-08T00:00:00-04:00,2026-10-14T23:59:59-04:00
Walmart,8171556,Boys' or girls' costumes,19.98,2026-10-08T00:00:00-04:00,2026-10-14T23:59:59-04:00
Walmart,8171556,Webber Naturals magnesium,11.97,2026-10-08T00:00:00-04:00,2026-10-14T23:59:59-04:00
Walmart,8171556,Your Fresh Market™ BBQ or herb & garlic chicken,11.57,2026-10-08T00:00:00-04:00,2026-10-14T23:59:59-04:00
Walmart,8171556,Goldfish crackers,2.48,2026-10-08T00:00:00-04:00,2026-10-14T23:59:59-04:00
Walmart,8171556,Aussie shampoo or conditioner,8.97,2026-10-08T00:00:00-04:00,2026-10-14T23:59:59-04:00
Walmart,8171556,L'Oréal Paris Hair Expertise shampoo or conditioner,8.97,2026-10-08T00:00:00-04:00,2026-10-14T23:59:59-04:00
Walmart,8171556,Huggies superpack diapers,26.98,2026-10-08T00:00:00-04:00,2026-10-14T23:59:59-04:00
Walmart,8171556,Your Fresh Market™ carrots,3.24,2026-10-08T00:00:00-04:00,2026-10-14T23:59:59-04:00
Walmart,8171556,Poseable skeleton decoration,19.98,2026-10-08T00:00:00-04:00,2026-10-14T23:59:59-04:00
Walmart,8171556,Licensed greeters,32.98,2026-10-08T00:00:00-04:00,2026-10-14T23:59:59-04:00
Walmart,8171556,Halloween projection light,24.98,2026-10-08T00:00:00-04:00,2026-10-14T23:59:59-04:00
Walmart,8171556,Halloween plush,8.48,2026-10-08T00:00:00-04:00,2026-10-14T23:59:59-04:00
Walmart,8171556,Your Fresh Market™ buns or rolls,3.97,2026-10-08T00:00:00-04:00,2026-10-14T23:59:59-04:00
Walmart,8171556,Lawn stake lights,14.98,2026-10-08T00:00:00-04:00,2026-10-14T23:59:59-04:00
Walmart,8171556,Nivea body wash,4.98,2026-10-08T00:00:00-04:00,2026-10-14T23:59:59-04:00
Walmart,8171556,Our Finest or Great Value entrees,7.97,2026-10-08T00:00:00-04:00,2026-10-14T23:59:59-04:00
Walmart,8171556,Downy in-wash scent booster base beads,15.97,2026-10-08T00:00:00-04:00,2026-10-14T23:59:59-04:00
Walmart,8171556,CRAVE crispy roll-ups,11.97,2026-10-08T00:00:00-04:00,2026-10-14T23:59:59-04:00
Walmart,8171556,Sandwich maker,29.97,2026-10-08T00:00:00-04:00,2026-10-14T23:59:59-04:00
Walmart,8171556,Garnier Nutrisse hair colour,10.22,2026-10-08T00:00:00-04:00,2026-10-14T23:59:59-04:00
Walmart,8171556,Your Fresh Market™ basil or poultry blend fresh herbs,1.67,2026-10-08T00:00:00-04:00,2026-10-14T23:59:59-04:00
Walmart,8171556,Reser's side dishes,6.24,2026-10-08T00:00:00-04:00,2026-10-14T23:59:59-04:00
Walmart,8171556,Scent Theory hand sanitizer,6.42,2026-10-08T00:00:00-04:00,2026-10-14T23:59:59-04:00
Walmart,8171556,Tide liquid 39 - 48 loads or Pods 31s or Power Pods 18s - 23s laundry detergent,9.97,2026-10-08T00:00:00-04:00,2026-10-14T23:59:59-04:00
Walmart,8171556,Minecraft Dungeons II for Nintendo Switch 2 or Xbox Series X.,69.96,2026-10-08T00:00:00-04:00,2026-10-14T23:59:59-04:00
Walmart,8171556,Stove Top stuffing mix,1.27,2026-10-08T00:00:00-04:00,2026-10-14T23:59:59-04:00
Walmart,8171556,Reser's side dishes,6.24,2026-10-08T00:00:00-04:00,2026-10-14T23:59:59-04:00
Walmart,8171556,Kids' occupation costumes,19.98,2026-10-08T00:00:00-04:00,2026-10-14T23:59:59-04:00
Walmart,8171556,Christie RITZ crackers,2.48,2026-10-08T00:00:00-04:00,2026-10-14T23:59:59-04:00
Walmart,8171556,Suave body wash 532 mL or antiperspirant 74 Each.,3.97,2026-10-08T00:00:00-04:00,2026-10-14T23:59:59-04:00
Walmart,8171556,Kotex liners or pads,10.97,2026-10-08T00:00:00-04:00,2026-10-14T23:59:59-04:00
Walmart,8171556,One A Day multivitamin gummies 130s or RestoraLAX 14 doses,14.77,2026-10-08T00:00:00-04:00,2026-10-14T23:59:59-04:00
Walmart,8171556,Green Giant canned vegetables,1.67,2026-10-08T00:00:00-04:00,2026-10-14T23:59:59-04:00
Walmart,8171556,Your Fresh Market™ buns or rolls,3.97,2026-10-08T00:00:00-04:00,2026-10-14T23:59:59-04:00
Walmart,8171556,"7.2-qt. Dutch oven with lid or 12.6"" wok with lid",19.97,2026-10-08T00:00:00-04:00,2026-10-14T23:59:59-04:00
Walmart,8171556,Liberté tubs,6.97,2026-10-08T00:00:00-04:00,2026-10-14T23:59:59-04:00
Walmart,8171556,"20"" x 20"" Decorative cushions 2-pack",29.97,2026-10-08T00:00:00-04:00,2026-10-14T23:59:59-04:00
Walmart,8171556,Pantene Pro-V conditioner,7.97,2026-10-08T00:00:00-04:00,2026-10-14T23:59:59-04:00
Walmart,8171556,Special Kitty dry cat food,18.97,2026-10-08T00:00:00-04:00,2026-10-14T23:59:59-04:00
Walmart,8171556,L'Oréal Paris Voluminous mascara,8.97,2026-10-08T00:00:00-04:00,2026-10-14T23:59:59-04:00
Walmart,8171556,Royale bathroom tissue,12.97,2026-10-08T00:00:00-04:00,2026-10-14T23:59:59-04:00
Walmart,8171556,Cozy knit throw,29.97,2026-10-08T00:00:00-04:00,2026-10-14T23:59:59-04:00
Walmart,8171556,Caledon Farms dog treats,7.98,2026-10-08T00:00:00-04:00,2026-10-14T23:59:59-04:00
Walmart,8171556,"Your Fresh Market™ 9"" - 10"" pies",5.94,2026-10-08T00:00:00-04:00,2026-10-14T23:59:59-04:00
Walmart,8171556,Kraft peanut butter,5.97,2026-10-08T00:00:00-04:00,2026-10-14T23:59:59-04:00
Walmart,8171556,Halloween decor,26.98,2026-10-08T00:00:00-04:00,2026-10-14T23:59:59-04:00
Walmart,8171556,Pepsi,7.47,2026-10-08T00:00:00-04:00,2026-10-14T23:59:59-04:00
Walmart,8171556,"McCain premium Breakfast or Bistro potatoes, shapes or bites",2.77,2026-10-08T00:00:00-04:00,2026-10-14T23:59:59-04:00
Walmart,8171556,Ruffles chips,3.27,2026-10-08T00:00:00-04:00,2026-10-14T23:59:59-04:00
Walmart,8171556,Bulk Gala apples,1.28,2026-10-08T00:00:00-04:00,2026-10-14T23:59:59-04:00
Walmart,8171556,Amul gulab jamun,6.24,2026-10-08T00:00:00-04:00,2026-10-14T23:59:59-04:00
Walmart,8171556,Kids occupation costumes,19.98,2026-10-08T00:00:00-04:00,2026-10-14T23:59:59-04:00
Walmart,8171556,"Dempster's 7"" tortillas",2.98,2026-10-08T00:00:00-04:00,2026-10-14T23:59:59-04:00
Walmart,8171556,Starbucks iced coffee,6.98,2026-10-08T00:00:00-04:00,2026-10-14T23:59:59-04:00
Walmart,8171556,Liberté tubs,6.97,2026-10-08T00:00:00-04:00,2026-10-14T23:59:59-04:00
Walmart,8171556,Hungry-Man XL entrees,4.47,2026-10-08T00:00:00-04:00,2026-10-14T23:59:59-04:00
Walmart,8171556,TheraBreath oral rinse,13.47,2026-10-08T00:00:00-04:00,2026-10-14T23:59:59-04:00
Walmart,8171556,Jamieson zinc 100s,9.97,2026-10-08T00:00:00-04:00,2026-10-14T23:59:59-04:00
Walmart,8171556,Pure Balance Pro+ dog food,49.98,2026-10-08T00:00:00-04:00,2026-10-14T23:59:59-04:00
Walmart,8171556,Alcan bakeware foil pan,3.98,2026-10-08T00:00:00-04:00,2026-10-14T23:59:59-04:00
Walmart,8171556,Harvest collection assortment,4.97,2026-10-08T00:00:00-04:00,2026-10-14T23:59:59-04:00
Walmart,8171556,Haribo Halloween candy,14.98,2026-10-08T00:00:00-04:00,2026-10-14T23:59:59-04:00
Walmart,8171556,"ViscoLogic 10"" Queen Mattress",199.99,2026-10-08T00:00:00-04:00,2026-10-14T23:59:59-04:00
Walmart,8171556,Cordless Spin Scrubber,32.99,2026-10-08T00:00:00-04:00,2026-10-14T23:59:59-04:00
Walmart,8171556,Prana overnight chia,5.97,2026-10-08T00:00:00-04:00,2026-10-14T23:59:59-04:00
Walmart,8171556,Good Protein plant-based shake mixes,26.97,2026-10-08T00:00:00-04:00,2026-10-14T23:59:59-04:00
Walmart,8171556,Jergens lotion,8.62,2026-10-08T00:00:00-04:00,2026-10-14T23:59:59-04:00
Walmart,8171556,OPI RapiDry nail laquer,9.97,2026-10-08T00:00:00-04:00,2026-10-14T23:59:59-04:00
Walmart,8171556,CeraVe foaming facial cleanser,20.96,2026-10-08T00:00:00-04:00,2026-10-14T23:59:59-04:00
Walmart,8171556,Sanpellegrino sparkling water,8.98,2026-10-08T00:00:00-04:00,2026-10-14T23:59:59-04:00
Walmart,8171556,Sanpellegrino Light,6.97,2026-10-08T00:00:00-04:00,2026-10-14T23:59:59-04:00
Walmart,8171556,Sanpellegrino Light,6.97,2026-10-08T00:00:00-04:00,2026-10-14T23:59:59-04:00
Walmart,8171556,Cool Whip whipped topping,5.48,2026-10-08T00:00:00-04:00,2026-10-14T23:59:59-04:00
Walmart,8171556,Munchkin Any Angle spill-proof cups,9.47,2026-10-08T00:00:00-04:00,2026-10-14T23:59:59-04:00
Walmart,8171556,Harmony Play & Go All-in-One Playard,99.0,2026-10-08T00:00:00-04:00,2026-10-14T23:59:59-04:00
Walmart,8171556,Philips Avent Natural baby bottles 3-pack with Natural Response nipple Pack,19.97,2026-10-08T00:00:00-04:00,2026-10-14T23:59:59-04:00
Walmart,8171556,Cerelac baby cereal,8.43,2026-10-08T00:00:00-04:00,2026-10-14T23:59:59-04:00
Walmart,8171556,Evolur Zoodle 2-in-1 high chair,129.0,2026-10-08T00:00:00-04:00,2026-10-14T23:59:59-04:00
Walmart,8171556,Rascals premium superpack diapers,19.88,2026-10-08T00:00:00-04:00,2026-10-14T23:59:59-04:00
Walmart,8171556,Parent's Choice wipes,19.94,2026-10-08T00:00:00-04:00,2026-10-14T23:59:59-04:00
Walmart,8171556,Evenflo Tribute LX convertible car seat,125.0,2026-10-08T00:00:00-04:00,2026-10-14T23:59:59-04:00
Walmart,8171556,Munchkin Any Angle spill-proof or Gentle Transition cups,9.47,2026-10-08T00:00:00-04:00,2026-10-14T23:59:59-04:00
Walmart,8171556,Parent's Choice organic baby food puree,1.0,2026-10-08T00:00:00-04:00,2026-10-14T23:59:59-04:00
Walmart,8171556,Parent's Choice wipes,19.94,2026-10-08T00:00:00-04:00,2026-10-14T23:59:59-04:00
Walmart,8171556,Parent's Choice training pants,19.94,2026-10-08T00:00:00-04:00,2026-10-14T23:59:59-04:00
Walmart,8171556,Graco TurboBooster backless booster car seat,49.97,2026-10-08T00:00:00-04:00,2026-10-14T23:59:59-04:00
Walmart,8171556,OPI RapiDry Quick-Dry nail lacquer,9.97,2026-10-08T00:00:00-04:00,2026-10-14T23:59:59-04:00
Walmart,8171556,Downy in-wash scent booster base beads,15.97,2026-10-08T00:00:00-04:00,2026-10-14T23:59:59-04:00
Walmart,8171556,Blue Buffalo dry dog food for large breeds,56.97,2026-10-08T00:00:00-04:00,2026-10-14T23:59:59-04:00
Walmart,8171556,Hershey's Chipits,5.47,2026-10-08T00:00:00-04:00,2026-10-14T23:59:59-04:00
Walmart,8171556,Hershey's Chipits,5.47,2026-10-08T00:00:00-04:00,2026-10-14T23:59:59-04:00
Walmart,8171556,Lysol multi-surface cleaner,9.97,2026-10-08T00:00:00-04:00,2026-10-14T23:59:59-04:00
Walmart,8171556,Boys' licensed costumes,34.98,2026-10-08T00:00:00-04:00,2026-10-14T23:59:59-04:00
Walmart,8171556,Nintendo Switch 2 + Mario Kart World Bundle,749.96,2026-10-08T00:00:00-04:00,2026-10-14T23:59:59-04:00
Walmart,8171556,Kinder Surprise chocolate eggs,4.48,2026-10-08T00:00:00-04:00,2026-10-14T23:59:59-04:00
Walmart,8171556,Club House sauces or gravy mixes,0.98,2026-10-08T00:00:00-04:00,2026-10-14T23:59:59-04:00
Walmart,8171556,Ingenuity Baby Base 2-in-1 booster seat,49.97,2026-10-08T00:00:00-04:00,2026-10-14T23:59:59-04:00
Walmart,8171556,Medela Melody InBra wearable double electric breast pump,138.0,2026-10-08T00:00:00-04:00,2026-10-14T23:59:59-04:00
Walmart,8171556,Clek Ozzi backless booster seat with rigid latch,89.97,2026-10-08T00:00:00-04:00,2026-10-14T23:59:59-04:00
Walmart,8171556,Parent's Choice Gentle+ iron-fortified 629 g infant formula,26.94,2026-10-08T00:00:00-04:00,2026-10-14T23:59:59-04:00
Walmart,8171556,Parent's Choice organic baby food puree,1.0,2026-10-08T00:00:00-04:00,2026-10-14T23:59:59-04:00
Walmart,8171556,Amara organic smoothie melts or fruit bites,4.47,2026-10-08T00:00:00-04:00,2026-10-14T23:59:59-04:00
Walmart,8171556,Cerelac baby cereal,8.43,2026-10-08T00:00:00-04:00,2026-10-14T23:59:59-04:00
Walmart,8171556,Tropicana orange juice,7.97,2026-10-08T00:00:00-04:00,2026-10-14T23:59:59-04:00
Walmart,8171556,Robin Hood flour,4.97,2026-10-08T00:00:00-04:00,2026-10-14T23:59:59-04:00
Walmart,8171556,"McCain premium Breakfast or Bistro potatoes, shapes or bites",2.77,2026-10-08T00:00:00-04:00,2026-10-14T23:59:59-04:00
Walmart,8171556,Christie RITZ crackers,2.48,2026-10-08T00:00:00-04:00,2026-10-14T23:59:59-04:00
Walmart,8171556,Hershey's minis,13.97,2026-10-08T00:00:00-04:00,2026-10-14T23:59:59-04:00
Walmart,8171556,Halloween inflatables,22.98,2026-10-08T00:00:00-04:00,2026-10-14T23:59:59-04:00
Walmart,8171556,Boys' costumes,19.98,2026-10-08T00:00:00-04:00,2026-10-14T23:59:59-04:00
Walmart,8171556,Maple Leaf Natural Selection sliced deli,5.97,2026-10-08T00:00:00-04:00,2026-10-14T23:59:59-04:00
Walmart,8171556,bubly sparkling water beverage,6.27,2026-10-08T00:00:00-04:00,2026-10-14T23:59:59-04:00
Walmart,8171556,"Starfrit 7.2-qt. Dutch oven with lid or 12.6"" wok with lid",19.97,2026-10-08T00:00:00-04:00,2026-10-14T23:59:59-04:00
Walmart,8171556,International Delight pumpkin spice coffee creamer,5.88,2026-10-08T00:00:00-04:00,2026-10-14T23:59:59-04:00
Walmart,8171556,Tim Hortons ground coffee,22.86,2026-10-08T00:00:00-04:00,2026-10-14T23:59:59-04:00
Walmart,8171556,Dove body wash 591 mL or beauty bar soap 6 x 106 g,8.86,2026-10-08T00:00:00-04:00,2026-10-14T23:59:59-04:00
Walmart,8171556,Simply Apple cranberry juice 1.54 L,5.48,2026-10-08T00:00:00-04:00,2026-10-14T23:59:59-04:00
Walmart,8171556,Five Roses flour,4.97,2026-10-08T00:00:00-04:00,2026-10-14T23:59:59-04:00
Walmart,8171556,GTX high mileage motor oil,45.88,2026-10-08T00:00:00-04:00,2026-10-14T23:59:59-04:00
Walmart,8171556,Sanpellegrino Ciao! flavoured sparkling water,8.27,2026-10-08T00:00:00-04:00,2026-10-14T23:59:59-04:00
Walmart,8171556,Red seedless grapes,3.44,2026-10-08T00:00:00-04:00,2026-10-14T23:59:59-04:00
Walmart,8171556,Maynards share size candies,3.98,2026-10-08T00:00:00-04:00,2026-10-14T23:59:59-04:00
Walmart,8171556,Gerber Puffs and Crunches,2.47,2026-10-08T00:00:00-04:00,2026-10-14T23:59:59-04:00
Walmart,8171556,Set of 2 Dining Chairs,155.99,2026-10-08T00:00:00-04:00,2026-10-14T23:59:59-04:00
Walmart,8171556,Cordless Spin Scrubber,32.99,2026-10-08T00:00:00-04:00,2026-10-14T23:59:59-04:00
Walmart,8171556,Silk Almond pumpkin spice coffee creamer,5.46,2026-10-08T00:00:00-04:00,2026-10-14T23:59:59-04:00
Walmart,8171556,Greenworks 80V Cordless Snow Shovel,359.99,2026-10-08T00:00:00-04:00,2026-10-14T23:59:59-04:00
Walmart,8171556,Parent's Choice training pants,19.94,2026-10-08T00:00:00-04:00,2026-10-14T23:59:59-04:00
Walmart,8171556,Women's Smart Watch,36.99,2026-10-08T00:00:00-04:00,2026-10-14T23:59:59-04:00
Walmart,8171556,eos shea butter body lotion,16.98,2026-10-08T00:00:00-04:00,2026-10-14T23:59:59-04:00
Walmart,8171556,"Great Value frozen Italian-style chicken and beef meatballs or meat, seafood or appetizer value bags",9.98,2026-10-08T00:00:00-04:00,2026-10-14T23:59:59-04:00
Walmart,8171556,Sensodyne toothpaste,6.97,2026-10-08T00:00:00-04:00,2026-10-14T23:59:59-04:00
Walmart,8171556,Ray-Ban Aviator Sunglasses,188.8,2026-10-08T00:00:00-04:00,2026-10-14T23:59:59-04:00
Walmart,8171556,Arm & Hammer clumping cat litter,24.67,2026-10-08T00:00:00-04:00,2026-10-14T23:59:59-04:00
Walmart,8171556,OL' Roy Munchy Bone dog treats,29.98,2026-10-08T00:00:00-04:00,2026-10-14T23:59:59-04:00
Walmart,8171556,Halloween decor,26.98,2026-10-08T00:00:00-04:00,2026-10-14T23:59:59-04:00
Walmart,8171556,Girls' licensed costumes,29.98,2026-10-08T00:00:00-04:00,2026-10-14T23:59:59-04:00
Walmart,8171556,Special Kitty pate single can cat food,0.8,2026-10-08T00:00:00-04:00,2026-10-14T23:59:59-04:00
Walmart,8171556,Harvest collection assortment,4.97,2026-10-08T00:00:00-04:00,2026-10-14T23:59:59-04:00
Walmart,8171556,Good Protein plant-based shake mixes,26.97,2026-10-08T00:00:00-04:00,2026-10-14T23:59:59-04:00
Walmart,8171556,Women's Smart Watch,36.99,2026-10-08T00:00:00-04:00,2026-10-14T23:59:59-04:00
Walmart,8171556,Greenworks 80V Cordless Snow Shovel,359.99,2026-10-08T00:00:00-04:00,2026-10-14T23:59:59-04:00
Walmart,8171556,Gyrocopters Plaid 3.0 Electric Scooter,649.96,2026-10-08T00:00:00-04:00,2026-10-14T23:59:59-04:00
Walmart,8171556,Palmolive dish soap,7.97,2026-10-08T00:00:00-04:00,2026-10-14T23:59:59-04:00
Walmart,8171556,De Cecco high protein pasta,5.47,2026-10-08T00:00:00-04:00,2026-10-14T23:59:59-04:00
Walmart,8171556,OPI RapiDry nail laquer,9.97,2026-10-08T00:00:00-04:00,2026-10-14T23:59:59-04:00
Walmart,8171556,"Dweep Sara men's green silk blend embroidered long kurta - 36"" straight fit festive ethnic wear with side slits",37.99,2026-10-08T00:00:00-04:00,2026-10-14T23:59:59-04:00
Walmart,8171556,Diono Radian 3R All-in-One Convertible Car Seat,234.99,2026-10-08T00:00:00-04:00,2026-10-14T23:59:59-04:00
Walmart,8171556,MERACH Vibrating Muscle Toner,77.99,2026-10-08T00:00:00-04:00,2026-10-14T23:59:59-04:00
Walmart,8171556,Joyway -5-Piece Luggage Set,129.99,2026-10-08T00:00:00-04:00,2026-10-14T23:59:59-04:00
Walmart,8171556,Graco Extend2Fit 2-to-1 convertible car seat,299.97,2026-10-08T00:00:00-04:00,2026-10-14T23:59:59-04:00
Walmart,8171556,Graco Extend2Fit 2-to-1 convertible car seat,299.97,2026-10-08T00:00:00-04:00,2026-10-14T23:59:59-04:00
Walmart,8171556,Ray-Ban Aviator Sunglasses,188.8,2026-10-08T00:00:00-04:00,2026-10-14T23:59:59-04:00
Walmart,8171556,Cetaphil Healthy Radiance brightening-C serum 30 mL or cream 50 g,32.97,2026-10-08T00:00:00-04:00,2026-10-14T23:59:59-04:00
Walmart,8171556,Fancy Feast Gems mouse wet cat food variety pack,15.93,2026-10-08T00:00:00-04:00,2026-10-14T23:59:59-04:00
Walmart,8171556,Nestlé Parlour frozen dessert tubs,2.94,2026-10-08T00:00:00-04:00,2026-10-14T23:59:59-04:00
Walmart,8171556,Club House sauces or gravy mixes,0.98,2026-10-08T00:00:00-04:00,2026-10-14T23:59:59-04:00
Walmart,8171556,Graco TurboBooster backless booster car seat,49.97,2026-10-08T00:00:00-04:00,2026-10-14T23:59:59-04:00
Walmart,8171556,Parent's Choice milk-based 700 g or Gentle+ iron-fortified 629 g infant formula,26.94,2026-10-08T00:00:00-04:00,2026-10-14T23:59:59-04:00
Walmart,8171556,Gerber Puffs and Crunches,2.47,2026-10-08T00:00:00-04:00,2026-10-14T23:59:59-04:00
Walmart,8171556,MERACH Vibrating Muscle Toner,77.99,2026-10-08T00:00:00-04:00,2026-10-14T23:59:59-04:00
Walmart,8171556,Diono Radian 3R All-in-One Convertible Car Seat,234.99,2026-10-08T00:00:00-04:00,2026-10-14T23:59:59-04:00
Walmart,8171556,Lefant M310 Ultra Robot Vacuum and Mop Combo,146.99,2026-10-08T00:00:00-04:00,2026-10-14T23:59:59-04:00
Walmart,8171556,Lefant M310 Ultra Robot Vacuum and Mop Combo,146.99,2026-10-08T00:00:00-04:00,2026-10-14T23:59:59-04:00
Walmart,8171556,"Auusda 16"" Business Laptop",671.99,2026-10-08T00:00:00-04:00,2026-10-14T23:59:59-04:00
Walmart,8171556,"Auusda 16"" Business Laptop",671.99,2026-10-08T00:00:00-04:00,2026-10-14T23:59:59-04:00
Walmart,8171556,Joyway -5-Piece Luggage Set,129.99,2026-10-08T00:00:00-04:00,2026-10-14T23:59:59-04:00
Walmart,8171556,Vega Essentials protein powder,25.97,2026-10-08T00:00:00-04:00,2026-10-14T23:59:59-04:00
Walmart,8171556,Advil Liqui-Gels 72s or Mini-Gels 70s Each,16.98,2026-10-08T00:00:00-04:00,2026-10-14T23:59:59-04:00
Walmart,8171556,Toddlers' licensed costume,32.98,2026-10-08T00:00:00-04:00,2026-10-14T23:59:59-04:00
Walmart,8171556,Adults' licensed costume,39.98,2026-10-08T00:00:00-04:00,2026-10-14T23:59:59-04:00
Walmart,8171556,Philips Avent Natural baby bottles 3-pack with Natural Response nipple Pack.,19.97,2026-10-08T00:00:00-04:00,2026-10-14T23:59:59-04:00
Walmart,8171556,Revolution Nutrition Iso Whey protein powder,40.47,2026-10-08T00:00:00-04:00,2026-10-14T23:59:59-04:00
Walmart,8171556,Prana Grano Love,3.97,2026-10-08T00:00:00-04:00,2026-10-14T23:59:59-04:00
Walmart,8171556,"ViscoLogic 10"" Queen Mattress",199.99,2026-10-08T00:00:00-04:00,2026-10-14T23:59:59-04:00
Walmart,8171556,Ocean Spray cranberry sauce,1.57,2026-10-08T00:00:00-04:00,2026-10-14T23:59:59-04:00
Walmart,8171556,Graco simple sway baby swing,149.97,2026-10-08T00:00:00-04:00,2026-10-14T23:59:59-04:00
Walmart,8171556,Chapman's Premium frozen tubs 2 L,6.97,2026-10-08T00:00:00-04:00,2026-10-14T23:59:59-04:00
Walmart,8171556,Nestlé minis,18.47,2026-10-08T00:00:00-04:00,2026-10-14T23:59:59-04:00
Walmart,8171556,Canada Grade A or Utility frozen turkeys,23.0,2026-10-08T00:00:00-04:00,2026-10-14T23:59:59-04:00
Walmart,8171556,Silk Barista oat beverage,5.47,2026-10-08T00:00:00-04:00,2026-10-14T23:59:59-04:00
Walmart,8171556,Milk-Bone Dipped peanut butter crunchy biscuit dog treats,9.97,2026-10-08T00:00:00-04:00,2026-10-14T23:59:59-04:00
Walmart,8171556,Halloween plush,26.98,2026-10-08T00:00:00-04:00,2026-10-14T23:59:59-04:00
Walmart,8171556,Frito-Lay Halloween chips or treat bags,12.97,2026-10-08T00:00:00-04:00,2026-10-14T23:59:59-04:00
Walmart,8171556,Halloween plush,26.98,2026-10-08T00:00:00-04:00,2026-10-14T23:59:59-04:00
Walmart,8171556,General Mills Halloween Fruit Roll-Ups or Gushers,7.97,2026-10-08T00:00:00-04:00,2026-10-14T23:59:59-04:00
Walmart,8171556,Frito-Lay Halloween chips or treat bags,12.97,2026-10-08T00:00:00-04:00,2026-10-14T23:59:59-04:00
Walmart,8171556,Halloween inflatables,59.98,2026-10-08T00:00:00-04:00,2026-10-14T23:59:59-04:00
Walmart,8171556,General Mills Halloween Fruit Roll-Ups or Gushers,7.97,2026-10-08T00:00:00-04:00,2026-10-14T23:59:59-04:00
Walmart,8171556,Halloween inflatables,59.98,2026-10-08T00:00:00-04:00,2026-10-14T23:59:59-04:00
Walmart,8171556,Halloween and fall wreaths,39.98,2026-10-08T00:00:00-04:00,2026-10-14T23:59:59-04:00
Walmart,8171556,Goldfish crackers Halloween 24-pack,9.98,2026-10-08T00:00:00-04:00,2026-10-14T23:59:59-04:00
Walmart,8171556,Halloween and fall wreaths,39.98,2026-10-08T00:00:00-04:00,2026-10-14T23:59:59-04:00
Walmart,8171556,Purex laundry detergent,10.47,2026-10-08T00:00:00-04:00,2026-10-14T23:59:59-04:00
Walmart,8171556,Scotties 2-ply or Supreme 3-ply facial tissue,19.97,2026-10-08T00:00:00-04:00,2026-10-14T23:59:59-04:00
Walmart,8171556,Our Finest entrees,7.97,2026-10-08T00:00:00-04:00,2026-10-14T23:59:59-04:00
Walmart,8171556,"SheaMoisture styling products, treatments or detanglers",14.42,2026-10-08T00:00:00-04:00,2026-10-14T23:59:59-04:00
Walmart,8171556,Activia probiotic yogurt 8-pack,4.98,2026-10-08T00:00:00-04:00,2026-10-14T23:59:59-04:00
Walmart,8171556,Enfamil A+ NeuroPro or NeuroPro Gentlease ready-to-feed formula,87.97,2026-10-08T00:00:00-04:00,2026-10-14T23:59:59-04:00
Walmart,8171556,Lindt Dubai-style chocolate,12.97,2026-10-08T00:00:00-04:00,2026-10-14T23:59:59-04:00
Walmart,8171556,OxiClean laundry stain remover powder,10.97,2026-10-08T00:00:00-04:00,2026-10-14T23:59:59-04:00
Walmart,8171556,L'Oréal Paris Hair Expertise shampoo or conditioner,8.97,2026-10-08T00:00:00-04:00,2026-10-14T23:59:59-04:00
Walmart,8171556,Coffee mate liquid coffee enhancer,4.97,2026-10-08T00:00:00-04:00,2026-10-14T23:59:59-04:00
Walmart,8171556,L'Oréal Paris Revitalift Triple Power LZR eye bag instant eraser cream,39.96,2026-10-08T00:00:00-04:00,2026-10-14T23:59:59-04:00
Walmart,8171556,Activia Fibre+ probiotic yogurt,3.97,2026-10-08T00:00:00-04:00,2026-10-14T23:59:59-04:00
Walmart,8171556,Bonkers PurrPops Halloween cat treats,1.98,2026-10-08T00:00:00-04:00,2026-10-14T23:59:59-04:00
Walmart,8171556,Activia probiotic drinkable yogurt,6.47,2026-10-08T00:00:00-04:00,2026-10-14T23:59:59-04:00
Walmart,8171556,Rascals easy clean wipes 640s,16.88,2026-10-08T00:00:00-04:00,2026-10-14T23:59:59-04:00
Walmart,8171556,Crest 3D White deep stain remover toothpaste 67 mL or whitening rinse 946 mL,9.97,2026-10-08T00:00:00-04:00,2026-10-14T23:59:59-04:00
Walmart,8171556,Activia probiotic yogurt,5.96,2026-10-08T00:00:00-04:00,2026-10-14T23:59:59-04:00
Walmart,8171556,Dove dry spray deodorant,7.86,2026-10-08T00:00:00-04:00,2026-10-14T23:59:59-04:00
Walmart,8171556,Revolution Nutrition Iso Whey protein powder,40.47,2026-10-08T00:00:00-04:00,2026-10-14T23:59:59-04:00
Walmart,8171556,Scent Theory hand sanitizer,6.42,2026-10-08T00:00:00-04:00,2026-10-14T23:59:59-04:00
Walmart,8171556,Vega Essentials protein powder,25.97,2026-10-08T00:00:00-04:00,2026-10-14T23:59:59-04:00
Walmart,8171556,"Dove shampoo, conditioner or styling products",4.97,2026-10-08T00:00:00-04:00,2026-10-14T23:59:59-04:00
Walmart,8171556,Baby Brezza Formula Pro advanced formula dispenser,248.0,2026-10-08T00:00:00-04:00,2026-10-14T23:59:59-04:00
Walmart,8171556,Your Fresh Market™ all-purpose potatoes,4.44,2026-10-08T00:00:00-04:00,2026-10-14T23:59:59-04:00
Walmart,8171556,Jamieson vitamins,9.97,2026-10-08T00:00:00-04:00,2026-10-14T23:59:59-04:00
Walmart,8171556,"Your Fresh Market™ 9"" - 10"" pies",5.94,2026-10-08T00:00:00-04:00,2026-10-14T23:59:59-04:00
Walmart,8171556,CRAVE crispy roll-ups,11.97,2026-10-08T00:00:00-04:00,2026-10-14T23:59:59-04:00
Walmart,8171556,Joe's Tasty Travels walnuts or raw cashews,4.97,2026-10-08T00:00:00-04:00,2026-10-14T23:59:59-04:00
Walmart,8171556,Dempster's Protein bread,3.98,2026-10-08T00:00:00-04:00,2026-10-14T23:59:59-04:00
Walmart,8171556,Prana overnight chia,5.97,2026-10-08T00:00:00-04:00,2026-10-14T23:59:59-04:00
Walmart,8171556,Live Clean holiday hand soap,4.96,2026-10-08T00:00:00-04:00,2026-10-14T23:59:59-04:00
Walmart,8171556,Colgate Optic White Advanced 133 mL toothpaste,6.97,2026-10-08T00:00:00-04:00,2026-10-14T23:59:59-04:00
Walmart,8171556,Hershey's minis,13.97,2026-10-08T00:00:00-04:00,2026-10-14T23:59:59-04:00
Walmart,8171556,Royale bathroom tissue,12.97,2026-10-08T00:00:00-04:00,2026-10-14T23:59:59-04:00
Walmart,8171556,Great Value hickory smoked bone-in portion ham,1.97,2026-10-08T00:00:00-04:00,2026-10-14T23:59:59-04:00
Walmart,8171556,Gay Lea butter,4.97,2026-10-08T00:00:00-04:00,2026-10-14T23:59:59-04:00
Walmart,8171556,Dweep Sara green rayon fit & flare gown,39.99,2026-10-08T00:00:00-04:00,2026-10-14T23:59:59-04:00
Walmart,8171556,Packable jacket,25.0,2026-10-08T00:00:00-04:00,2026-10-14T23:59:59-04:00
Walmart,8171556,"La Roche-Posay Effaclar purifying foaming gel, face wash with zinc for oily skin",27.16,2026-10-08T00:00:00-04:00,2026-10-14T23:59:59-04:00
Walmart,8171556,Pampers value pack Swaddlers or Cruisers 360° diapers,44.94,2026-10-08T00:00:00-04:00,2026-10-14T23:59:59-04:00
Walmart,8171556,OxiClean laundry stain remover powder,10.97,2026-10-08T00:00:00-04:00,2026-10-14T23:59:59-04:00
Walmart,8171556,Halloween inflatables,59.98,2026-10-08T00:00:00-04:00,2026-10-14T23:59:59-04:00
Walmart,8171556,Clif Bars,7.47,2026-10-08T00:00:00-04:00,2026-10-14T23:59:59-04:00
Walmart,8171556,Sanpellegrino flavoured sparkling drink,6.97,2026-10-08T00:00:00-04:00,2026-10-14T23:59:59-04:00
Walmart,8171556,Biba Rangriti Indian ethnic kurta pants set for women - Festive Glam Set,58.19,2026-10-08T00:00:00-04:00,2026-10-14T23:59:59-04:00
Walmart,8171556,Halloween plush,8.48,2026-10-08T00:00:00-04:00,2026-10-14T23:59:59-04:00
Walmart,8171556,Webber Naturals magnesium,11.97,2026-10-08T00:00:00-04:00,2026-10-14T23:59:59-04:00
Walmart,8171556,Stove Top stuffing mix,1.27,2026-10-08T00:00:00-04:00,2026-10-14T23:59:59-04:00
Walmart,8171556,Gay Lea butter,4.97,2026-10-08T00:00:00-04:00,2026-10-14T23:59:59-04:00
Walmart,8171556,BOUNTY PAPER TOWELS,16.98,2026-10-08T00:00:00-04:00,2026-10-14T23:59:59-04:00
Walmart,8171556,Adults' licensed costume,39.98,2026-10-08T00:00:00-04:00,2026-10-14T23:59:59-04:00
Walmart,8171556,Raspberries,2.84,2026-10-08T00:00:00-04:00,2026-10-14T23:59:59-04:00
Walmart,8171556,Ruffles chips,3.27,2026-10-08T00:00:00-04:00,2026-10-14T23:59:59-04:00
Walmart,8171556,Stove Top stuffing mix,1.27,2026-10-08T00:00:00-04:00,2026-10-14T23:59:59-04:00
Walmart,8171556,Green seedless grapes,3.44,2026-10-08T00:00:00-04:00,2026-10-14T23:59:59-04:00
Walmart,8171556,"Swiffer wet, dry or duster refills or Sweep and Mop starter kit",15.97,2026-10-08T00:00:00-04:00,2026-10-14T23:59:59-04:00
Walmart,8171556,Set of 2 Dining Chairs,155.99,2026-10-08T00:00:00-04:00,2026-10-14T23:59:59-04:00
Walmart,8171556,Gyrocopters Plaid 3.0 Electric Scooter,649.96,2026-10-08T00:00:00-04:00,2026-10-14T23:59:59-04:00
Atlantic Superstore,8173855,"VEGA PROTEIN + CREATINE OR PROTEIN + RECOVERY POWDER, 801 - 918 G",53.99,2026-10-08T00:00:00-04:00,2026-10-14T22:59:59-04:00
Atlantic Superstore,8173855,"AROY-D COCONUT MILK, 206ML - 300ML",2.0,2026-10-08T00:00:00-04:00,2026-10-14T22:59:59-04:00
Atlantic Superstore,8173855,"FRIED TORTILLA CHIPS, 440G",8.0,2026-10-08T00:00:00-04:00,2026-10-14T22:59:59-04:00
Atlantic Superstore,8173855,FIESTA SUNFLOWER BUNCH,16.0,2026-10-08T00:00:00-04:00,2026-10-14T22:59:59-04:00
Atlantic Superstore,8173855,PC® FREE FROM® AUSTRALIAN LAMB BONELESS LEG,12.0,2026-10-08T00:00:00-04:00,2026-10-14T22:59:59-04:00
Atlantic Superstore,8173855,"PILLSBURY™ REFRIDGERATED DOUGH, 454-496 G",4.0,2026-10-08T00:00:00-04:00,2026-10-14T22:59:59-04:00
Atlantic Superstore,8173855,"KRAFT SALAD DRESSINGS 425 ML, HEINZ MAYONNAISE-STYLE SAUCES 340 ML, DIANA SAUCE 500 ML, BULL'S-EYE BBQ SAUCE 425 ML",3.49,2026-10-08T00:00:00-04:00,2026-10-14T22:59:59-04:00
Atlantic Superstore,8173855,"TOFURY VEGGIE ROAST & WILD RICE STUFFING, 737 G",15.0,2026-10-08T00:00:00-04:00,2026-10-14T22:59:59-04:00
Atlantic Superstore,8173855,"FILIPPO BERIO EXTRA VIRGIN OLIVE OIL, 750 ML",14.0,2026-10-08T00:00:00-04:00,2026-10-14T22:59:59-04:00
Atlantic Superstore,8173855,"CHICKEN CATERING PLATTERS, 1.92 KG-3.19 KG.",45.0,2026-10-08T00:00:00-04:00,2026-10-14T22:59:59-04:00
Atlantic Superstore,8173855,LIPTON TEA 50'S OR ROYNEST PREMIUM MATCHA 50 G,8.0,2026-10-08T00:00:00-04:00,2026-10-14T22:59:59-04:00
Atlantic Superstore,8173855,"BOW WOW CUDDLER PET BED, 26"" X 20""",35.0,2026-10-08T00:00:00-04:00,2026-10-14T22:59:59-04:00
Atlantic Superstore,8173855,"OKA, 190 g",7.0,2026-10-08T00:00:00-04:00,2026-10-14T22:59:59-04:00
Atlantic Superstore,8173855,"LAO GAN MA CHILI CRISP, 210 G",3.29,2026-10-08T00:00:00-04:00,2026-10-14T22:59:59-04:00
Atlantic Superstore,8173855,"WHOLE TILAPIA, 1 KG",3.0,2026-10-08T00:00:00-04:00,2026-10-14T22:59:59-04:00
Atlantic Superstore,8173855,"CADBURY ASSORTED BARS, 45'S, 498 G",12.0,2026-10-08T00:00:00-04:00,2026-10-14T22:59:59-04:00
Atlantic Superstore,8173855,"BICK'S PICKLES, 500 ML OR SARDO OLIVES, 375 ML",4.5,2026-10-08T00:00:00-04:00,2026-10-14T22:59:59-04:00
Atlantic Superstore,8173855,LIBERTÉ KEFIR,5.0,2026-10-08T00:00:00-04:00,2026-10-14T22:59:59-04:00
Atlantic Superstore,8173855,"MINUTE RICE, 1.2/1.4KG",7.0,2026-10-08T00:00:00-04:00,2026-10-14T22:59:59-04:00
Atlantic Superstore,8173855,"BRAR'S DESI GHEE, 1.6 KG",27.0,2026-10-08T00:00:00-04:00,2026-10-14T22:59:59-04:00
Atlantic Superstore,8173855,"OCEAN'S HALO WHITE TUNA, 170 G",3.0,2026-10-08T00:00:00-04:00,2026-10-14T22:59:59-04:00
Atlantic Superstore,8173855,"NO NAME® OLIVE OIL, 750 ML",6.0,2026-10-08T00:00:00-04:00,2026-10-14T22:59:59-04:00
Atlantic Superstore,8173855,"NESTLÉ CHOCOLATE MINIS, TOPS, BITES OR AERO - MINIS, 76-203 G",10.0,2026-10-08T00:00:00-04:00,2026-10-14T22:59:59-04:00
Atlantic Superstore,8173855,"KERRYGOLD DUBLINER RESERVE CHEDDAR, 198 G",7.0,2026-10-08T00:00:00-04:00,2026-10-14T22:59:59-04:00
Atlantic Superstore,8173855,"18% COFFEE CREAM BAXTER/SCOTSBURN, 1 L",5.0,2026-10-08T00:00:00-04:00,2026-10-14T22:59:59-04:00
Atlantic Superstore,8173855,"TWO GOOD™, 4 X 95 G",5.0,2026-10-08T00:00:00-04:00,2026-10-14T22:59:59-04:00
Atlantic Superstore,8173855,"GENERAL MILLS, NATURE VALLEY, PILLSBURY, BETTY CROCKER OR MOTT'S FRUITSATIONS GRANOLA OR CEREAL BARS, TREATS OR FRUIT SNACKS, 120-226 G",9.99,2026-10-08T00:00:00-04:00,2026-10-14T22:59:59-04:00
Atlantic Superstore,8173855,TAIWANESE CABBAGE,1.79,2026-10-08T00:00:00-04:00,2026-10-14T22:59:59-04:00
Atlantic Superstore,8173855,"OIKOS PRO™, 112 G",6.5,2026-10-08T00:00:00-04:00,2026-10-14T22:59:59-04:00
Atlantic Superstore,8173855,BRUSSELS SPROUTS,3.5,2026-10-08T00:00:00-04:00,2026-10-14T22:59:59-04:00
Atlantic Superstore,8173855,"8 INCH PIE, 600/750 G",7.0,2026-10-08T00:00:00-04:00,2026-10-14T22:59:59-04:00
Atlantic Superstore,8173855,"IÖGO NANÖ DRINKABLE YOGURT, 6 X 93 ML",4.5,2026-10-08T00:00:00-04:00,2026-10-14T22:59:59-04:00
Atlantic Superstore,8173855,"GOOD PROTEIN ALL-IN-ONE SHAKE, 440 G",29.99,2026-10-08T00:00:00-04:00,2026-10-14T22:59:59-04:00
Atlantic Superstore,8173855,"CLOVER LEAF SMOKED OYSTERS, 85 G OR MONTANA'S SOUP, 540 ML",2.5,2026-10-08T00:00:00-04:00,2026-10-14T22:59:59-04:00
Atlantic Superstore,8173855,"NO NAME® MUSHROOMS, 284 ML OR POTATOES, 540 ML",1.5,2026-10-08T00:00:00-04:00,2026-10-14T22:59:59-04:00
Atlantic Superstore,8173855,CELERY STALKS,3.0,2026-10-08T00:00:00-04:00,2026-10-14T22:59:59-04:00
Atlantic Superstore,8173855,"TOOTSIE ROLL ASSORTED HALLOWEEN CANDY, 1.3 KG",15.0,2026-10-08T00:00:00-04:00,2026-10-14T22:59:59-04:00
Atlantic Superstore,8173855,BREYERS CLASSIC FROZEN DESSERT 1.41 L OR FUDGSICLE 12'S,4.0,2026-10-08T00:00:00-04:00,2026-10-14T22:59:59-04:00
Atlantic Superstore,8173855,"ZIPLOC MEGAPACKS, 60-240'S",11.0,2026-10-08T00:00:00-04:00,2026-10-14T22:59:59-04:00
Atlantic Superstore,8173855,LONG EGGPLANT,2.79,2026-10-08T00:00:00-04:00,2026-10-14T22:59:59-04:00
Atlantic Superstore,8173855,"PEPSICO BEVERAGES, 6X222 ML",10.0,2026-10-08T00:00:00-04:00,2026-10-14T22:59:59-04:00
Atlantic Superstore,8173855,"BAXTER/SCOTSBURN, 5-10% CREAM, 1 L",4.0,2026-10-08T00:00:00-04:00,2026-10-14T22:59:59-04:00
Atlantic Superstore,8173855,CARNATIONS BUNCH,10.0,2026-10-08T00:00:00-04:00,2026-10-14T22:59:59-04:00
Atlantic Superstore,8173855,"QUAKER INSTANT OATMEAL, 232-344 G",6.5,2026-10-08T00:00:00-04:00,2026-10-14T22:59:59-04:00
Atlantic Superstore,8173855,"PILLSBURY™ CRESCENTS AND WIENER WRAPS, 200-227G",2.0,2026-10-08T00:00:00-04:00,2026-10-14T22:59:59-04:00
Atlantic Superstore,8173855,"SIGGI'S HIGH PROTEIN SKYR YOGURT, 4 X 100 G",3.0,2026-10-08T00:00:00-04:00,2026-10-14T22:59:59-04:00
Atlantic Superstore,8173855,"OCEAN SPRAY JUICE OR COCKTAILS OR MOTT'S CLAMATO, 1.77 - 1.89 L",4.5,2026-10-08T00:00:00-04:00,2026-10-14T22:59:59-04:00
Atlantic Superstore,8173855,"OLD EL PASO™ TACO KITS, 250-510 G",10.0,2026-10-08T00:00:00-04:00,2026-10-14T22:59:59-04:00
Atlantic Superstore,8173855,"FRAMBOISES, 170 G",4.44,2026-10-08T00:00:00-04:00,2026-10-14T22:59:59-04:00
Atlantic Superstore,8173855,"PC PUFF OR PHYLLO PASTRY, 450/454 G",5.5,2026-10-08T00:00:00-04:00,2026-10-14T22:59:59-04:00
Atlantic Superstore,8173855,"BENTO KAZOKU PLATTER, 53 PIECES, 1.2 KG",30.0,2026-10-08T00:00:00-04:00,2026-10-14T22:59:59-04:00
Atlantic Superstore,8173855,FARM TO TABLE BOUQUET,10.0,2026-10-08T00:00:00-04:00,2026-10-14T22:59:59-04:00
Atlantic Superstore,8173855,"KNORR GRAVY, SAUCE OR PASTA SAUCE MIXES, 22-48 G",1.5,2026-10-08T00:00:00-04:00,2026-10-14T22:59:59-04:00
Atlantic Superstore,8173855,"ALEXIS DE PORTNEUF BRIE OR CAMEMBERT, 125 G",6.0,2026-10-08T00:00:00-04:00,2026-10-14T22:59:59-04:00
Atlantic Superstore,8173855,"THE KEG SEASONINGS, 140-190 G",5.0,2026-10-08T00:00:00-04:00,2026-10-14T22:59:59-04:00
Atlantic Superstore,8173855,"DREAM WHIP DESSERT TOPPING MIX, 170 G",6.99,2026-10-08T00:00:00-04:00,2026-10-14T22:59:59-04:00
Atlantic Superstore,8173855,"WHOLESOME ORGANIC MOLASSES, 472 ML OR COCONUT PALM SUGAR, 454 G",6.0,2026-10-08T00:00:00-04:00,2026-10-14T22:59:59-04:00
Atlantic Superstore,8173855,"SOURDOUGH OR PUMPERNICKEL BOULE, 574 G",4.0,2026-10-08T00:00:00-04:00,2026-10-14T22:59:59-04:00
Atlantic Superstore,8173855,"LINDT MILK CHOCOLATE DUBAI STICKS, 40 G",8.5,2026-10-08T00:00:00-04:00,2026-10-14T22:59:59-04:00
Atlantic Superstore,8173855,"PC® SWEETENED CONDENSED MILK, 300 ML",3.0,2026-10-08T00:00:00-04:00,2026-10-14T22:59:59-04:00
Atlantic Superstore,8173855,LARGE CAULIFLOWER,3.0,2026-10-08T00:00:00-04:00,2026-10-14T22:59:59-04:00
Atlantic Superstore,8173855,"FILIPPO BERIO FLAVOURED EXTRA VIRGIN OLIVE OIL, 250 ML",10.0,2026-10-08T00:00:00-04:00,2026-10-14T22:59:59-04:00
Atlantic Superstore,8173855,"MERCI CHOCOLATE BARS, 100-112 G OR WERTHER'S CANDY, 116-135 G",4.0,2026-10-08T00:00:00-04:00,2026-10-14T22:59:59-04:00
Atlantic Superstore,8173855,"LESLEY STOWE RAINCOAST CRISPS, 150 G & WILDY DELICIOUS JELLY, 185 ML",6.0,2026-10-08T00:00:00-04:00,2026-10-14T22:59:59-04:00
Atlantic Superstore,8173855,"PC® SPLENDIDO™ PARMIGIANO REGGIANO, 250 G",14.0,2026-10-08T00:00:00-04:00,2026-10-14T22:59:59-04:00
Atlantic Superstore,8173855,PORK BACK RIBS,4.49,2026-10-08T00:00:00-04:00,2026-10-14T22:59:59-04:00
Atlantic Superstore,8173855,"BALDERSON CHEDDAR 250/280 G, GOUDA 200 G OR PILLER'S KOLBASSA 250-375 G",6.0,2026-10-08T00:00:00-04:00,2026-10-14T22:59:59-04:00
Atlantic Superstore,8173855,"PC® BLACK TIGER SHRIMP RAW ZIPPERBACK™, 16-20/LB, 400 G OR JUMBO WILD ARGENTINIAN SHRIMP RAW ZIPPERBACK™, 21-30/LB, 340 G",11.0,2026-10-08T00:00:00-04:00,2026-10-14T22:59:59-04:00
Atlantic Superstore,8173855,"CREST COMPLETE, 120 ML, CREST STAIN ERASER, 65 ML OR CREST WHITENING, 85-100 MG TOOTHPASTE OR ORAL-B FLOSS, 50 M",3.75,2026-10-08T00:00:00-04:00,2026-10-14T22:59:59-04:00
Atlantic Superstore,8173855,"PC® SHREDDED CHEESE 250-320 G OR BLACK DIAMOND CHEESE BARS OR SHREDDED CHEESE, 300-400 G,",4.99,2026-10-08T00:00:00-04:00,2026-10-14T22:59:59-04:00
Atlantic Superstore,8173855,"IAMS DRY CAT FOOD, 7.26 KG",42.0,2026-10-08T00:00:00-04:00,2026-10-14T22:59:59-04:00
Atlantic Superstore,8173855,CAP OFF RIB ROAST,10.88,2026-10-08T00:00:00-04:00,2026-10-11T23:59:59-04:00
Atlantic Superstore,8173855,"KRAFT KD MACARONI & CHEESE, 156/175 G",1.0,2026-10-08T00:00:00-04:00,2026-10-14T22:59:59-04:00
Atlantic Superstore,8173855,"TIDE LAUNDRY DETERGENT 3.46-3.9 L, TIDE POWER PODS 45'S, TIDE PODS OR GAIN FLINGS 57-76'S OR DOWNY OR GAIN BEADS 853 G",20.0,2026-10-08T00:00:00-04:00,2026-10-14T22:59:59-04:00
Atlantic Superstore,8173855,"TREE HUT SHEA SUGAR SCRUBS, BODY WASH, SHAVE OIL OR BODY BUTTER",14.0,2026-10-08T00:00:00-04:00,2026-10-14T22:59:59-04:00
Atlantic Superstore,8173855,"HERSHEY'S ASSORTED CHOCOLATE OR PEANUT FREE CANDY, 100'S OR REESE'S LOVERS, 90'S, , 909-1026 G",15.0,2026-10-08T00:00:00-04:00,2026-10-14T22:59:59-04:00
Atlantic Superstore,8173855,PC PREMIUM FLOWER BOUQUET,34.0,2026-10-08T00:00:00-04:00,2026-10-14T22:59:59-04:00
Atlantic Superstore,8173855,"IN-STORE PREPARED SANDWICH OR WRAP PLATTERS, 1.23-3.4 KG",55.0,2026-10-08T00:00:00-04:00,2026-10-14T22:59:59-04:00
Atlantic Superstore,8173855,SEASONAL GARDEN,22.0,2026-10-08T00:00:00-04:00,2026-10-14T22:59:59-04:00
Atlantic Superstore,8173855,"LARGE PREMIUM SALADS, 422 G",10.0,2026-10-08T00:00:00-04:00,2026-10-14T22:59:59-04:00
Atlantic Superstore,8173855,"DOLE PINEAPPLE, 398 ML",2.0,2026-10-08T00:00:00-04:00,2026-10-14T22:59:59-04:00
Atlantic Superstore,8173855,"CAMPBELL'S FRANCO-AMERICAN GRAVY, 284 ML",1.0,2026-10-08T00:00:00-04:00,2026-10-14T22:59:59-04:00
Atlantic Superstore,8173855,"GILLETTELABS RAZORS OR CARTRIDGES, 4/8's",18.19,2026-10-08T00:00:00-04:00,2026-10-14T22:59:59-04:00
Atlantic Superstore,8173855,"PC BUTTER QUARTERS, 454 G",7.0,2026-10-08T00:00:00-04:00,2026-10-14T22:59:59-04:00
Atlantic Superstore,8173855,FRESH ATLANTIC SALMON SKIN-ON FILLETS,10.0,2026-10-08T00:00:00-04:00,2026-10-11T23:59:59-04:00
Atlantic Superstore,8173855,DOZEN ROSES,25.0,2026-10-08T00:00:00-04:00,2026-10-14T22:59:59-04:00
Atlantic Superstore,8173855,"KRITI GOLD EXTRA VIRGIN OLIVE OIL, 750 ML",12.0,2026-10-08T00:00:00-04:00,2026-10-14T22:59:59-04:00
Atlantic Superstore,8173855,"PRAN VEGETABLE SPRING ROLLS OR SAMOSAS, 400 G",2.99,2026-10-08T00:00:00-04:00,2026-10-14T22:59:59-04:00
Atlantic Superstore,8173855,"NO NAME® CANNED BEANS, CHICKPEAS OR LENTILS, 540 ML",1.5,2026-10-08T00:00:00-04:00,2026-10-14T22:59:59-04:00
Atlantic Superstore,8173855,"HUGGIES PULL-UPS CLUB PACK TRAINING PANTS, SIZES 2T-7T, 42-74'S",29.0,2026-10-08T00:00:00-04:00,2026-10-14T22:59:59-04:00
Atlantic Superstore,8173855,GUACAMOLE 255 G OR PICO DE GALLO SALSA 187 G,6.0,2026-10-08T00:00:00-04:00,2026-10-14T22:59:59-04:00
Atlantic Superstore,8173855,"BOUNTY PAPER TOWEL, 2=4 ROLL",8.0,2026-10-08T00:00:00-04:00,2026-10-14T22:59:59-04:00
Atlantic Superstore,8173855,"NO NAME® AIR FRYER LINERS, 30'S",3.0,2026-10-08T00:00:00-04:00,2026-10-14T22:59:59-04:00
Atlantic Superstore,8173855,OKA,3.5,2026-10-08T00:00:00-04:00,2026-10-14T22:59:59-04:00
Atlantic Superstore,8173855,CAMBOZOLA CHEESE,5.0,2026-10-08T00:00:00-04:00,2026-10-14T22:59:59-04:00
Atlantic Superstore,8173855,"OIKOS® PRO™, 300 ML",7.0,2026-10-08T00:00:00-04:00,2026-10-14T22:59:59-04:00
Atlantic Superstore,8173855,"NESTLÉ ASSORTED MINI BARS, 100'S 977 G",20.0,2026-10-08T00:00:00-04:00,2026-10-14T22:59:59-04:00
Atlantic Superstore,8173855,"DABUR JUICE DRINK, 1 L",3.5,2026-10-08T00:00:00-04:00,2026-10-14T22:59:59-04:00
Atlantic Superstore,8173855,"ALWAYS FLEX FOAM PADS, 18-36'S",10.5,2026-10-08T00:00:00-04:00,2026-10-14T22:59:59-04:00
Atlantic Superstore,8173855,"HUGGIES ECONO PACK DIAPERS, SIZE N-7, 60-200'S",35.0,2026-10-08T00:00:00-04:00,2026-10-14T22:59:59-04:00
Atlantic Superstore,8173855,EVERYDAY ESSENTIALS™ COOKWARE,9.0,2026-10-08T00:00:00-04:00,2026-10-14T22:59:59-04:00
Atlantic Superstore,8173855,"BETTY CROCKER SUPER MOIST CAKE MIX, 375-404 G OR CREAMY DELUXE FROSTINGS, 340-450 G",5.0,2026-10-08T00:00:00-04:00,2026-10-14T22:59:59-04:00
Atlantic Superstore,8173855,"MONSIEUR GUSTAV DOUBLE CRÈME CAMEMBERT CHEESE, 125 G",5.0,2026-10-08T00:00:00-04:00,2026-10-14T22:59:59-04:00
Atlantic Superstore,8173855,JARLSBERG CHEESE,4.0,2026-10-08T00:00:00-04:00,2026-10-14T22:59:59-04:00
Atlantic Superstore,8173855,"SAPUTO FETA, BOCCONCINI, FRESH MOZZARELLA, 140-200 G",6.0,2026-10-08T00:00:00-04:00,2026-10-14T22:59:59-04:00
Atlantic Superstore,8173855,"ANNIE'S MACARONI & CHEESE, 149-170 G",4.5,2026-10-08T00:00:00-04:00,2026-10-14T22:59:59-04:00
Atlantic Superstore,8173855,"OLYMPIC KREMA YOGURT, 650 G",5.0,2026-10-08T00:00:00-04:00,2026-10-14T22:59:59-04:00
Atlantic Superstore,8173855,"BODYARMOR BEVERAGES, 473 ML",2.5,2026-10-08T00:00:00-04:00,2026-10-14T22:59:59-04:00
Atlantic Superstore,8173855,"8 INCH PIES, 680-750 G",7.0,2026-10-08T00:00:00-04:00,2026-10-14T22:59:59-04:00
Atlantic Superstore,8173855,CHICKEN DRUMSTICKS,2.99,2026-10-08T00:00:00-04:00,2026-10-14T22:59:59-04:00
Atlantic Superstore,8173855,KRAFT COOL WHIP FROZEN WHIPPED TOPPING. 1 L,5.0,2026-10-08T00:00:00-04:00,2026-10-14T22:59:59-04:00
Atlantic Superstore,8173855,"T&T TROPICAL CAKE, 180 G",2.0,2026-10-08T00:00:00-04:00,2026-10-14T22:59:59-04:00
Atlantic Superstore,8173855,"TENDERFLAKE PIE, TART OR PASTRY SHELLS OR PASTRY, 255-397 G",4.29,2026-10-08T00:00:00-04:00,2026-10-14T22:59:59-04:00
Atlantic Superstore,8173855,NO NAME® CONTAINERS,4.0,2026-10-08T00:00:00-04:00,2026-10-14T22:59:59-04:00
Atlantic Superstore,8173855,"VEGA CREATINE MONOHYDRATE POWDER UNFLAVOURED, 500 G",32.99,2026-10-08T00:00:00-04:00,2026-10-14T22:59:59-04:00
Atlantic Superstore,8173855,"HEINZ SOUP, 370/380 ML",4.0,2026-10-08T00:00:00-04:00,2026-10-14T22:59:59-04:00
Atlantic Superstore,8173855,"POWERADE® beverages, 710 mL",2.5,2026-10-08T00:00:00-04:00,2026-10-14T22:59:59-04:00
Atlantic Superstore,8173855,CREST 3DW ADVANCED 3X70 ML OR CREST PRO HEALTH ADVANCED 1 L,8.0,2026-10-08T00:00:00-04:00,2026-10-14T22:59:59-04:00
Atlantic Superstore,8173855,"KURKURE SNACKS, 115 G",1.5,2026-10-08T00:00:00-04:00,2026-10-14T22:59:59-04:00
Atlantic Superstore,8173855,PORK SIDE RIB SWEET AND SOUR STRIPS,4.48,2026-10-08T00:00:00-04:00,2026-10-14T22:59:59-04:00
Atlantic Superstore,8173855,"ALCAN FOIL, 100 FT",7.0,2026-10-08T00:00:00-04:00,2026-10-14T22:59:59-04:00
Atlantic Superstore,8173855,DOVE BODY WASH 591-710 ML OR BAR SOAP 6 X 100 G,9.0,2026-10-08T00:00:00-04:00,2026-10-14T22:59:59-04:00
Atlantic Superstore,8173855,CHICKEN FEET,3.0,2026-10-08T00:00:00-04:00,2026-10-14T22:59:59-04:00
Atlantic Superstore,8173855,"CHAPMAN'S PREMIUM ICE CREAM FROZEN YOGURT, SORBET OR SUPER NOVELTIES, 8-20'S",6.0,2026-10-08T00:00:00-04:00,2026-10-14T22:59:59-04:00
Atlantic Superstore,8173855,"SEAQUEST® SEAFOOD MEDLEY OR MUSSEL OR CLAM MEAT, 340 G",5.5,2026-10-08T00:00:00-04:00,2026-10-14T22:59:59-04:00
Atlantic Superstore,8173855,"ROOSTER GARLIC, 3'S",0.99,2026-10-08T00:00:00-04:00,2026-10-14T22:59:59-04:00
Atlantic Superstore,8173855,FARMER'S MARKET™ CARROTS OR YELLOW ONIONS,3.0,2026-10-08T00:00:00-04:00,2026-10-14T22:59:59-04:00
Atlantic Superstore,8173855,"MADEGOOD BARS, 120 - 150 G",3.99,2026-10-08T00:00:00-04:00,2026-10-14T22:59:59-04:00
Atlantic Superstore,8173855,"BUBLY SPARKLING WATER BEVERAGE, 6X222 ML",8.0,2026-10-08T00:00:00-04:00,2026-10-14T22:59:59-04:00
Atlantic Superstore,8173855,"IDAHOAN MASHED POTATOES, 43/113 G",3.0,2026-10-08T00:00:00-04:00,2026-10-14T22:59:59-04:00
Atlantic Superstore,8173855,"PARTY TRAY, 592 G - 1 KG",30.0,2026-10-08T00:00:00-04:00,2026-10-14T22:59:59-04:00
Atlantic Superstore,8173855,OPO SQUASH,2.79,2026-10-08T00:00:00-04:00,2026-10-14T22:59:59-04:00
Atlantic Superstore,8173855,"PILLSBURY CHAKKI ATTA WHOLE WHEAT FLOUR, 9.07 KG",14.0,2026-10-08T00:00:00-04:00,2026-10-14T22:59:59-04:00
Atlantic Superstore,8173855,"FILIPPO BERIO CHEF'S EDITION EXTRA VIRGIN OLIVE OIL, 500 ML",14.0,2026-10-08T00:00:00-04:00,2026-10-14T22:59:59-04:00
Atlantic Superstore,8173855,L'EXTRA BRIE,4.0,2026-10-08T00:00:00-04:00,2026-10-14T22:59:59-04:00
Atlantic Superstore,8173855,"NANAK PANEER, 341 G",4.99,2026-10-08T00:00:00-04:00,2026-10-14T22:59:59-04:00
Atlantic Superstore,8173855,"OIKOS®, 750 g",6.5,2026-10-08T00:00:00-04:00,2026-10-14T22:59:59-04:00
Atlantic Superstore,8173855,"BUBLY SPARKLING WATER BEVERAGE, 12X355 ML",14.0,2026-10-08T00:00:00-04:00,2026-10-14T22:59:59-04:00
Atlantic Superstore,8173855,"MAYNARDS, ASSORTED CANDY, 90'S 1.12 KG",17.0,2026-10-08T00:00:00-04:00,2026-10-14T22:59:59-04:00
Atlantic Superstore,8173855,"NEILSON ULTRAFILTERED MILK, 1 L",5.0,2026-10-08T00:00:00-04:00,2026-10-14T22:59:59-04:00
Atlantic Superstore,8173855,"PHILADELPHIA CREAM CHEESE PRODUCT, 227 - 250 G KRAFT SINGLES PROCESS CHEESE PRODUCT, 410 G CHEEZ WHIZ CHEESE SPREAD, 450 G",10.0,2026-10-08T00:00:00-04:00,2026-10-14T22:59:59-04:00
Atlantic Superstore,8173855,"OLIVIERI LASAGNA SHEETS, 360 G OR CANNELLONI, 540 G",5.0,2026-10-08T00:00:00-04:00,2026-10-14T22:59:59-04:00
Atlantic Superstore,8173855,"INTERNATIONAL DELIGHT COFFEE ENHANCER, 946 ML OR COLD FOAM, 360/296 G",6.25,2026-10-08T00:00:00-04:00,2026-10-14T22:59:59-04:00
Atlantic Superstore,8173855,"BRITANNIA GOOD DAY OR FIFTY FIFTY COOKIES, 213 - 372 G",2.5,2026-10-08T00:00:00-04:00,2026-10-14T22:59:59-04:00
Atlantic Superstore,8173855,"LEE KUM KEE PREMIUM SOY SAUCE, 500 ML",3.29,2026-10-08T00:00:00-04:00,2026-10-14T22:59:59-04:00
Atlantic Superstore,8173855,"PAMPERS SWADDLERS OR CRUISERS 360° ULTRA VALUE PACK DIAPERS, SIZE 2-9, 68-192'S",45.0,2026-10-08T00:00:00-04:00,2026-10-14T22:59:59-04:00
Atlantic Superstore,8173855,"MONTELLIER® CARBONATED NATURAL SPRING WATER, 10X355 ML",14.0,2026-10-08T00:00:00-04:00,2026-10-14T22:59:59-04:00
Atlantic Superstore,8173855,"OLYMPIC KREMA YOGURT, 650 G",5.0,2026-10-08T00:00:00-04:00,2026-10-14T22:59:59-04:00
Atlantic Superstore,8173855,"PC® LIVE LETTUCE GREEN, RED OR TRIO",4.0,2026-10-08T00:00:00-04:00,2026-10-14T22:59:59-04:00
Atlantic Superstore,8173855,"PC® TOMATO CHERRY MIXIANY, 340 G",7.0,2026-10-08T00:00:00-04:00,2026-10-14T22:59:59-04:00
Atlantic Superstore,8173855,PC® CINNAMON RAISIN BREAD OR HOT CROSS BUNS,4.0,2026-10-08T00:00:00-04:00,2026-10-14T22:59:59-04:00
Atlantic Superstore,8173855,"CHRISTIE PEEK-A-BEANS COOKIES, 275-350 G OR CADBURY FINGERS, 114 G",9.0,2026-10-08T00:00:00-04:00,2026-10-14T22:59:59-04:00
Atlantic Superstore,8173855,HARVEST BOUQUET,16.0,2026-10-08T00:00:00-04:00,2026-10-14T22:59:59-04:00
Atlantic Superstore,8173855,HALLOWEEN DECORATIONS,12.0,2026-10-08T00:00:00-04:00,2026-10-14T22:59:59-04:00
Atlantic Superstore,8173855,"T&T COOKIES, 168-304 G",4.0,2026-10-08T00:00:00-04:00,2026-10-14T22:59:59-04:00
Atlantic Superstore,8173855,"LANTIC SUGAR, 1 KG",3.0,2026-10-08T00:00:00-04:00,2026-10-14T22:59:59-04:00
Atlantic Superstore,8173855,"KELLOGG'S HOMESTYLE RICE KRISPIES BARS, 198 G OR KASHI BARS, 175-200 G",3.75,2026-10-08T00:00:00-04:00,2026-10-14T22:59:59-04:00
Atlantic Superstore,8173855,"CHARCUTERIE BOARDS, 278-312 G",14.0,2026-10-08T00:00:00-04:00,2026-10-14T22:59:59-04:00
Atlantic Superstore,8173855,"PC® PACIFIC WHITE SHRIMP RING WITH MILD COCKTAIL SAUCE, 568 G",19.0,2026-10-08T00:00:00-04:00,2026-10-14T22:59:59-04:00
Atlantic Superstore,8173855,"NO NAME® MILD SUGAR CURED BACON, 375 G",5.0,2026-10-08T00:00:00-04:00,2026-10-14T22:59:59-04:00
Atlantic Superstore,8173855,SEASONAL UPGRADE,16.0,2026-10-08T00:00:00-04:00,2026-10-14T22:59:59-04:00
Atlantic Superstore,8173855,"CHEEZ-IT CRACKERS, 191/200 G",6.0,2026-10-08T00:00:00-04:00,2026-10-14T22:59:59-04:00
Atlantic Superstore,8173855,"NO NAME™ TOMATOES, 796 ML",1.75,2026-10-08T00:00:00-04:00,2026-10-14T22:59:59-04:00
Atlantic Superstore,8173855,"SNACK FACTORY® PRETZEL CRISPS® MILK CHOCOLATE & CARAMEL & DARK CHOCOLATE DRIZZLES, 155 G",8.0,2026-10-08T00:00:00-04:00,2026-10-14T22:59:59-04:00
Atlantic Superstore,8173855,"JELL-O INSTANT PUDDING MIX, 30 - 113 G",2.29,2026-10-08T00:00:00-04:00,2026-10-14T22:59:59-04:00
Atlantic Superstore,8173855,"PILLSBURY CRESCENT OR WIENER WRAPS, 200-227 G",2.0,2026-10-08T00:00:00-04:00,2026-10-14T22:59:59-04:00
Atlantic Superstore,8173855,"GENERAL MILLS™ FAMILY SIZE CEREAL, 475-778 G",5.5,2027-01-31T00:00:00-05:00,2026-10-14T22:59:59-04:00
Atlantic Superstore,8173855,817 ELEPHANT BASMATI RICE,12.99,2026-10-08T00:00:00-04:00,2026-10-14T22:59:59-04:00
Atlantic Superstore,8173855,"LAY'S POTATO CHIPS, 177-325 G",2.75,2026-10-08T00:00:00-04:00,2026-10-14T22:59:59-04:00
Atlantic Superstore,8173855,"COCA-COLA OR PEPSI SOFT DRINKS, 24X355 ML",12.99,2026-10-08T00:00:00-04:00,2026-10-14T22:59:59-04:00
Atlantic Superstore,8173855,"ARMSTRONG CHEESE SLICES, 500 G SAPUTO MOZZARELLISSIMA CHEESE BLOCKS, 690-700 G",9.5,2026-10-08T00:00:00-04:00,2026-10-14T22:59:59-04:00
Atlantic Superstore,8173855,"NO NAME® BIRCH CUTLERY, 30'S",2.5,2026-10-08T00:00:00-04:00,2026-10-14T22:59:59-04:00
Atlantic Superstore,8173855,"PURE LEAF ICED TEA, 6X340 ML",5.99,2026-10-08T00:00:00-04:00,2026-10-14T22:59:59-04:00
Atlantic Superstore,8173855,"PAMPERS SWADDLERS, CRUISERS, BABY DRY OR AMORE DIAPERS, SIZE N-8, 36-124'S",27.0,2026-10-08T00:00:00-04:00,2026-10-14T22:59:59-04:00
Atlantic Superstore,8173855,"CATHEDRAL CITY VINTAGE CHEDDAR, 200 G",7.0,2026-10-08T00:00:00-04:00,2026-10-14T22:59:59-04:00
Atlantic Superstore,8173855,"CHARMIN BATH TISSUE, 12-48 ROLL, SOFT",18.0,2026-10-08T00:00:00-04:00,2026-10-14T22:59:59-04:00
Atlantic Superstore,8173855,"HEINZ KETCHUP, 750 ML-1L HEINZ MAYONNAISE, 675 ML MIRACLE WHIP SPREAD, 650 - 890 ML",6.0,2026-10-08T00:00:00-04:00,2026-10-14T22:59:59-04:00
Atlantic Superstore,8173855,"CORE POWER® HIGH PROTEIN MILK SHAKE, 414 ML",4.99,2026-10-08T00:00:00-04:00,2026-10-14T22:59:59-04:00
Atlantic Superstore,8173855,"CINNAMON BUNS, 4'S",3.0,2026-10-08T00:00:00-04:00,2026-10-14T22:59:59-04:00
Atlantic Superstore,8173855,CHICKEN THIGHS,4.0,2026-10-08T00:00:00-04:00,2026-10-14T22:59:59-04:00
Atlantic Superstore,8173855,"HARIBO GUMMY CANDIES, 80'S 1128 G",15.0,2026-10-08T00:00:00-04:00,2026-10-14T22:59:59-04:00
Atlantic Superstore,8173855,"MAXWELL HOUSE INSTANT COFFEE, 150 G",7.0,2026-10-08T00:00:00-04:00,2026-10-14T22:59:59-04:00
Atlantic Superstore,8173855,"Tre Stelle® Feta, 200 g",6.0,2026-10-08T00:00:00-04:00,2026-10-14T22:59:59-04:00
Atlantic Superstore,8173855,"SOFTSOAP LIQUID HAND SOAP REFILL, 1.47 L, COLGATE OPTIC WHITE OR SENSITIVE PRO RELIEF TOOTHPASTE, 70-50 ML OR KIDS TOOTHBRUSHES, 2'S",6.5,2026-10-08T00:00:00-04:00,2026-10-14T22:59:59-04:00
Atlantic Superstore,8173855,"PC® 2-PLY DINNER NAPKINS, 180'S",8.0,2026-10-08T00:00:00-04:00,2026-10-14T22:59:59-04:00
Atlantic Superstore,8173855,"IÖGO nanö YOGURT WITH FLAVOURED PEARLS, 4 X 100 G",3.0,2026-10-08T00:00:00-04:00,2026-10-14T22:59:59-04:00
Atlantic Superstore,8173855,"MAYNARDS ASSORTED CANDY, 45'S, 562 G",10.0,2026-10-08T00:00:00-04:00,2026-10-14T22:59:59-04:00
Atlantic Superstore,8173855,"SUNFEAST YIPPEE! MAGIC MASALA NOODLES, 280 G",1.75,2026-10-08T00:00:00-04:00,2026-10-14T22:59:59-04:00
Atlantic Superstore,8173855,"WONG WING ENTERPRISES, 400/500 G",6.0,2026-10-08T00:00:00-04:00,2026-10-14T22:59:59-04:00
Atlantic Superstore,8173855,"STOK®, 1.42 L",8.5,2026-10-08T00:00:00-04:00,2026-10-14T22:59:59-04:00
Atlantic Superstore,8173855,"KRAFT PEANUT BUTTER, 750 G - 1 KG",6.0,2026-10-08T00:00:00-04:00,2026-10-14T22:59:59-04:00
Atlantic Superstore,8173855,"TRE STELLE® RICOTTA, 400-475 G",6.0,2026-10-08T00:00:00-04:00,2026-10-14T22:59:59-04:00
Atlantic Superstore,8173855,"ACTIVIA, 650 G",4.0,2026-10-08T00:00:00-04:00,2026-10-14T22:59:59-04:00
Atlantic Superstore,8173855,"NO NAME® NATURALLY IMPERFECT™ SWEET PEPPERS, 2.5 LB",6.0,2026-10-08T00:00:00-04:00,2026-10-14T22:59:59-04:00
Atlantic Superstore,8173855,"PC® SMOKED SALMON, 150 G OR SHRIMP APPETIZERS, 340-454 G",12.0,2026-10-08T00:00:00-04:00,2026-10-14T22:59:59-04:00
Atlantic Superstore,8173855,KING'S HAWAIIAN ROLLS 340 G OR YORKSHIRE PUDDING,3.5,2026-10-08T00:00:00-04:00,2026-10-14T22:59:59-04:00
Atlantic Superstore,8173855,BROCCOLI,3.0,2026-10-08T00:00:00-04:00,2026-10-14T22:59:59-04:00
Atlantic Superstore,8173855,"PC GREENHOUSE STRAWBERRIES, 340 G",6.5,2026-10-08T00:00:00-04:00,2026-10-14T22:59:59-04:00
Atlantic Superstore,8173855,"KII NATURALS ARTISAN CRISPS, 150 G",6.5,2026-10-08T00:00:00-04:00,2026-10-14T22:59:59-04:00
Atlantic Superstore,8173855,"CASCADE PLATINUM PLUS 30'S, PLATINUM 39'S OR COMPLETE 45'S",14.0,2026-10-08T00:00:00-04:00,2026-10-14T22:59:59-04:00
Atlantic Superstore,8173855,GÖT2B HAIR PRODUCTS,9.0,2026-10-08T00:00:00-04:00,2026-10-14T22:59:59-04:00
Atlantic Superstore,8173855,"CAMPBELL'S BROTHS OR CONCENTRATED BROTH, 250/900 ML",1.5,2026-10-08T00:00:00-04:00,2026-10-14T22:59:59-04:00
Atlantic Superstore,8173855,"CHEESE STICK BUNS, 4'S OR ONION SWIRL BUNS, 4'S",5.5,2026-10-08T00:00:00-04:00,2026-10-14T22:59:59-04:00
Atlantic Superstore,8173855,"SIMPLY GOURMET PUFFIES OR CRUNCHERS, 32 G",5.5,2026-10-08T00:00:00-04:00,2026-10-14T22:59:59-04:00
Atlantic Superstore,8173855,SWIFFER POWERMOP STARTER KIT,30.0,2026-10-08T00:00:00-04:00,2026-10-14T22:59:59-04:00
Atlantic Superstore,8173855,GRADE A TURKEY,2.49,2026-10-08T00:00:00-04:00,2026-10-14T22:59:59-04:00
Atlantic Superstore,8173855,"SUNMAID CINNAMON RAISIN BREAD, 450 G",4.5,2026-10-08T00:00:00-04:00,2026-10-14T22:59:59-04:00
Atlantic Superstore,8173855,"MCCAIN SUPERFRIES OR SPECIALTY POTATOES, 454-800 G",2.77,2026-10-08T00:00:00-04:00,2026-10-14T22:59:59-04:00
Atlantic Superstore,8173855,"FAMILY SIZE SALAD, 665-901 G",18.0,2026-10-08T00:00:00-04:00,2026-10-14T22:59:59-04:00
Atlantic Superstore,8173855,PINEAPPLE,6.0,2026-10-08T00:00:00-04:00,2026-10-14T22:59:59-04:00
Atlantic Superstore,8173855,"DARE BEAR PAWS COOKIES, 168-210 G",1.75,2026-10-08T00:00:00-04:00,2026-10-14T22:59:59-04:00
Atlantic Superstore,8173855,"NO NAME® PLASTIC PARTY CUPS, 50'S",5.5,2026-10-08T00:00:00-04:00,2026-10-14T22:59:59-04:00
Atlantic Superstore,8173855,"ROASTED RED PEPPER PROTEIN HUMMUS, 3X 100 G",6.0,2026-10-08T00:00:00-04:00,2026-10-14T22:59:59-04:00
Atlantic Superstore,8173855,"GARNIER WHOLE BLENDS SHAMPOO OR CONDITIONER, 370 ML OR L'ORÉAL HAIR EXPERTISE, 375 ML",5.0,2026-10-08T00:00:00-04:00,2026-10-14T22:59:59-04:00
Atlantic Superstore,8173855,PORK SIRLOIN ROAST,5.5,2026-10-08T00:00:00-04:00,2026-10-14T22:59:59-04:00
Atlantic Superstore,8173855,REFLECTIVE TRICK OR TREAT BAGS,3.0,2026-10-08T00:00:00-04:00,2026-10-14T22:59:59-04:00
Atlantic Superstore,8173855,"ENFAMIL A+ STEP 1 & 2 BABY FORMULA POWDER TUBS, 550/663 G",44.0,2026-10-08T00:00:00-04:00,2026-10-14T22:59:59-04:00
Atlantic Superstore,8173855,EVERYDAY ESSENTIALS™ THROWS,10.0,2026-10-08T00:00:00-04:00,2026-10-14T22:59:59-04:00
Atlantic Superstore,8173855,"CEREBELLY BROTH PURÉE OR SMOOTHIE POUCHES, 128 ML",4.0,2026-10-08T00:00:00-04:00,2026-10-14T22:59:59-04:00
Atlantic Superstore,8173855,HARVEST CRACKERS,10.0,2026-10-08T00:00:00-04:00,2026-10-14T22:59:59-04:00
Atlantic Superstore,8173855,HALLOWEEN HANGING FIGURES,39.0,2026-10-08T00:00:00-04:00,2026-10-14T22:59:59-04:00
Atlantic Superstore,8173855,NIVEA BODY LOTIONS AND CREAMS,6.49,2026-10-08T00:00:00-04:00,2026-10-14T22:59:59-04:00
Atlantic Superstore,8173855,HAUNTED RADIO DECOR,29.0,2026-10-08T00:00:00-04:00,2026-10-14T22:59:59-04:00
Atlantic Superstore,8173855,EVERYDAY ESSENTIALS™ APPLIANCES,15.0,2026-10-08T00:00:00-04:00,2026-10-14T22:59:59-04:00
Atlantic Superstore,8173855,L'ORÉAL EXCELLENCE HAIR COLOUR OR ROOT COVER UP,13.0,2026-10-08T00:00:00-04:00,2026-10-14T22:59:59-04:00
Atlantic Superstore,8173855,ADVIL COUGH COLD PRODUCT 32-40'S OR BUCKLEY'S 48'S OR SYRUP 250 ML,17.0,2026-10-08T00:00:00-04:00,2026-10-14T22:59:59-04:00
Atlantic Superstore,8173855,"ATTITUDE BABY LEAVES TOILETRIES, 473 ML",9.0,2026-10-08T00:00:00-04:00,2026-10-14T22:59:59-04:00
Atlantic Superstore,8173855,HALLOWEEN INFLATABLES,45.0,2026-10-08T00:00:00-04:00,2026-10-14T22:59:59-04:00
Atlantic Superstore,8173855,"NESTLÉ CERELAC BABY CEREAL, 400 G",9.5,2026-10-08T00:00:00-04:00,2026-10-14T22:59:59-04:00
Atlantic Superstore,8173855,"AXE DEODORANT 76/85 G, BODY SPRAY 113 G OR BODY WASH OR HAIRCARE 473 ML",4.5,2026-10-08T00:00:00-04:00,2026-10-14T22:59:59-04:00
Atlantic Superstore,8173855,KIDDICARE ECONO PACK DIAPERS,27.88,2026-10-08T00:00:00-04:00,2026-10-14T22:59:59-04:00
Atlantic Superstore,8173855,DEPEND OR POISE PADS OR UNDERWEAR,18.0,2026-10-08T00:00:00-04:00,2026-10-14T22:59:59-04:00
Atlantic Superstore,8173855,"COLGATE TOTAL OR SENSITIVE PRO - RELIEF TOOTHPASTE, 73-170 ML, COLGATE EXTRA CLEAN MANUAL TOOTHBRUSHES, 4'S, COLGATE, 360 DEGREES MANUAL TOOTHBRUSHES, 1 EA.",5.25,2026-10-08T00:00:00-04:00,2026-10-14T22:59:59-04:00
Atlantic Superstore,8173855,GARNIER FACE CARE PRODUCTS,9.29,2026-10-08T00:00:00-04:00,2026-10-14T22:59:59-04:00
Atlantic Superstore,8173855,"RICOLA FAMILY BAG, 34/45'S",8.0,2026-10-08T00:00:00-04:00,2026-10-14T22:59:59-04:00
Atlantic Superstore,8173855,"NIDO MILK-BASED NUTRITIONAL SUPPLEMENT, 850 G",25.0,2026-10-08T00:00:00-04:00,2026-10-14T22:59:59-04:00
Atlantic Superstore,8173855,"SNYDER'S PRETZELS, 240 G",3.99,2026-10-08T00:00:00-04:00,2026-10-14T22:59:59-04:00
Atlantic Superstore,8173855,FALL TULIPS,20.0,2026-10-08T00:00:00-04:00,2026-10-14T22:59:59-04:00
Atlantic Superstore,8173855,"SMOKED STEELHEAD SALMON READY TO SERVE, 50 G OR WILD YELLOWFIN TUNA STEAK, 92 G",2.0,2026-10-08T00:00:00-04:00,2026-10-14T22:59:59-04:00
Atlantic Superstore,8173855,"DOVE SHAMPOO OR CONDITIONER, 355 ML, HAIRSPRAY OR DRY SHAMPOO, 195-273 ML, 142-198 G",6.0,2026-10-08T00:00:00-04:00,2026-10-14T22:59:59-04:00
Atlantic Superstore,8173855,"ROMAINE HEARTS, 3'S",5.0,2026-10-08T00:00:00-04:00,2026-10-14T22:59:59-04:00
Atlantic Superstore,8173855,"MAGGI SEASONING, 200 ML",3.5,2026-10-08T00:00:00-04:00,2026-10-14T22:59:59-04:00
Atlantic Superstore,8173855,EVERYDAY ESSENTIALS™ CONTAINERS,3.0,2026-10-08T00:00:00-04:00,2026-10-14T22:59:59-04:00
Atlantic Superstore,8173855,"JELL-O JELLY POWDER, 9.1 - 170 G",1.5,2026-10-08T00:00:00-04:00,2026-10-14T22:59:59-04:00
Atlantic Superstore,8173855,"LINDT EXCELLENCE, LINDOR OR GHIRARDELLI CHOCOLATE BARS, 50-200 G",11.0,2026-10-08T00:00:00-04:00,2026-10-14T22:59:59-04:00
Atlantic Superstore,8173855,"T&T® SUSHI NORI ROASTED SEAWEED SHEETS, 27 G",2.79,2026-10-08T00:00:00-04:00,2026-10-14T22:59:59-04:00
Atlantic Superstore,8173855,"NESTLÉ EVERYDAY INSTANT TEA MIX, 200 G",6.0,2026-10-08T00:00:00-04:00,2026-10-14T22:59:59-04:00
Atlantic Superstore,8173855,"PAMPERS 12X BABY WIPES, 1008'S",26.0,2026-10-08T00:00:00-04:00,2026-10-14T22:59:59-04:00
Atlantic Superstore,8173855,"LANTIC GRANULATED SUGAR, 2 KG",2.0,2026-10-08T00:00:00-04:00,2026-10-14T22:59:59-04:00
Atlantic Superstore,8173855,PC® ORANGE JUICE 2.5 L OR OIKOS GREEK YOGURT 650/750 G,6.5,2026-10-08T00:00:00-04:00,2026-10-14T22:59:59-04:00
Atlantic Superstore,8173855,"TAYLOR FARMS CHOPPED SALAD KITS, 267-378 G",4.99,2026-10-08T00:00:00-04:00,2026-10-14T22:59:59-04:00
Atlantic Superstore,8173855,"SIMILAC STEP 1, 2 OR TOTAL COMFORT BABY FORMULA POWDER, 837/859 G",53.0,2026-10-08T00:00:00-04:00,2026-10-14T22:59:59-04:00
Atlantic Superstore,8173855,"SNACK FACTORY® PRETZEL CRISPS®, 200 G",6.0,2026-10-08T00:00:00-04:00,2026-10-14T22:59:59-04:00
Atlantic Superstore,8173855,"IÖGO NANO CREAMY YOGURT POUCH, 4 X 50 G",4.5,2026-10-08T00:00:00-04:00,2026-10-14T22:59:59-04:00
Atlantic Superstore,8173855,"SCOTSBURN OR BAXTER BUTTER, 454 G",4.98,2026-10-08T00:00:00-04:00,2026-10-14T22:59:59-04:00
Atlantic Superstore,8173855,LEAN GROUND BEEF,9.5,2026-10-08T00:00:00-04:00,2026-10-14T22:59:59-04:00
Atlantic Superstore,8173855,"FARMER'S MARKET™ MUFFINS, 4'S",4.5,2026-10-08T00:00:00-04:00,2026-10-14T22:59:59-04:00
Atlantic Superstore,8173855,"SINGLE SERVE DESSERTS, 16/80 G",2.0,2026-10-08T00:00:00-04:00,2026-10-14T22:59:59-04:00
Atlantic Superstore,8173855,"PC® CREAM PIES, 730 G",10.0,2026-10-08T00:00:00-04:00,2026-10-14T22:59:59-04:00
Atlantic Superstore,8173855,"PREPARED IN-STORE SANDWICH OR WRAP PLATTERS, 1.2-1.7/KG",20.0,2026-10-08T00:00:00-04:00,2026-10-14T22:59:59-04:00
Atlantic Superstore,8173855,"OLD SPICE BODY WASH 532-709 ML, OLD SPICE DEODORANT OR GILLETTE 108 G",4.49,2026-10-08T00:00:00-04:00,2026-10-14T22:59:59-04:00
Atlantic Superstore,8173855,"POST CEREAL, 283-525 G",3.5,2026-10-08T00:00:00-04:00,2026-10-14T22:59:59-04:00
Atlantic Superstore,8173855,OLD SPICE HAIRCARE 650 ML OR STYLING PRODUCTS 177-251 ML/63 G,9.0,2026-10-08T00:00:00-04:00,2026-10-14T22:59:59-04:00
Atlantic Superstore,8173855,"GATORADE FROST, G2 OR ZERO SPORTS DRINK SPORTS DRINK, 24X591 ML",21.49,2026-10-08T00:00:00-04:00,2026-10-14T22:59:59-04:00
Atlantic Superstore,8173855,"PREPARED IN-STORE CATERING SLIDERS OR LARGE SIDES, 625 G-1.7 KG",20.0,2026-10-08T00:00:00-04:00,2026-10-14T22:59:59-04:00
Atlantic Superstore,8173855,"LARABAR FRUIT AND NUT ENERGY BAR, 16X45 G OR 16X48 G",25.99,2026-10-08T00:00:00-04:00,2026-10-14T22:59:59-04:00
Atlantic Superstore,8173855,"CHOCOLATE BAKER'S, 170 - 225 G",6.0,2026-10-08T00:00:00-04:00,2026-10-14T22:59:59-04:00
Atlantic Superstore,8173855,GINGER ROOT,2.25,2026-10-08T00:00:00-04:00,2026-10-14T22:59:59-04:00
Atlantic Superstore,8173855,PC® EXTRA LARGE GREEN OR RED SEEDLESS GRAPES,2.99,2026-10-08T00:00:00-04:00,2026-10-14T22:59:59-04:00
Atlantic Superstore,8173855,SWEET POTATOES,1.29,2026-10-08T00:00:00-04:00,2026-10-14T22:59:59-04:00
Atlantic Superstore,8173855,"GAY LEA REAL WHIPPED CREAM, 225 G",4.5,2026-10-08T00:00:00-04:00,2026-10-14T22:59:59-04:00
Atlantic Superstore,8173855,SIKORSKI GRANDPA OR GRANDMA HAM,3.0,2026-10-08T00:00:00-04:00,2026-10-14T22:59:59-04:00
Atlantic Superstore,8173855,"KINDER MINIS, 55'S",11.0,2026-10-08T00:00:00-04:00,2026-10-14T22:59:59-04:00
Atlantic Superstore,8173855,"MAPLE LEAF SMOKED HAM, 600 G OR SCHNEIDERS HAM, 700 G",10.0,2026-10-08T00:00:00-04:00,2026-10-14T22:59:59-04:00
Atlantic Superstore,8173855,MARIGOLD BLOOM OF THE MONTH,6.0,2026-10-08T00:00:00-04:00,2026-10-14T22:59:59-04:00
Atlantic Superstore,8173855,"SHANA PARATHAS OR CHAPATTIS, 400 G",2.49,2026-10-08T00:00:00-04:00,2026-10-14T22:59:59-04:00
Atlantic Superstore,8173855,"PC® ORGANICS FLOUR, 2.5 KG OR GLUTEN FREE PIE CRUST, 380 G",7.5,2026-10-08T00:00:00-04:00,2026-10-14T22:59:59-04:00
Atlantic Superstore,8173855,"IÖGO CREAMY, 0% OR LACTOSE-FREE YOGURT, 16 X 100 G",7.0,2026-10-08T00:00:00-04:00,2026-10-14T22:59:59-04:00
Atlantic Superstore,8173855,"IÖGO CREAMY YOGURT, 2 KG",11.0,2026-10-08T00:00:00-04:00,2026-10-14T22:59:59-04:00
Atlantic Superstore,8173855,"OLD EL PASO TACO BITES, 20'S, 368 G",13.0,2026-10-08T00:00:00-04:00,2026-10-14T22:59:59-04:00
Atlantic Superstore,8173855,"TRE STELLE® MOZZARELLA BALL, 340 G",7.0,2026-10-08T00:00:00-04:00,2026-10-14T22:59:59-04:00
Atlantic Superstore,8173855,"BOUNTY PAPER TOWEL, 6-12 ROLL",18.0,2026-10-08T00:00:00-04:00,2026-10-14T22:59:59-04:00
Atlantic Superstore,8173855,"SENSODYNE OR PRONAMEL BASE TOOTHPASTE 75/100 ML, POLIDENT TABLETS 36'S OR POLIGRIP 40 G",5.25,2026-10-08T00:00:00-04:00,2026-10-14T22:59:59-04:00
Atlantic Superstore,8173855,"MONSTER ENERGY® BEVERAGES*, 444-473 ML",7.0,2026-10-08T00:00:00-04:00,2026-10-14T22:59:59-04:00
Atlantic Superstore,8173855,"SANPELLEGRINO NATURALI, LIGHT OR CIAO! SPARKLING BEVERAGES, 6X330 ML",6.49,2026-10-08T00:00:00-04:00,2026-10-14T22:59:59-04:00
Atlantic Superstore,8173855,"ROASTED GARLIC HUMM!, 283 G",4.0,2026-10-08T00:00:00-04:00,2026-10-14T22:59:59-04:00
Atlantic Superstore,8173855,"ACTIVIA®, 12 X 100 G",7.0,2026-10-08T00:00:00-04:00,2026-10-14T22:59:59-04:00
Atlantic Superstore,8173855,"TRE STELLE® BOCCONCINI, 200 G",5.0,2026-10-08T00:00:00-04:00,2026-10-14T22:59:59-04:00
Atlantic Superstore,8173855,"THE KEG CONDIMENTS, 250-355 G",6.49,2026-10-08T00:00:00-04:00,2026-10-14T22:59:59-04:00
Atlantic Superstore,8173855,"DINNER ROLLS, 357-750 G",4.5,2026-10-08T00:00:00-04:00,2026-10-14T22:59:59-04:00
Atlantic Superstore,8173855,"12"" ANIMATED SKELETON",29.0,2026-10-08T00:00:00-04:00,2026-10-14T22:59:59-04:00
Atlantic Superstore,8173855,"LIVE CLEAN, DOVE, CERAVE OR CETAPHIL BABY BABY NEEDS",6.79,2026-10-08T00:00:00-04:00,2026-10-14T22:59:59-04:00
Atlantic Superstore,8173855,"LARGE VEGETABLE OR FRUIT PLATTER, 1.34-1.8 KG",20.0,2026-10-08T00:00:00-04:00,2026-10-11T23:59:59-04:00
Atlantic Superstore,8173855,BEEF LIVER,5.0,2026-10-08T00:00:00-04:00,2026-10-14T22:59:59-04:00
Atlantic Superstore,8173855,"DARE REALFRUIT GUMMIES, 180 G",2.5,2026-10-08T00:00:00-04:00,2026-10-14T22:59:59-04:00
Atlantic Superstore,8173855,"ZABIHA HALAL CHICKEN WINGS OR BREAST FILLETS, 908 G",16.0,2026-10-08T00:00:00-04:00,2026-10-14T22:59:59-04:00
Atlantic Superstore,8173855,"18-PIECE KOREAN FRIED CHICKEN, 595 G",16.0,2026-10-08T00:00:00-04:00,2026-10-14T22:59:59-04:00
Atlantic Superstore,8173855,"SUNRISE SALAMI OR PEPPERONI STICKS, 250 G",6.0,2026-10-08T00:00:00-04:00,2026-10-14T22:59:59-04:00
Atlantic Superstore,8173855,"PC® DELI CHEESE SLICES, 140-170 G",7.0,2026-10-08T00:00:00-04:00,2026-10-14T22:59:59-04:00
Atlantic Superstore,8173855,"PC® DOUBLE CREAM BRIE, 450 G",12.0,2026-10-08T00:00:00-04:00,2026-10-14T22:59:59-04:00
Atlantic Superstore,8173855,"PRINGLES SUPER STACK POTATO CHIPS, 148/156 G",3.0,2026-10-08T00:00:00-04:00,2026-10-14T22:59:59-04:00
Atlantic Superstore,8173855,"SHAKE'N BAKE COATING MIX, 140 - 160 G",5.0,2026-10-08T00:00:00-04:00,2026-10-14T22:59:59-04:00
Atlantic Superstore,8173855,"THE KEG DEHYDRATED SAUCE MIXES, 21-31 G",1.79,2026-10-08T00:00:00-04:00,2026-10-14T22:59:59-04:00
Atlantic Superstore,8173855,"TAMAM CANNED BEANS, 540 ML",1.5,2026-10-08T00:00:00-04:00,2026-10-14T22:59:59-04:00
Atlantic Superstore,8173855,"O'TASTY FROZEN DUMPLINGS, 567 G",6.99,2026-10-08T00:00:00-04:00,2026-10-14T22:59:59-04:00
Atlantic Superstore,8173855,"BATISTE DRY SHAMPOO, 200 ML",9.0,2026-10-08T00:00:00-04:00,2026-10-14T22:59:59-04:00
Atlantic Superstore,8173855,"OIKOS®, 4 - 95 G, 4 X 100 G",3.99,2026-10-08T00:00:00-04:00,2026-10-14T22:59:59-04:00
Atlantic Superstore,8173855,"PC WORLD OF FLAVOURS POTATO CHIPS, 200 G",2.5,2026-10-08T00:00:00-04:00,2026-10-14T22:59:59-04:00
Atlantic Superstore,8173855,"CEDAR VALLEY PITA CHIPS, 180 G",3.0,2026-10-08T00:00:00-04:00,2026-10-14T22:59:59-04:00
Atlantic Superstore,8173855,"PEDIALYTE ELECTROLYTE ORAL HYDRATION 1 L, POWDER STICKS 8X8.5 G OR FREEZER POPS 16'S",10.0,2026-10-08T00:00:00-04:00,2026-10-14T22:59:59-04:00
Atlantic Superstore,8173855,"CHARMIN BATH TISSUE, 12=48 ROLL, STRONG",18.0,2026-10-08T00:00:00-04:00,2026-10-14T22:59:59-04:00
Atlantic Superstore,8173855,"PC READY TO EAT POPCORN, 220/250 G",3.5,2026-10-08T00:00:00-04:00,2026-10-14T22:59:59-04:00
Atlantic Superstore,8173855,"ATLANTIC CHOICE PORK SAUSAGE, 375/500 G",7.0,2026-10-08T00:00:00-04:00,2026-10-14T22:59:59-04:00
Atlantic Superstore,8173855,TOMATOES ON THE VINE,2.49,2026-10-08T00:00:00-04:00,2026-10-14T22:59:59-04:00
Atlantic Superstore,8173855,"HUMPTY DUMPTY SNACKS, 250-290 G, OLD DUTCH POTATO CHIPS, 200/235 G, RESTAURANT TORTILLA CHIPS, 275/290 G",7.0,2026-10-08T00:00:00-04:00,2026-10-14T22:59:59-04:00
Atlantic Superstore,8173855,"PRAN INSTANT NOODLES, 280G",1.5,2026-10-08T00:00:00-04:00,2026-10-14T22:59:59-04:00
Atlantic Superstore,8173855,"NO NAME™ OATS 100% WHOLE GRAIN 2.25 KG OR CORN SYRUP, 1 L",6.0,2026-10-08T00:00:00-04:00,2026-10-14T22:59:59-04:00
Atlantic Superstore,8173855,"LECLERC CELEBRATION COOKIES, 200-350 G",10.0,2026-10-08T00:00:00-04:00,2026-10-14T22:59:59-04:00
Atlantic Superstore,8173855,"HUGGIES 1X BABY WIPES, 56-64'S",2.0,2026-10-08T00:00:00-04:00,2026-10-14T22:59:59-04:00
Atlantic Superstore,8173855,"HERBAL ESSENCES SHAMPOO OR CONDITIONER 400 ML OR STYLING PRODUCTS 170-226 G, 170-236 ML",7.0,2026-10-08T00:00:00-04:00,2026-10-14T22:59:59-04:00
Atlantic Superstore,8173855,"CLASSICO PASTA SAUCE, 410 - 600 ML",3.79,2026-10-08T00:00:00-04:00,2026-10-14T22:59:59-04:00
Atlantic Superstore,8173855,"PC TORTILLA CHIPS, 320-350 G",2.5,2026-10-08T00:00:00-04:00,2026-10-14T22:59:59-04:00
Atlantic Superstore,8173855,"CHRISTIE CRACKERS, 167-212 G",8.0,2026-10-08T00:00:00-04:00,2026-10-14T22:59:59-04:00
Atlantic Superstore,8173855,"REGAL ROCKETS CANDY ROLLS, 1KG",8.0,2026-10-08T00:00:00-04:00,2026-10-14T22:59:59-04:00
Atlantic Superstore,8173855,"QUALITY BASMATI RICE, 8 LB",7.99,2026-10-08T00:00:00-04:00,2026-10-14T22:59:59-04:00
Atlantic Superstore,8173855,OLIVE AND ANTIPASTO BAR,3.0,2026-10-08T00:00:00-04:00,2026-10-14T22:59:59-04:00
Atlantic Superstore,8173855,"TRE STELLE MASCARPONE, 475 g",12.0,2026-10-08T00:00:00-04:00,2026-10-14T22:59:59-04:00
Atlantic Superstore,8173855,"CASHMERE BATHROOM TISSUE, 8-16 ROLLS OR SCOTTIES FACIAL TISSUE, 6'S",3.99,2026-10-08T00:00:00-04:00,2026-10-14T22:59:59-04:00
Atlantic Superstore,8173855,"SAPUTO RICOTTA, 500 G",7.0,2026-10-08T00:00:00-04:00,2026-10-14T22:59:59-04:00
Atlantic Superstore,8173855,"CADBURY CHOCOLATES, 80-90 G",5.5,2026-10-08T00:00:00-04:00,2026-10-14T22:59:59-04:00
Atlantic Superstore,8173855,"BAGUETTE, 375 G",1.5,2026-10-08T00:00:00-04:00,2026-10-14T22:59:59-04:00
Atlantic Superstore,8173855,"KELLOGG'S RAISIN BRAN, ALL BRAN, CRISPIX, FUN PAC, MINI WHEATS, MUSLIX, SPECIAL K OR VECTOR PREMIUM CEREAL, 210-525 G",4.0,2026-10-08T00:00:00-04:00,2026-10-14T22:59:59-04:00
Atlantic Superstore,8173855,"CADBURY ASSORTED BARS, 90'S, 993 G",18.0,2026-10-08T00:00:00-04:00,2026-10-14T22:59:59-04:00
Atlantic Superstore,8173855,"PC® KETTLE COOKED OR RIPPLED KETTLE COOKED POTATO CHIPS, 200 G",2.5,2026-10-08T00:00:00-04:00,2026-10-14T22:59:59-04:00
Atlantic Superstore,8173855,"PC ""LOADS OF"" FLAVOUR POTATO CHIPS, 200 G",2.5,2026-10-08T00:00:00-04:00,2026-10-14T22:59:59-04:00
Atlantic Superstore,8173855,"TRADITIONAL HUMMUS, 260 G",4.0,2026-10-08T00:00:00-04:00,2026-10-14T22:59:59-04:00
Atlantic Superstore,8173855,"KNORR CHICKEN BOUILLON, 1 KG",10.99,2026-10-08T00:00:00-04:00,2026-10-14T22:59:59-04:00
Atlantic Superstore,8173855,"CELSIUS® ENERGY DRINK/ALANI NU ENERGY DRINK, 355 ML",6.0,2026-10-08T00:00:00-04:00,2026-10-14T22:59:59-04:00
Atlantic Superstore,8173855,"THE KEG SALAD DRESSINGS, 475 G",5.49,2026-10-08T00:00:00-04:00,2026-10-14T22:59:59-04:00
Atlantic Superstore,8173855,FROZEN FRUIT,3.0,2026-10-08T00:00:00-04:00,2026-10-14T22:59:59-04:00
Atlantic Superstore,8173855,GREEN GIANT VEGETABLES,1.5,2026-10-08T00:00:00-04:00,2026-10-14T22:59:59-04:00
Atlantic Superstore,8173855,SKYR SIGGI'S OU BULLES NANO IÖGO,3.0,2026-10-08T00:00:00-04:00,2026-10-14T22:59:59-04:00
Atlantic Superstore,8173855,"FLYING GOOSE SRIRACHA HOT CHILI SAUCE, 730 ML OR SAMBAL CHILI ORIGINAL 495-550 G",4.49,2026-10-08T00:00:00-04:00,2026-10-14T22:59:59-04:00
Atlantic Superstore,8173855,"OLAY SERUM, REGENERIST MOISTURIZER OR FACIAL CLEANSER",11.99,2026-10-08T00:00:00-04:00,2026-10-14T22:59:59-04:00
Atlantic Superstore,8173855,CAMPBELL'S CHUNKY,2.5,2026-10-08T00:00:00-04:00,2026-10-14T22:59:59-04:00
Atlantic Superstore,8173855,HELLMANN'S REAL MAYONNAISE OR SPREAD,6.47,2026-10-08T00:00:00-04:00,2026-10-14T22:59:59-04:00
Atlantic Superstore,8173855,LIFE AT HOME™ FAUX FUR THROW,20.0,2026-10-08T00:00:00-04:00,2026-10-14T22:59:59-04:00
Atlantic Superstore,8173855,"PC DINNER, BEVERAGE OR BUFFET NAPKINS",5.0,2026-10-08T00:00:00-04:00,2026-10-14T22:59:59-04:00
Atlantic Superstore,8173855,NO NAME® CANNED FRUIT,2.25,2026-10-08T00:00:00-04:00,2026-10-14T22:59:59-04:00
Atlantic Superstore,8173855,ACTIVIA DANONE OU CRÈMEUX IÖGO,7.0,2026-10-08T00:00:00-04:00,2026-10-14T22:59:59-04:00
Atlantic Superstore,8173855,GREEN GIANT VEGETABLES,3.0,2026-10-08T00:00:00-04:00,2026-10-14T22:59:59-04:00
Atlantic Superstore,8173855,PC® ORGANICS VEGETABLES,4.5,2026-10-08T00:00:00-04:00,2026-10-14T22:59:59-04:00
Atlantic Superstore,8173855,SCOTSBURN OR BAXTER CHOCOLATE MILK,3.0,2026-10-08T00:00:00-04:00,2026-10-14T22:59:59-04:00
Atlantic Superstore,8173855,PC® 12 PIECE RIDGE DINNERWARE,30.0,2026-10-08T00:00:00-04:00,2026-10-14T22:59:59-04:00
Atlantic Superstore,8173855,FARINE,3.0,2026-10-08T00:00:00-04:00,2026-10-14T22:59:59-04:00
Atlantic Superstore,8173855,"PC® ROAST AND GROUND OR WHOLE BEAN COFFEE, 800-930 G OR PRIDE OF ARABIA WHOLE BEAN COFFEE, 907 G",17.0,2026-10-08T00:00:00-04:00,2026-10-14T22:59:59-04:00
Atlantic Superstore,8173855,"PLANTERS PEANUTS, ALMONDS, CASHEWS OR MIXED NUTS",5.0,2026-10-08T00:00:00-04:00,2026-10-14T22:59:59-04:00
Atlantic Superstore,8173855,DR. OETKER RISTORANTE OR CASA DI MAMA PIZZA,4.5,2026-10-08T00:00:00-04:00,2026-10-14T22:59:59-04:00
Atlantic Superstore,8173855,CHOCOLAT CHAUD CARNATION OU THÉ TWININGS 450/500 G OR 20'S SELECTED VARIETIES,5.0,2026-10-08T00:00:00-04:00,2026-10-14T22:59:59-04:00
Atlantic Superstore,8173855,BIERE SANS ALCOOL ZÉRO BUDWEISER,15.0,2026-10-08T00:00:00-04:00,2026-10-14T22:59:59-04:00
Atlantic Superstore,8173855,CHRISTIE PREMIUM PLUS CRACKERS,4.5,2026-10-08T00:00:00-04:00,2026-10-14T22:59:59-04:00
Atlantic Superstore,8173855,PC® OR BLUE MENU™ SPARKLING WATER,5.0,2026-10-08T00:00:00-04:00,2026-10-14T22:59:59-04:00
Atlantic Superstore,8173855,PURINA FANCY FEAST 85 G OR FRISKIES WET CAT FOOD,0.9,2026-10-08T00:00:00-04:00,2026-10-14T22:59:59-04:00
Atlantic Superstore,8173855,PC® FROZEN FRUIT,16.5,2026-10-08T00:00:00-04:00,2026-10-14T22:59:59-04:00
Atlantic Superstore,8173855,PC® SUPER ABSORBENT PAPER TOWELS,24.99,2026-10-08T00:00:00-04:00,2026-10-14T22:59:59-04:00
Atlantic Superstore,8173855,KETTLE BRAND POTATO CHIPS,3.5,2026-10-08T00:00:00-04:00,2026-10-14T22:59:59-04:00
Atlantic Superstore,8173855,"DURACELL BATTERIES, AA24/AAA16/9V4",19.0,2026-10-08T00:00:00-04:00,2026-10-14T22:59:59-04:00
Atlantic Superstore,8173855,PALMOLIVE HAND DISH DETERGENT,2.0,2026-10-08T00:00:00-04:00,2026-10-14T22:59:59-04:00
Atlantic Superstore,8173855,PC® OR BLUE MENU® ENTRÉES,3.5,2026-10-08T00:00:00-04:00,2026-10-14T22:59:59-04:00
FreshCo,8172193,Nutella Hazelnut or Peanut Spread 725 g,7.67,2026-10-08T00:00:00-04:00,2026-10-14T23:59:59-04:00
FreshCo,8172193,India Gate Basmati Rice 4.54 kg,10.99,2026-10-08T00:00:00-04:00,2026-10-14T23:59:59-04:00
FreshCo,8172193,Compliments Shrimp Ring with Sauce Frozen 312 g,7.88,2026-10-08T00:00:00-04:00,2026-10-14T23:59:59-04:00
FreshCo,8172193,"Christie Crackers Selected Varieties 180 g, Christie Crispers or Bits & Bites 145 g or Kellogg's Cheez-It Crackers 191-200 g",1.97,2026-10-08T00:00:00-04:00,2026-10-14T23:59:59-04:00
FreshCo,8172193,Fresh Boneless Beef Striploin 1/2 Cryovac Graded Product of Australia 21/78/kg,9.88,2026-10-08T00:00:00-04:00,2026-10-14T23:59:59-04:00
FreshCo,8172193,Grace Coconut Water 1 L,2.99,2026-10-08T00:00:00-04:00,2026-10-14T23:59:59-04:00
FreshCo,8172193,Campbell's Broth 900 mL,1.87,2026-10-08T00:00:00-04:00,2026-10-14T23:59:59-04:00
FreshCo,8172193,Ocean Spray Cocktail 1.89 L or 100% Juice 1.77 L,3.97,2026-10-08T00:00:00-04:00,2026-10-14T23:59:59-04:00
FreshCo,8172193,Tim Hortons Single Serve K-Cup Coffee Pods 30 pk,19.97,2026-10-08T00:00:00-04:00,2026-10-14T23:59:59-04:00
FreshCo,8172193,Fresh Air-Chilled Whole Chicken,13.0,2026-10-08T00:00:00-04:00,2026-10-14T23:59:59-04:00
FreshCo,8172193,Raspberries 70 g Product of USA or Mexico,2.44,2026-10-08T00:00:00-04:00,2026-10-14T23:59:59-04:00
FreshCo,8172193,Farmers 10% Blend Cream 1 L,3.49,2026-10-08T00:00:00-04:00,2026-10-14T23:59:59-04:00
FreshCo,8172193,Gay Lea Butter Sticks 454 g,6.99,2026-10-08T00:00:00-04:00,2026-10-14T23:59:59-04:00
FreshCo,8172193,Coca-Cola or Pepsi Soft Drinks 12x355 mL Selected Varieties,7.97,2026-10-08T00:00:00-04:00,2026-10-14T23:59:59-04:00
FreshCo,8172193,"Cauliflower Product of Canada, Canada No. 1",2.77,2026-10-08T00:00:00-04:00,2026-10-14T23:59:59-04:00
FreshCo,8172193,"Panache Breaded Coconut, Butterfly, Tempura or Bang Bang Shrimp aka Frozen 252-355 g or Crispy Calamari or Crab Rangoon Frozen 252-340 g",6.97,2026-10-08T00:00:00-04:00,2026-10-14T23:59:59-04:00
FreshCo,8172193,Bertolli Olive Oil 750 mL - L,9.97,2026-10-08T00:00:00-04:00,2026-10-14T23:59:59-04:00
FreshCo,8172193,Pepsi Soft Drinks 6x710 mL,3.47,2026-10-08T00:00:00-04:00,2026-10-14T23:59:59-04:00
FreshCo,8172193,Nanak Desi Ghee L6 kg,27.99,2026-10-08T00:00:00-04:00,2026-10-14T23:59:59-04:00
FreshCo,8172193,Ashoka Naans or Parathas 1.02-1.28 kg Selected Varieties,8.99,2026-10-08T00:00:00-04:00,2026-10-14T23:59:59-04:00
FreshCo,8172193,Tata Tea Orange Pekoe Bags 638 g,5.99,2026-10-08T00:00:00-04:00,2026-10-14T23:59:59-04:00
FreshCo,8172193,"Nestlé Real Dairy or Confectionery Frozen Dessert 1.5 L, Drumstick or Novelties 4-10 pk 55-140 mL",3.94,2026-10-08T00:00:00-04:00,2026-10-14T23:59:59-04:00
FreshCo,8172193,Aman's Besan Super Fine 1.81 kg,5.99,2026-10-08T00:00:00-04:00,2026-10-14T23:59:59-04:00
FreshCo,8172193,Carnation Evaporated Milk,2.27,2026-10-08T00:00:00-04:00,2026-10-14T23:59:59-04:00
FreshCo,8172193,"Broccoli Crowns Product of Canada or Brussels Sprouts Product of Ontario, Canada No. 1, 4.34/kg",1.97,2026-10-08T00:00:00-04:00,2026-10-14T23:59:59-04:00
FreshCo,8172193,"Barilla, Catelli Classic, Smart or Healthy Harvest Pasta 375-454 g or Catelli Garden Select Pasta Sauce 600 mL",1.67,2026-10-08T00:00:00-04:00,2026-10-14T23:59:59-04:00
FreshCo,8172193,Dr. Oetker Giuseppe Rising or Thin Crust Pizza 439-785 g,5.47,2026-10-08T00:00:00-04:00,2026-10-14T23:59:59-04:00
FreshCo,8172193,Olivieri Gnocchi Skillet Selected Varieties 520-700 g or Cannelloni Spinach and Cheese 540 g,7.97,2026-10-08T00:00:00-04:00,2026-10-14T23:59:59-04:00
FreshCo,8172193,Orange Flesh Sweet Potatoes 3.2/kg Product of Canada Canada No. 1,1.47,2026-10-08T00:00:00-04:00,2026-10-14T23:59:59-04:00
FreshCo,8172193,"Acorn, Buttercup, Butternut or Spaghetti Squash Product of Ontario 2.80/kg",1.27,2026-10-08T00:00:00-04:00,2026-10-14T23:59:59-04:00
FreshCo,8172193,Dare Ultimate Cookies 290-300 g or Whippet 250 g,2.97,2026-10-08T00:00:00-04:00,2026-10-14T23:59:59-04:00
FreshCo,8172193,Armstrong Cheese Bars 400 g or Shreds 320 g,4.88,2026-10-08T00:00:00-04:00,2026-10-14T23:59:59-04:00
FreshCo,8172193,Compliments Large Eggs 30 pk,8.88,2026-10-08T00:00:00-04:00,2026-10-14T23:59:59-04:00
FreshCo,8172193,Lay's Potato Chips 177-235 g or Smartfood Popcorn 150-220 g,2.75,2026-10-08T00:00:00-04:00,2026-10-14T23:59:59-04:00
FreshCo,8172193,Compliments Cashews 200 g or Peanuts 700 g,4.0,2026-10-08T00:00:00-04:00,2026-10-14T23:59:59-04:00
FreshCo,8172193,Green Giant 750 g or Valley Selections 400-500 g Frozen Vegetables,2.97,2026-10-08T00:00:00-04:00,2026-10-14T23:59:59-04:00
FreshCo,8172193,Gay Lea Sour Cream 425-500 ML,2.47,2026-10-08T00:00:00-04:00,2026-10-14T23:59:59-04:00
FreshCo,8172193,Heinz Ketchup 750 mL-1 L or Kraft Miracle Whip 650-890 mL,4.97,2026-10-08T00:00:00-04:00,2026-10-14T23:59:59-04:00
FreshCo,8172193,Simply Orange Juice 1.36 L,5.0,2026-10-08T00:00:00-04:00,2026-10-14T23:59:59-04:00
FreshCo,8172193,Compliments Frozen Fruit 300-600 g,4.47,2026-10-08T00:00:00-04:00,2026-10-14T23:59:59-04:00
FreshCo,8172193,Hershey's Chocolate Pouches 160-235 g or Multipacks 172-232 g Selected Varieties,4.97,2026-10-08T00:00:00-04:00,2026-10-14T23:59:59-04:00
FreshCo,8172193,Becel Margarine 800 g,6.97,2026-10-08T00:00:00-04:00,2026-10-14T23:59:59-04:00
FreshCo,8172193,"Club House Recipe Mixes 20-47 g, Franco-American Gravy 284 mL or Swiss Chalet or The Keg Sauce Mixes 22-51 g",0.97,2026-10-08T00:00:00-04:00,2026-10-14T23:59:59-04:00
FreshCo,8172193,Folgers Ground Coffee 544-816 g,15.97,2026-10-08T00:00:00-04:00,2026-10-14T23:59:59-04:00
FreshCo,8172193,Bubly or Montellier Sparkling Water 10-12x355 mL,5.97,2026-10-08T00:00:00-04:00,2026-10-14T23:59:59-04:00
FreshCo,8172193,Purex 3.85-4.43 L or Sunlight 3.85-4 L Laundry Detergent,11.97,2026-10-08T00:00:00-04:00,2026-10-14T23:59:59-04:00
FreshCo,8172193,Stove Top Stuffing Mix 120 g,1.27,2026-10-08T00:00:00-04:00,2026-10-14T23:59:59-04:00
FreshCo,8172193,Green Seedless Grapes Product of USA No. 1 Grade 8.75/kg or Blueberries 170 g Product of Peru No. 1 Grade,3.97,2026-10-08T00:00:00-04:00,2026-10-14T23:59:59-04:00
FreshCo,8172193,Gala or McIntosh Apples Product of Atlantic Canada Extra Fancy 4.34/kg #Apples#,1.97,2026-10-08T00:00:00-04:00,2026-10-14T23:59:59-04:00
FreshCo,8172193,Pineapples Avocados Product of Costa Rica or Avocados 5 pk Product of Mexico,4.97,2026-10-08T00:00:00-04:00,2026-10-14T23:59:59-04:00
FreshCo,8172193,Compliments Cocktail Wieners 375 g,2.97,2026-10-08T00:00:00-04:00,2026-10-14T23:59:59-04:00
FreshCo,8172193,"Roma Tomatoes Product of Ontario, Canada No. I or Mexico No. I Grade 5.45/kg",2.47,2026-10-08T00:00:00-04:00,2026-10-14T23:59:59-04:00
FreshCo,8172193,Compliments Spring Rolls Frozen 336 g,4.97,2026-10-08T00:00:00-04:00,2026-10-14T23:59:59-04:00
FreshCo,8172193,"Celery or Iceberg Lettuce Product of Canada, Canada No. 1",2.0,2026-10-08T00:00:00-04:00,2026-10-14T23:59:59-04:00
FreshCo,8172193,Boursin Cheese 150 g,4.97,2026-10-08T00:00:00-04:00,2026-10-14T23:59:59-04:00
FreshCo,8172193,"Eggplant, Green Peppers or Green Zucchini Product of Canada or USA 4.34/kg",1.97,2026-10-08T00:00:00-04:00,2026-10-14T23:59:59-04:00
FreshCo,8172193,Compliments Pies 580-750 g,5.0,2026-10-08T00:00:00-04:00,2026-10-14T23:59:59-04:00
FreshCo,8172193,Compliments or Compliments Balance Meatballs Frozen 560-680 g,9.97,2026-10-08T00:00:00-04:00,2026-10-14T23:59:59-04:00
FreshCo,8172193,Strawberries I lb Product of USA No. I Grade 454 g or Compliments Oranges 3 lb Product of South Africa 1.36 kg,4.97,2026-10-08T00:00:00-04:00,2026-10-14T23:59:59-04:00
FreshCo,8172193,King's Hawaiian Rolls 340 g,3.47,2026-10-08T00:00:00-04:00,2026-10-14T23:59:59-04:00
FreshCo,8172193,Compliments Crispy Homestyle Chicken or Shepherd's Pie Frozen 900 g-1 kg,13.97,2026-10-08T00:00:00-04:00,2026-10-14T23:59:59-04:00
FreshCo,8172193,"Green Beans Product of Canada, Canada No. 1, 5.45/kg or Compliments Organic White Whole Mushrooms Product of Ontario 227 g",2.47,2026-10-08T00:00:00-04:00,2026-10-14T23:59:59-04:00
FreshCo,8172193,Compliments Chicken Wings Frozen 800 g,10.0,2026-10-08T00:00:00-04:00,2026-10-14T23:59:59-04:00
FreshCo,8172193,Tostitos 205-300 g or SunChips 205 g,2.97,2026-10-08T00:00:00-04:00,2026-10-14T23:59:59-04:00
FreshCo,8172193,Campbell's Soup 284 mL,1.97,2026-10-08T00:00:00-04:00,2026-10-14T23:59:59-04:00
FreshCo,8172193,Ferrero Rocher Chocolates Diamond Box 375 g,13.99,2026-10-08T00:00:00-04:00,2026-10-14T23:59:59-04:00
FreshCo,8172193,Dare Breton or Vinta Crackers 173-225 g or Veggie Crisps 100-150 g,2.47,2026-10-08T00:00:00-04:00,2026-10-14T23:59:59-04:00
FreshCo,8172193,Nestlé Turtles Chocolates 300-350 g,10.99,2026-10-08T00:00:00-04:00,2026-10-14T23:59:59-04:00
FreshCo,8172193,Ocean Spray Cranberry Sauce 348 mL,2.27,2026-10-08T00:00:00-04:00,2026-10-14T23:59:59-04:00
FreshCo,8172193,Heluva Good! Dip 680 g,5.99,2026-10-08T00:00:00-04:00,2026-10-14T23:59:59-04:00
FreshCo,8172193,Compliments Lasagna 375-500 g,2.5,2026-10-08T00:00:00-04:00,2026-10-14T23:59:59-04:00
FreshCo,8172193,Twinings Tea Bags 20 pk,3.97,2026-10-08T00:00:00-04:00,2026-10-14T23:59:59-04:00
FreshCo,8172193,Dole Pineapple 398 mL,2.47,2026-10-08T00:00:00-04:00,2026-10-14T23:59:59-04:00
FreshCo,8172193,Christie Cookies Selected Varieties 224-303 g or Triscuit Crackers 185-200 g,2.77,2026-10-08T00:00:00-04:00,2026-10-14T23:59:59-04:00
FreshCo,8172193,Armstrong Natural Cheese Slices 220-240 g,4.99,2026-10-08T00:00:00-04:00,2026-10-14T23:59:59-04:00
FreshCo,8172193,Betty Crocker Homestyle Potatoes 141-215 g,1.97,2026-10-08T00:00:00-04:00,2026-10-14T23:59:59-04:00
FreshCo,8172193,Compliments Flour 2.5 kg,3.5,2026-10-08T00:00:00-04:00,2026-10-14T23:59:59-04:00
FreshCo,8172193,"Alcan Foil Wrap 50', Reynolds Parchment Paper 35' or Alcan Non-Stick Baking Foil 25'",3.49,2026-10-08T00:00:00-04:00,2026-10-14T23:59:59-04:00
FreshCo,8172193,Marie Callender's Frozen Entrees 680-879 g,8.47,2026-10-08T00:00:00-04:00,2026-10-14T23:59:59-04:00
FreshCo,8172193,Coca-Cola or Canada Dry Soft Drinks 2 L Selected Varieties,2.47,2026-10-08T00:00:00-04:00,2026-10-14T23:59:59-04:00
FreshCo,8172193,Pillsbury Crescent Rolls 226 g,1.99,2026-10-08T00:00:00-04:00,2026-10-14T23:59:59-04:00
FreshCo,8172193,McCain Premium Superfries 454-650 g or Breakfast Potatoes 600-650 g,2.97,2026-10-08T00:00:00-04:00,2026-10-14T23:59:59-04:00
FreshCo,8172193,Swiss Chalet Sauces 284 mL or St-Hubert Poutine Sauce 398 mL,1.97,2026-10-08T00:00:00-04:00,2026-10-14T23:59:59-04:00
FreshCo,8172193,Mott's Clamato or Garden Cocktail 1.89 L,3.47,2026-10-08T00:00:00-04:00,2026-10-14T23:59:59-04:00
FreshCo,8172193,Sun-Maid Raisin Bread 450 g,3.87,2026-10-08T00:00:00-04:00,2026-10-14T23:59:59-04:00
FreshCo,8172193,Maple Leaf or Schneiders Smoked Ham 600-700 g,9.97,2026-10-08T00:00:00-04:00,2026-10-14T23:59:59-04:00
FreshCo,8172193,Turnips 2.14/kg Product of Canada,0.97,2026-10-08T00:00:00-04:00,2026-10-14T23:59:59-04:00
FreshCo,8172193,Cranberries 340 g Product of Canada Canada No. 1,2.97,2026-10-08T00:00:00-04:00,2026-10-14T23:59:59-04:00
FreshCo,8172193,MarcAngelo Deli Meat 85g,5.47,2026-10-08T00:00:00-04:00,2026-10-14T23:59:59-04:00
FreshCo,8172193,Frozen Grade A Turkey 5-11 kg 5.45/kg,2.47,2026-10-08T00:00:00-04:00,2026-10-14T23:59:59-04:00
FreshCo,8172193,Schneiders Applewood Smoked Bone-In Ham 5.45/kg,2.47,2026-10-08T00:00:00-04:00,2026-10-14T23:59:59-04:00
FreshCo,8172193,Agropur Grand Cheddar 200 g or Monsieur Gustav Cheddar/French Emmental 200-250 g,5.97,2026-10-08T00:00:00-04:00,2026-10-14T23:59:59-04:00
FreshCo,8172193,Green Cabbage Product of Ontario Canada No. 1,0.77,2026-10-08T00:00:00-04:00,2026-10-14T23:59:59-04:00
FreshCo,8172193,Compliments Dinner Rolls 12 pk,2.0,2026-10-08T00:00:00-04:00,2026-10-14T23:59:59-04:00
FreshCo,8172193,Compliments Dessert Squares 345-400 g,6.0,2026-10-08T00:00:00-04:00,2026-10-14T23:59:59-04:00
FreshCo,8172193,Chupa Chups Candy 25 pk,3.99,2026-10-08T00:00:00-04:00,2026-10-14T23:59:59-04:00
FreshCo,8172193,Pringles Chips 24 pk 456 g,10.99,2026-10-08T00:00:00-04:00,2026-10-14T23:59:59-04:00
FreshCo,8172193,Frito Lay Chips 40 pk 640 g,11.99,2026-10-08T00:00:00-04:00,2026-10-14T23:59:59-04:00
FreshCo,8172193,Compliments Lollipops 500 g,5.99,2026-10-08T00:00:00-04:00,2026-10-14T23:59:59-04:00
FreshCo,8172193,Maynards Fun Treats 45 pk 562 g,8.99,2026-10-08T00:00:00-04:00,2026-10-14T23:59:59-04:00
FreshCo,8172193,Nestlé Chocolates Assorted Minis 100 pk,15.99,2026-10-08T00:00:00-04:00,2026-10-14T23:59:59-04:00
FreshCo,8172193,Tootsie Roll Snack Bars 25 pk 599 g,5.99,2026-10-08T00:00:00-04:00,2026-10-14T23:59:59-04:00
FreshCo,8172193,Airheads Mini Bars 340 g,3.99,2026-10-08T00:00:00-04:00,2026-10-14T23:59:59-04:00
FreshCo,8172193,Hershey's 25 pk 357-390 g Selected Varieties,6.49,2026-10-08T00:00:00-04:00,2026-10-14T23:59:59-04:00
FreshCo,8172193,Nestlé Chocolates 50 pk 485 g,9.99,2026-10-08T00:00:00-04:00,2026-10-14T23:59:59-04:00
FreshCo,8172193,Welch's Fruit Snacks 45 pk 630 g,9.99,2026-10-08T00:00:00-04:00,2026-10-14T23:59:59-04:00
FreshCo,8172193,Pepperidge Farm Goldfish Crackers 167-227 g or Snyder's of Hanover Pretzels 240 g,2.97,2026-10-08T00:00:00-04:00,2026-10-14T23:59:59-04:00
FreshCo,8172193,"Nature Valley Sweet & Salty, Protein or Fibre 1 Bars 125-226 g",2.97,2026-10-08T00:00:00-04:00,2026-10-14T23:59:59-04:00
FreshCo,8172193,Orville Redenbacher Microwave Popcorn 6-8 pk 340-492 g or Gourmet Popping Corn 850 g,4.47,2026-10-08T00:00:00-04:00,2026-10-14T23:59:59-04:00
FreshCo,8172193,Old El Paso Premium Taco Kits 343-375 g or Salsa 650 mL,4.97,2026-10-08T00:00:00-04:00,2026-10-14T23:59:59-04:00
FreshCo,8172193,"Cashmere Bathroom Tissue 12-24 rolls, SpongeTowels 3-6 rolls or Scotties Facial Tissue 6 pk",6.99,2026-10-08T00:00:00-04:00,2026-10-14T23:59:59-04:00
FreshCo,8172193,Lavazza Espresso Bricks 250 g,5.97,2026-10-08T00:00:00-04:00,2026-10-14T23:59:59-04:00
FreshCo,8172193,McCain TAST!EZ 311 g,5.47,2026-10-08T00:00:00-04:00,2026-10-14T23:59:59-04:00
FreshCo,8172193,Crave Crispy Roll-Ups 540 g,9.97,2026-10-08T00:00:00-04:00,2026-10-14T23:59:59-04:00
FreshCo,8172193,Lipton Green Tea or Yellow Label Tea Bags 100 pk or Red Rose Orange Pekoe Tea Bags 140 pk,6.97,2026-10-08T00:00:00-04:00,2026-10-14T23:59:59-04:00
FreshCo,8172193,Earth's Own Barista Oat Milk 946 mL,4.99,2026-10-08T00:00:00-04:00,2026-10-14T23:59:59-04:00
FreshCo,8172193,Compliments Garbage Bags 20-40 pk Selected Varieties,7.99,2026-10-08T00:00:00-04:00,2026-10-14T23:59:59-04:00
FreshCo,8172193,Happy Dairy Paneer 300 g,4.49,2026-10-08T00:00:00-04:00,2026-10-14T23:59:59-04:00
FreshCo,8172193,"Red Onions 7 lb Product of Ontario, Canada No. I 3.18 kg",6.97,2026-10-08T00:00:00-04:00,2026-10-14T23:59:59-04:00
FreshCo,8172193,Cilantro or Mint Bunch Product of Canada,1.27,2026-10-08T00:00:00-04:00,2026-10-14T23:59:59-04:00
FreshCo,8172193,Brar's Milk Cake 400 g,8.99,2026-10-08T00:00:00-04:00,2026-10-14T23:59:59-04:00
FreshCo,8172193,Sherbon Mango or Gauva Juice 2 L,3.99,2026-10-08T00:00:00-04:00,2026-10-14T23:59:59-04:00
FreshCo,8172193,KFI Cooking Sauces 375-395 mL Selected Varieties,8.0,2026-10-08T00:00:00-04:00,2026-10-14T23:59:59-04:00
FreshCo,8172193,New Krunch Biscuits Selected Varieties reg 5.99,3.99,2026-10-08T00:00:00-04:00,2026-10-14T23:59:59-04:00
FreshCo,8172193,Kellogg's Family Size Cereal Selected Varieties 450-650 g,5.97,2026-10-08T00:00:00-04:00,2026-10-14T23:59:59-04:00
FreshCo,8172193,Spinach Bunch Product of Canada or Mexico or Methi Bunch Product of Canada,1.97,2026-10-08T00:00:00-04:00,2026-10-14T23:59:59-04:00
FreshCo,8172193,Chalo Dahi Yogurt 3.2 % or 2% 750 g,2.29,2026-10-08T00:00:00-04:00,2026-10-14T23:59:59-04:00
FreshCo,8172193,Britannia Biscuit Milk Rusk 560 g,3.99,2026-10-08T00:00:00-04:00,2026-10-14T23:59:59-04:00
FreshCo,8172193,Aman's Lentils 1.81 kg Selected Varieties,4.99,2026-10-08T00:00:00-04:00,2026-10-14T23:59:59-04:00
FreshCo,8172193,Long Squash or Chinese Eggplant Product of Honduras 4.34/kg,1.97,2026-10-08T00:00:00-04:00,2026-10-14T23:59:59-04:00
FreshCo,8172193,Kurkure Snacks 115 g Selected Varieties,1.49,2026-10-08T00:00:00-04:00,2026-10-14T23:59:59-04:00
FreshCo,8172193,Heinz Ketchup 750 mL - L Or Miracle Whip 355 Ml Any Variety,4.99,2026-10-08T00:00:00-04:00,2026-10-14T23:59:59-04:00
FreshCo,8172193,Taco Bell Sure Kits 280-420 g of Creamy Sauces 354 ml Any Variety,3.97,2026-10-08T00:00:00-04:00,2026-10-14T23:59:59-04:00
FreshCo,8172193,"Heinz Mayonnaise-Style Sauces 340 mL, Any Variety",2.99,2026-10-08T00:00:00-04:00,2026-10-14T23:59:59-04:00
FreshCo,8172193,Dempster's Signature Buns 6-8 pk or Pull-Apart 12 pk,3.47,2026-10-08T00:00:00-04:00,2026-10-14T23:59:59-04:00
FreshCo,8172193,Unico Beans or Tomatoes 540-796 mL,1.77,2026-10-08T00:00:00-04:00,2026-10-14T23:59:59-04:00
FreshCo,8172193,San Pellegrino or Maison Perrier Sparkling Water 1 L,1.88,2026-10-08T00:00:00-04:00,2026-10-14T23:59:59-04:00
FreshCo,8172193,Kicking Horse Whole Bean Coffee 454 g,17.97,2026-10-08T00:00:00-04:00,2026-10-14T23:59:59-04:00
FreshCo,8172193,"Compliments Carrots or Yellow Onions 3 lb Product of Canada, Canada No. I, 1.36 kg",2.97,2026-10-08T00:00:00-04:00,2026-10-14T23:59:59-04:00
FreshCo,8172193,"Compliments Whipped Topping 1 L, Pie Shells 285-340 g or Phyllo Pastry Sheets 454 g",2.97,2026-10-08T00:00:00-04:00,2026-10-14T23:59:59-04:00
FreshCo,8172193,Philadelphia Cream Cheese 450 g,5.99,2026-10-08T00:00:00-04:00,2026-10-14T23:59:59-04:00
FreshCo,8172193,Dempster's White or Whole Wheat Bread 570-675 g or Buns 8 pk,2.47,2026-10-08T00:00:00-04:00,2026-10-14T23:59:59-04:00
FreshCo,8172193,Compliments Sliced Meats 400 g,7.0,2026-10-08T00:00:00-04:00,2026-10-14T23:59:59-04:00
FreshCo,8172193,Compliments Whole Grain Bread 600 g or Hostess Snack Cakes 202-206 g,2.47,2026-10-08T00:00:00-04:00,2026-10-14T23:59:59-04:00
FreshCo,8172193,Mastro Salami 125-150 g or Selected Varieties San Daniele Prosciutto 100 g,5.0,2026-10-08T00:00:00-04:00,2026-10-14T23:59:59-04:00
FreshCo,8172193,Taylor Farms Salad Kits 305-383 g Product of USA,5.97,2026-10-08T00:00:00-04:00,2026-10-14T23:59:59-04:00
FreshCo,8172193,Best Buy Smoked Boneless Ham 1.2 kg,13.0,2026-10-08T00:00:00-04:00,2026-10-14T23:59:59-04:00
FreshCo,8172193,Philadelphia Cream Cheese 227-250 g,3.99,2026-10-08T00:00:00-04:00,2026-10-14T23:59:59-04:00
FreshCo,8172193,Brandt Kolbassa 250 g,5.0,2026-10-08T00:00:00-04:00,2026-10-14T23:59:59-04:00
FreshCo,8172193,Compliments Breakfast or Dinner Sausages 1-1.4 kg,12.0,2026-10-08T00:00:00-04:00,2026-10-14T23:59:59-04:00
FreshCo,8172193,Glad Cling Wrap 60 m,2.99,2026-10-08T00:00:00-04:00,2026-10-14T23:59:59-04:00
FreshCo,8172193,"Compliments Two-Bite Brownies, Coconut Macaroon Bites 300-370 g or Swiss Rolls 400 g",5.0,2026-10-08T00:00:00-04:00,2026-10-14T23:59:59-04:00
FreshCo,8172193,Summer Fresh Hummus & Dips 200-227 g or Salsa 227 mL,2.97,2026-10-08T00:00:00-04:00,2026-10-14T23:59:59-04:00
Sobeys,8170739,Whole Maple Baked Ham,1.49,2026-10-08T00:00:00-04:00,2026-10-14T22:59:59-04:00
Sobeys,8170739,RealFruit Candy,4.99,2026-10-08T00:00:00-04:00,2026-10-14T22:59:59-04:00
Sobeys,8170739,Fancy Feast Petites,5.0,2026-10-08T00:00:00-04:00,2026-10-14T22:59:59-04:00
Sobeys,8170739,COMPLIMENTS Snacks,3.0,2026-10-08T00:00:00-04:00,2026-10-14T22:59:59-04:00
Sobeys,8170739,Ultimates Tavern Battered Cod Fillets,24.0,2026-10-08T00:00:00-04:00,2026-10-14T22:59:59-04:00
Sobeys,8170739,"Flavour Crisp Fries 454-750 g, Quick Crisp 650 g or Restaurant Style Fries 540-750 g",8.0,2026-10-08T00:00:00-04:00,2026-10-14T22:59:59-04:00
Sobeys,8170739,Rolls,4.99,2026-10-08T00:00:00-04:00,2026-10-14T22:59:59-04:00
Sobeys,8170739,"Turnip, Green Cabbage or Squash",0.99,2026-10-08T00:00:00-04:00,2026-10-14T22:59:59-04:00
Sobeys,8170739,Ornamental Gourds,1.49,2026-10-08T00:00:00-04:00,2026-10-14T22:59:59-04:00
Sobeys,8170739,COMPLIMENTS BALANCE Egg Whites,9.49,2026-10-08T00:00:00-04:00,2026-10-14T22:59:59-04:00
Sobeys,8170739,FINISH Auto Dish Tabs,23.99,2026-10-08T00:00:00-04:00,2026-10-14T22:59:59-04:00
Sobeys,8170739,Pizza Sauce,4.69,2026-10-08T00:00:00-04:00,2026-10-14T22:59:59-04:00
Sobeys,8170739,TYLENOL Complete,16.99,2026-10-08T00:00:00-04:00,2026-10-14T22:59:59-04:00
Sobeys,8170739,Fabric Softener,7.49,2026-10-08T00:00:00-04:00,2026-10-14T22:59:59-04:00
Sobeys,8170739,"Cheese 400 g, Shreds 300-320 g or Mozzarellaissima 500 g",4.88,2026-10-08T00:00:00-04:00,2026-10-14T22:59:59-04:00
Sobeys,8170739,COMPLIMENTS Broth,1.99,2026-10-08T00:00:00-04:00,2026-10-14T22:59:59-04:00
Sobeys,8170739,Fresh Boneless Cross Rib Pot Roast,12.99,2026-10-08T00:00:00-04:00,2026-10-14T22:59:59-04:00
Sobeys,8170739,Potatoes,7.0,2026-10-08T00:00:00-04:00,2026-10-14T22:59:59-04:00
Sobeys,8170739,Breaded Buttermilk Chicken Breast Pieces or Breaded Chicken Breasts Chunks,14.99,2026-10-08T00:00:00-04:00,2026-10-14T22:59:59-04:00
Sobeys,8170739,Frozen Grade A Turkeys,1.99,2026-10-08T00:00:00-04:00,2026-10-14T22:59:59-04:00
Sobeys,8170739,Glitzy Pom Thanksgiving Bouquet,21.99,2026-10-08T00:00:00-04:00,2026-10-14T22:59:59-04:00
Sobeys,8170739,Soups,8.99,2026-10-08T00:00:00-04:00,2026-10-14T22:59:59-04:00
Sobeys,8170739,COMPLIMENTS Pickles,4.99,2026-10-08T00:00:00-04:00,2026-10-14T22:59:59-04:00
Sobeys,8170739,Carbonated Mineral Water,2.69,2026-10-08T00:00:00-04:00,2026-10-14T22:59:59-04:00
Sobeys,8170739,Salt Fish Bits,7.99,2026-10-08T00:00:00-04:00,2026-10-14T22:59:59-04:00
Sobeys,8170739,Bulk Green Beans,2.99,2026-10-08T00:00:00-04:00,2026-10-14T22:59:59-04:00
Sobeys,8170739,"Restaurant Style Fries, Flavour Crisp Fries or Quick Crisp Fries",8.0,2026-10-08T00:00:00-04:00,2026-10-14T22:59:59-04:00
Sobeys,8170739,Assorted Crysanthemum,13.99,2026-10-08T00:00:00-04:00,2026-10-14T22:59:59-04:00
Sobeys,8170739,Pepperoni,1.49,2026-10-08T00:00:00-04:00,2026-10-14T22:59:59-04:00
Sobeys,8170739,Kolbassa Sausage,8.49,2026-10-08T00:00:00-04:00,2026-10-14T22:59:59-04:00
Sobeys,8170739,Mochi Ice Cream,4.28,2026-10-08T00:00:00-04:00,2026-10-14T22:59:59-04:00
Sobeys,8170739,Fish Cakes,5.99,2026-10-08T00:00:00-04:00,2026-10-14T22:59:59-04:00
Sobeys,8170739,"PANTENE or GARNIER Whole Blends Shampoo, Conditioner or Stylers",4.99,2026-10-08T00:00:00-04:00,2026-10-14T22:59:59-04:00
Sobeys,8170739,Jumbo Scallop Medallions,16.99,2026-10-08T00:00:00-04:00,2026-10-14T22:59:59-04:00
Sobeys,8170739,In-Store Made Chili Crisp Flavoured Cheese Ball,2.99,2026-10-08T00:00:00-04:00,2026-10-14T22:59:59-04:00
Sobeys,8170739,COMPLIMENTS Smoked Oysters or Mussels,1.99,2026-10-08T00:00:00-04:00,2026-10-14T22:59:59-04:00
Sobeys,8170739,Soft Drinks,2.0,2026-10-08T00:00:00-04:00,2026-10-14T22:59:59-04:00
Sobeys,8170739,Real Cream Layer Cakes,12.99,2026-10-08T00:00:00-04:00,2026-10-14T22:59:59-04:00
Sobeys,8170739,COMPLIMENTS Cooked Shrimp in Ring with Sauce,7.99,2026-10-08T00:00:00-04:00,2026-10-14T22:59:59-04:00
Sobeys,8170739,Extra Large Green or Red Seedless Grapes,2.49,2026-10-08T00:00:00-04:00,2026-10-14T22:59:59-04:00
Sobeys,8170739,Brussels Sprouts,1.99,2026-10-08T00:00:00-04:00,2026-10-14T22:59:59-04:00
Sobeys,8170739,Holsum White or Whole Wheat Bread,2.99,2026-10-08T00:00:00-04:00,2026-10-14T22:59:59-04:00
Sobeys,8170739,Gravies,0.69,2026-10-08T00:00:00-04:00,2026-10-14T22:59:59-04:00
Sobeys,8170739,Canned Vegetables,4.0,2026-10-08T00:00:00-04:00,2026-10-14T22:59:59-04:00
Sobeys,8170739,Baguettes,3.49,2026-10-08T00:00:00-04:00,2026-10-14T22:59:59-04:00
Sobeys,8170739,Cauliflower,2.99,2026-10-08T00:00:00-04:00,2026-10-14T22:59:59-04:00
Sobeys,8170739,"Dips, Hummus, Queso or Salsa",3.99,2026-10-08T00:00:00-04:00,2026-10-14T22:59:59-04:00
Sobeys,8170739,Condensed Soup,3.0,2026-10-08T00:00:00-04:00,2026-10-14T22:59:59-04:00
Sobeys,8170739,Applewood Smoked Bone In Ham,2.49,2026-10-08T00:00:00-04:00,2026-10-14T22:59:59-04:00
Sobeys,8170739,KFI Sauces,3.49,2026-10-08T00:00:00-04:00,2026-10-14T22:59:59-04:00
Sobeys,8170739,Premium Frozen Dessert or Real Dairy Ice Cream,3.94,2026-10-08T00:00:00-04:00,2026-10-14T22:59:59-04:00
Sobeys,8170739,Cheese,4.88,2026-10-08T00:00:00-04:00,2026-10-14T22:59:59-04:00
Sobeys,8170739,Kettle Chips,3.49,2026-10-08T00:00:00-04:00,2026-10-14T22:59:59-04:00
Sobeys,8170739,Canadian Grown Fall Harvest Bouquets,19.99,2026-10-08T00:00:00-04:00,2026-10-14T22:59:59-04:00
Sobeys,8170739,COMPLIMENTS Cooked Shrimp in Bag with Cocktail Sauce,13.99,2026-10-08T00:00:00-04:00,2026-10-14T22:59:59-04:00
Sobeys,8170739,Premium Plus or Family Size Crackers,4.99,2026-10-08T00:00:00-04:00,2026-10-14T22:59:59-04:00
Sobeys,8170739,Saltine Crackers,6.98,2026-10-08T00:00:00-04:00,2026-10-14T22:59:59-04:00
Sobeys,8170739,"Aged Gouda, Aged Havarti or Tickler",8.49,2026-10-08T00:00:00-04:00,2026-10-14T22:59:59-04:00
Sobeys,8170739,Grana Padano,8.99,2026-10-08T00:00:00-04:00,2026-10-14T22:59:59-04:00
Sobeys,8170739,PEACE TEA,8.99,2026-10-08T00:00:00-04:00,2026-10-14T22:59:59-04:00
Sobeys,8170739,De-Alcoholized Wine,7.99,2026-10-08T00:00:00-04:00,2026-10-14T22:59:59-04:00
Sobeys,8170739,Pie Pumpkins,1.97,2026-10-08T00:00:00-04:00,2026-10-14T22:59:59-04:00
Sobeys,8170739,Bacon,4.99,2026-10-08T00:00:00-04:00,2026-10-14T22:59:59-04:00
Sobeys,8170739,Cranberries,1.99,2026-10-08T00:00:00-04:00,2026-10-14T22:59:59-04:00
Sobeys,8170739,Cream Cheese,3.99,2026-10-08T00:00:00-04:00,2026-10-14T22:59:59-04:00
Sobeys,8170739,Cranberry Cocktails,3.99,2026-10-08T00:00:00-04:00,2026-10-14T22:59:59-04:00
Sobeys,8170739,Cello Pasta,1.99,2026-10-08T00:00:00-04:00,2026-10-14T22:59:59-04:00
Sobeys,8170739,Naan or Naan Bites,4.0,2026-10-08T00:00:00-04:00,2026-10-14T22:59:59-04:00
Sobeys,8170739,"Fresh Boneless Pork Loin Centre and Rib Combo Chops, Fresh Pork Shoulder Blade Roasts or Steak Family Size or Fresh Pork Shoulder Picnic Roast",3.99,2026-10-08T00:00:00-04:00,2026-10-14T22:59:59-04:00
Sobeys,8170739,Fresh Capless Prime Rib Premium Oven Roast or Family Size Grilling Steaks,19.99,2026-10-08T00:00:00-04:00,2026-10-14T22:59:59-04:00
Sobeys,8170739,Extra Virgin Olive Oil,12.99,2026-10-08T00:00:00-04:00,2026-10-14T22:59:59-04:00
Sobeys,8170739,Raised Without Antibiotics Frozen Grade A Turkeys,1.99,2026-10-08T00:00:00-04:00,2026-10-14T22:59:59-04:00
Sobeys,8170739,Dish Soap,2.99,2026-10-08T00:00:00-04:00,2026-10-14T22:59:59-04:00
Sobeys,8170739,"JOHNSONVILLE Breakfast, Dinner or Smoked Pork Sausages",5.99,2026-10-08T00:00:00-04:00,2026-10-14T22:59:59-04:00
Sobeys,8170739,Family Size Cereal,5.99,2026-10-08T00:00:00-04:00,2026-10-14T22:59:59-04:00
Sobeys,8170739,Pads or Tampons,15.99,2026-10-08T00:00:00-04:00,2026-10-14T22:59:59-04:00
Sobeys,8170739,COMPLIMENTS Large Cooked Shrimp in Ring with Sauce,21.99,2026-10-08T00:00:00-04:00,2026-10-14T22:59:59-04:00
Sobeys,8170739,Entertaining Deli Trays,22.99,2026-10-08T00:00:00-04:00,2026-10-14T22:59:59-04:00
Sobeys,8170739,Pumpkin Spice Small Bar Cake,8.99,2026-10-08T00:00:00-04:00,2026-10-14T22:59:59-04:00
Sobeys,8170739,Ground Specialty Coffee,13.99,2026-10-08T00:00:00-04:00,2026-10-14T22:59:59-04:00
Sobeys,8170739,Frozen Vegetables,2.99,2026-10-08T00:00:00-04:00,2026-10-14T22:59:59-04:00
Sobeys,8170739,All-Butter Chocolate Twists,5.99,2026-10-08T00:00:00-04:00,2026-10-14T22:59:59-04:00
Sobeys,8170739,Chunky Soup,3.29,2026-10-08T00:00:00-04:00,2026-10-14T22:59:59-04:00
Sobeys,8170739,Dips,9.99,2026-10-08T00:00:00-04:00,2026-10-14T22:59:59-04:00
Sobeys,8170739,COMPLIMENTS Rainbow Peppers,4.99,2026-10-08T00:00:00-04:00,2026-10-14T22:59:59-04:00
Sobeys,8170739,COMPLIMENTS Potatoes,3.97,2026-10-08T00:00:00-04:00,2026-10-14T22:59:59-04:00
Sobeys,8170739,Pumpernickel or Sourdough Boules,4.0,2026-10-08T00:00:00-04:00,2026-10-14T22:59:59-04:00
Sobeys,8170739,Skillet Gnocchi,5.49,2026-10-08T00:00:00-04:00,2026-10-14T22:59:59-04:00
Sobeys,8170739,COMPLIMENTS Dips or Hummus,5.49,2026-10-08T00:00:00-04:00,2026-10-14T22:59:59-04:00
Sobeys,8170739,Thai Peanut Broccoli Salad or Other Selected Varieties,1.99,2026-10-08T00:00:00-04:00,2026-10-14T22:59:59-04:00
Sobeys,8170739,Ground Coffee,12.99,2026-10-08T00:00:00-04:00,2026-10-14T22:59:59-04:00
Sobeys,8170739,Spring Water,2.19,2026-10-08T00:00:00-04:00,2026-10-14T22:59:59-04:00
Sobeys,8170739,Dog Treats,8.49,2026-10-08T00:00:00-04:00,2026-10-14T22:59:59-04:00
Sobeys,8170739,COMPLIMENTS NATURALLY SIMPLE Black Tiger Shrimp In Ring with Sauce,24.99,2026-10-08T00:00:00-04:00,2026-10-14T22:59:59-04:00
Sobeys,8170739,Plus Lactose-Free Milk Beverage,7.19,2026-10-08T00:00:00-04:00,2026-10-14T22:59:59-04:00
Sobeys,8170739,DINNER Macaroni & Cheese Snack Cups,6.99,2026-10-08T00:00:00-04:00,2026-10-14T22:59:59-04:00
Sobeys,8170739,Condensed Soups,2.49,2026-10-08T00:00:00-04:00,2026-10-14T22:59:59-04:00
Sobeys,8170739,100% Apple Juice,4.99,2026-10-08T00:00:00-04:00,2026-10-14T22:59:59-04:00
Sobeys,8170739,Naan or Naan Bites,4.0,2026-10-08T00:00:00-04:00,2026-10-14T22:59:59-04:00
Sobeys,8170739,Selected Italian Meats,8.79,2026-10-08T00:00:00-04:00,2026-10-14T22:59:59-04:00
Sobeys,8170739,Bathroom Tissue,20.99,2026-10-08T00:00:00-04:00,2026-10-14T22:59:59-04:00
Sobeys,8170739,Baby Shampoo,5.99,2026-10-08T00:00:00-04:00,2026-10-14T22:59:59-04:00
Sobeys,8170739,Riced Veggies or Restaurant Sides,3.99,2026-10-08T00:00:00-04:00,2026-10-14T22:59:59-04:00
Sobeys,8170739,Hair Expertise or Studio Line Hair Care,6.49,2026-10-08T00:00:00-04:00,2026-10-14T22:59:59-04:00
Sobeys,8170739,IRISH SPRING or SOFTSOAP Body Wash,5.49,2026-10-08T00:00:00-04:00,2026-10-14T22:59:59-04:00
Sobeys,8170739,Oat Beverages,7.0,2026-10-08T00:00:00-04:00,2026-10-14T22:59:59-04:00
Sobeys,8170739,Ground Coffee,14.99,2026-10-08T00:00:00-04:00,2026-10-14T22:59:59-04:00
Sobeys,8170739,Liquid Honey,12.99,2026-10-08T00:00:00-04:00,2026-10-14T22:59:59-04:00
Sobeys,8170739,Vector Granola,4.99,2026-10-08T00:00:00-04:00,2026-10-14T22:59:59-04:00
Sobeys,8170739,Natural Spring Water,6.0,2026-10-08T00:00:00-04:00,2026-10-14T22:59:59-04:00
Sobeys,8170739,Juice or Iced Tea,7.0,2026-10-08T00:00:00-04:00,2026-10-14T22:59:59-04:00
Sobeys,8170739,3D Whitening Strips or Rechargeable Toothbrushes or Brush Heads,32.99,2026-10-08T00:00:00-04:00,2026-10-14T22:59:59-04:00
Sobeys,8170739,Oven Bags,2.99,2026-10-08T00:00:00-04:00,2026-10-14T22:59:59-04:00
Sobeys,8170739,Bathroom Tissue,8.49,2026-10-08T00:00:00-04:00,2026-10-14T22:59:59-04:00
Sobeys,8170739,COMPLIMENTS Hot Honey,7.49,2026-10-08T00:00:00-04:00,2026-10-14T22:59:59-04:00
Sobeys,8170739,COMPLIMENTS Extra Large Cooked Shrimp in Ring with Sauce,11.99,2026-10-08T00:00:00-04:00,2026-10-14T22:59:59-04:00
Sobeys,8170739,Small Spaces,4.49,2026-10-08T00:00:00-04:00,2026-10-14T22:59:59-04:00
Sobeys,8170739,Methi,2.44,2026-10-08T00:00:00-04:00,2026-10-14T22:59:59-04:00
Sobeys,8170739,Chocolate Pouches,10.99,2026-10-08T00:00:00-04:00,2026-10-14T22:59:59-04:00
Sobeys,8170739,Cream Cheese,6.99,2026-10-08T00:00:00-04:00,2026-10-14T22:59:59-04:00
Sobeys,8170739,Cheese Block,12.99,2026-10-08T00:00:00-04:00,2026-10-14T22:59:59-04:00
Sobeys,8170739,Strained Tomatoes,5.49,2026-10-08T00:00:00-04:00,2026-10-14T22:59:59-04:00
Sobeys,8170739,Ready To Serve Soup,2.99,2026-10-08T00:00:00-04:00,2026-10-14T22:59:59-04:00
Sobeys,8170739,Mashed or Sliced Potatoes,9.0,2026-10-08T00:00:00-04:00,2026-10-14T22:59:59-04:00
Sobeys,8170739,Fresh Turkey,3.77,2026-10-08T00:00:00-04:00,2026-10-14T22:59:59-04:00
Sobeys,8170739,Seasoned Boneless Turkey Breast Roast,25.0,2026-10-08T00:00:00-04:00,2026-10-14T22:59:59-04:00
Sobeys,8170739,Smoked Boneless Ham,9.99,2026-10-08T00:00:00-04:00,2026-10-14T22:59:59-04:00
Sobeys,8170739,Antipasto Classico,16.0,2026-10-08T00:00:00-04:00,2026-10-14T22:59:59-04:00
Sobeys,8170739,Frozen Turkey,2.77,2026-10-08T00:00:00-04:00,2026-10-14T22:59:59-04:00
Sobeys,8170739,Fresh Raised Without Antibiotics Grade A Turkeys,2.59,2026-10-08T00:00:00-04:00,2026-10-14T22:59:59-04:00
Sobeys,8170739,Skyr,5.99,2026-10-08T00:00:00-04:00,2026-10-14T22:59:59-04:00
Sobeys,8170739,Tortilla Chips,3.99,2026-10-08T00:00:00-04:00,2026-10-14T22:59:59-04:00
Sobeys,8170739,Full Size Bars,12.99,2026-10-08T00:00:00-04:00,2026-10-14T22:59:59-04:00
Sobeys,8170739,Barista,10.0,2026-10-08T00:00:00-04:00,2026-10-14T22:59:59-04:00
Sobeys,8170739,Microwave Popcorn,6.49,2026-10-08T00:00:00-04:00,2026-10-14T22:59:59-04:00
Sobeys,8170739,Sauces or Gravies,1.79,2026-10-08T00:00:00-04:00,2026-10-14T22:59:59-04:00
Sobeys,8170739,Sidekicks,2.99,2026-10-08T00:00:00-04:00,2026-10-14T22:59:59-04:00
Sobeys,8170739,Ice Pops,7.99,2026-10-08T00:00:00-04:00,2026-10-14T22:59:59-04:00
Sobeys,8170739,Activia 8x93 mL,5.99,2026-10-08T00:00:00-04:00,2026-10-14T22:59:59-04:00
Sobeys,8170739,COMPLIMENTS Exceptional Chocolate Chip Cookies,4.99,2026-10-08T00:00:00-04:00,2026-10-14T22:59:59-04:00
Sobeys,8170739,"Frozen Meatballs, Pork Breakfast Sausages or Patties",12.99,2026-10-08T00:00:00-04:00,2026-10-14T22:59:59-04:00
Sobeys,8170739,French Emmental,3.49,2026-10-08T00:00:00-04:00,2026-10-14T22:59:59-04:00
Sobeys,8170739,Frozen Boxed Turkey Roast,22.0,2026-10-08T00:00:00-04:00,2026-10-14T22:59:59-04:00
Sobeys,8170739,Slim Low-Calorie Beverage,3.99,2026-10-08T00:00:00-04:00,2026-10-14T22:59:59-04:00
Sobeys,8170739,COMPLIMENTS De-Alcoholized Beer,5.99,2026-10-08T00:00:00-04:00,2026-10-14T22:59:59-04:00
Sobeys,8170739,Cero Alcohol-Free Beer,12.49,2026-10-08T00:00:00-04:00,2026-10-14T22:59:59-04:00
Sobeys,8170739,Retail Size Cereal or Halloween Cereal,4.99,2026-10-08T00:00:00-04:00,2026-10-14T22:59:59-04:00
Sobeys,8170739,DANONE,4.49,2026-10-08T00:00:00-04:00,2026-10-14T22:59:59-04:00
Sobeys,8170739,Lasagna,4.49,2026-10-08T00:00:00-04:00,2026-10-14T22:59:59-04:00
Sobeys,8170739,Lamb Loin Chops,13.99,2026-10-08T00:00:00-04:00,2026-10-14T22:59:59-04:00
Sobeys,8170739,Hot Smoked Atlantic Salmon Strips,11.99,2026-10-08T00:00:00-04:00,2026-10-14T22:59:59-04:00
Sobeys,8170739,JOHNSONVILLE Sausage Meat,6.0,2026-10-08T00:00:00-04:00,2026-10-14T22:59:59-04:00
Sobeys,8170739,Hot Smoked Atlantic Salmon Strips or Cold Smoked Atlantic Salmon,9.99,2026-10-08T00:00:00-04:00,2026-10-14T22:59:59-04:00
Sobeys,8170739,Cooked Mussel or Clam Meat or Seafood Medley,4.99,2026-10-08T00:00:00-04:00,2026-10-14T22:59:59-04:00
Sobeys,8170739,COMPLIMENTS Beef or Chicken Smashed Burgers or Traditional 4 oz. Beef Burgers or Burgers,13.99,2026-10-08T00:00:00-04:00,2026-10-14T22:59:59-04:00
Sobeys,8170739,"Signature Cuts, Pan-Sear or Breaded or Battered Premium Fish",14.99,2026-10-08T00:00:00-04:00,2026-10-14T22:59:59-04:00
Sobeys,8170739,COMPLIMENTS Fresh Whole Chicken,4.49,2026-10-08T00:00:00-04:00,2026-10-14T22:59:59-04:00
Sobeys,8170739,Fresh Boneless Blade Pot Roast or Family Size Simmering Steaks,12.99,2026-10-08T00:00:00-04:00,2026-10-14T22:59:59-04:00
Sobeys,8170739,From Atlantic Canada Fresh Mussels,2.69,2026-10-08T00:00:00-04:00,2026-10-14T22:59:59-04:00
Sobeys,8170739,House Blend Herring,5.49,2026-10-08T00:00:00-04:00,2026-10-14T22:59:59-04:00
Sobeys,8170739,From Atlantic Canada Fresh Commercial Oysters,14.99,2026-10-08T00:00:00-04:00,2026-10-14T22:59:59-04:00
Sobeys,8170739,Snack Kits or Lunchmate Stackers,2.99,2026-10-08T00:00:00-04:00,2026-10-14T22:59:59-04:00
Sobeys,8170739,Tea,4.99,2026-10-08T00:00:00-04:00,2026-10-14T22:59:59-04:00
Sobeys,8170739,Aerosol Whipped Cream,4.49,2026-10-08T00:00:00-04:00,2026-10-14T22:59:59-04:00
Sobeys,8170739,B-ready Bars,5.49,2026-10-08T00:00:00-04:00,2026-10-14T22:59:59-04:00
Sobeys,8170739,Wafers,2.0,2026-10-08T00:00:00-04:00,2026-10-14T22:59:59-04:00
Sobeys,8170739,Frozen Vegetables,2.99,2026-10-08T00:00:00-04:00,2026-10-14T22:59:59-04:00
Sobeys,8170739,COMPLIMENTS Honey or Dry Roasted Peanuts,5.0,2026-10-08T00:00:00-04:00,2026-10-14T22:59:59-04:00
Sobeys,8170739,COMPLIMENTS Value Size Candy,5.99,2026-10-08T00:00:00-04:00,2026-10-14T22:59:59-04:00
Sobeys,8170739,Creamers,7.99,2026-10-08T00:00:00-04:00,2026-10-14T22:59:59-04:00
Sobeys,8170739,COMPLIMENTS ORGANIC Large Eggs,7.99,2026-10-08T00:00:00-04:00,2026-10-14T22:59:59-04:00
Sobeys,8170739,KELLOGG'S Cheez-It Crackers,5.5,2026-10-08T00:00:00-04:00,2026-10-14T22:59:59-04:00
Sobeys,8170739,Chocolates,11.99,2026-10-08T00:00:00-04:00,2026-10-14T22:59:59-04:00
Sobeys,8170739,Deep'n Delicious Cakes,6.79,2026-10-08T00:00:00-04:00,2026-10-14T22:59:59-04:00
Sobeys,8170739,COMPLIMENTS Greek Yogurt,5.99,2026-10-08T00:00:00-04:00,2026-10-14T22:59:59-04:00
Sobeys,8170739,Cushions Puff Pastries,2.99,2026-10-08T00:00:00-04:00,2026-10-14T22:59:59-04:00
Sobeys,8170739,Instant Soup or Buckwheat,1.79,2026-10-08T00:00:00-04:00,2026-10-14T22:59:59-04:00
Sobeys,8170739,Sauerkraut,4.79,2026-10-08T00:00:00-04:00,2026-10-14T22:59:59-04:00
Sobeys,8170739,Dairy Milk Chocolate Bars,6.99,2026-10-08T00:00:00-04:00,2026-10-14T22:59:59-04:00
Sobeys,8170739,Shrimp Wonton Soup,9.88,2026-10-08T00:00:00-04:00,2026-10-14T22:59:59-04:00
Sobeys,8170739,3-Step Kits,3.98,2026-10-08T00:00:00-04:00,2026-10-14T22:59:59-04:00
Sobeys,8170739,Caramel Wafer Biscuits,2.99,2026-10-08T00:00:00-04:00,2026-10-14T22:59:59-04:00
Sobeys,8170739,Basmati Rice,10.99,2026-10-08T00:00:00-04:00,2026-10-14T22:59:59-04:00
Sobeys,8170739,Jamaican Jerk Seasoning,5.49,2026-10-08T00:00:00-04:00,2026-10-14T22:59:59-04:00
Sobeys,8170739,LIBERTÉ,6.99,2026-10-08T00:00:00-04:00,2026-10-14T22:59:59-04:00
Sobeys,8170739,COMPLIMENTS Cheese,4.99,2026-10-08T00:00:00-04:00,2026-10-14T22:59:59-04:00
Sobeys,8170739,Antipasto Classico,16.0,2026-10-08T00:00:00-04:00,2026-10-14T22:59:59-04:00
Sobeys,8170739,COMPLIMENTS Cracker Sticks,7.0,2026-10-08T00:00:00-04:00,2026-10-14T22:59:59-04:00
Sobeys,8170739,COMPLIMENTS Herbs,2.75,2026-10-08T00:00:00-04:00,2026-10-14T22:59:59-04:00
Sobeys,8170739,COMPLIMENTS Dinner Rolls,2.99,2026-10-08T00:00:00-04:00,2026-10-14T22:59:59-04:00
Sobeys,8170739,COMPLIMENTS Baby Spinach or Spring Mix,4.99,2026-10-08T00:00:00-04:00,2026-10-14T22:59:59-04:00
Sobeys,8170739,Roast & Gravy Combo,18.99,2026-10-08T00:00:00-04:00,2026-10-14T22:59:59-04:00
Sobeys,8170739,Chestnuts,6.99,2026-10-08T00:00:00-04:00,2026-10-14T22:59:59-04:00
Sobeys,8170739,Salad Greens,3.99,2026-10-08T00:00:00-04:00,2026-10-14T22:59:59-04:00
Sobeys,8170739,Hothouse Tomatoes,2.99,2026-10-08T00:00:00-04:00,2026-10-14T22:59:59-04:00
Sobeys,8170739,Large Cantaloupe,4.48,2026-10-08T00:00:00-04:00,2026-10-14T22:59:59-04:00
Sobeys,8170739,"Nuts, Clusters or Salad Toppers selected",10.0,2026-10-08T00:00:00-04:00,2026-10-14T22:59:59-04:00
Sobeys,8170739,Seafood Spreads,5.99,2026-10-08T00:00:00-04:00,2026-10-14T22:59:59-04:00
Sobeys,8170739,COMPLIMENTS Wieners,7.49,2026-10-08T00:00:00-04:00,2026-10-14T22:59:59-04:00
Sobeys,8170739,Fresh Skinless Pork Belly,6.99,2026-10-08T00:00:00-04:00,2026-10-14T22:59:59-04:00
Sobeys,8170739,Fresh Lean Ground Beef,6.99,2026-10-08T00:00:00-04:00,2026-10-14T22:59:59-04:00
Sobeys,8170739,Bologna,9.99,2026-10-08T00:00:00-04:00,2026-10-14T22:59:59-04:00
Sobeys,8170739,Mr Big Stick Wax Bologna,2.69,2026-10-08T00:00:00-04:00,2026-10-14T22:59:59-04:00
Sobeys,8170739,Blue Cheese,6.99,2026-10-08T00:00:00-04:00,2026-10-14T22:59:59-04:00
Sobeys,8170739,"Dinner, Tray or Butter-Topped Buns",4.0,2026-10-08T00:00:00-04:00,2026-10-14T22:59:59-04:00
Sobeys,8170739,Value Size Twice Baked Potatoes,0.99,2026-10-08T00:00:00-04:00,2026-10-14T22:59:59-04:00
Sobeys,8170739,Salami,3.99,2026-10-08T00:00:00-04:00,2026-10-14T22:59:59-04:00
Sobeys,8170739,Mozzarella Ball,9.49,2026-10-08T00:00:00-04:00,2026-10-14T22:59:59-04:00
Sobeys,8170739,PROMISE Loaves,9.99,2026-10-08T00:00:00-04:00,2026-10-14T22:59:59-04:00
Sobeys,8170739,Crisps,7.99,2026-10-08T00:00:00-04:00,2026-10-14T22:59:59-04:00
Sobeys,8170739,Pie Filling,5.99,2026-10-08T00:00:00-04:00,2026-10-14T22:59:59-04:00
Sobeys,8170739,Chipits,6.49,2026-10-08T00:00:00-04:00,2026-10-14T22:59:59-04:00
Sobeys,8170739,KIND,8.99,2026-10-08T00:00:00-04:00,2026-10-14T22:59:59-04:00
Sobeys,8170739,Mashed Potatoes,3.0,2026-10-08T00:00:00-04:00,2026-10-14T22:59:59-04:00
Sobeys,8170739,Pure Salad Dressing or Marinades,4.99,2026-10-08T00:00:00-04:00,2026-10-14T22:59:59-04:00
Sobeys,8170739,Granola,6.99,2026-10-08T00:00:00-04:00,2026-10-14T22:59:59-04:00
Sobeys,8170739,COMPLIMENTS Ice Cream,3.99,2026-10-08T00:00:00-04:00,2026-10-14T22:59:59-04:00
Sobeys,8170739,Superfries,4.49,2026-10-08T00:00:00-04:00,2026-10-14T22:59:59-04:00
Sobeys,8170739,Gelato or Sorbetto,6.99,2026-10-08T00:00:00-04:00,2026-10-14T22:59:59-04:00
Sobeys,8170739,Wipes,3.99,2026-10-08T00:00:00-04:00,2026-10-14T22:59:59-04:00
Sobeys,8170739,Cleaning Vinegar Double Strength or Floor Cleaner,4.49,2026-10-08T00:00:00-04:00,2026-10-14T22:59:59-04:00
Sobeys,8170739,Pomegranates,3.88,2026-10-08T00:00:00-04:00,2026-10-14T22:59:59-04:00
Sobeys,8170739,"Breaded Chicken Strips or Nuggets, Stuffed Chicken or Burgers",10.99,2026-10-08T00:00:00-04:00,2026-10-14T22:59:59-04:00
Sobeys,8170739,Handheld Savoury Pastries,3.49,2026-10-08T00:00:00-04:00,2026-10-14T22:59:59-04:00
Sobeys,8170739,Melona Ice Bars,5.98,2026-10-08T00:00:00-04:00,2026-10-14T22:59:59-04:00
Sobeys,8170739,Frozen Meal,4.48,2026-10-08T00:00:00-04:00,2026-10-14T22:59:59-04:00
Sobeys,8170739,Cocktail Onions,6.49,2026-10-08T00:00:00-04:00,2026-10-14T22:59:59-04:00
Sobeys,8170739,Stuffed Mushroom Caps with Imitation Crab & Seafood Stuffing,8.99,2026-10-08T00:00:00-04:00,2026-10-14T22:59:59-04:00
Sobeys,8170739,Fresh Choice Oysters,1.25,2026-10-08T00:00:00-04:00,2026-10-14T22:59:59-04:00
Sobeys,8170739,In-Store Made Chili Crisp Flavoured Cheese Ball,2.99,2026-10-08T00:00:00-04:00,2026-10-14T22:59:59-04:00
Sobeys,8170739,In-Store Prepared Seacuterie Board,12.99,2026-10-08T00:00:00-04:00,2026-10-14T22:59:59-04:00
Sobeys,8170739,COMPLIMENTS Beef Lasagna or Macaroni & Cheese,17.99,2026-10-08T00:00:00-04:00,2026-10-14T22:59:59-04:00
Sobeys,8170739,BEST BUY 100% Orange Juice Blend,3.99,2026-10-08T00:00:00-04:00,2026-10-14T22:59:59-04:00
Sobeys,8170739,Smoked Boneless Ham,14.99,2026-10-08T00:00:00-04:00,2026-10-14T22:59:59-04:00
Sobeys,8170739,Super or No Sugar Added Novelties,5.99,2026-10-08T00:00:00-04:00,2026-10-14T22:59:59-04:00
Sobeys,8170739,COMPLIMENTS Cookies,3.49,2026-10-08T00:00:00-04:00,2026-10-14T22:59:59-04:00
Sobeys,8170739,Soft Drinks Mini Cans,4.99,2026-10-08T00:00:00-04:00,2026-10-14T22:59:59-04:00
Sobeys,8170739,Eggo Waffles or French Toast Sticks,3.99,2026-10-08T00:00:00-04:00,2026-10-14T22:59:59-04:00
Sobeys,8170739,Granola Bars or Fruit Snacks,7.99,2026-10-08T00:00:00-04:00,2026-10-14T22:59:59-04:00
Sobeys,8170739,Macaroni & Cheese,1.99,2026-10-08T00:00:00-04:00,2026-10-14T22:59:59-04:00
Sobeys,8170739,Crispy Minis,3.49,2026-10-08T00:00:00-04:00,2026-10-14T22:59:59-04:00
Sobeys,8170739,COMPLIMENTS LED Light Bulbs,9.99,2026-10-08T00:00:00-04:00,2026-10-14T22:59:59-04:00
Sobeys,8170739,Alcohol-Free Wine,14.99,2026-10-08T00:00:00-04:00,2026-10-14T22:59:59-04:00
Sobeys,8170739,Baguettes,3.49,2026-10-08T00:00:00-04:00,2026-10-14T22:59:59-04:00
Sobeys,8170739,Frozen Jumbo Sausages,7.99,2026-10-08T00:00:00-04:00,2026-10-14T22:59:59-04:00
Sobeys,8170739,Kale or Red or Green Chard,3.99,2026-10-08T00:00:00-04:00,2026-10-14T22:59:59-04:00
Sobeys,8170739,Lactose Free Butter,5.99,2026-10-08T00:00:00-04:00,2026-10-14T22:59:59-04:00
Sobeys,8170739,SUNCHIPS,9.0,2026-10-08T00:00:00-04:00,2026-10-14T22:59:59-04:00
Sobeys,8170739,Original Margarine,3.99,2026-10-08T00:00:00-04:00,2026-10-14T22:59:59-04:00
Sobeys,8170739,COMPLIMENTS Baby Diapers,21.99,2026-10-08T00:00:00-04:00,2026-10-14T22:59:59-04:00
Sobeys,8170739,Go & Grow Toddler Milk Powder,26.99,2026-10-08T00:00:00-04:00,2026-10-14T22:59:59-04:00
Sobeys,8170739,Broth,3.0,2026-10-08T00:00:00-04:00,2026-10-14T22:59:59-04:00
Sobeys,8170739,"Orange Juice, Juice Blends, Lemonades or Drinks",4.99,2026-10-08T00:00:00-04:00,2026-10-14T22:59:59-04:00
Sobeys,8170739,Entrées,5.99,2026-10-08T00:00:00-04:00,2026-10-14T22:59:59-04:00
Sobeys,8170739,Bathroom Tissue,6.99,2026-10-08T00:00:00-04:00,2026-10-14T22:59:59-04:00
Sobeys,8170739,Shampoo or Conditioner,3.79,2026-10-08T00:00:00-04:00,2026-10-14T22:59:59-04:00
Sobeys,8170739,Peek Freans or Dad's Cookies,4.49,2026-10-08T00:00:00-04:00,2026-10-14T22:59:59-04:00
Sobeys,8170739,Potato Chips or Dutch Crunch,8.0,2026-10-08T00:00:00-04:00,2026-10-14T22:59:59-04:00
Sobeys,8170739,Bistro Breads,5.49,2026-10-08T00:00:00-04:00,2026-10-14T22:59:59-04:00
Sobeys,8170739,"1-3 Year Old, Avonlea or Appletree Smoked Cheddar",8.99,2026-10-08T00:00:00-04:00,2026-10-14T22:59:59-04:00
Sobeys,8170739,INTERNATIONAL DELIGHT,5.99,2026-10-08T00:00:00-04:00,2026-10-14T22:59:59-04:00
Sobeys,8170739,Activia,4.99,2026-10-08T00:00:00-04:00,2026-10-14T22:59:59-04:00
Sobeys,8170739,Tablets,2.99,2026-10-08T00:00:00-04:00,2026-10-14T22:59:59-04:00
Sobeys,8170739,DINNER Protein Macaroni & Cheese,2.99,2026-10-08T00:00:00-04:00,2026-10-14T22:59:59-04:00
Sobeys,8170739,Stove Top Stuffing Mix,3.0,2026-10-08T00:00:00-04:00,2026-10-14T22:59:59-04:00
Sobeys,8170739,Cooking Sprays,5.99,2026-10-08T00:00:00-04:00,2026-10-14T22:59:59-04:00
Sobeys,8170739,Mindful Moments Thanksgiving Bouquet,16.99,2026-10-08T00:00:00-04:00,2026-10-14T22:59:59-04:00
Sobeys,8170739,COMPLIMENTS Pure Pumpkin,4.99,2026-10-08T00:00:00-04:00,2026-10-14T22:59:59-04:00
Sobeys,8170739,Figs,4.99,2026-10-08T00:00:00-04:00,2026-10-14T22:59:59-04:00
Sobeys,8170739,English Muffins,3.49,2026-10-08T00:00:00-04:00,2026-10-14T22:59:59-04:00
Sobeys,8170739,Energy Drinks,6.0,2026-10-08T00:00:00-04:00,2026-10-14T22:59:59-04:00
Sobeys,8170739,DRAMAS Cherry Tomatoes on the Vine,3.99,2026-10-08T00:00:00-04:00,2026-10-14T22:59:59-04:00
Sobeys,8170739,Strawberries,3.99,2026-10-08T00:00:00-04:00,2026-10-14T22:59:59-04:00
Sobeys,8170739,Red or Spanish Onions,1.99,2026-10-08T00:00:00-04:00,2026-10-14T22:59:59-04:00
Sobeys,8170739,Red Mango,5.0,2026-10-08T00:00:00-04:00,2026-10-14T22:59:59-04:00
Sobeys,8170739,Organic Spice Bags,2.99,2026-10-08T00:00:00-04:00,2026-10-14T22:59:59-04:00
Sobeys,8170739,Energy Drinks,9.99,2026-10-08T00:00:00-04:00,2026-10-14T22:59:59-04:00
Sobeys,8170739,Sports Drink,5.5,2026-10-08T00:00:00-04:00,2026-10-14T22:59:59-04:00
Sobeys,8170739,Cheestrings,6.99,2026-10-08T00:00:00-04:00,2026-10-14T22:59:59-04:00
Sobeys,8170739,Maple Syrup 100% Pure,9.99,2026-10-08T00:00:00-04:00,2026-10-14T22:59:59-04:00
Sobeys,8170739,Frozen Dinners,4.99,2026-10-08T00:00:00-04:00,2026-10-14T22:59:59-04:00
Sobeys,8170739,Family Size Bear Paws or Wagon Wheels,5.99,2026-10-08T00:00:00-04:00,2026-10-14T22:59:59-04:00
Sobeys,8170739,Chocolate Singles,1.19,2026-10-08T00:00:00-04:00,2026-10-14T22:59:59-04:00
Sobeys,8170739,Go Pure Bars,2.99,2026-10-08T00:00:00-04:00,2026-10-14T22:59:59-04:00
Sobeys,8170739,Mild or Hot Capicolla,4.29,2026-10-08T00:00:00-04:00,2026-10-14T22:59:59-04:00
Sobeys,8170739,Giuseppe Stuffed Crust Pizza,7.99,2026-10-08T00:00:00-04:00,2026-10-14T22:59:59-04:00
Sobeys,8170739,Coffee Creamer,4.99,2026-10-08T00:00:00-04:00,2026-10-14T22:59:59-04:00
Sobeys,8170739,Instant Oatmeal,3.99,2026-10-08T00:00:00-04:00,2026-10-14T22:59:59-04:00
Sobeys,8170739,Bathroom Tissue,6.99,2026-10-08T00:00:00-04:00,2026-10-14T22:59:59-04:00
Sobeys,8170739,Chocolate Pouches,6.0,2026-10-08T00:00:00-04:00,2026-10-14T22:59:59-04:00
Sobeys,8170739,Gourmet Steamers,4.99,2026-10-08T00:00:00-04:00,2026-10-14T22:59:59-04:00
Sobeys,8170739,Milkshakes,3.0,2026-10-08T00:00:00-04:00,2026-10-14T22:59:59-04:00
Sobeys,8170739,Carbonated Water,9.49,2026-10-08T00:00:00-04:00,2026-10-14T22:59:59-04:00
Sobeys,8170739,Multipacks,5.49,2026-10-08T00:00:00-04:00,2026-10-14T22:59:59-04:00
Sobeys,8170739,Protein + Supergreens,25.99,2026-10-08T00:00:00-04:00,2026-10-14T22:59:59-04:00
Sobeys,8170739,Potato Chips,8.0,2026-10-08T00:00:00-04:00,2026-10-14T22:59:59-04:00
Sobeys,8170739,Thanksgiving Arrangements or Centrepieces,27.99,2026-10-08T00:00:00-04:00,2026-10-14T22:59:59-04:00
Sobeys,8170739,Gala Apples,1.99,2026-10-08T00:00:00-04:00,2026-10-14T22:59:59-04:00
Sobeys,8170739,Organic Raspberries,4.99,2026-10-08T00:00:00-04:00,2026-10-14T22:59:59-04:00
Sobeys,8170739,Nut Thins,5.99,2026-10-08T00:00:00-04:00,2026-10-14T22:59:59-04:00
Sobeys,8170739,COMPLIMENTS Cheese Slices,4.99,2026-10-08T00:00:00-04:00,2026-10-14T22:59:59-04:00
Sobeys,8170739,Pot of Gold,6.99,2026-10-08T00:00:00-04:00,2026-10-14T22:59:59-04:00
Sobeys,8170739,Jelly Powder,0.99,2026-10-08T00:00:00-04:00,2026-10-14T22:59:59-04:00
Sobeys,8170739,Coffee Pods 30 pk,25.99,2026-10-08T00:00:00-04:00,2026-10-14T22:59:59-04:00
Sobeys,8170739,Cookies or Mini Cookies,5.0,2026-10-08T00:00:00-04:00,2026-10-14T22:59:59-04:00
Sobeys,8170739,Fresh AIR-CHILLED Whole Chicken or Chicken Drumsticks,3.49,2026-10-08T00:00:00-04:00,2026-10-14T22:59:59-04:00
Sobeys,8170739,Cranberry Sauce,5.0,2026-10-08T00:00:00-04:00,2026-10-14T22:59:59-04:00
Sobeys,8170739,Gluten Free Shrimp Appetizers,11.99,2026-10-08T00:00:00-04:00,2026-10-14T22:59:59-04:00
Sobeys,8170739,Signature Buns or Rolls,4.49,2026-10-08T00:00:00-04:00,2026-10-14T22:59:59-04:00
Sobeys,8170739,Sweet Potatoes,1.44,2026-10-08T00:00:00-04:00,2026-10-14T22:59:59-04:00
Sobeys,8170739,Green Zucchini or Eggplant,1.99,2026-10-08T00:00:00-04:00,2026-10-14T22:59:59-04:00
Sobeys,8170739,Snack Bars,4.99,2026-10-08T00:00:00-04:00,2026-10-14T22:59:59-04:00
Sobeys,8170739,Smoked Boneless Ham,14.99,2026-10-08T00:00:00-04:00,2026-10-14T22:59:59-04:00
Sobeys,8170739,Sunflower Bouquet,8.99,2026-10-08T00:00:00-04:00,2026-10-14T22:59:59-04:00
Sobeys,8170739,Crunchy Toppers,4.99,2026-10-08T00:00:00-04:00,2026-10-14T22:59:59-04:00
Sobeys,8170739,MINUTE RICE,7.99,2026-10-08T00:00:00-04:00,2026-10-14T22:59:59-04:00
Sobeys,8170739,COMPLIMENTS Onion Soup Mix,2.0,2026-10-08T00:00:00-04:00,2026-10-14T22:59:59-04:00
Sobeys,8170739,Select Dog Food,18.99,2026-10-08T00:00:00-04:00,2026-10-14T22:59:59-04:00
Sobeys,8170739,Liquid Hand Soap Refill,7.99,2026-10-08T00:00:00-04:00,2026-10-14T22:59:59-04:00
Sobeys,8170739,Hazelnut Spread,8.99,2026-10-08T00:00:00-04:00,2026-10-14T22:59:59-04:00
Sobeys,8170739,"COMPLIMENTS Apple, Apple Crumble or Pumpkin Pie",5.99,2026-10-08T00:00:00-04:00,2026-10-14T22:59:59-04:00
Sobeys,8170739,Team Pack,21.99,2026-10-08T00:00:00-04:00,2026-10-14T22:59:59-04:00
Sobeys,8170739,"DR. OETKER Giuseppe Rising, Thin Crust or Rip'n Share Pizza",6.99,2026-10-08T00:00:00-04:00,2026-10-14T22:59:59-04:00
Sobeys,8170739,COMPLIMENTS Smoked Sausages,11.99,2026-10-08T00:00:00-04:00,2026-10-14T22:59:59-04:00
Sobeys,8170739,Boneless Lamb Leg,12.99,2026-10-08T00:00:00-04:00,2026-10-14T22:59:59-04:00
Sobeys,8170739,"COMPLIMENTS Apple, Apple Crumble Or Pumpkin Pie",5.99,2026-10-08T00:00:00-04:00,2026-10-14T22:59:59-04:00
Sobeys,8170739,Fresh Boneless Rib Premium Oven Roast or Family Size Grilling Steaks,12.88,2026-10-08T00:00:00-04:00,2026-10-14T22:59:59-04:00
Sobeys,8170739,COMPLIMENTS ORGANIC Whole White Or Cremini Mushrooms,5.0,2026-10-08T00:00:00-04:00,2026-10-14T22:59:59-04:00
Sobeys,8170739,Deluxe Mixed Nuts,19.99,2026-10-08T00:00:00-04:00,2026-10-14T22:59:59-04:00
Sobeys,8170739,Soft & Chewy Dog Treats,11.99,2026-10-08T00:00:00-04:00,2026-10-14T22:59:59-04:00
Sobeys,8170739,Croton in Basket,16.99,2026-10-08T00:00:00-04:00,2026-10-14T22:59:59-04:00
Sobeys,8170739,DINNER,7.29,2026-10-08T00:00:00-04:00,2026-10-14T22:59:59-04:00
Sobeys,8170739,Pineapple,5.0,2026-10-08T00:00:00-04:00,2026-10-14T22:59:59-04:00
Sobeys,8170739,"COMPLIMENTS Smoked Atlantic Salmon, Steelhead or Gravlax",11.99,2026-10-08T00:00:00-04:00,2026-10-14T22:59:59-04:00
Sobeys,8170739,Mega Packs,12.99,2026-10-08T00:00:00-04:00,2026-10-14T22:59:59-04:00
Sobeys,8170739,Almond Or Butter Tarts,5.99,2026-10-08T00:00:00-04:00,2026-10-14T22:59:59-04:00
Sobeys,8170739,Young Raised Without Antibiotics Frozen Grade Turkeys,1.99,2026-10-08T00:00:00-04:00,2026-10-14T22:59:59-04:00
Sobeys,8170739,Premium Frozen Dessert or Real Dairy Ice Cream,3.94,2026-10-08T00:00:00-04:00,2026-10-14T22:59:59-04:00
Sobeys,8170739,Non-Alcoholic Mocktails,10.99,2026-10-08T00:00:00-04:00,2026-10-14T22:59:59-04:00
Sobeys,8170739,Potted Mini Roses,8.99,2026-10-08T00:00:00-04:00,2026-10-14T22:59:59-04:00
Sobeys,8170739,Macaroni & Cheese,2.99,2026-10-08T00:00:00-04:00,2026-10-14T22:59:59-04:00
Sobeys,8170739,Croutons or Texas Toast,2.99,2026-10-08T00:00:00-04:00,2026-10-14T22:59:59-04:00
Sobeys,8170739,COMPLIMENTS Bagels,3.0,2026-10-08T00:00:00-04:00,2026-10-14T22:59:59-04:00
Sobeys,8170739,Prepared Fresh Daily In-Store Fruit or Vegetable Trays,24.0,2026-10-08T00:00:00-04:00,2026-10-14T22:59:59-04:00
Sobeys,8170739,BOURSIN,5.99,2026-10-08T00:00:00-04:00,2026-10-14T22:59:59-04:00
Sobeys,8170739,COMPLIMENTS ORGANIC Baby-Cut Carrots,2.99,2026-10-08T00:00:00-04:00,2026-10-14T22:59:59-04:00
Sobeys,8170739,Harvest Blessings Bouquet,39.99,2026-10-08T00:00:00-04:00,2026-10-14T22:59:59-04:00
Sobeys,8170739,Spreadables Butter,4.99,2026-10-08T00:00:00-04:00,2026-10-14T22:59:59-04:00
Sobeys,8170739,Snacks,2.99,2026-10-08T00:00:00-04:00,2026-10-14T22:59:59-04:00
Sobeys,8170739,"Medallions, Kabobs, Meatballs or Portions",5.99,2026-10-08T00:00:00-04:00,2026-10-14T22:59:59-04:00
Sobeys,8170739,Apple Sticks,5.99,2026-10-08T00:00:00-04:00,2026-10-14T22:59:59-04:00
No Frills,8173721,"CEDAR VALLEY PITA CHIPS, 180 G",3.0,2026-10-08T00:00:00-04:00,2026-10-14T22:59:59-04:00
No Frills,8173721,"DARE CRACKERS, 100-225 G OR CHRISTIE CRACKERS, 175-200 G",2.0,2026-10-08T00:00:00-04:00,2026-10-14T22:59:59-04:00
No Frills,8173721,"OASIS JUICE, DEL MONTE NECTAR OR ARIZONA ICED TEA, 960 ML OR FRUITE BEVERAGES, 2 L",1.25,2026-10-08T00:00:00-04:00,2026-10-14T22:59:59-04:00
No Frills,8173721,"YOPLAIT YOP DRINKABLE YOGURT, 200 ML",0.97,2026-10-08T00:00:00-04:00,2026-10-14T22:59:59-04:00
No Frills,8173721,"KRAFT PASTA SALAD, 200 G",1.0,2026-10-08T00:00:00-04:00,2026-10-14T22:59:59-04:00
No Frills,8173721,LEAN GROUND BEEF AND PORK,7.99,2026-10-08T00:00:00-04:00,2026-10-14T22:59:59-04:00
No Frills,8173721,"SPAM LUNCHEON MEAT, 340 G",3.48,2026-10-08T00:00:00-04:00,2026-10-14T22:59:59-04:00
No Frills,8173721,"CRAVE FROZEN MEALS, 200-340 G",4.5,2026-10-08T00:00:00-04:00,2026-10-14T22:59:59-04:00
No Frills,8173721,"NO NAME® DISHWASHING LIQUID, 5 L",9.0,2026-10-08T00:00:00-04:00,2026-10-14T22:59:59-04:00
No Frills,8173721,"OLIVIERI SKILLET GNOCCHI, 280/300 G",4.0,2026-10-08T00:00:00-04:00,2026-10-14T22:59:59-04:00
No Frills,8173721,"LA FOURNÉE DORÉE SLICED BRIOCHE BREAD, 500 G",5.0,2026-10-08T00:00:00-04:00,2026-10-14T22:59:59-04:00
No Frills,8173721,"COCA-COLA OR PEPSI SOFT DRINKS, 2 L",1.69,2026-10-08T00:00:00-04:00,2026-10-14T22:59:59-04:00
No Frills,8173721,"TOSTITOS TORTILLA CHIPS, 210-295 G",4.0,2026-10-08T00:00:00-04:00,2026-10-14T22:59:59-04:00
No Frills,8173721,"TIDE LIQUID, 3.46/3.9 L, PODS OR FLINGS, 45-76'S LAUNDRY DETERGENT OR CASCADE AUTO DISHWASHER TABS, 51-80'S",22.0,2026-10-08T00:00:00-04:00,2026-10-14T22:59:59-04:00
No Frills,8173721,"VH COOKING OR DIPPING SAUCES, 341-380 ML",3.0,2026-10-08T00:00:00-04:00,2026-10-14T22:59:59-04:00
No Frills,8173721,PC® DOUBLE BRIE OR CAMEMBERT 165-200 G OR GOAT CHEESE LOGS 140 G,5.0,2026-10-08T00:00:00-04:00,2026-10-14T22:59:59-04:00
No Frills,8173721,FARMER'S MARKET® LOAF CAKES 344-400 G OR CROISSANTS 260-336 G,4.5,2026-10-08T00:00:00-04:00,2026-10-14T22:59:59-04:00
No Frills,8173721,"SCHNEIDERS PEPPERETTES, 250-375 G",6.5,2026-10-08T00:00:00-04:00,2026-10-14T22:59:59-04:00
No Frills,8173721,"FARMER'S MARKET SWEET PEPPERS, PKG OF 4",4.99,2026-10-08T00:00:00-04:00,2026-10-14T22:59:59-04:00
No Frills,8173721,"NATREL or CENTRAL DAIRIES LACTOSE FREE MILK, 2 L",6.0,2026-10-08T00:00:00-04:00,2026-10-14T22:59:59-04:00
No Frills,8173721,"PRANA PLAIN PARATHA, 2.4 KG",8.99,2026-10-08T00:00:00-04:00,2026-10-14T22:59:59-04:00
No Frills,8173721,"CAVENDISH FARMS FRIES, 800 G",2.25,2026-10-08T00:00:00-04:00,2026-10-14T22:59:59-04:00
No Frills,8173721,"RED BARON CLASSIC CRUST PIZZA, 584-665 G",4.0,2026-10-08T00:00:00-04:00,2026-10-14T22:59:59-04:00
No Frills,8173721,"BAXTER, CENTRAL DAIRIES, FARMERS, NORTHUMBERLAND OR SCOTSBURN CREAM, 473 ML - 1 L",3.5,2026-10-08T00:00:00-04:00,2026-10-14T22:59:59-04:00
No Frills,8173721,SIRLOIN TIP ROAST,6.99,2026-10-08T00:00:00-04:00,2026-10-14T22:59:59-04:00
No Frills,8173721,"CLIP ENERGY BARS, 5x68 G",8.0,2026-10-08T00:00:00-04:00,2026-10-14T22:59:59-04:00
No Frills,8173721,"DAIYA DAIRY FREE CHEESE SHREDS OR SLICES, 200/220 G",5.5,2026-10-08T00:00:00-04:00,2026-10-14T22:59:59-04:00
No Frills,8173721,"ROMAINE HEARTS, PKG OF 3",3.99,2026-10-08T00:00:00-04:00,2026-10-14T22:59:59-04:00
No Frills,8173721,GREEN or RED SEEDLESS GRAPES,2.49,2026-10-08T00:00:00-04:00,2026-10-14T22:59:59-04:00
No Frills,8173721,"MARCANGELO SAUSAGES, BREAKFAST SAUSAGE OR PATTIES, 1.2/1.4 KG",11.99,2026-10-08T00:00:00-04:00,2026-10-14T22:59:59-04:00
No Frills,8173721,"ZIGGY'S® SLICED DELI MEAT TRIO 300 G, BOLOGNA 600 G OR KOLBASSA SAUSAGE 375 G OR PEPPERONI STICKS 300 G",6.0,2026-10-08T00:00:00-04:00,2026-10-14T22:59:59-04:00
No Frills,8173721,"NONGSHIM PREMIUM NOODLE SOUP, 388-548 G",7.5,2026-10-08T00:00:00-04:00,2026-10-14T22:59:59-04:00
No Frills,8173721,"BASA STEAKS, 1 KG",8.0,2026-10-08T00:00:00-04:00,2026-10-14T22:59:59-04:00
No Frills,8173721,PORK ST. LOUIS SIDE RIBS,5.5,2026-10-08T00:00:00-04:00,2026-10-14T22:59:59-04:00
No Frills,8173721,"SEAQUEST® SEAFOOD MEDLEY, 340 G",5.5,2026-10-08T00:00:00-04:00,2026-10-14T22:59:59-04:00
No Frills,8173721,"DAIYA GLUTEN-FREE & DAIRY FREE PIZZA, 363-550 G",8.0,2026-10-08T00:00:00-04:00,2026-10-14T22:59:59-04:00
No Frills,8173721,"HELLMANN'S REAL MAYONNAISE OR SPREAD, 710-890 ML",6.0,2026-10-08T00:00:00-04:00,2026-10-14T22:59:59-04:00
No Frills,8173721,"FARMER'S MARKET™ PIES, 580 G-1 KG",6.0,2026-10-08T00:00:00-04:00,2026-10-14T22:59:59-04:00
No Frills,8173721,"PC® 2-PLY DINNER NAPKINS, 180'S",8.0,2026-10-08T00:00:00-04:00,2026-10-14T22:59:59-04:00
No Frills,8173721,"MR. NOODLES CUP, 64 G",0.88,2026-10-08T00:00:00-04:00,2026-10-14T22:59:59-04:00
No Frills,8173721,"SURAJ® NAAN FLATBREADS, 5'S",2.29,2026-10-08T00:00:00-04:00,2026-10-14T22:59:59-04:00
No Frills,8173721,BEEFSTEAK TOMATOES,1.99,2026-10-08T00:00:00-04:00,2026-10-14T22:59:59-04:00
No Frills,8173721,"SUFRA® HALAL CHICKEN THIGHS, UP TO 736 G",13.0,2026-10-08T00:00:00-04:00,2026-10-14T22:59:59-04:00
No Frills,8173721,"LAVAZZA CREMA EGUSTO, QUALITÀ ORO OR QUALITÀ ROSSA GROUND COFFEE, 250 G",6.0,2026-10-08T00:00:00-04:00,2026-10-14T22:59:59-04:00
No Frills,8173721,"OLD EL PASO DINNER KIT, 250-510 G",4.0,2026-10-08T00:00:00-04:00,2026-10-14T22:59:59-04:00
No Frills,8173721,"PC® WHOLE CREMINI OR WHITE MUSHROOMS, 227 G",2.49,2026-10-08T00:00:00-04:00,2026-10-14T22:59:59-04:00
No Frills,8173721,"STOVE TOP STUFFING, 120 G",1.29,2026-10-08T00:00:00-04:00,2026-10-14T22:59:59-04:00
No Frills,8173721,"LECLERC CELEBRATION COOKIES, 200-325 G",3.0,2026-10-08T00:00:00-04:00,2026-10-14T22:59:59-04:00
No Frills,8173721,"WONG WING ENTRÉES, 400-680 G",5.99,2026-10-08T00:00:00-04:00,2026-10-14T22:59:59-04:00
No Frills,8173721,"ACORN, BUTTERNUT, BUTTERCUP or SPAGHETTI SQUASH",1.49,2026-10-08T00:00:00-04:00,2026-10-14T22:59:59-04:00
No Frills,8173721,"TEMPTATIONS CAT TREATS, 180 G, PUREES, 48 G OR SPOONS, 40 G",2.79,2026-10-08T00:00:00-04:00,2026-10-14T22:59:59-04:00
No Frills,8173721,"WINDEX GLASS CLEANER 765 ML, SCRUBBING BUBBLES 946/950 ML OR FANTASTIK 650 ML",4.5,2026-10-08T00:00:00-04:00,2026-10-14T22:59:59-04:00
No Frills,8173721,SCHNEIDERS ORIGINAL HAM,6.99,2026-10-08T00:00:00-04:00,2026-10-14T22:59:59-04:00
No Frills,8173721,"NO NAME® BROTH, 900 ml",1.38,2026-10-08T00:00:00-04:00,2026-10-14T22:59:59-04:00
No Frills,8173721,"NO NAME® BOUILLON CONCENTRATE, 500 ML OR CHOPPED GARLIC, 1 KG",6.0,2026-10-08T00:00:00-04:00,2026-10-14T22:59:59-04:00
No Frills,8173721,PELEE MUMS,8.99,2026-10-08T00:00:00-04:00,2026-10-14T22:59:59-04:00
No Frills,8173721,EVERYDAY ESSENTIALS™ SALAD SPINNER,8.0,2026-10-08T00:00:00-04:00,2026-10-14T22:59:59-04:00
No Frills,8173721,"LUNCHMATE LUNCH KITS OR STACKERS, 75-120 G",2.5,2026-10-08T00:00:00-04:00,2026-10-14T22:59:59-04:00
No Frills,8173721,"COUNTRY HARVEST BREAD, 600 G OR BAGELS, 6'S",3.5,2026-10-08T00:00:00-04:00,2026-10-14T22:59:59-04:00
No Frills,8173721,"HIGH LINER FAMILY FISH, 315-700 G",6.0,2026-10-08T00:00:00-04:00,2026-10-14T22:59:59-04:00
No Frills,8173721,"BARILLA PASTA, 340/410 G",1.69,2026-10-08T00:00:00-04:00,2026-10-14T22:59:59-04:00
No Frills,8173721,HALLOWEEN DECORATIONS,5.0,2026-10-08T00:00:00-04:00,2026-10-14T22:59:59-04:00
No Frills,8173721,"PEDIGREE WET DOG FOOD, 375 G",1.75,2026-10-08T00:00:00-04:00,2026-10-14T22:59:59-04:00
No Frills,8173721,OKRA,3.99,2026-10-08T00:00:00-04:00,2026-10-14T22:59:59-04:00
No Frills,8173721,"BIBIGO MANDU OR MINI WONTONS, 680 G",7.5,2026-10-08T00:00:00-04:00,2026-10-14T22:59:59-04:00
No Frills,8173721,"PEDIGREE CHOICE CUTS WET DOG FOOD, 100 G",0.9,2026-10-08T00:00:00-04:00,2026-10-14T22:59:59-04:00
No Frills,8173721,"PC® OR BLUE MENU® SLICED CHEESE, 140-170 G OR MARCANGELO SLICED MEATS, 85 G",5.0,2026-10-08T00:00:00-04:00,2026-10-14T22:59:59-04:00
No Frills,8173721,"MAPLE LEAF PRIME CHICKEN DRUMSTICKS, UP TO 843 G",6.0,2026-10-08T00:00:00-04:00,2026-10-14T22:59:59-04:00
No Frills,8173721,"KIND HEALTHY GRAINS BARS, 175 G OR BREAKFAST, BARS 200 G",4.0,2026-10-08T00:00:00-04:00,2026-10-14T22:59:59-04:00
No Frills,8173721,"PC® FROZEN FRUIT, 300-600 G OR BREYERS CLASSIC FROZEN DESSERT, 1.41 L",4.0,2026-10-08T00:00:00-04:00,2026-10-14T22:59:59-04:00
No Frills,8173721,"SMUCKER'S UNCRUSTABLES, 4 X 58 G",4.75,2026-10-08T00:00:00-04:00,2026-10-14T22:59:59-04:00
No Frills,8173721,CILANTRO,1.29,2026-10-08T00:00:00-04:00,2026-10-14T22:59:59-04:00
No Frills,8173721,"KURKURE SNACKS, 115 G",1.5,2026-10-08T00:00:00-04:00,2026-10-14T22:59:59-04:00
No Frills,8173721,"NO NAME® LAUNDRY DETERGENT, 1.92/2.03 L",4.0,2026-10-08T00:00:00-04:00,2026-10-14T22:59:59-04:00
No Frills,8173721,"DAWN EZ SQUEEZE DISHWASHING LIQUID, 535/650 ML OR POWERWASH REFILL, 473 ML",4.5,2026-10-08T00:00:00-04:00,2026-10-14T22:59:59-04:00
No Frills,8173721,"PC® BLUE MENU® MARGARINE, 907 G",5.0,2026-10-08T00:00:00-04:00,2026-10-14T22:59:59-04:00
No Frills,8173721,"CHOSEN FOODS AVOCADO OIL, 750 ML",14.0,2026-10-08T00:00:00-04:00,2026-10-14T22:59:59-04:00
No Frills,8173721,"IÖGO CREAMY YOGURT, 16X100 G OR SIGGI'S SKYR YOGURT, 650/750 G",6.5,2026-10-08T00:00:00-04:00,2026-10-14T22:59:59-04:00
No Frills,8173721,"FARMER'S MARKET™ YELLOW ONIONS, 10 LB BAG",4.99,2026-10-08T00:00:00-04:00,2026-10-14T22:59:59-04:00
No Frills,8173721,"PC® PODS, 30'S, GROUND OR WHOLE BEAN COFFEE, 800-930 G OR PRIDE OF ARABIA WHOLE BEAN COFFEE, 907 G",22.0,2026-10-08T00:00:00-04:00,2026-10-14T22:59:59-04:00
No Frills,8173721,"SCOTSBURN SOUR CREAM, 500 ML",3.5,2026-10-08T00:00:00-04:00,2026-10-14T22:59:59-04:00
No Frills,8173721,"CRACKER BARREL CHEESE SLICES, 200-240 G",4.77,2026-10-08T00:00:00-04:00,2026-10-14T22:59:59-04:00
No Frills,8173721,"CLASSICO SAUCE, 410/600 ML",2.97,2026-10-08T00:00:00-04:00,2026-10-14T22:59:59-04:00
No Frills,8173721,"ROYALE BATHROOM TISSUE, 8=16 ROLLS OR FACIAL TISSUE 6X100, SHEETS",5.0,2026-10-08T00:00:00-04:00,2026-10-14T22:59:59-04:00
No Frills,8173721,"BLACK DIAMOND CHEESTRINGS OR SNACKS, 252/336 G OR CRACKER BARREL CHEESE SHREDS, 250-320 G",6.0,2026-10-08T00:00:00-04:00,2026-10-14T22:59:59-04:00
No Frills,8173721,"NANAK TANDOORI PANEER POPPERS, 454 G",6.99,2026-10-08T00:00:00-04:00,2026-10-14T22:59:59-04:00
No Frills,8173721,"LOU'S or BUTCHER'S SELECTION PORK BACK RIBS, 680 G",7.99,2026-10-08T00:00:00-04:00,2026-10-14T22:59:59-04:00
No Frills,8173721,AVOCADOS,3.49,2026-10-08T00:00:00-04:00,2026-10-14T22:59:59-04:00
No Frills,8173721,"QUALITY BASMATI RICE, 3.63 KG",7.99,2026-10-08T00:00:00-04:00,2026-10-14T22:59:59-04:00
No Frills,8173721,"PC® ORANGE JUICE, 2.5 L",6.5,2026-10-08T00:00:00-04:00,2026-10-14T22:59:59-04:00
No Frills,8173721,"PC® ORGANICS KEFIR, 1 L",5.5,2026-10-08T00:00:00-04:00,2026-10-14T22:59:59-04:00
No Frills,8173721,"PC® BLACK LABEL PIZZA, 370-440 G",8.0,2026-10-08T00:00:00-04:00,2026-10-14T22:59:59-04:00
No Frills,8173721,"NANAK DESI GHEE, 800 G",11.99,2026-10-08T00:00:00-04:00,2026-10-14T22:59:59-04:00
No Frills,8173721,"SUNRISE TOFU, 350-500 G",2.5,2026-10-08T00:00:00-04:00,2026-10-14T22:59:59-04:00
No Frills,8173721,FARMER'S MARKET™ GRAPE TOMATOES EACH OR BRUSSELS SPROUTS,2.99,2026-10-08T00:00:00-04:00,2026-10-14T22:59:59-04:00
No Frills,8173721,"MONSTER, 4X473 ML OR RED BULL, 4X250 ML ENERGY DRINKS",9.5,2026-10-08T00:00:00-04:00,2026-10-14T22:59:59-04:00
No Frills,8173721,CREST GUM TOOTHPASTE 63-90 mL or SCOPE MOUTHWASH 1 L,5.0,2026-10-08T00:00:00-04:00,2026-10-14T22:59:59-04:00
No Frills,8173721,"DORITOS TORTILLA CHIPS, 210/235 G",3.0,2026-10-08T00:00:00-04:00,2026-10-14T22:59:59-04:00
No Frills,8173721,"OCEAN SPRAY CRANBERRY SAUCE, 348 ML",1.5,2026-10-08T00:00:00-04:00,2026-10-14T22:59:59-04:00
No Frills,8173721,"NESTLÉ QUALITY STREET GIFT TIN, 650 G",16.0,2026-10-08T00:00:00-04:00,2026-10-14T22:59:59-04:00
No Frills,8173721,"CHRISTIE COOKIES, 251-303 G OR PEEK FREANS, 290-350 G",3.0,2026-10-08T00:00:00-04:00,2026-10-14T22:59:59-04:00
No Frills,8173721,"BLACKBERRIES, RASPBERRIES, BLUEBERRIES, CANTALOUP, 6 OZ CLAMSHELL",3.99,2026-10-08T00:00:00-04:00,2026-10-14T22:59:59-04:00
No Frills,8173721,"LAY'S POTATO CHIPS, 177-235 G",2.75,2026-10-08T00:00:00-04:00,2026-10-14T22:59:59-04:00
No Frills,8173721,MINUTE MAID ZERO SUGAR DRINKS 1.54 L OR FUZE ICED TEA 1.75 L,3.75,2026-10-08T00:00:00-04:00,2026-10-14T22:59:59-04:00
No Frills,8173721,"JANES PUB STYLE CHICKEN STRIPS, NUGGETS, BURGERS, FRIES or POPCORN CHICKEN, 700 G",6.99,2026-10-08T00:00:00-04:00,2026-10-14T22:59:59-04:00
No Frills,8173721,"NO NAME® HONEY, 1 KG OR RED ROSE TEA BAGS, 210'S",7.99,2026-10-08T00:00:00-04:00,2026-10-14T22:59:59-04:00
No Frills,8173721,"GROUND CHICKEN, 454 G OR LEAN GROUND PORK, 450 G",3.0,2026-10-08T00:00:00-04:00,2026-10-14T22:59:59-04:00
No Frills,8173721,"UNICO VEGETABLE OIL, 3 L",8.99,2026-10-08T00:00:00-04:00,2026-10-14T22:59:59-04:00
No Frills,8173721,"NO NAME® BREAD, 520 G",2.89,2026-10-08T00:00:00-04:00,2026-10-14T22:59:59-04:00
No Frills,8173721,"BUTTERBALL BONELESS STUFFED TURKEY BREAST ROAST, 1.2 KG",21.99,2026-10-08T00:00:00-04:00,2026-10-14T22:59:59-04:00
No Frills,8173721,"FARMER'S MARKET™ MANDARINS, 4 LB BAG",6.99,2026-10-08T00:00:00-04:00,2026-10-14T22:59:59-04:00
No Frills,8173721,PEDIGREE DRY DOG FOOD,20.0,2026-10-08T00:00:00-04:00,2026-10-14T22:59:59-04:00
No Frills,8173721,"BERTOLLI OLIVE OIL, 750 ML/1 L",11.99,2026-10-08T00:00:00-04:00,2026-10-14T22:59:59-04:00
No Frills,8173721,"PC® OR BLUE MENU® ENTREES, 770 G-1.13 KG",8.0,2026-10-08T00:00:00-04:00,2026-10-14T22:59:59-04:00
No Frills,8173721,"FARMER'S MARKET™ ORANGES 3 LB BAG, FARMER'S MARKET™ PAULA RED or ROYAL GALA APPLES, 4 LB BAG",4.99,2026-10-08T00:00:00-04:00,2026-10-14T22:59:59-04:00
No Frills,8173721,"KELLOGG'S EGGO WAFFLES, 16'S OR PROTEIN, 8'S, 240-560 G",6.0,2026-10-08T00:00:00-04:00,2026-10-14T22:59:59-04:00
No Frills,8173721,"NO NAME® LEMONADE OR ICED TEA, 1.75 L",2.5,2026-10-08T00:00:00-04:00,2026-10-14T22:59:59-04:00
No Frills,8173721,"JUAN VALDEZ GROUND OR WHOLE BEAN COFFEE, 284 G",9.99,2026-10-08T00:00:00-04:00,2026-10-14T22:59:59-04:00
No Frills,8173721,CAULIFLOWER,2.99,2026-10-08T00:00:00-04:00,2026-10-14T22:59:59-04:00
No Frills,8173721,GREEN CABBAGE,0.99,2026-10-08T00:00:00-04:00,2026-10-14T22:59:59-04:00
No Frills,8173721,"RO TEL DICED TOMATOES, 283/284 G OR AYLMER ACCENTS TOMATOES, 540 ML",2.0,2026-10-08T00:00:00-04:00,2026-10-14T22:59:59-04:00
No Frills,8173721,"FERRERO ROCHER CHOCOLATE BOX, 375 G",13.99,2026-10-08T00:00:00-04:00,2026-10-14T22:59:59-04:00
No Frills,8173721,"BETTY CROCKER POTATOES, 141-215 G",1.99,2026-10-08T00:00:00-04:00,2026-10-14T22:59:59-04:00
No Frills,8173721,"SAPUTO TUB CHEESE, 125-200 G OR BARI RICOTTA, 500 G",5.0,2026-10-08T00:00:00-04:00,2026-10-14T22:59:59-04:00
No Frills,8173721,DELUXE BOUQUET,20.0,2026-10-08T00:00:00-04:00,2026-10-14T22:59:59-04:00
No Frills,8173721,"FARMER'S MARKET™ LEMONS, 2 LB BAG",4.99,2026-10-08T00:00:00-04:00,2026-10-14T22:59:59-04:00
No Frills,8173721,"RUSSET, RED OR YELLOW POTATOES, 10 LB BAG",4.99,2026-10-08T00:00:00-04:00,2026-10-14T22:59:59-04:00
No Frills,8173721,"PC® SCOOP SHOP, 946 ML OR CHAPMAN'S SUPER NOVELTIES, 8-20'S",5.0,2026-10-08T00:00:00-04:00,2026-10-14T22:59:59-04:00
No Frills,8173721,"KRAFT SINGLES, 410 G",4.0,2026-10-08T00:00:00-04:00,2026-10-14T22:59:59-04:00
No Frills,8173721,"EXCEL GUM MULTIPACK, 3X18'S",3.5,2026-10-08T00:00:00-04:00,2026-10-14T22:59:59-04:00
No Frills,8173721,"SMOKED STEELHEAD SALMON, 50 G OR YELLOWFIN TUNA STEAK, 92 G",2.0,2026-10-08T00:00:00-04:00,2026-10-14T22:59:59-04:00
No Frills,8173721,"PC® TOPPED HUMMUS, 280 G",4.0,2026-10-08T00:00:00-04:00,2026-10-14T22:59:59-04:00
No Frills,8173721,"EARTH'S OWN BARISTA NON-DAIRY BEVERAGES, 946 ML",4.5,2026-10-08T00:00:00-04:00,2026-10-14T22:59:59-04:00
No Frills,8173721,"BREYERS CREAMERY STYLE ICE CREAM, 1.4/1.41 L",4.5,2026-10-08T00:00:00-04:00,2026-10-14T22:59:59-04:00
No Frills,8173721,"MAGGI SAUCE, 340 ML",4.0,2026-10-08T00:00:00-04:00,2026-10-14T22:59:59-04:00
No Frills,8173721,"PALDO VOLCANO CHICKEN NOODLES, 520/560 G",5.88,2026-10-08T00:00:00-04:00,2026-10-14T22:59:59-04:00
No Frills,8173721,"CHRISTIE CRISPERS OR BITS & BITES ALL DRESSED, 145 G",2.0,2026-10-08T00:00:00-04:00,2026-10-14T22:59:59-04:00
No Frills,8173721,"JELL-O REFRIGERATED DESSERTS, 4X89-106 G",3.25,2026-10-08T00:00:00-04:00,2026-10-14T22:59:59-04:00
No Frills,8173721,"MARZETTI DIPS, 340 G",4.0,2026-10-08T00:00:00-04:00,2026-10-14T22:59:59-04:00
No Frills,8173721,"CHEEZ-IT CRACKERS, 191/200 G",2.0,2026-10-08T00:00:00-04:00,2026-10-14T22:59:59-04:00
No Frills,8173721,METHI LEAF,1.99,2026-10-08T00:00:00-04:00,2026-10-14T22:59:59-04:00
No Frills,8173721,"KRAFT PEANUT BUTTER, 750 G / 1 KG",5.97,2026-10-08T00:00:00-04:00,2026-10-14T22:59:59-04:00
No Frills,8173721,"NESTLÉ CONFECTIONERY FROZEN DESSERT, 1.5 L OR NOVELTIES, 4-10'S",5.0,2026-10-08T00:00:00-04:00,2026-10-14T22:59:59-04:00
No Frills,8173721,"HAPPY DAIRY PANEER, 300 G",4.79,2026-10-08T00:00:00-04:00,2026-10-14T22:59:59-04:00
No Frills,8173721,"KD MACARONI AND CHEESE, 156 - 175 G",1.0,2026-10-08T00:00:00-04:00,2026-10-14T22:59:59-04:00
No Frills,8173721,"CHEEMO PEROGIES, 745/907 G",3.0,2026-10-08T00:00:00-04:00,2026-10-14T22:59:59-04:00
No Frills,8173721,"DARE BEAR PAWS, 168 - 210 G",1.75,2026-10-08T00:00:00-04:00,2026-10-14T22:59:59-04:00
No Frills,8173721,"KELLOGG'S CEREAL, 306-525 G",4.0,2026-10-08T00:00:00-04:00,2026-10-14T22:59:59-04:00
No Frills,8173721,ZIGGY'S PASTA 350 G OR RESER'S SALADS 425/454 G,2.5,2026-10-08T00:00:00-04:00,2026-10-14T22:59:59-04:00
No Frills,8173721,"BOURSIN SOFT CHEESE, 150/220 G",4.67,2026-10-08T00:00:00-04:00,2026-10-14T22:59:59-04:00
No Frills,8173721,"NEILSON ULTRAFILTERED MILK, 1 L",5.0,2026-10-08T00:00:00-04:00,2026-10-14T22:59:59-04:00
No Frills,8173721,ATLANTIC SALMON FILLET,9.99,2026-10-08T00:00:00-04:00,2026-10-14T22:59:59-04:00
No Frills,8173721,"SUNFLOWERS, 5 STEM",9.0,2026-10-08T00:00:00-04:00,2026-10-14T22:59:59-04:00
No Frills,8173721,"MAPLE LEAF BONELESS SKINLESS CHICKEN BREAST, UP TO 508 G",8.0,2026-10-08T00:00:00-04:00,2026-10-14T22:59:59-04:00
No Frills,8173721,"HERSHEY'S, REESE'S OR BROOKSIDE CHOCOLATE POUCHES, 160-235 G",4.5,2026-10-08T00:00:00-04:00,2026-10-14T22:59:59-04:00
No Frills,8173721,"SEAQUEST® WHOLE TILAPIA,1.36 KG",9.0,2026-10-08T00:00:00-04:00,2026-10-14T22:59:59-04:00
No Frills,8173721,"SEAQUEST® PACIFIC WHITE SHRIMP, 16-20 PER LB, 300 G",8.0,2026-10-08T00:00:00-04:00,2026-10-14T22:59:59-04:00
No Frills,8173721,"KRAFT SALAD DRESSING, 425 ML",3.0,2026-10-08T00:00:00-04:00,2026-10-14T22:59:59-04:00
No Frills,8173721,PORK COMBO CHOPS,5.0,2026-10-08T00:00:00-04:00,2026-10-14T22:59:59-04:00
No Frills,8173721,"KELLOGG'S EGGO WAFFLES, 8'S",3.5,2026-10-08T00:00:00-04:00,2026-10-14T22:59:59-04:00
No Frills,8173721,LONG EGGPLANT,2.99,2026-10-08T00:00:00-04:00,2026-10-14T22:59:59-04:00
No Frills,8173721,"BRAR'S DAIRY MAKHANI BUTTER, 250 G",5.49,2026-10-08T00:00:00-04:00,2026-10-14T22:59:59-04:00
