merchant,flyer_id,name,price,valid_from,valid_to
FreshCo,8088314,"Billy Bee Natural Honey, 1 kg",8.98,2026-08-20T00:00:00-04:00,2026-08-26T23:59:59-04:00
FreshCo,8088314,"Bibigo Dumplings or Mini Wontons, 680 g",6.98,2026-08-20T00:00:00-04:00,2026-08-26T23:59:59-04:00
FreshCo,8088314,"AROY-D Coconut Milk, 400 mL",1.88,2026-08-20T00:00:00-04:00,2026-08-26T23:59:59-04:00
FreshCo,8088314,Roma Tomatoes Bell Peppers,1.97,2026-08-20T00:00:00-04:00,2026-08-26T23:59:59-04:00
FreshCo,8088314,O'Food Seaweed Snack 15 g Selected Varieties,1.98,2026-08-20T00:00:00-04:00,2026-08-26T23:59:59-04:00
FreshCo,8088314,Glico Pocky Biscuit Sticks or Lotte Mochi Ice Cream 270 mL Selected Varieties,3.98,2026-08-20T00:00:00-04:00,2026-08-26T23:59:59-04:00
FreshCo,8088314,"Dove Deodorant or Antiperspirant, 45-74 g, Shampoo or Conditioner, 355 mL, Body Wash, 325 mL or Soap Bars 3 pk Selected Varieties",4.97,2026-08-20T00:00:00-04:00,2026-08-26T23:59:59-04:00
FreshCo,8088314,"MadeGood Organic Granola Bars, Minis or Crispy Squares 120-132 g",3.49,2026-08-20T00:00:00-04:00,2026-08-26T23:59:59-04:00
FreshCo,8088314,Yop Yogurt Drinks 200 mL,0.99,2026-08-20T00:00:00-04:00,2026-08-26T23:59:59-04:00
FreshCo,8088314,Reese's Multi-Packs 172-232 g or Packaged Candy 160-210 g Assorted Varieties,4.79,2026-08-20T00:00:00-04:00,2026-08-26T23:59:59-04:00
FreshCo,8088314,KJ Dumplings or Pork Buns 380-450 g Selected Varieties,2.88,2026-08-20T00:00:00-04:00,2026-08-26T23:59:59-04:00
FreshCo,8088314,Swanson Chicken Broth 412 mL,1.18,2026-08-20T00:00:00-04:00,2026-08-26T23:59:59-04:00
FreshCo,8088314,ChaCha Sunflower Seeds 260 g Selected Varieties,2.28,2026-08-20T00:00:00-04:00,2026-08-26T23:59:59-04:00
FreshCo,8088314,Lee Kum Kee Hoisin Sauce 445 mL or Oyster Sauce 510 g,3.49,2026-08-20T00:00:00-04:00,2026-08-26T23:59:59-04:00
FreshCo,8088314,Rubicon Juice,2.49,2026-08-20T00:00:00-04:00,2026-08-26T23:59:59-04:00
FreshCo,8088314,"Brar's Gulab Jamun, 850 g",6.99,2026-08-20T00:00:00-04:00,2026-08-26T23:59:59-04:00
FreshCo,8088314,Compliments Breakfast or Dinner Sausages 375-500 g,5.0,2026-08-20T00:00:00-04:00,2026-08-26T23:59:59-04:00
FreshCo,8088314,MarcAngelo Bacon Wrapped Beef or Chicken Medallions 340-452 g,11.0,2026-08-20T00:00:00-04:00,2026-08-26T23:59:59-04:00
FreshCo,8088314,English Muffins 340 g or Compliments Buns 8 pk,2.27,2026-08-20T00:00:00-04:00,2026-08-26T23:59:59-04:00
FreshCo,8088314,"Monsieur Gustav Gouda 170 g, Double Crème 125 g or Jarlsberg or Frico Slices 120-150 g",4.97,2026-08-20T00:00:00-04:00,2026-08-26T23:59:59-04:00
FreshCo,8088314,"Mina Halal Breaded Chicken, 552-600 g",7.97,2026-08-20T00:00:00-04:00,2026-08-26T23:59:59-04:00
FreshCo,8088314,Avocados 5 pk Product of Mexico or Blueberries Pint Product of Atlantic Canada No. 1,4.97,2026-08-20T00:00:00-04:00,2026-08-26T23:59:59-04:00
FreshCo,8088314,Kraft Slices 410 g,3.97,2026-08-20T00:00:00-04:00,2026-08-26T23:59:59-04:00
FreshCo,8088314,"Nestlé Chocolates, 50 pk 485 g",9.97,2026-08-20T00:00:00-04:00,2026-08-26T23:59:59-04:00
FreshCo,8088314,Pillsbury Pizza Pops 30 pk 2.85 kg,17.97,2026-08-20T00:00:00-04:00,2026-08-26T23:59:59-04:00
FreshCo,8088314,Paldo Instant Noodle Bowl 12x86 g Selected Varieties,9.98,2026-08-20T00:00:00-04:00,2026-08-26T23:59:59-04:00
FreshCo,8088314,International Delight Coffee Whitener 946 mL,3.97,2026-08-20T00:00:00-04:00,2026-08-26T23:59:59-04:00
FreshCo,8088314,Compliments Bagged Oranges,5.97,2026-08-20T00:00:00-04:00,2026-08-26T23:59:59-04:00
FreshCo,8088314,Cauliflower,2.77,2026-08-20T00:00:00-04:00,2026-08-26T23:59:59-04:00
FreshCo,8088314,"Quaker Instant Oatmeal, 232-344 g",3.0,2026-08-20T00:00:00-04:00,2026-08-26T23:59:59-04:00
FreshCo,8088314,"Natrel Fine Filtered Milk, 2 L",3.97,2026-08-20T00:00:00-04:00,2026-08-26T23:59:59-04:00
FreshCo,8088314,Kraft Dinner 12 pk,9.97,2026-08-20T00:00:00-04:00,2026-08-26T23:59:59-04:00
FreshCo,8088314,General Mills Family Size Cereal 526-778 g,4.99,2026-08-20T00:00:00-04:00,2026-08-26T23:59:59-04:00
FreshCo,8088314,Oakrun Crumpets 6 pk,2.0,2026-08-20T00:00:00-04:00,2026-08-26T23:59:59-04:00
FreshCo,8088314,Nestlé Real Dairy & Confectionery Frozen Dessert 1.5 L or Drumstick or Novelties 4-10 pk 55-140 mL,3.94,2026-08-20T00:00:00-04:00,2026-08-26T23:59:59-04:00
FreshCo,8088314,Aman's Suji Rusk 600 g,3.99,2026-08-20T00:00:00-04:00,2026-08-26T23:59:59-04:00
FreshCo,8088314,Maynards Fun Treats 45 pk 562 g,8.99,2026-08-20T00:00:00-04:00,2026-08-26T23:59:59-04:00
FreshCo,8088314,"Fontaine Santé Hummus, 227-260 g or San Daniele Mortadella, 175 g",3.47,2026-08-20T00:00:00-04:00,2026-08-26T23:59:59-04:00
FreshCo,8088314,Kikkoman Panko Bread Crumbs 227 g,3.48,2026-08-20T00:00:00-04:00,2026-08-26T23:59:59-04:00
FreshCo,8088314,Yellow Asian Pears Product of China Fancy Grade,1.48,2026-08-20T00:00:00-04:00,2026-08-26T23:59:59-04:00
FreshCo,8088314,Biscuits,1.29,2026-08-20T00:00:00-04:00,2026-08-26T23:59:59-04:00
FreshCo,8088314,Brar's Samosas,5.99,2026-08-20T00:00:00-04:00,2026-08-26T23:59:59-04:00
FreshCo,8088314,Compliments Organic Whole White or Brown Mushrooms 227 g Product of Ontario,2.5,2026-08-20T00:00:00-04:00,2026-08-26T23:59:59-04:00
FreshCo,8088314,Becel Margarine 800 g,6.99,2026-08-20T00:00:00-04:00,2026-08-26T23:59:59-04:00
FreshCo,8088314,Hershey's Chocolates 25 pk 375-390 g,6.49,2026-08-20T00:00:00-04:00,2026-08-26T23:59:59-04:00
FreshCo,8088314,"Cheetos 170-285 g, Miss Vickie's 180-200 g or SunChips 205 g",3.47,2026-08-20T00:00:00-04:00,2026-08-26T23:59:59-04:00
FreshCo,8088314,Huy Fong Sriracha Hot Chili Sauce 714 mL or Kikkoman Soy Sauce 591 mL,5.48,2026-08-20T00:00:00-04:00,2026-08-26T23:59:59-04:00
FreshCo,8088314,"Aman's Besan Super Fine Flour, 1.81 kg",5.99,2026-08-20T00:00:00-04:00,2026-08-26T23:59:59-04:00
FreshCo,8088314,Tata Tea Bags Orange Pekoe 220 pk,7.99,2026-08-20T00:00:00-04:00,2026-08-26T23:59:59-04:00
FreshCo,8088314,White Guava,4.97,2026-08-20T00:00:00-04:00,2026-08-26T23:59:59-04:00
FreshCo,8088314,"Lipton Tea Bags Green Tea, 100 pk, Yellow Label, 100 pk or Red Rose Tea Bags Orange Pekoe, 140 pk",6.99,2026-08-20T00:00:00-04:00,2026-08-26T23:59:59-04:00
FreshCo,8088314,Starbucks by Nespresso Vertuo Coffee Pods,12.99,2026-08-20T00:00:00-04:00,2026-08-26T23:59:59-04:00
FreshCo,8088314,"Maxwell House Instant Coffee, 150 g",5.99,2026-08-20T00:00:00-04:00,2026-08-26T23:59:59-04:00
FreshCo,8088314,Taco Bell Taco Kits 260-420 g or Creamy Sauce 354 mL,3.97,2026-08-20T00:00:00-04:00,2026-08-26T23:59:59-04:00
FreshCo,8088314,"Dr. Oetker Pizza Giuseppe Rising or Thin Crust, 439-785 g or Easy Pizzi, 573-600 g",5.99,2026-08-20T00:00:00-04:00,2026-08-26T23:59:59-04:00
FreshCo,8088314,Coca-Cola or Pepsi Soft Drinks,4.27,2026-08-20T00:00:00-04:00,2026-08-26T23:59:59-04:00
FreshCo,8088314,"Yellow Flesh Peaches 3 L or Nectarines 2 L Product of Ontario, Canada No. 1",6.97,2026-08-20T00:00:00-04:00,2026-08-26T23:59:59-04:00
FreshCo,8088314,Strawberries,5.97,2026-08-20T00:00:00-04:00,2026-08-26T23:59:59-04:00
FreshCo,8088314,"Tootsie Roll Snack Bars, 35 pk 599 g",6.99,2026-08-20T00:00:00-04:00,2026-08-26T23:59:59-04:00
FreshCo,8088314,Airheads Mini Bars 340 g,3.99,2026-08-20T00:00:00-04:00,2026-08-26T23:59:59-04:00
FreshCo,8088314,Fruit Snacks,10.99,2026-08-20T00:00:00-04:00,2026-08-26T23:59:59-04:00
FreshCo,8088314,Bok Choy or Flat or Nappa Cabbage Product of Canada 1.94/kg,0.88,2026-08-20T00:00:00-04:00,2026-08-26T23:59:59-04:00
FreshCo,8088314,Pomelo Product of China,2.98,2026-08-20T00:00:00-04:00,2026-08-26T23:59:59-04:00
FreshCo,8088314,Spinach or Methi Bunch Product of Canada,1.97,2026-08-20T00:00:00-04:00,2026-08-26T23:59:59-04:00
FreshCo,8088314,Cilantro Bunch,1.47,2026-08-20T00:00:00-04:00,2026-08-26T23:59:59-04:00
FreshCo,8088314,"Brar's Rasmalai, 850-908 g",8.99,2026-08-20T00:00:00-04:00,2026-08-26T23:59:59-04:00
FreshCo,8088314,Deep Bhindi Cut or Whole 340 g,1.29,2026-08-20T00:00:00-04:00,2026-08-26T23:59:59-04:00
FreshCo,8088314,Deep Mango Pulp 850 g,3.49,2026-08-20T00:00:00-04:00,2026-08-26T23:59:59-04:00
FreshCo,8088314,"Surati Snacks, 250-341 g",2.49,2026-08-20T00:00:00-04:00,2026-08-26T23:59:59-04:00
FreshCo,8088314,Compliments Smoked Sausages or Schneiders Original Juicy Jumbos,10.97,2026-08-20T00:00:00-04:00,2026-08-26T23:59:59-04:00
FreshCo,8088314,Schneiders Pepperettes,7.97,2026-08-20T00:00:00-04:00,2026-08-26T23:59:59-04:00
FreshCo,8088314,Tim Hortons Ground Coffee 300 g or Single Serve K-Cups 10-12 pk,11.99,2026-08-20T00:00:00-04:00,2026-08-26T23:59:59-04:00
FreshCo,8088314,Tre Stelle Feta Cheese Tub 375 g,8.47,2026-08-20T00:00:00-04:00,2026-08-26T23:59:59-04:00
FreshCo,8088314,"Danone Oikos Yogurt, 4 pk",3.99,2026-08-20T00:00:00-04:00,2026-08-26T23:59:59-04:00
FreshCo,8088314,Jamieson Vitamin C 500mg or Vitamin D 1000 IU 75-240 pk Selected Varieties,5.99,2026-08-20T00:00:00-04:00,2026-08-26T23:59:59-04:00
FreshCo,8088314,Softsoap Hand Soap Refill 1.47 L,6.97,2026-08-20T00:00:00-04:00,2026-08-26T23:59:59-04:00
FreshCo,8088314,Italpasta,2.27,2026-08-20T00:00:00-04:00,2026-08-26T23:59:59-04:00
FreshCo,8088314,Kraft Peanut Butter 500 g or Cheez Whiz 450 g or Cheez Whiz 450 g,3.97,2026-08-20T00:00:00-04:00,2026-08-26T23:59:59-04:00
FreshCo,8088314,Smucker's Uncrustables Sandwich 10x58 g,9.97,2026-08-20T00:00:00-04:00,2026-08-26T23:59:59-04:00
FreshCo,8088314,"Chupa Chups Candy, 25 pk",3.99,2026-08-20T00:00:00-04:00,2026-08-26T23:59:59-04:00
FreshCo,8088314,Pringles Chips 456 g,10.99,2026-08-20T00:00:00-04:00,2026-08-26T23:59:59-04:00
FreshCo,8088314,Hershey King Size Bars 62-85 g Assorted Varieties,1.79,2026-08-20T00:00:00-04:00,2026-08-26T23:59:59-04:00
FreshCo,8088314,Indomie Instant Noodles 400-425 g Selected Varieties,2.98,2026-08-20T00:00:00-04:00,2026-08-26T23:59:59-04:00
FreshCo,8088314,Binggrae Flavoured Milk Drink 6x200 mL Selected Varieties,6.98,2026-08-20T00:00:00-04:00,2026-08-26T23:59:59-04:00
FreshCo,8088314,"Seedless Cucumber Product of Canada, Canada No. 1",0.97,2026-08-20T00:00:00-04:00,2026-08-26T23:59:59-04:00
FreshCo,8088314,Christie Cookies 224-303 g or Crackers 180 g Selected Varieties #Cookies or Crackers#,2.27,2026-08-20T00:00:00-04:00,2026-08-26T23:59:59-04:00
FreshCo,8088314,Larsen Wieners 375 g,2.77,2026-08-20T00:00:00-04:00,2026-08-26T23:59:59-04:00
FreshCo,8088314,"Romaine Hearts, 3 pk or Corn Trap, 4 pk",3.97,2026-08-20T00:00:00-04:00,2026-08-26T23:59:59-04:00
FreshCo,8088314,"Janes Ultimates Breaded or Battered Fish or Lightly Dusted Fish, 450-545 g",13.97,2026-08-20T00:00:00-04:00,2026-08-26T23:59:59-04:00
FreshCo,8088314,Compliments Baby Spinach or Spring Mix 312 g Product of Canada,5.0,2026-08-20T00:00:00-04:00,2026-08-26T23:59:59-04:00
FreshCo,8088314,Palmolive Dish Soap,8.99,2026-08-20T00:00:00-04:00,2026-08-26T23:59:59-04:00
FreshCo,8088314,"Clorox Bleach, 2.4 L Or Pine-Sol Cleaner, 1.41 L",4.49,2026-08-20T00:00:00-04:00,2026-08-26T23:59:59-04:00
FreshCo,8088314,"Snack Pack Puddings or Gels, 4 pk",1.99,2026-08-20T00:00:00-04:00,2026-08-26T23:59:59-04:00
FreshCo,8088314,Foco Coconut Water,2.48,2026-08-20T00:00:00-04:00,2026-08-26T23:59:59-04:00
FreshCo,8088314,Maxwell House Coffee 864-900 g,15.99,2026-08-20T00:00:00-04:00,2026-08-26T23:59:59-04:00
FreshCo,8088314,Kellogg's Core Bars 125-384 g or Nature Valley Granola Bars or Betty Crocker Fruit Snacks 128-230 g,2.49,2026-08-20T00:00:00-04:00,2026-08-26T23:59:59-04:00
FreshCo,8088314,Maple Leaf Top Dogs or Schneiders Red Hots 375 g,5.97,2026-08-20T00:00:00-04:00,2026-08-26T23:59:59-04:00
FreshCo,8088314,San Daniele Prosciutto 100 g or Mastro Genoa Salami 125-150 g,3.97,2026-08-20T00:00:00-04:00,2026-08-26T23:59:59-04:00
FreshCo,8088314,Christie Family Size Crackers Selected Varieties 345-454 g or Premium Plus 402-500 g,3.99,2026-08-20T00:00:00-04:00,2026-08-26T23:59:59-04:00
FreshCo,8088314,Skipjack 170 g or Flavoured Tuna 85 g,1.75,2026-08-20T00:00:00-04:00,2026-08-26T23:59:59-04:00
FreshCo,8088314,"Oasis, Del Monte or AriZona Iced Tea Drink Boxes",3.49,2026-08-20T00:00:00-04:00,2026-08-26T23:59:59-04:00
FreshCo,8088314,"Kikkoman Teriyaki Sauce, 591 mL",5.98,2026-08-20T00:00:00-04:00,2026-08-26T23:59:59-04:00
FreshCo,8088314,ITO EN Oi Ocha Green Tea or Jasmine Green Tea 500 mL Selected Varieties,1.98,2026-08-20T00:00:00-04:00,2026-08-26T23:59:59-04:00
FreshCo,8088314,"Quaker Crispy Minis, 100 g or Rice Cakes, 127-169 g",2.75,2026-08-20T00:00:00-04:00,2026-08-26T23:59:59-04:00
FreshCo,8088314,"Vachon Snack Cakes, 252-336 g",2.67,2026-08-20T00:00:00-04:00,2026-08-26T23:59:59-04:00
FreshCo,8088314,"Purina ONE Dog Food, 1.72-1.81 kg or Beggin' Dog Treats, 708 g",9.99,2026-08-20T00:00:00-04:00,2026-08-26T23:59:59-04:00
FreshCo,8088314,Kellogg's Family Size Cereal Selected Varieties 450-650 g,5.47,2026-08-20T00:00:00-04:00,2026-08-26T23:59:59-04:00
FreshCo,8088314,Danone Activia Yogurt 12 pk12 pk,6.49,2026-08-20T00:00:00-04:00,2026-08-26T23:59:59-04:00
FreshCo,8088314,"Hershey Singles, 34-58 g",1.09,2026-08-20T00:00:00-04:00,2026-08-26T23:59:59-04:00
FreshCo,8088314,Kadoya Sesame Oil,4.98,2026-08-20T00:00:00-04:00,2026-08-26T23:59:59-04:00
FreshCo,8088314,Gold Kili Instant Matcha Latte 10x25 g,3.98,2026-08-20T00:00:00-04:00,2026-08-26T23:59:59-04:00
FreshCo,8088314,Hershey 50 pk 481-515 g,10.99,2026-08-20T00:00:00-04:00,2026-08-26T23:59:59-04:00
FreshCo,8088314,Tide Simply Liquid Detergent 2.72 L or Downy Fabric Softener 1.66-2.63 L,7.97,2026-08-20T00:00:00-04:00,2026-08-26T23:59:59-04:00
FreshCo,8088314,Our Promise Grass Fed Halal Lean Ground Beef 450 g,4.97,2026-08-20T00:00:00-04:00,2026-08-26T23:59:59-04:00
FreshCo,8088314,Seedless Watermelon,3.97,2026-08-20T00:00:00-04:00,2026-08-26T23:59:59-04:00
FreshCo,8088314,Compliments Large Eggs 12 pk,3.33,2026-08-20T00:00:00-04:00,2026-08-26T23:59:59-04:00
FreshCo,8088314,Schneiders Bacon 100-375 g or Sunrise Bologna 375 g,3.77,2026-08-20T00:00:00-04:00,2026-08-26T23:59:59-04:00
FreshCo,8088314,Prime Raised Without Antibiotics Breaded Chicken,12.97,2026-08-20T00:00:00-04:00,2026-08-26T23:59:59-04:00
FreshCo,8088314,"Dempster's Whole Grains, Signature or Protein Bread 600 g or Bagels 5-6 pk Selected Varieties",2.87,2026-08-20T00:00:00-04:00,2026-08-26T23:59:59-04:00
FreshCo,8088314,Yoplait Source Yogurt Tub 630 g,2.99,2026-08-20T00:00:00-04:00,2026-08-26T23:59:59-04:00
FreshCo,8088314,"Kraft Dinner 156-200 g, KD cups 85 g or Heinz Beans or Pasta 398 mL",1.44,2026-08-20T00:00:00-04:00,2026-08-26T23:59:59-04:00
FreshCo,8088314,"Tetley Orange Pekoe Tea, 216 pk",9.99,2026-08-20T00:00:00-04:00,2026-08-26T23:59:59-04:00
FreshCo,8088314,Nestlé Parlour Frozen Desserts 1.5 L or Novelties 12 pk,3.49,2026-08-20T00:00:00-04:00,2026-08-26T23:59:59-04:00
FreshCo,8088314,Compliments Cookies 300-350 g,3.0,2026-08-20T00:00:00-04:00,2026-08-26T23:59:59-04:00
FreshCo,8088314,Compliments Frozen Entrees Selected Varieties 227-284 g,1.5,2026-08-20T00:00:00-04:00,2026-08-26T23:59:59-04:00
FreshCo,8088314,Compliments Waffles 8 pk 200 g,2.0,2026-08-20T00:00:00-04:00,2026-08-26T23:59:59-04:00
FreshCo,8088314,Compliments Fizzy 1 L or Sparkling Water 503 mL,1.0,2026-08-20T00:00:00-04:00,2026-08-26T23:59:59-04:00
FreshCo,8088314,"Compliments Kettle Chips 200 g, Marshmallows 250 g or Microwave Popcorn 3 pk 240-282 g",2.0,2026-08-20T00:00:00-04:00,2026-08-26T23:59:59-04:00
FreshCo,8088314,Quaker Chewy or Dipps Granola Bars 120-156 g,1.97,2026-08-20T00:00:00-04:00,2026-08-26T23:59:59-04:00
FreshCo,8088314,"Bartlett Pears Product of USA Extra Fancy Grade or Honeycrisp Apples Product of Canada Extra Fancy Grade, 5.45/kg",2.47,2026-08-20T00:00:00-04:00,2026-08-26T23:59:59-04:00
FreshCo,8088314,"Bathroom Tissue 12-24 rolls, SpongeTowels 3-6 rolls or Scotties 6 pk",7.47,2026-08-20T00:00:00-04:00,2026-08-26T23:59:59-04:00
FreshCo,8088314,"Red or Green Seedless Grapes Product of USA, No. 1 Grade 8.75/kg",3.97,2026-08-20T00:00:00-04:00,2026-08-26T23:59:59-04:00
FreshCo,8088314,Compliments Lollipops 500 g,6.99,2026-08-20T00:00:00-04:00,2026-08-26T23:59:59-04:00
FreshCo,8088314,Club House La Grille Seasonings 120-203 g or Blends 111-161 g,4.0,2026-08-20T00:00:00-04:00,2026-08-26T23:59:59-04:00
FreshCo,8088314,Compliments Fruit Drinks 2 L,2.0,2026-08-20T00:00:00-04:00,2026-08-26T23:59:59-04:00
FreshCo,8088314,Heinz Ketchup 750 mL- 1 L or Kraft Miracle Whip 650-890 mL,5.0,2026-08-20T00:00:00-04:00,2026-08-26T23:59:59-04:00
FreshCo,8088314,Herbal Essences Shampoo or Conditioner 346 mL Selected Varieties,3.0,2026-08-20T00:00:00-04:00,2026-08-26T23:59:59-04:00
FreshCo,8088314,Compliments Instant Coffee 150 g,5.0,2026-08-20T00:00:00-04:00,2026-08-26T23:59:59-04:00
FreshCo,8088314,Red Baron Classic Crust Pizza 584-665 g,5.0,2026-08-20T00:00:00-04:00,2026-08-26T23:59:59-04:00
Walmart,8092548,Kids' or adults' Indigenous Proud Every Child Matters tee,15.0,2026-08-20T00:00:00-04:00,2026-08-26T23:59:59-04:00
Walmart,8092548,Red Bull energy drink,8.97,2026-08-20T00:00:00-04:00,2026-08-26T23:59:59-04:00
Walmart,8092548,Hostess Craze snack cakes,2.98,2026-08-20T00:00:00-04:00,2026-08-26T23:59:59-04:00
Walmart,8092548,Strawberries,4.44,2026-08-20T00:00:00-04:00,2026-08-26T23:59:59-04:00
Walmart,8092548,Bachan's Japanese barbecue sauce,11.97,2026-08-20T00:00:00-04:00,2026-08-26T23:59:59-04:00
Walmart,8092548,"The Little Potato Co. D red, yellow or trio potatoes",2.98,2026-08-20T00:00:00-04:00,2026-08-26T23:59:59-04:00
Walmart,8092548,Bachan's Japanese barbecue sauce,11.97,2026-08-20T00:00:00-04:00,2026-08-26T23:59:59-04:00
Walmart,8092548,two-bite brownies or cinnamon rolls,6.42,2026-08-20T00:00:00-04:00,2026-08-26T23:59:59-04:00
Walmart,8092548,two-bite cinnamon rolls,6.42,2026-08-20T00:00:00-04:00,2026-08-26T23:59:59-04:00
Walmart,8092548,iögo nanö drinkable yogurt,3.27,2026-08-20T00:00:00-04:00,2026-08-26T23:59:59-04:00
Walmart,8092548,Red seedless grapes,3.84,2026-08-20T00:00:00-04:00,2026-08-26T23:59:59-04:00
Walmart,8092548,Cantaloupes,3.44,2026-08-20T00:00:00-04:00,2026-08-26T23:59:59-04:00
Walmart,8092548,Tide Pods laundry detergent,18.97,2026-08-20T00:00:00-04:00,2026-08-26T23:59:59-04:00
Walmart,8092548,MadeGood granola bars,2.28,2026-08-20T00:00:00-04:00,2026-08-26T23:59:59-04:00
Walmart,8092548,Sistema Food storage containers,4.47,2026-08-20T00:00:00-04:00,2026-08-26T23:59:59-04:00
Walmart,8092548,Energizer AA16 batteries,11.97,2026-08-20T00:00:00-04:00,2026-08-26T23:59:59-04:00
Walmart,8092548,Black Diamond shreds 320 g,4.92,2026-08-20T00:00:00-04:00,2026-08-26T23:59:59-04:00
Walmart,8092548,"AA16, AAA8 or 9V4 batteries",11.97,2026-08-20T00:00:00-04:00,2026-08-26T23:59:59-04:00
Walmart,8092548,Frito-Lay snacks variety pack 42s,19.97,2026-08-20T00:00:00-04:00,2026-08-26T23:59:59-04:00
Walmart,8092548,Your Fresh Market™ sausages,5.78,2026-08-20T00:00:00-04:00,2026-08-26T23:59:59-04:00
Walmart,8092548,Great Value crackers snack pack,1.58,2026-08-20T00:00:00-04:00,2026-08-26T23:59:59-04:00
Walmart,8092548,Kellogg's Cereal,3.97,2026-08-20T00:00:00-04:00,2026-08-26T23:59:59-04:00
Walmart,8092548,Great Value crackers and cheese snack pack,1.58,2026-08-20T00:00:00-04:00,2026-08-26T23:59:59-04:00
Walmart,8092548,Huggies Superpack Diapers,26.98,2026-08-20T00:00:00-04:00,2026-08-26T23:59:59-04:00
Walmart,8092548,McCain Superfries,2.77,2026-08-20T00:00:00-04:00,2026-08-26T23:59:59-04:00
Walmart,8092548,Enfamil A+ NeuroPro 2 x 445 g Powder Formula Refill,65.47,2026-08-20T00:00:00-04:00,2026-08-26T23:59:59-04:00
Walmart,8092548,Millie Moon luxury diapers,24.98,2026-08-20T00:00:00-04:00,2026-08-26T23:59:59-04:00
Walmart,8092548,Liberté Greek yogurt,3.27,2026-08-20T00:00:00-04:00,2026-08-26T23:59:59-04:00
Walmart,8092548,Enfamil A+ Neuropro,65.47,2026-08-20T00:00:00-04:00,2026-08-26T23:59:59-04:00
Walmart,8092548,Martha Stewart sourdough hand-stretched pizza,6.97,2026-08-20T00:00:00-04:00,2026-08-26T23:59:59-04:00
Walmart,8092548,Christie mini Snak Paks cookies,2.48,2026-08-20T00:00:00-04:00,2026-08-26T23:59:59-04:00
Walmart,8092548,Huggies Pull-Ups superpack training pants,28.78,2026-08-20T00:00:00-04:00,2026-08-26T23:59:59-04:00
Walmart,8092548,Evenflo Sonus convertible car seat,165.0,2026-08-20T00:00:00-04:00,2026-08-26T23:59:59-04:00
Walmart,8092548,Swanson Skillet,9.97,2026-08-20T00:00:00-04:00,2026-08-26T23:59:59-04:00
Walmart,8092548,"Pampers Swaddlers, Swaddlers 3600 or Cruisers 3600 huge pack diapers",34.97,2026-08-20T00:00:00-04:00,2026-08-26T23:59:59-04:00
Walmart,8092548,Evenflo Sonus convertible car seat,165.0,2026-08-20T00:00:00-04:00,2026-08-26T23:59:59-04:00
Walmart,8092548,Ginger root,1.97,2026-08-20T00:00:00-04:00,2026-08-26T23:59:59-04:00
Walmart,8092548,Authentic Asia soup,3.98,2026-08-20T00:00:00-04:00,2026-08-26T23:59:59-04:00
Walmart,8092548,Puck cheese triangles,3.27,2026-08-20T00:00:00-04:00,2026-08-26T23:59:59-04:00
Walmart,8092548,Authentic Asia soup,3.98,2026-08-20T00:00:00-04:00,2026-08-26T23:59:59-04:00
Walmart,8092548,Haesong Seaweed Snack,2.97,2026-08-20T00:00:00-04:00,2026-08-26T23:59:59-04:00
Walmart,8092548,Cocon pudding,3.97,2026-08-20T00:00:00-04:00,2026-08-26T23:59:59-04:00
Walmart,8092548,Mina halal chicken breast dino nuggets,8.47,2026-08-20T00:00:00-04:00,2026-08-26T23:59:59-04:00
Walmart,8092548,M.Y. San SkyFlakes crackers,5.98,2026-08-20T00:00:00-04:00,2026-08-26T23:59:59-04:00
Walmart,8092548,Hsu Fu Chi assorted candies,6.98,2026-08-20T00:00:00-04:00,2026-08-26T23:59:59-04:00
Walmart,8092548,Purple Passion Fruit,0.98,2026-08-20T00:00:00-04:00,2026-08-26T23:59:59-04:00
Walmart,8092548,Foong's Kitchen shrimp and pork wonton,5.98,2026-08-20T00:00:00-04:00,2026-08-26T23:59:59-04:00
Walmart,8092548,Hsu Fu Chi assorted candies,6.98,2026-08-20T00:00:00-04:00,2026-08-26T23:59:59-04:00
Walmart,8092548,"Bestier 42"" LED gaming desk",79.99,2026-08-20T00:00:00-04:00,2026-08-26T23:59:59-04:00
Walmart,8092548,Listerine mouthwash,4.98,2026-08-20T00:00:00-04:00,2026-08-26T23:59:59-04:00
Walmart,8092548,Listerine mouthwash,4.98,2026-08-20T00:00:00-04:00,2026-08-26T23:59:59-04:00
Walmart,8092548,Listerine Total Care or Ultra Clean mouthwash,11.98,2026-08-20T00:00:00-04:00,2026-08-26T23:59:59-04:00
Walmart,8092548,Quaker instant oatmeal,2.77,2026-08-20T00:00:00-04:00,2026-08-26T23:59:59-04:00
Walmart,8092548,Eggo waffles or pancakes 8-pack,2.97,2026-08-20T00:00:00-04:00,2026-08-26T23:59:59-04:00
Walmart,8092548,Great Value butter,4.97,2026-08-20T00:00:00-04:00,2026-08-26T23:59:59-04:00
Walmart,8092548,Goldfish crackers,2.48,2026-08-20T00:00:00-04:00,2026-08-26T23:59:59-04:00
Walmart,8092548,Roma or Cluster tomatoes,2.42,2026-08-20T00:00:00-04:00,2026-08-26T23:59:59-04:00
Walmart,8092548,iögo nanö drinkable yogurt,3.27,2026-08-20T00:00:00-04:00,2026-08-26T23:59:59-04:00
Walmart,8092548,Clover Leaf tuna,1.24,2026-08-20T00:00:00-04:00,2026-08-26T23:59:59-04:00
Walmart,8092548,Black Diamond Cheestrings 16s,5.97,2026-08-20T00:00:00-04:00,2026-08-26T23:59:59-04:00
Walmart,8092548,Allen's juice,2.98,2026-08-20T00:00:00-04:00,2026-08-26T23:59:59-04:00
Walmart,8092548,Food storage containers,4.47,2026-08-20T00:00:00-04:00,2026-08-26T23:59:59-04:00
Walmart,8092548,Hamilton Beach 3.3-cu. ft. Mini fridge with freezer,119.97,2026-08-20T00:00:00-04:00,2026-08-26T23:59:59-04:00
Walmart,8092548,French's ketchup,2.97,2026-08-20T00:00:00-04:00,2026-08-26T23:59:59-04:00
Walmart,8092548,Blueberries,3.84,2026-08-20T00:00:00-04:00,2026-08-26T23:59:59-04:00
Walmart,8092548,"AA16, AAA8 or 9V4 batteries",11.97,2026-08-20T00:00:00-04:00,2026-08-26T23:59:59-04:00
Walmart,8092548,Your Fresh Market™ chocolate chip cookies value pack,7.98,2026-08-20T00:00:00-04:00,2026-08-26T23:59:59-04:00
Walmart,8092548,Royale 2-ply bathroom tissue 24 = 48 rolls,11.97,2026-08-20T00:00:00-04:00,2026-08-26T23:59:59-04:00
Walmart,8092548,AXE body spray,3.96,2026-08-20T00:00:00-04:00,2026-08-26T23:59:59-04:00
Walmart,8092548,Great Value bacon,5.47,2026-08-20T00:00:00-04:00,2026-08-26T23:59:59-04:00
Walmart,8092548,Your Fresh Market™ BBQ or herb & garlic chicken,11.57,2026-08-20T00:00:00-04:00,2026-08-26T23:59:59-04:00
Walmart,8092548,Welch's fruit snacks,7.94,2026-08-20T00:00:00-04:00,2026-08-26T23:59:59-04:00
Walmart,8092548,Huggies Pull-Ups superpack pants training pant,28.78,2026-08-20T00:00:00-04:00,2026-08-26T23:59:59-04:00
Walmart,8092548,Royalty digestives,2.48,2026-08-20T00:00:00-04:00,2026-08-26T23:59:59-04:00
Walmart,8092548,Foong's Kitchen shrimp and pork wonton or Authentic Asia ducks breasts,5.98,2026-08-20T00:00:00-04:00,2026-08-26T23:59:59-04:00
Walmart,8092548,Orion chips,3.88,2026-08-20T00:00:00-04:00,2026-08-26T23:59:59-04:00
Walmart,8092548,Tim Hortons coffee or tea K-cup 30s,19.86,2026-08-20T00:00:00-04:00,2026-08-26T23:59:59-04:00
Walmart,8092548,I Can't Believe It's Not Butter!,1.97,2026-08-20T00:00:00-04:00,2026-08-26T23:59:59-04:00
Walmart,8092548,Maple Leaf bone-in pork chop combo pack,3.62,2026-08-20T00:00:00-04:00,2026-08-26T23:59:59-04:00
Walmart,8092548,Clover Leaf tuna,1.24,2026-08-20T00:00:00-04:00,2026-08-26T23:59:59-04:00
Walmart,8092548,Purina ONE dry dog food,28.63,2026-08-20T00:00:00-04:00,2026-08-26T23:59:59-04:00
Walmart,8092548,Seedless Cucumbers,1.44,2026-08-20T00:00:00-04:00,2026-08-26T23:59:59-04:00
Walmart,8092548,Maple Leaf fresh chicken drumsticks,3.38,2026-08-20T00:00:00-04:00,2026-08-26T23:59:59-04:00
Walmart,8092548,Huggies superpack diapers,26.98,2026-08-20T00:00:00-04:00,2026-08-26T23:59:59-04:00
Walmart,8092548,Pampers Swaddlers huge pack diapers,34.97,2026-08-20T00:00:00-04:00,2026-08-26T23:59:59-04:00
Walmart,8092548,Great Value Italian-style chicken and beef meatballs,9.98,2026-08-20T00:00:00-04:00,2026-08-26T23:59:59-04:00
Walmart,8092548,5 GUM sugar-free gum,4.38,2026-08-20T00:00:00-04:00,2026-08-26T23:59:59-04:00
Walmart,8092548,Goldfish crackers,2.48,2026-08-20T00:00:00-04:00,2026-08-26T23:59:59-04:00
Walmart,8092548,Christie cookies,2.48,2026-08-20T00:00:00-04:00,2026-08-26T23:59:59-04:00
Walmart,8092548,Royale 2-ply bathroom tissue 24 = 48 rolls,11.97,2026-08-20T00:00:00-04:00,2026-08-26T23:59:59-04:00
Walmart,8092548,MadeGood granola bars,2.28,2026-08-20T00:00:00-04:00,2026-08-26T23:59:59-04:00
Walmart,8092548,Your Fresh Market™ sausages,5.78,2026-08-20T00:00:00-04:00,2026-08-26T23:59:59-04:00
Walmart,8092548,Friskies 156 g Wet Cat Food,1.0,2026-08-20T00:00:00-04:00,2026-08-26T23:59:59-04:00
Walmart,8092548,Pillsbury Pizza Pops 4-pack,2.94,2026-08-20T00:00:00-04:00,2026-08-26T23:59:59-04:00
Walmart,8092548,Disney Princess role-play dress,29.98,2026-08-20T00:00:00-04:00,2026-08-26T23:59:59-04:00
Walmart,8092548,Disney Princess dolls,13.96,2026-08-20T00:00:00-04:00,2026-08-26T23:59:59-04:00
Walmart,8092548,Listerine PocketMist Cool Mint oral care mist,5.77,2026-08-20T00:00:00-04:00,2026-08-26T23:59:59-04:00
Walmart,8092548,Listerine Total Care Mouthwash,11.98,2026-08-20T00:00:00-04:00,2026-08-26T23:59:59-04:00
Walmart,8092548,Listerine Smart Rinse kids' mouthwash,6.72,2026-08-20T00:00:00-04:00,2026-08-26T23:59:59-04:00
Walmart,8092548,Downy in-wash scent booster beads,18.97,2026-08-20T00:00:00-04:00,2026-08-26T23:59:59-04:00
Walmart,8092548,cluster tomatoes,2.42,2026-08-20T00:00:00-04:00,2026-08-26T23:59:59-04:00
Walmart,8092548,Ruffles chips,3.27,2026-08-20T00:00:00-04:00,2026-08-26T23:59:59-04:00
Walmart,8092548,Chapman's Super sandwich novelties 12 x 120 mL,6.97,2026-08-20T00:00:00-04:00,2026-08-26T23:59:59-04:00
Walmart,8092548,French's ketchup,2.97,2026-08-20T00:00:00-04:00,2026-08-26T23:59:59-04:00
Walmart,8092548,Red or green seedless grapes,3.84,2026-08-20T00:00:00-04:00,2026-08-26T23:59:59-04:00
Walmart,8092548,Ruffles chips,3.27,2026-08-20T00:00:00-04:00,2026-08-26T23:59:59-04:00
Walmart,8092548,"AXE body spray, deodorant or body wash",3.96,2026-08-20T00:00:00-04:00,2026-08-26T23:59:59-04:00
Walmart,8092548,Large seedless watermelon,6.98,2026-08-20T00:00:00-04:00,2026-08-26T23:59:59-04:00
Walmart,8092548,"Janes breaded popcorn chicken or fish, chicken or fish nuggets, trips or burgers",5.98,2026-08-20T00:00:00-04:00,2026-08-26T23:59:59-04:00
Walmart,8092548,Vachon snack cakes,2.98,2026-08-20T00:00:00-04:00,2026-08-26T23:59:59-04:00
Walmart,8092548,Starburst candy sharing bag,2.48,2026-08-20T00:00:00-04:00,2026-08-26T23:59:59-04:00
Walmart,8092548,Welch's fruit snacks,7.94,2026-08-20T00:00:00-04:00,2026-08-26T23:59:59-04:00
Walmart,8092548,Disney Princess 2 Piece Comforter Set,54.94,2026-08-20T00:00:00-04:00,2026-08-26T23:59:59-04:00
Walmart,8092548,King's Hawaiian rolls,4.78,2026-08-20T00:00:00-04:00,2026-08-26T23:59:59-04:00
Walmart,8092548,The Little Potato Co. red potatoes,2.98,2026-08-20T00:00:00-04:00,2026-08-26T23:59:59-04:00
Walmart,8092548,Mini Babybel cheese 6-pack,3.68,2026-08-20T00:00:00-04:00,2026-08-26T23:59:59-04:00
Walmart,8092548,Ben's Original Bistro rice,2.48,2026-08-20T00:00:00-04:00,2026-08-26T23:59:59-04:00
Walmart,8092548,P.F. Chang's entrées,9.97,2026-08-20T00:00:00-04:00,2026-08-26T23:59:59-04:00
Walmart,8092548,Sanpellegrino CIAO! sparkling water,6.97,2026-08-20T00:00:00-04:00,2026-08-26T23:59:59-04:00
Walmart,8092548,Liberté Greek yogurt,3.27,2026-08-20T00:00:00-04:00,2026-08-26T23:59:59-04:00
Walmart,8092548,Enfagrow A+ toddler nutritional powder,38.64,2026-08-20T00:00:00-04:00,2026-08-26T23:59:59-04:00
Walmart,8092548,Skittles candy sharing bag,2.48,2026-08-20T00:00:00-04:00,2026-08-26T23:59:59-04:00
Walmart,8092548,Blackberries,4.44,2026-08-20T00:00:00-04:00,2026-08-26T23:59:59-04:00
Walmart,8092548,Royale facial tissue,19.97,2026-08-20T00:00:00-04:00,2026-08-26T23:59:59-04:00
Walmart,8092548,Fleecy fabric softener 2.6 L,7.97,2026-08-20T00:00:00-04:00,2026-08-26T23:59:59-04:00
Walmart,8092548,Enfagrow A+ toddler nutritional powder,38.64,2026-08-20T00:00:00-04:00,2026-08-26T23:59:59-04:00
Walmart,8092548,"Janes breaded popcorn chicken or fish, chicken or fish nuggets, strips or burgers",5.98,2026-08-20T00:00:00-04:00,2026-08-26T23:59:59-04:00
Walmart,8092548,Great Value butter,4.97,2026-08-20T00:00:00-04:00,2026-08-26T23:59:59-04:00
Walmart,8092548,Nature Valley granola bars,2.47,2026-08-20T00:00:00-04:00,2026-08-26T23:59:59-04:00
Walmart,8092548,Oatmeal Crisp Protein cereal,4.87,2026-08-20T00:00:00-04:00,2026-08-26T23:59:59-04:00
Walmart,8092548,Moana Pua set Set,99.86,2026-08-20T00:00:00-04:00,2026-08-26T23:59:59-04:00
Walmart,8092548,Ben's Original Bistro rice,2.48,2026-08-20T00:00:00-04:00,2026-08-26T23:59:59-04:00
Walmart,8092548,Maui Moisture shampoo,9.93,2026-08-20T00:00:00-04:00,2026-08-26T23:59:59-04:00
Walmart,8092548,Disney Princess Role-Play Dress,29.98,2026-08-20T00:00:00-04:00,2026-08-26T23:59:59-04:00
Walmart,8092548,Annie's macaroni and cheese,1.94,2026-08-20T00:00:00-04:00,2026-08-26T23:59:59-04:00
Walmart,8092548,Always pads or liners,10.48,2026-08-20T00:00:00-04:00,2026-08-26T23:59:59-04:00
Walmart,8092548,Christie cookies,2.48,2026-08-20T00:00:00-04:00,2026-08-26T23:59:59-04:00
Walmart,8092548,Farmers 1% chocolate milk,2.48,2026-08-20T00:00:00-04:00,2026-08-26T23:59:59-04:00
Walmart,8092548,Eggo waffles or pancakes 8-pack,2.97,2026-08-20T00:00:00-04:00,2026-08-26T23:59:59-04:00
Walmart,8092548,Red Bull energy drink,8.97,2026-08-20T00:00:00-04:00,2026-08-26T23:59:59-04:00
Walmart,8092548,Dr. Oetker Suprema Suprema or Giuseppe Pizzeria stuffed crust frozen pizza,6.97,2026-08-20T00:00:00-04:00,2026-08-26T23:59:59-04:00
Walmart,8092548,The Laughing Cow spreadable cheese 8-pack,3.68,2026-08-20T00:00:00-04:00,2026-08-26T23:59:59-04:00
Walmart,8092548,aMOOza! Twists 12s,5.97,2026-08-20T00:00:00-04:00,2026-08-26T23:59:59-04:00
Walmart,8092548,Nova Eggs Large Eggs,5.87,2026-08-20T00:00:00-04:00,2026-08-26T23:59:59-04:00
Walmart,8092548,Chapman's Premium frozen tubs,6.97,2026-08-20T00:00:00-04:00,2026-08-26T23:59:59-04:00
Walmart,8092548,Black Diamond cheese slices,3.47,2026-08-20T00:00:00-04:00,2026-08-26T23:59:59-04:00
Walmart,8092548,Active noise cancelling over-ear headphones,36.99,2026-08-20T00:00:00-04:00,2026-08-26T23:59:59-04:00
Walmart,8092548,CoolHut high-back ergonomic office chair,137.99,2026-08-20T00:00:00-04:00,2026-08-26T23:59:59-04:00
Walmart,8092548,"Auusda Data Laptop, Win 11 Pro 15.6"" 3050E CPU Home Computer, 16GB RAM 512GB SSD storage",369.99,2026-08-20T00:00:00-04:00,2026-08-26T23:59:59-04:00
Walmart,8092548,"Lecuneey 10"" gel memory foam mattress",158.99,2026-08-20T00:00:00-04:00,2026-08-26T23:59:59-04:00
Walmart,8092548,Gyrocopters J30 electric scooter,239.96,2026-08-20T00:00:00-04:00,2026-08-26T23:59:59-04:00
Walmart,8092548,8-in-1 electric hot oven with digital LED touchscreen,71.99,2026-08-20T00:00:00-04:00,2026-08-26T23:59:59-04:00
Walmart,8092548,"Bestier 49.2"" high LED storage platform bed frame",128.99,2026-08-20T00:00:00-04:00,2026-08-26T23:59:59-04:00
Walmart,8092548,Chewmasters dog treats duck jerky,21.97,2026-08-20T00:00:00-04:00,2026-08-26T23:59:59-04:00
Walmart,8092548,Clorox Clean-Up disinfecting bleach cleaner spray,4.97,2026-08-20T00:00:00-04:00,2026-08-26T23:59:59-04:00
Walmart,8092548,Fancy Feast 85g wet cat food,1.0,2026-08-20T00:00:00-04:00,2026-08-26T23:59:59-04:00
Walmart,8092548,Great Value red colour cups 60s,5.97,2026-08-20T00:00:00-04:00,2026-08-26T23:59:59-04:00
Walmart,8092548,Chewmasters dog treats chicken strips,21.97,2026-08-20T00:00:00-04:00,2026-08-26T23:59:59-04:00
Walmart,8092548,Fleecy dryer sheets 120s,7.97,2026-08-20T00:00:00-04:00,2026-08-26T23:59:59-04:00
Walmart,8092548,Great Value warmer + scented oil,6.97,2026-08-20T00:00:00-04:00,2026-08-26T23:59:59-04:00
Walmart,8092548,Purina Tidy Cats clumping cat litter,19.88,2026-08-20T00:00:00-04:00,2026-08-26T23:59:59-04:00
Walmart,8092548,Ol' Roy dry dog food,27.98,2026-08-20T00:00:00-04:00,2026-08-26T23:59:59-04:00
Walmart,8092548,Great Value warmer + scented oil,6.97,2026-08-20T00:00:00-04:00,2026-08-26T23:59:59-04:00
Walmart,8092548,Purina Tidy Cats clumping cat litter,19.88,2026-08-20T00:00:00-04:00,2026-08-26T23:59:59-04:00
Walmart,8092548,Royale facial tissue,19.97,2026-08-20T00:00:00-04:00,2026-08-26T23:59:59-04:00
Walmart,8092548,Ol' Roy dry dog food,27.98,2026-08-20T00:00:00-04:00,2026-08-26T23:59:59-04:00
Walmart,8092548,Sunlight liquid laundry detergent,9.97,2026-08-20T00:00:00-04:00,2026-08-26T23:59:59-04:00
Walmart,8092548,Charmin bathroom tissue 30 = 90 rolls,21.98,2026-08-20T00:00:00-04:00,2026-08-26T23:59:59-04:00
Walmart,8092548,Vileda Oskar mop,11.47,2026-08-20T00:00:00-04:00,2026-08-26T23:59:59-04:00
Walmart,8092548,Friskies wet cat food multi-pack,26.88,2026-08-20T00:00:00-04:00,2026-08-26T23:59:59-04:00
Walmart,8092548,Kotex liners or teen pads,7.97,2026-08-20T00:00:00-04:00,2026-08-26T23:59:59-04:00
Walmart,8092548,Scope Outlast mouthwash 1L,5.97,2026-08-20T00:00:00-04:00,2026-08-26T23:59:59-04:00
Walmart,8092548,Equate high protein meal replacement shakes,10.97,2026-08-20T00:00:00-04:00,2026-08-26T23:59:59-04:00
Walmart,8092548,Core Power high protein shake,3.97,2026-08-20T00:00:00-04:00,2026-08-26T23:59:59-04:00
Walmart,8092548,Aussie shampoo or conditioner,8.97,2026-08-20T00:00:00-04:00,2026-08-26T23:59:59-04:00
Walmart,8092548,Dove Men+ Care Ted Lasso 2-in-l shampoo and conditioner,8.47,2026-08-20T00:00:00-04:00,2026-08-26T23:59:59-04:00
Walmart,8092548,Aussie shampoo or conditioner,8.97,2026-08-20T00:00:00-04:00,2026-08-26T23:59:59-04:00
Walmart,8092548,Dove Men+ Care Ted Lasso 2-in-1 shampoo and conditioner,8.47,2026-08-20T00:00:00-04:00,2026-08-26T23:59:59-04:00
Walmart,8092548,Core Power high protein shake,3.97,2026-08-20T00:00:00-04:00,2026-08-26T23:59:59-04:00
Walmart,8092548,Equate high protein meal replacement shakes,10.97,2026-08-20T00:00:00-04:00,2026-08-26T23:59:59-04:00
Walmart,8092548,Old Spice or Secret Outlast deodorants,7.97,2026-08-20T00:00:00-04:00,2026-08-26T23:59:59-04:00
Walmart,8092548,Old Spice deodorant,7.97,2026-08-20T00:00:00-04:00,2026-08-26T23:59:59-04:00
Walmart,8092548,L'Oréal Paris Excellence hair colour,13.96,2026-08-20T00:00:00-04:00,2026-08-26T23:59:59-04:00
Walmart,8092548,Always liners,10.48,2026-08-20T00:00:00-04:00,2026-08-26T23:59:59-04:00
Walmart,8092548,Tylenol eZ Tabs or liquid gels,16.34,2026-08-20T00:00:00-04:00,2026-08-26T23:59:59-04:00
Walmart,8092548,Liquid I.V. Hydration Multiplier electrolyte drink mix,16.97,2026-08-20T00:00:00-04:00,2026-08-26T23:59:59-04:00
Walmart,8092548,Colgate MaxFresh 3 x 150 mL or Total 3 x 120 mL toothpaste or 360° Advanced 360° Advanced toothbrushes 2-pack,7.97,2026-08-20T00:00:00-04:00,2026-08-26T23:59:59-04:00
Walmart,8092548,Liquid I.V. Hydration Multiplier electrolyte drink mix,16.97,2026-08-20T00:00:00-04:00,2026-08-26T23:59:59-04:00
Walmart,8092548,Tylenol liquid gels,16.34,2026-08-20T00:00:00-04:00,2026-08-26T23:59:59-04:00
Walmart,8092548,Dr. Squatch men's natural deodorant,16.97,2026-08-20T00:00:00-04:00,2026-08-26T23:59:59-04:00
Walmart,8092548,CeraVe AM moisturizing lotion,17.97,2026-08-20T00:00:00-04:00,2026-08-26T23:59:59-04:00
Walmart,8092548,"PrettyCare Storage Containers,Storage Bins, 315L(333 QT) Stackable Closet Organizer for Bedroom Living Room 5 pack",99.99,2026-08-20T00:00:00-04:00,2026-08-26T23:59:59-04:00
Walmart,8092548,IMFit 5–52.5 lb Adjustable Dumbbell Set with 2 Hand Grips & 2 Jump Ropes | Complete Home Workout Bundle | Space-Saving Home Gym Workout Equipment,199.96,2026-08-20T00:00:00-04:00,2026-08-26T23:59:59-04:00
Walmart,8092548,"Smart Watch for Android and iPhone, IP68 Waterproof Smartwatch for Women Men 100+ Sports Modes 1.91-inch Fitness Tracker, Smart Watch with Bluetooth Call(Answer/Make Calls), for Gift Black",26.66,2026-08-20T00:00:00-04:00,2026-08-26T23:59:59-04:00
Walmart,8092548,"edx Mid Back Ergonomic Desk Chair with Wheels, Lumbar Support for Home Office, Bedroom, Black",65.99,2026-08-20T00:00:00-04:00,2026-08-26T23:59:59-04:00
Walmart,8092548,"edx Mid Back Ergonomic Desk Chair with Wheels, Lumbar Support for Home Office, Bedroom, Black",65.99,2026-08-20T00:00:00-04:00,2026-08-26T23:59:59-04:00
Walmart,8092548,"Dehumidifier for Basement, Home, Large Room, Bathroom with Drain Hose Max 34 Pints | KNKA 2000 Sq.Ft | Three Operation Modes | Intelligent Humidity Control | Dry Clothes | 24HR Timer – Brand New",219.99,2026-08-20T00:00:00-04:00,2026-08-26T23:59:59-04:00
Walmart,8092548,"Dyson Official Outlet - Walmart Exclusive V8 Absolute Cordless Stick Vacuum Cleaner, Refurbished, Silver/Nickel",279.99,2026-08-20T00:00:00-04:00,2026-08-26T23:59:59-04:00
Walmart,8092548,"Dyson Official Outlet - Walmart Exclusive V8 Absolute Cordless Stick Vacuum Cleaner, Refurbished, Silver/Nickel",279.99,2026-08-20T00:00:00-04:00,2026-08-26T23:59:59-04:00
Walmart,8092548,"RNRUO 15.6"" Windows 11 Laptop, 8GB RAM 256GB SSD, Intel Pentium Gold 6500Y with 2 Cores Up to 3.4GHz, Full HD Display, Office 2024, WiFi5 BT5.0, Laptop Computer for Business, Student, Home Office",316.89,2026-08-20T00:00:00-04:00,2026-08-26T23:59:59-04:00
Walmart,8092548,JeenMata Dainty Huggie Hoop Earrings in White Gold Plating - Affordable Earrings for Women,24.0,2026-08-20T00:00:00-04:00,2026-08-26T23:59:59-04:00
Walmart,8092548,KODAK CHARMERA Keychain Digital Camera Blind Box Single Box (1PC) - MiniCamera Digicam Video Recording Bag Charm Film Simulation Presets1.6 MP Micro SDCard Slot for Beginners Teens Adults,51.99,2026-08-20T00:00:00-04:00,2026-08-26T23:59:59-04:00
Walmart,8092548,Pooboo Foldable Weight Bench Adjustable Incline Bench Strength Training Bench for Full Body,127.99,2026-08-20T00:00:00-04:00,2026-08-26T23:59:59-04:00
Walmart,8092548,KODAK CHARMERA Keychain Digital Camera Blind Box Single Box (1PC) - MiniCamera Digicam Video Recording Bag Charm Film Simulation Presets1.6 MP Micro SDCard Slot for Beginners Teens Adults,51.99,2026-08-20T00:00:00-04:00,2026-08-26T23:59:59-04:00
Walmart,8092548,"ViscoLogic Made in Canada Harmonynap 10 inch Queen Mattress Gel Infused Foam, Medium-Firm & Pressure Relief, Mattress in a Box, CertiPUR-US®",199.99,2026-08-20T00:00:00-04:00,2026-08-26T23:59:59-04:00
Walmart,8092548,Pooboo Foldable Weight Bench Adjustable Incline Bench Strength Training Bench for Full Body,127.99,2026-08-20T00:00:00-04:00,2026-08-26T23:59:59-04:00
Walmart,8092548,JeenMata Dainty Huggie Hoop Earrings in White Gold Plating - Affordable Earrings for Women,24.0,2026-08-20T00:00:00-04:00,2026-08-26T23:59:59-04:00
Walmart,8092548,Equate bladder control pads for women 39s,13.98,2026-08-20T00:00:00-04:00,2026-08-26T23:59:59-04:00
Walmart,8092548,SKYN Elite condoms,11.97,2026-08-20T00:00:00-04:00,2026-08-26T23:59:59-04:00
Walmart,8092548,Durex Real Feel condoms,10.97,2026-08-20T00:00:00-04:00,2026-08-26T23:59:59-04:00
Walmart,8092548,Jamieson vitamins,9.67,2026-08-20T00:00:00-04:00,2026-08-26T23:59:59-04:00
Walmart,8092548,Barebells protein bars 4-pack,12.47,2026-08-20T00:00:00-04:00,2026-08-26T23:59:59-04:00
Walmart,8092548,Jamieson magnesium ultra strength or magnesium bisglycinate,13.47,2026-08-20T00:00:00-04:00,2026-08-26T23:59:59-04:00
Walmart,8092548,Barebells protein bars 4-pack,12.47,2026-08-20T00:00:00-04:00,2026-08-26T23:59:59-04:00
Walmart,8092548,Webber Naturals omega 3 or 3-6-9,18.97,2026-08-20T00:00:00-04:00,2026-08-26T23:59:59-04:00
Walmart,8092548,Depend incontinence products,28.97,2026-08-20T00:00:00-04:00,2026-08-26T23:59:59-04:00
Walmart,8092548,Webber Naturals omega 3 or 3-6-9,18.97,2026-08-20T00:00:00-04:00,2026-08-26T23:59:59-04:00
Walmart,8092548,Tena Super L briefs 26s,28.97,2026-08-20T00:00:00-04:00,2026-08-26T23:59:59-04:00
Walmart,8092548,One-touch upper arm blood pressure monitor,49.87,2026-08-20T00:00:00-04:00,2026-08-26T23:59:59-04:00
Walmart,8092548,Glucerna shakes,35.47,2026-08-20T00:00:00-04:00,2026-08-26T23:59:59-04:00
Walmart,8092548,Claritin 70s,28.88,2026-08-20T00:00:00-04:00,2026-08-26T23:59:59-04:00
Walmart,8092548,Aerius 56s,28.88,2026-08-20T00:00:00-04:00,2026-08-26T23:59:59-04:00
Walmart,8092548,Tena Super L briefs 26s or overnight underwear XL 18s,28.97,2026-08-20T00:00:00-04:00,2026-08-26T23:59:59-04:00
Walmart,8092548,Ensure Plus Calories or Glucerna shakes,35.47,2026-08-20T00:00:00-04:00,2026-08-26T23:59:59-04:00
Walmart,8092548,OGX ProGrowth hair treatments,9.97,2026-08-20T00:00:00-04:00,2026-08-26T23:59:59-04:00
Walmart,8092548,OGX conditioner,7.97,2026-08-20T00:00:00-04:00,2026-08-26T23:59:59-04:00
Walmart,8092548,OGX ProGrowth hair treatments,9.97,2026-08-20T00:00:00-04:00,2026-08-26T23:59:59-04:00
Walmart,8092548,OGX ProGrowth Hair Treatments,9.97,2026-08-20T00:00:00-04:00,2026-08-26T23:59:59-04:00
Walmart,8092548,OGX shampoo,7.97,2026-08-20T00:00:00-04:00,2026-08-26T23:59:59-04:00
Walmart,8092548,OGX ProGrowth hair treatments,9.97,2026-08-20T00:00:00-04:00,2026-08-26T23:59:59-04:00
Walmart,8092548,Maui Moisture conditioner treatments,9.93,2026-08-20T00:00:00-04:00,2026-08-26T23:59:59-04:00
Walmart,8092548,"Aveeno shampoo, conditioner or treatments",9.93,2026-08-20T00:00:00-04:00,2026-08-26T23:59:59-04:00
Walmart,8092548,Jolly Rancher Ropes 283 g,2.48,2026-08-20T00:00:00-04:00,2026-08-26T23:59:59-04:00
Walmart,8092548,3.3-cu. ft. Mini fridge with freezer,119.97,2026-08-20T00:00:00-04:00,2026-08-26T23:59:59-04:00
Walmart,8092548,GoGo SqueeZ value pack,18.97,2026-08-20T00:00:00-04:00,2026-08-26T23:59:59-04:00
Walmart,8092548,Black Diamond cheese block 400 g,4.92,2026-08-20T00:00:00-04:00,2026-08-26T23:59:59-04:00
Walmart,8092548,Quaker instant oatmeal,2.77,2026-08-20T00:00:00-04:00,2026-08-26T23:59:59-04:00
Walmart,8092548,Aveeno conditioner,9.93,2026-08-20T00:00:00-04:00,2026-08-26T23:59:59-04:00
Walmart,8092548,Pronamel toothpaste,6.98,2026-08-20T00:00:00-04:00,2026-08-26T23:59:59-04:00
Walmart,8092548,Polident retainer cleansers,6.86,2026-08-20T00:00:00-04:00,2026-08-26T23:59:59-04:00
Walmart,8092548,Sensodyne toothpaste,6.98,2026-08-20T00:00:00-04:00,2026-08-26T23:59:59-04:00
Walmart,8092548,Sensodyne Clinical White enamel strengthening or stain protector toothpaste,7.97,2026-08-20T00:00:00-04:00,2026-08-26T23:59:59-04:00
Walmart,8092548,Sensodyne Pronamel Kids Gentle Mint toothpaste,4.94,2026-08-20T00:00:00-04:00,2026-08-26T23:59:59-04:00
Walmart,8092548,Sensodyne Clinical White enamel strengthening or stain protector toothpaste,7.97,2026-08-20T00:00:00-04:00,2026-08-26T23:59:59-04:00
Walmart,8092548,Bioténe moisturizing mouthwash,12.47,2026-08-20T00:00:00-04:00,2026-08-26T23:59:59-04:00
Walmart,8092548,Sensodyne Clinical Repair Deep Clean or Active White toothpaste,7.97,2026-08-20T00:00:00-04:00,2026-08-26T23:59:59-04:00
Walmart,8092548,Sensodyne Sensitivity Gum & Enamel,8.46,2026-08-20T00:00:00-04:00,2026-08-26T23:59:59-04:00
Walmart,8092548,Polident 3-minute or overnight denture cleansers,10.48,2026-08-20T00:00:00-04:00,2026-08-26T23:59:59-04:00
Walmart,8092548,Old El Paso taco kits,3.77,2026-08-20T00:00:00-04:00,2026-08-26T23:59:59-04:00
Walmart,8092548,Mott's Fruitsations,2.47,2026-08-20T00:00:00-04:00,2026-08-26T23:59:59-04:00
Walmart,8092548,Nature Valley granola bars,2.47,2026-08-20T00:00:00-04:00,2026-08-26T23:59:59-04:00
Walmart,8092548,Disney Princess My Friend dolls,29.98,2026-08-20T00:00:00-04:00,2026-08-26T23:59:59-04:00
Walmart,8092548,Disney Princess dolls,13.96,2026-08-20T00:00:00-04:00,2026-08-26T23:59:59-04:00
Walmart,8092548,Disney Princess My Friend dolls,29.98,2026-08-20T00:00:00-04:00,2026-08-26T23:59:59-04:00
Walmart,8092548,Disney Princess My Friend dolls,29.98,2026-08-20T00:00:00-04:00,2026-08-26T23:59:59-04:00
Walmart,8092548,Disney Princess dolls,13.96,2026-08-20T00:00:00-04:00,2026-08-26T23:59:59-04:00
Walmart,8092548,Disney Princess My Friend dolls,29.98,2026-08-20T00:00:00-04:00,2026-08-26T23:59:59-04:00
Walmart,8092548,Frito-Lay snacks variety pack 42s,19.97,2026-08-20T00:00:00-04:00,2026-08-26T23:59:59-04:00
Walmart,8092548,Twizzlers 311 g,2.48,2026-08-20T00:00:00-04:00,2026-08-26T23:59:59-04:00
Walmart,8092548,Great Value bacon,5.47,2026-08-20T00:00:00-04:00,2026-08-26T23:59:59-04:00
Walmart,8092548,Raspberries,4.44,2026-08-20T00:00:00-04:00,2026-08-26T23:59:59-04:00
Walmart,8092548,Christie mini Snak Paks cookies,2.48,2026-08-20T00:00:00-04:00,2026-08-26T23:59:59-04:00
Walmart,8092548,Rascals easy clean wipes 640 count,16.88,2026-08-20T00:00:00-04:00,2026-08-26T23:59:59-04:00
Walmart,8092548,Michelina's entrees,1.37,2026-08-20T00:00:00-04:00,2026-08-26T23:59:59-04:00
Walmart,8092548,Kellogg's cereal,3.97,2026-08-20T00:00:00-04:00,2026-08-26T23:59:59-04:00
Walmart,8092548,Pringles Snack Stacks,12.97,2026-08-20T00:00:00-04:00,2026-08-26T23:59:59-04:00
Walmart,8092548,McCain Superfries,2.77,2026-08-20T00:00:00-04:00,2026-08-26T23:59:59-04:00
Walmart,8092548,5 GUM sugar-free gum,4.38,2026-08-20T00:00:00-04:00,2026-08-26T23:59:59-04:00
Walmart,8092548,Michelina's entrees,1.37,2026-08-20T00:00:00-04:00,2026-08-26T23:59:59-04:00
Walmart,8092548,Millie Moon luxury diapers,24.98,2026-08-20T00:00:00-04:00,2026-08-26T23:59:59-04:00
Walmart,8092548,Thai Coco coconut milk or coconut cream,1.98,2026-08-20T00:00:00-04:00,2026-08-26T23:59:59-04:00
Walmart,8092548,Allfit Konjac jelly pouch,1.97,2026-08-20T00:00:00-04:00,2026-08-26T23:59:59-04:00
Walmart,8092548,"Acer Chromebook 315 15.6"" FHD",279.99,2026-08-20T00:00:00-04:00,2026-08-26T23:59:59-04:00
Walmart,8092548,Pocky biscuit sticks,1.77,2026-08-20T00:00:00-04:00,2026-08-26T23:59:59-04:00
Walmart,8092548,Pocky biscuit sticks,1.77,2026-08-20T00:00:00-04:00,2026-08-26T23:59:59-04:00
Walmart,8092548,Grace coconut water,2.24,2026-08-20T00:00:00-04:00,2026-08-26T23:59:59-04:00
Walmart,8092548,Chayote squash,0.88,2026-08-20T00:00:00-04:00,2026-08-26T23:59:59-04:00
Walmart,8092548,Allfit Konjac jelly pouch,1.97,2026-08-20T00:00:00-04:00,2026-08-26T23:59:59-04:00
Walmart,8092548,Thai Coco coconut cream,1.98,2026-08-20T00:00:00-04:00,2026-08-26T23:59:59-04:00
Walmart,8092548,Charmin bathroom tissue 30 = 90 rolls,21.98,2026-08-20T00:00:00-04:00,2026-08-26T23:59:59-04:00
Walmart,8092548,Pillows 2-pack,29.99,2026-08-20T00:00:00-04:00,2026-08-26T23:59:59-04:00
Walmart,8092548,VUSIGN magnetic dry-erase whiteboard,27.99,2026-08-20T00:00:00-04:00,2026-08-26T23:59:59-04:00
Walmart,8092548,Ktaxon 4-drawer dresser,100.99,2026-08-20T00:00:00-04:00,2026-08-26T23:59:59-04:00
Walmart,8092548,SKIMI Hair Dryer and Hot Styling Brush Set,45.99,2026-08-20T00:00:00-04:00,2026-08-26T23:59:59-04:00
Walmart,8092548,IMgadgets adjustable standing electric desk,109.96,2026-08-20T00:00:00-04:00,2026-08-26T23:59:59-04:00
Walmart,8092548,Dawn dish soap,2.46,2026-08-20T00:00:00-04:00,2026-08-26T23:59:59-04:00
Walmart,8092548,"SKYWORTH 40"" QLED Smart TV, FHD compatible with Google TV",259.99,2026-08-20T00:00:00-04:00,2026-08-26T23:59:59-04:00
Walmart,8092548,"PhiloDeco tower fan for home, 40"" silent bladeless fan",84.99,2026-08-20T00:00:00-04:00,2026-08-26T23:59:59-04:00
Walmart,8092548,Bounty paper towels 4 = 12 rolls,14.98,2026-08-20T00:00:00-04:00,2026-08-26T23:59:59-04:00
Walmart,8092548,Joyway 5-piece hardshell spinner luggage set,139.99,2026-08-20T00:00:00-04:00,2026-08-26T23:59:59-04:00
Walmart,8092548,Listerine mouthwash,4.98,2026-08-20T00:00:00-04:00,2026-08-26T23:59:59-04:00
Walmart,8092548,Vileda Oskar broom,11.47,2026-08-20T00:00:00-04:00,2026-08-26T23:59:59-04:00
Walmart,8092548,Dawn dish soap,2.46,2026-08-20T00:00:00-04:00,2026-08-26T23:59:59-04:00
Walmart,8092548,Purina ONE dry dog food,28.63,2026-08-20T00:00:00-04:00,2026-08-26T23:59:59-04:00
Walmart,8092548,Friskies wet cat food multi-pack,26.88,2026-08-20T00:00:00-04:00,2026-08-26T23:59:59-04:00
Walmart,8092548,Downy rinse hi 54 loads,9.97,2026-08-20T00:00:00-04:00,2026-08-26T23:59:59-04:00
Walmart,8092548,Ziploc freezer bags mega pack,10.96,2026-08-20T00:00:00-04:00,2026-08-26T23:59:59-04:00
Walmart,8092548,Downy Rinse 54 Loads,9.97,2026-08-20T00:00:00-04:00,2026-08-26T23:59:59-04:00
Walmart,8092548,Ziploc sandwich bags mega pack,10.96,2026-08-20T00:00:00-04:00,2026-08-26T23:59:59-04:00
Walmart,8092548,Sunlight liquid laundry detergent 3.85 L,9.97,2026-08-20T00:00:00-04:00,2026-08-26T23:59:59-04:00
Walmart,8092548,Great Value clear cups,5.97,2026-08-20T00:00:00-04:00,2026-08-26T23:59:59-04:00
Walmart,8092548,Clorox Clean-Up disinfecting bleach cleaner spray,4.97,2026-08-20T00:00:00-04:00,2026-08-26T23:59:59-04:00
Walmart,8092548,Colgate 360° Advanced p toothbrushes as 2-pack,7.97,2026-08-20T00:00:00-04:00,2026-08-26T23:59:59-04:00
Walmart,8092548,L'Oréal Paris Excellence hair colour,13.96,2026-08-20T00:00:00-04:00,2026-08-26T23:59:59-04:00
Walmart,8092548,Dr. Squatch men's natural deodorant,16.97,2026-08-20T00:00:00-04:00,2026-08-26T23:59:59-04:00
Walmart,8092548,Kotex liners or teen pads,7.97,2026-08-20T00:00:00-04:00,2026-08-26T23:59:59-04:00
Walmart,8092548,CeraVe AM or PM moisturizing lotion,17.97,2026-08-20T00:00:00-04:00,2026-08-26T23:59:59-04:00
Walmart,8092548,Listerine Smart Rinse kids' mouthwash,6.72,2026-08-20T00:00:00-04:00,2026-08-26T23:59:59-04:00
Walmart,8092548,Listerine Ultra Clean mouthwash,11.98,2026-08-20T00:00:00-04:00,2026-08-26T23:59:59-04:00
Walmart,8092548,Crest 3D White Advanced toothpaste 135 mL,5.97,2026-08-20T00:00:00-04:00,2026-08-26T23:59:59-04:00
Walmart,8092548,Listerine mouthwash,4.98,2026-08-20T00:00:00-04:00,2026-08-26T23:59:59-04:00
Walmart,8092548,Poligrip denture adhesive cream,9.48,2026-08-20T00:00:00-04:00,2026-08-26T23:59:59-04:00
Walmart,8092548,Sensodyne Pronamel Kids Gentle Mint or Berry Twist toothpaste,4.94,2026-08-20T00:00:00-04:00,2026-08-26T23:59:59-04:00
Walmart,8092548,Sensodyne Pronamel Active Shield toothpaste,8.46,2026-08-20T00:00:00-04:00,2026-08-26T23:59:59-04:00
Walmart,8092548,Sensodyne Clinical Repair Active White toothpaste,7.97,2026-08-20T00:00:00-04:00,2026-08-26T23:59:59-04:00
Walmart,8092548,Polident overnight denture cleansers,10.48,2026-08-20T00:00:00-04:00,2026-08-26T23:59:59-04:00
Walmart,8092548,Polident overnight cleansers,6.86,2026-08-20T00:00:00-04:00,2026-08-26T23:59:59-04:00
Walmart,8092548,Annie's macaroni and cheese,1.94,2026-08-20T00:00:00-04:00,2026-08-26T23:59:59-04:00
Walmart,8092548,Oatmeal Crisp Protein cereal,4.87,2026-08-20T00:00:00-04:00,2026-08-26T23:59:59-04:00
Walmart,8092548,Cheerios Protein cereal,4.87,2026-08-20T00:00:00-04:00,2026-08-26T23:59:59-04:00
Walmart,8092548,Cinnamon Toast Crunch family size cereal,4.87,2026-08-20T00:00:00-04:00,2026-08-26T23:59:59-04:00
Walmart,8092548,Disney Princess & Friends 5-doll set,34.97,2026-08-20T00:00:00-04:00,2026-08-26T23:59:59-04:00
Walmart,8092548,Cheerios Protein cereal,4.87,2026-08-20T00:00:00-04:00,2026-08-26T23:59:59-04:00
Walmart,8092548,Betty Crocker fruit snacks,2.47,2026-08-20T00:00:00-04:00,2026-08-26T23:59:59-04:00
Walmart,8092548,Honey Nut Cheerios family size cereal,4.87,2026-08-20T00:00:00-04:00,2026-08-26T23:59:59-04:00
Walmart,8092548,Old El Paso taco kits,3.77,2026-08-20T00:00:00-04:00,2026-08-26T23:59:59-04:00
Walmart,8092548,Pillsbury Pizza Pops 4-pack,2.94,2026-08-20T00:00:00-04:00,2026-08-26T23:59:59-04:00
Walmart,8092548,Centrum Men or Women MultiGummies,16.97,2026-08-20T00:00:00-04:00,2026-08-26T23:59:59-04:00
Walmart,8092548,"Disney Princess 16"" bike",148.0,2026-08-20T00:00:00-04:00,2026-08-26T23:59:59-04:00
Walmart,8092548,Disney Princess Spin & Reveal Rapunzel,29.97,2026-08-20T00:00:00-04:00,2026-08-26T23:59:59-04:00
Walmart,8092548,Disney Princess role-play dress,29.98,2026-08-20T00:00:00-04:00,2026-08-26T23:59:59-04:00
Walmart,8092548,Buckley's Complete syrup,15.17,2026-08-20T00:00:00-04:00,2026-08-26T23:59:59-04:00
Walmart,8092548,Depend incontinence products,28.97,2026-08-20T00:00:00-04:00,2026-08-26T23:59:59-04:00
Walmart,8092548,Advil Liqui-Gels,13.83,2026-08-20T00:00:00-04:00,2026-08-26T23:59:59-04:00
Walmart,8092548,Jamieson magnesium ultra strength or magnesium bisglycinate,13.47,2026-08-20T00:00:00-04:00,2026-08-26T23:59:59-04:00
Walmart,8092548,Advil Liqui-Gels,13.83,2026-08-20T00:00:00-04:00,2026-08-26T23:59:59-04:00
Walmart,8092548,Jamieson vitamins,9.67,2026-08-20T00:00:00-04:00,2026-08-26T23:59:59-04:00
Walmart,8092548,Equate distilled water,1.24,2026-08-20T00:00:00-04:00,2026-08-26T23:59:59-04:00
Walmart,8092548,Equate incontinence guard for men 52s,13.98,2026-08-20T00:00:00-04:00,2026-08-26T23:59:59-04:00
Walmart,8092548,Centrum Men or Women MultiGummies,16.97,2026-08-20T00:00:00-04:00,2026-08-26T23:59:59-04:00
Walmart,8092548,OGX shampoo treatments,7.97,2026-08-20T00:00:00-04:00,2026-08-26T23:59:59-04:00
Walmart,8092548,"OGX shampoo, conditioner",7.97,2026-08-20T00:00:00-04:00,2026-08-26T23:59:59-04:00
Walmart,8092548,"OGX shampoo, conditioner or treatments",7.97,2026-08-20T00:00:00-04:00,2026-08-26T23:59:59-04:00
Walmart,8092548,"OGX shampoo, conditioner or treatments",7.97,2026-08-20T00:00:00-04:00,2026-08-26T23:59:59-04:00
Walmart,8092548,"OGX shampoo, conditioner or treatments",7.97,2026-08-20T00:00:00-04:00,2026-08-26T23:59:59-04:00
Walmart,8092548,OGX ProGrowth hair treatments,9.97,2026-08-20T00:00:00-04:00,2026-08-26T23:59:59-04:00
Walmart,8092548,"PrettyCare Storage Containers,Storage Bins, 315L(333 QT) Stackable Closet Organizer for Bedroom Living Room 5 pack",99.99,2026-08-20T00:00:00-04:00,2026-08-26T23:59:59-04:00
Walmart,8092548,"Dehumidifier for Basement, Home, Large Room, Bathroom with Drain Hose Max 34 Pints | KNKA 2000 Sq.Ft | Three Operation Modes | Intelligent Humidity Control | Dry Clothes | 24HR Timer – Brand New",219.99,2026-08-20T00:00:00-04:00,2026-08-26T23:59:59-04:00
Walmart,8092548,"Smart Watch for Android and iPhone, IP68 Waterproof Smartwatch for Women Men 100+ Sports Modes 1.91-inch Fitness Tracker, Smart Watch with Bluetooth Call(Answer/Make Calls), for Gift Black",26.66,2026-08-20T00:00:00-04:00,2026-08-26T23:59:59-04:00
Walmart,8092548,IMFit 5–52.5 lb Adjustable Dumbbell Set with 2 Hand Grips & 2 Jump Ropes | Complete Home Workout Bundle | Space-Saving Home Gym Workout Equipment,199.96,2026-08-20T00:00:00-04:00,2026-08-26T23:59:59-04:00
Walmart,8092548,Aloha Organic Protein Bar - Plant Based Chocolate Chip Cookie Dough 12 bars,38.99,2026-08-20T00:00:00-04:00,2026-08-26T23:59:59-04:00
Walmart,8092548,Aloha Organic Protein Bar - Plant Based Chocolate Chip Cookie Dough 12 bars,38.99,2026-08-20T00:00:00-04:00,2026-08-26T23:59:59-04:00
Walmart,8092548,"ViscoLogic Made in Canada Harmonynap 10 inch Queen Mattress Gel Infused Foam, Medium-Firm & Pressure Relief, Mattress in a Box, CertiPUR-US®",199.99,2026-08-20T00:00:00-04:00,2026-08-26T23:59:59-04:00
Walmart,8092548,"RNRUO 15.6"" Windows 11 Laptop, 8GB RAM 256GB SSD, Intel Pentium Gold 6500Y with 2 Cores Up to 3.4GHz, Full HD Display, Office 2024, WiFi5 BT5.0, Laptop Computer for Business, Student, Home Office",316.89,2026-08-20T00:00:00-04:00,2026-08-26T23:59:59-04:00
Sobeys,8084895,COMPLIMENTS Newfoundland and Labrador Cooked Wild Cold Water Shrimp,13.99,2026-08-20T00:00:00-04:00,2026-08-26T22:59:59-04:00
Sobeys,8084895,COMPLIMENTS Jam,4.88,2026-08-20T00:00:00-04:00,2026-08-26T22:59:59-04:00
Sobeys,8084895,Avocados,2.99,2026-08-20T00:00:00-04:00,2026-08-26T22:59:59-04:00
Sobeys,8084895,COMPLIMENTS Rainbow Peppers,3.99,2026-08-20T00:00:00-04:00,2026-08-26T22:59:59-04:00
Sobeys,8084895,Nectar - Peach Fest,2.49,2026-08-20T00:00:00-04:00,2026-08-26T22:59:59-04:00
Sobeys,8084895,Eggs2Go!,2.49,2026-08-20T00:00:00-04:00,2026-08-26T22:59:59-04:00
Sobeys,8084895,LITEHOUSE Dressings,5.99,2026-08-20T00:00:00-04:00,2026-08-26T22:59:59-04:00
Sobeys,8084895,100% Canadian Angus Beef Burgers,19.99,2026-08-20T00:00:00-04:00,2026-08-26T22:59:59-04:00
Sobeys,8084895,COMPLIMENTS Bologna,7.99,2026-08-20T00:00:00-04:00,2026-08-26T22:59:59-04:00
Sobeys,8084895,COMEAU Bacon Wrapped Sea Scallops,14.99,2026-08-20T00:00:00-04:00,2026-08-26T22:59:59-04:00
Sobeys,8084895,NATURE'S PATH Eco Pack,10.99,2026-08-20T00:00:00-04:00,2026-08-26T22:59:59-04:00
Sobeys,8084895,COMPLIMENTS Carrots or Onions,1.99,2026-08-20T00:00:00-04:00,2026-08-26T22:59:59-04:00
Sobeys,8084895,Celery,2.99,2026-08-20T00:00:00-04:00,2026-08-26T22:59:59-04:00
Sobeys,8084895,"COMPLIMENTS Pasta 900 g, Thick & Rich Pasta Sauce or Tomato Sauce 680 mL or Tomato Paste 369 mL",1.99,2026-08-20T00:00:00-04:00,2026-08-26T22:59:59-04:00
Sobeys,8084895,RUFFLES Potato Chips,6.0,2026-08-20T00:00:00-04:00,2026-08-26T22:59:59-04:00
Sobeys,8084895,Riced Veggies or Restaurant Sides,3.99,2026-08-20T00:00:00-04:00,2026-08-26T22:59:59-04:00
Sobeys,8084895,Fresh Pork Shoulder Blade Roasts or Steak,4.49,2026-08-20T00:00:00-04:00,2026-08-26T22:59:59-04:00
Sobeys,8084895,COMPLIMENTS Beef or Chicken Smashed Burgers,13.99,2026-08-20T00:00:00-04:00,2026-08-26T22:59:59-04:00
Sobeys,8084895,Fresh Choice Oysters from Atlantic Canada,1.25,2026-08-20T00:00:00-04:00,2026-08-26T22:59:59-04:00
Sobeys,8084895,HELUVA GOOD! Dip,8.49,2026-08-20T00:00:00-04:00,2026-08-26T22:59:59-04:00
Sobeys,8084895,Family Favourites Ice Cream,4.99,2026-08-20T00:00:00-04:00,2026-08-26T22:59:59-04:00
Sobeys,8084895,Pizza Pockets,7.99,2026-08-20T00:00:00-04:00,2026-08-26T22:59:59-04:00
Sobeys,8084895,E.D. SMITH Pie Filling,5.99,2026-08-20T00:00:00-04:00,2026-08-26T22:59:59-04:00
Sobeys,8084895,UNICO Beans,2.29,2026-08-20T00:00:00-04:00,2026-08-26T22:59:59-04:00
Sobeys,8084895,COMPLIMENTS Waffle Cones or Bowls,4.99,2026-08-20T00:00:00-04:00,2026-08-26T22:59:59-04:00
Sobeys,8084895,O'FOOD Seaweed Snack,2.18,2026-08-20T00:00:00-04:00,2026-08-26T22:59:59-04:00
Sobeys,8084895,Fresh Atlantic Salmon Portions,3.99,2026-08-20T00:00:00-04:00,2026-08-26T22:59:59-04:00
Sobeys,8084895,Prepared Fresh Daily Fruit or Vegetable Carousel,12.0,2026-08-20T00:00:00-04:00,2026-08-26T22:59:59-04:00
Sobeys,8084895,CASHMERE Bathroom Tissue,11.99,2026-08-20T00:00:00-04:00,2026-08-26T22:59:59-04:00
Sobeys,8084895,KRAFT Philadelphia Cream Cheese,6.99,2026-08-20T00:00:00-04:00,2026-08-26T22:59:59-04:00
Sobeys,8084895,ROUGEMONT Apple Juice,3.99,2026-08-20T00:00:00-04:00,2026-08-26T22:59:59-04:00
Sobeys,8084895,COMPLIMENTS Lactose Free Stringable Cheese,7.49,2026-08-20T00:00:00-04:00,2026-08-26T22:59:59-04:00
Sobeys,8084895,ZESPRI Golden Kiwi,7.99,2026-08-20T00:00:00-04:00,2026-08-26T22:59:59-04:00
Sobeys,8084895,"Air Fryer Meals Salmon Bites, Fish & Chips or Salmon & Broccoli",14.99,2026-08-20T00:00:00-04:00,2026-08-26T22:59:59-04:00
Sobeys,8084895,RED BARON Pizza,6.99,2026-08-20T00:00:00-04:00,2026-08-26T22:59:59-04:00
Sobeys,8084895,SENSIBLE PORTIONS Veggie Straws or Chips,9.99,2026-08-20T00:00:00-04:00,2026-08-26T22:59:59-04:00
Sobeys,8084895,MINUTE RICE,4.99,2026-08-20T00:00:00-04:00,2026-08-26T22:59:59-04:00
Sobeys,8084895,Fresh Pork Loin Back Ribs,3.99,2026-08-20T00:00:00-04:00,2026-08-26T22:59:59-04:00
Sobeys,8084895,ROBIN HOOD Flour,11.97,2026-08-20T00:00:00-04:00,2026-08-26T22:59:59-04:00
Sobeys,8084895,Table Water Crackers,7.0,2026-08-20T00:00:00-04:00,2026-08-26T22:59:59-04:00
Sobeys,8084895,Giuseppe Stuffed Crust Pizza or Suprema Pizza,7.99,2026-08-20T00:00:00-04:00,2026-08-26T22:59:59-04:00
Sobeys,8084895,KRAFT Cool Whip Aerosol Whipped Topping,4.49,2026-08-20T00:00:00-04:00,2026-08-26T22:59:59-04:00
Sobeys,8084895,Gourmet Cinnamon Buns,7.99,2026-08-20T00:00:00-04:00,2026-08-26T22:59:59-04:00
Sobeys,8084895,COMPLIMENTS Mini Hummus,3.99,2026-08-20T00:00:00-04:00,2026-08-26T22:59:59-04:00
Sobeys,8084895,HEINZ Ketchup,4.97,2026-08-20T00:00:00-04:00,2026-08-26T22:59:59-04:00
Sobeys,8084895,KING COLE Orange Pekoe Tea,9.99,2026-08-20T00:00:00-04:00,2026-08-26T22:59:59-04:00
Sobeys,8084895,Icelandic Style Skyr Yogurt,4.99,2026-08-20T00:00:00-04:00,2026-08-26T22:59:59-04:00
Sobeys,8084895,KELLOGG'S,3.99,2026-08-20T00:00:00-04:00,2026-08-26T22:59:59-04:00
Sobeys,8084895,DEMPSTER'S Signature Buns,3.99,2026-08-20T00:00:00-04:00,2026-08-26T22:59:59-04:00
Sobeys,8084895,ULTRA NATURAL Fair Trade Honduras Shrimp,7.99,2026-08-20T00:00:00-04:00,2026-08-26T22:59:59-04:00
Sobeys,8084895,COMPLIMENTS Fresh AIR-CHILLED Boneless Skinless Chicken Thighs or Split Wings,7.99,2026-08-20T00:00:00-04:00,2026-08-26T22:59:59-04:00
Sobeys,8084895,COMPLIMENTS Dry Cured Salami,5.99,2026-08-20T00:00:00-04:00,2026-08-26T22:59:59-04:00
Sobeys,8084895,SUNRYPE Fruitsource,9.99,2026-08-20T00:00:00-04:00,2026-08-26T22:59:59-04:00
Sobeys,8084895,Prepared Fresh Daily Watermelon Slices or Quarters,1.69,2026-08-20T00:00:00-04:00,2026-08-26T22:59:59-04:00
Sobeys,8084895,COMPLIMENTS Trail Mixes,5.99,2026-08-20T00:00:00-04:00,2026-08-26T22:59:59-04:00
Sobeys,8084895,Fresh Canadian Lamb Loin Chops,18.99,2026-08-20T00:00:00-04:00,2026-08-26T22:59:59-04:00
Sobeys,8084895,Fresh Mussels,2.69,2026-08-20T00:00:00-04:00,2026-08-26T22:59:59-04:00
Sobeys,8084895,Seafood Spreads,5.99,2026-08-20T00:00:00-04:00,2026-08-26T22:59:59-04:00
Sobeys,8084895,Fish Cakes,5.99,2026-08-20T00:00:00-04:00,2026-08-26T22:59:59-04:00
Sobeys,8084895,"Ultimates Breaded or Battered Haddock, Cod, Lightly Dusted Haddock or Sole Fillets",14.99,2026-08-20T00:00:00-04:00,2026-08-26T22:59:59-04:00
Sobeys,8084895,COMPLIMENTS Crab-Flavoured Seafood,4.99,2026-08-20T00:00:00-04:00,2026-08-26T22:59:59-04:00
Sobeys,8084895,Fresh Boneless Whole Beef Brisket,7.99,2026-08-20T00:00:00-04:00,2026-08-26T22:59:59-04:00
Sobeys,8084895,SCHNEIDERS Breakfast Sandwiches or Egg Bites,6.49,2026-08-20T00:00:00-04:00,2026-08-26T22:59:59-04:00
Sobeys,8084895,Cheese Slices,4.99,2026-08-20T00:00:00-04:00,2026-08-26T22:59:59-04:00
Sobeys,8084895,Organic Yerba Mate Non-Sparkling Beverages,7.0,2026-08-20T00:00:00-04:00,2026-08-26T22:59:59-04:00
Sobeys,8084895,Gelato or Sorbetto,5.99,2026-08-20T00:00:00-04:00,2026-08-26T22:59:59-04:00
Sobeys,8084895,Kettle Chips 190-200 g or Tortilla Chips 205-300 g,9.0,2026-08-20T00:00:00-04:00,2026-08-26T22:59:59-04:00
Sobeys,8084895,Microwave Popcorn,6.49,2026-08-20T00:00:00-04:00,2026-08-26T22:59:59-04:00
Sobeys,8084895,Virgin Coconut Oil,10.99,2026-08-20T00:00:00-04:00,2026-08-26T22:59:59-04:00
Sobeys,8084895,Single Serve Coffee Pods,19.99,2026-08-20T00:00:00-04:00,2026-08-26T22:59:59-04:00
Sobeys,8084895,COMPLIMENTS Chocolate Chips,5.0,2026-08-20T00:00:00-04:00,2026-08-26T22:59:59-04:00
Sobeys,8084895,EIGHT TREASURES Whole Pompano,14.88,2026-08-20T00:00:00-04:00,2026-08-26T22:59:59-04:00
Sobeys,8084895,GLICO Pocky Biscuit Sticks,3.98,2026-08-20T00:00:00-04:00,2026-08-26T22:59:59-04:00
Sobeys,8084895,GRACE Corned Beef,6.99,2026-08-20T00:00:00-04:00,2026-08-26T22:59:59-04:00
Sobeys,8084895,Cream Pies - Peach Fest,3.99,2026-08-20T00:00:00-04:00,2026-08-26T22:59:59-04:00
Sobeys,8084895,Small Bar Cakes - Peach Fest,7.99,2026-08-20T00:00:00-04:00,2026-08-26T22:59:59-04:00
Sobeys,8084895,CHACHA Sunflower Seeds,2.48,2026-08-20T00:00:00-04:00,2026-08-26T22:59:59-04:00
Sobeys,8084895,Mochi Ice Cream,4.28,2026-08-20T00:00:00-04:00,2026-08-26T22:59:59-04:00
Sobeys,8084895,ALLEN'S Pure Apple Cider Vinegar,1.99,2026-08-20T00:00:00-04:00,2026-08-26T22:59:59-04:00
Sobeys,8084895,EIGHT TREASURES Jasmine Rice,13.98,2026-08-20T00:00:00-04:00,2026-08-26T22:59:59-04:00
Sobeys,8084895,COMPLIMENTS Cheddar Flavour Slices,3.99,2026-08-20T00:00:00-04:00,2026-08-26T22:59:59-04:00
Sobeys,8084895,"COMPLIMENTS Whole Bean, Roast & Ground Coffee 907-930 g or Single Serve Coffee Cups 24-30 pk",19.99,2026-08-20T00:00:00-04:00,2026-08-26T22:59:59-04:00
Sobeys,8084895,Family Size Crackers 328-454 g or Peek Freans or Dad's Cookies 275-350 g,7.0,2026-08-20T00:00:00-04:00,2026-08-26T22:59:59-04:00
Sobeys,8084895,OLD DUTCH Potato Chips,8.0,2026-08-20T00:00:00-04:00,2026-08-26T22:59:59-04:00
Sobeys,8084895,Peach Jam - Peach Fest,4.99,2026-08-20T00:00:00-04:00,2026-08-26T22:59:59-04:00
Sobeys,8084895,THE CANADIAN BUTCHER or COMPLIMENTS Bacon,4.99,2026-08-20T00:00:00-04:00,2026-08-26T22:59:59-04:00
Sobeys,8084895,SO DELICIOUS Dairy Free Desserts,6.49,2026-08-20T00:00:00-04:00,2026-08-26T22:59:59-04:00
Sobeys,8084895,Natural Sauces,7.49,2026-08-20T00:00:00-04:00,2026-08-26T22:59:59-04:00
Sobeys,8084895,CADBURY Chocolate Bars,1.49,2026-08-20T00:00:00-04:00,2026-08-26T22:59:59-04:00
Sobeys,8084895,Fresh Boneless Cross Rib Pot Roast or Family Size Simmering Steak,7.99,2026-08-20T00:00:00-04:00,2026-08-26T22:59:59-04:00
Sobeys,8084895,Greek Yogurt,6.99,2026-08-20T00:00:00-04:00,2026-08-26T22:59:59-04:00
Sobeys,8084895,CHAPMAN'S Markdale Creamery Ice Cream,3.99,2026-08-20T00:00:00-04:00,2026-08-26T22:59:59-04:00
Sobeys,8084895,CLOVER LEAF Skipjack Light Tuna,5.0,2026-08-20T00:00:00-04:00,2026-08-26T22:59:59-04:00
Sobeys,8084895,COCA-COLA or PEPSI Soft Drinks,12.99,2026-08-20T00:00:00-04:00,2026-08-26T22:59:59-04:00
Sobeys,8084895,HEALTHY CHOICE Gourmet Steamers,4.49,2026-08-20T00:00:00-04:00,2026-08-26T22:59:59-04:00
Sobeys,8084895,"Liquid Detergent 2.39 L or Flings! 31 pk, Simply 2.72 L, Fabric Enhancers or Softener 303-379 g or 1.66-2.63 L or Sheets 120-200 pk",9.99,2026-08-20T00:00:00-04:00,2026-08-26T22:59:59-04:00
Sobeys,8084895,Garden Romance Bouquet,24.99,2026-08-20T00:00:00-04:00,2026-08-26T22:59:59-04:00
Sobeys,8084895,Fall Harvest Mum,11.99,2026-08-20T00:00:00-04:00,2026-08-26T22:59:59-04:00
Sobeys,8084895,Sunflower Bouquet,8.99,2026-08-20T00:00:00-04:00,2026-08-26T22:59:59-04:00
Sobeys,8084895,Fresh Premium Medium Ground Chuck Beef Burgers,9.99,2026-08-20T00:00:00-04:00,2026-08-26T22:59:59-04:00
Sobeys,8084895,Fresh Beef Kabobs with Vegetables,2.5,2026-08-20T00:00:00-04:00,2026-08-26T22:59:59-04:00
Sobeys,8084895,Fresh Atlantic Salmon Fillets,35.0,2026-08-20T00:00:00-04:00,2026-08-26T22:59:59-04:00
Sobeys,8084895,PALMOLIVE Dish Detergent,2.99,2026-08-20T00:00:00-04:00,2026-08-26T22:59:59-04:00
Sobeys,8084895,Fruit Pouches,15.99,2026-08-20T00:00:00-04:00,2026-08-26T22:59:59-04:00
Sobeys,8084895,BLUE BUFFALO Dry Dog Food,56.99,2026-08-20T00:00:00-04:00,2026-08-26T22:59:59-04:00
Sobeys,8084895,"WONG WING Frozen Entrees, Egg Rolls, Spring Rolls or Dumplings",7.99,2026-08-20T00:00:00-04:00,2026-08-26T22:59:59-04:00
Sobeys,8084895,"Breaded or Battered Haddock or Pollock, Butterfly or Popcorn Shrimp, Fish & Chips or Fish Cakes",7.99,2026-08-20T00:00:00-04:00,2026-08-26T22:59:59-04:00
Sobeys,8084895,PINE-SOL Cleaner,5.99,2026-08-20T00:00:00-04:00,2026-08-26T22:59:59-04:00
Sobeys,8084895,Figs,5.0,2026-08-20T00:00:00-04:00,2026-08-26T22:59:59-04:00
Sobeys,8084895,COMPLIMENTS Garden Salad,6.0,2026-08-20T00:00:00-04:00,2026-08-26T22:59:59-04:00
Sobeys,8084895,COMPLIMENTS Baby-Cut Carrots 340 g or Boston Lettuce In Soil,2.49,2026-08-20T00:00:00-04:00,2026-08-26T22:59:59-04:00
Sobeys,8084895,Green or Wax Beans,2.99,2026-08-20T00:00:00-04:00,2026-08-26T22:59:59-04:00
Sobeys,8084895,Canada Grown Nectarines,8.88,2026-08-20T00:00:00-04:00,2026-08-26T22:59:59-04:00
Sobeys,8084895,GREENHOUSE Protein Shakes,5.49,2026-08-20T00:00:00-04:00,2026-08-26T22:59:59-04:00
Sobeys,8084895,Green Cabbage,0.99,2026-08-20T00:00:00-04:00,2026-08-26T22:59:59-04:00
Sobeys,8084895,Paula Red Apples,1.99,2026-08-20T00:00:00-04:00,2026-08-26T22:59:59-04:00
Sobeys,8084895,Organic Broccoli,4.99,2026-08-20T00:00:00-04:00,2026-08-26T22:59:59-04:00
Sobeys,8084895,Lemon Drop Melons,1.49,2026-08-20T00:00:00-04:00,2026-08-26T22:59:59-04:00
Sobeys,8084895,COMPLIMENTS Lean Ground Chicken or Minced Turkey,6.0,2026-08-20T00:00:00-04:00,2026-08-26T22:59:59-04:00
Sobeys,8084895,"COMPLIMENTS NATURALLY SIMPLE Wild Pink Salmon, Cod or Haddock Loins",6.99,2026-08-20T00:00:00-04:00,2026-08-26T22:59:59-04:00
Sobeys,8084895,STERLING SILVER Fresh Boneless Top Sirloin Premium Oven Roast or Family Size Grilling Steaks,17.99,2026-08-20T00:00:00-04:00,2026-08-26T22:59:59-04:00
Sobeys,8084895,Fresh Wild Haddock Fillets Family Size,14.99,2026-08-20T00:00:00-04:00,2026-08-26T22:59:59-04:00
Sobeys,8084895,"COMPLIMENTS Montreal Smoked Meat, Roast Beef, Corned Beef or Pastrami",3.79,2026-08-20T00:00:00-04:00,2026-08-26T22:59:59-04:00
Sobeys,8084895,Hot Honey Ham,3.79,2026-08-20T00:00:00-04:00,2026-08-26T22:59:59-04:00
Sobeys,8084895,Small Bar Cakes,7.99,2026-08-20T00:00:00-04:00,2026-08-26T22:59:59-04:00
Sobeys,8084895,Snacks,1.99,2026-08-20T00:00:00-04:00,2026-08-26T22:59:59-04:00
Sobeys,8084895,COMPLIMENTS Roasted or Smoked Turkey Breast or Cooked or Smoked Chicken Breast,3.29,2026-08-20T00:00:00-04:00,2026-08-26T22:59:59-04:00
Sobeys,8084895,Asian Appetizers,4.99,2026-08-20T00:00:00-04:00,2026-08-26T22:59:59-04:00
Sobeys,8084895,Pepperoni,1.49,2026-08-20T00:00:00-04:00,2026-08-26T22:59:59-04:00
Sobeys,8084895,Cream Pies,3.99,2026-08-20T00:00:00-04:00,2026-08-26T22:59:59-04:00
Sobeys,8084895,COMPLIMENTS Double Cream Brie or Camembert,12.99,2026-08-20T00:00:00-04:00,2026-08-26T22:59:59-04:00
Sobeys,8084895,Freshly Prepared Sandwich or Wrap,2.0,2026-08-20T00:00:00-04:00,2026-08-26T22:59:59-04:00
Sobeys,8084895,Sliced Meats,6.99,2026-08-20T00:00:00-04:00,2026-08-26T22:59:59-04:00
Sobeys,8084895,Artisan Style Bread,3.99,2026-08-20T00:00:00-04:00,2026-08-26T22:59:59-04:00
Sobeys,8084895,TWO-BITE OREO® Cupcakes,6.99,2026-08-20T00:00:00-04:00,2026-08-26T22:59:59-04:00
Sobeys,8084895,Charcuterie Trio Dry Cured European or Cooked,8.79,2026-08-20T00:00:00-04:00,2026-08-26T22:59:59-04:00
Sobeys,8084895,COMPLIMENTS Goat Cheese,5.99,2026-08-20T00:00:00-04:00,2026-08-26T22:59:59-04:00
Sobeys,8084895,"Bars, Minis or Rice Crisps",3.49,2026-08-20T00:00:00-04:00,2026-08-26T22:59:59-04:00
Sobeys,8084895,SuperBelly 7 pk,11.99,2026-08-20T00:00:00-04:00,2026-08-26T22:59:59-04:00
Sobeys,8084895,MCCAIN Tasti Taters,6.99,2026-08-20T00:00:00-04:00,2026-08-26T22:59:59-04:00
Sobeys,8084895,NATREL Lactose Free Milk,6.29,2026-08-20T00:00:00-04:00,2026-08-26T22:59:59-04:00
Sobeys,8084895,Burritos 156-170 g or Wraps 142-156 g,9.0,2026-08-20T00:00:00-04:00,2026-08-26T22:59:59-04:00
Sobeys,8084895,COMPLIMENTS Sour Cream,3.99,2026-08-20T00:00:00-04:00,2026-08-26T22:59:59-04:00
Sobeys,8084895,COMPLIMENTS BALANCE Non-Hydrogenated Margarine,2.99,2026-08-20T00:00:00-04:00,2026-08-26T22:59:59-04:00
Sobeys,8084895,LIBERTÉ Probiotic Kéfir,6.49,2026-08-20T00:00:00-04:00,2026-08-26T22:59:59-04:00
Sobeys,8084895,Pot Pies,1.99,2026-08-20T00:00:00-04:00,2026-08-26T22:59:59-04:00
Sobeys,8084895,RED BARON Deep Dish Pizza,5.49,2026-08-20T00:00:00-04:00,2026-08-26T22:59:59-04:00
Sobeys,8084895,COMPLIMENTS Cozy Coop Large White Eggs,4.99,2026-08-20T00:00:00-04:00,2026-08-26T22:59:59-04:00
Sobeys,8084895,"PRO BAR Energy Chews, Superfood or Protein Bars 60-85 g or 50 g",6.0,2026-08-20T00:00:00-04:00,2026-08-26T22:59:59-04:00
Sobeys,8084895,"PEPSI Soft Drinks, AQUAFINA or MONTELLIER Water 1 L or BRISK Iced Tea",1.5,2026-08-20T00:00:00-04:00,2026-08-26T22:59:59-04:00
Sobeys,8084895,NESTLÉ Assorted Minis,9.49,2026-08-20T00:00:00-04:00,2026-08-26T22:59:59-04:00
Sobeys,8084895,POST Family Size Cereal,5.99,2026-08-20T00:00:00-04:00,2026-08-26T22:59:59-04:00
Sobeys,8084895,COMPLIMENTS Pickles 500 mL or Plant-Based Salad Dressing 350 mL,3.99,2026-08-20T00:00:00-04:00,2026-08-26T22:59:59-04:00
Sobeys,8084895,COMPLIMENTS Cookie Dunkers 150 g or Cracker Sticks 130 g,3.49,2026-08-20T00:00:00-04:00,2026-08-26T22:59:59-04:00
Sobeys,8084895,COMPLIMENTS Taco or Fajita Seasonings,0.99,2026-08-20T00:00:00-04:00,2026-08-26T22:59:59-04:00
Sobeys,8084895,Jelly Powder,3.99,2026-08-20T00:00:00-04:00,2026-08-26T22:59:59-04:00
Sobeys,8084895,KELLOGG'S Special K or KASHI Bars,3.99,2026-08-20T00:00:00-04:00,2026-08-26T22:59:59-04:00
Sobeys,8084895,OASIS Juice or ARIZONA Iced Tea,2.99,2026-08-20T00:00:00-04:00,2026-08-26T22:59:59-04:00
Sobeys,8084895,MOTT'S Clamato,4.49,2026-08-20T00:00:00-04:00,2026-08-26T22:59:59-04:00
Sobeys,8084895,OLAY or OLD SPICE Body Wash,10.99,2026-08-20T00:00:00-04:00,2026-08-26T22:59:59-04:00
Sobeys,8084895,Pads or Liners,15.0,2026-08-20T00:00:00-04:00,2026-08-26T22:59:59-04:00
Sobeys,8084895,Cleaners,9.49,2026-08-20T00:00:00-04:00,2026-08-26T22:59:59-04:00
Sobeys,8084895,Live Clear Dry Cat Food,11.99,2026-08-20T00:00:00-04:00,2026-08-26T22:59:59-04:00
Sobeys,8084895,Whitening or Pronamel Toothpaste,5.99,2026-08-20T00:00:00-04:00,2026-08-26T22:59:59-04:00
Sobeys,8084895,oft & Chewy Dog Treats or Brushing Chews,9.99,2026-08-20T00:00:00-04:00,2026-08-26T22:59:59-04:00
Sobeys,8084895,Toddler Nutritional Supplement Powder,39.99,2026-08-20T00:00:00-04:00,2026-08-26T22:59:59-04:00
Sobeys,8084895,Laundry Detergent,7.99,2026-08-20T00:00:00-04:00,2026-08-26T22:59:59-04:00
Sobeys,8084895,GLAD Waste Bags,11.99,2026-08-20T00:00:00-04:00,2026-08-26T22:59:59-04:00
Sobeys,8084895,COMPLIMENTS Compostable Cutlery,2.99,2026-08-20T00:00:00-04:00,2026-08-26T22:59:59-04:00
Sobeys,8084895,Baby Cereals or Oatmeal,5.99,2026-08-20T00:00:00-04:00,2026-08-26T22:59:59-04:00
Sobeys,8084895,SECRET or OLD SPICE Deodorant,8.99,2026-08-20T00:00:00-04:00,2026-08-26T22:59:59-04:00
Sobeys,8084895,Baby Bok Choy,2.88,2026-08-20T00:00:00-04:00,2026-08-26T22:59:59-04:00
Sobeys,8084895,GOLDEN DRAGON Sauces,3.78,2026-08-20T00:00:00-04:00,2026-08-26T22:59:59-04:00
Sobeys,8084895,FOCO Coconut Water,2.98,2026-08-20T00:00:00-04:00,2026-08-26T22:59:59-04:00
Sobeys,8084895,Cooking Sauces,4.99,2026-08-20T00:00:00-04:00,2026-08-26T22:59:59-04:00
Sobeys,8084895,Cactus Pears,4.99,2026-08-20T00:00:00-04:00,2026-08-26T22:59:59-04:00
Sobeys,8084895,GRONA Cushions Puff Pastries,2.99,2026-08-20T00:00:00-04:00,2026-08-26T22:59:59-04:00
Sobeys,8084895,"STARFRIT Coffee Maker, Toaster or Kettle",24.99,2026-08-20T00:00:00-04:00,2026-08-26T22:59:59-04:00
Sobeys,8084895,Tree-Ripened Organic Peaches - Peach Fest,5.77,2026-08-20T00:00:00-04:00,2026-08-26T22:59:59-04:00
Sobeys,8084895,Tree-Ripened Yellow Flesh Peaches - Peach Fest,3.99,2026-08-20T00:00:00-04:00,2026-08-26T22:59:59-04:00
Sobeys,8084895,Canadian Grown Peaches - Peach Fest,8.99,2026-08-20T00:00:00-04:00,2026-08-26T22:59:59-04:00
Sobeys,8084895,Tree-Ripened White Flesh Peaches - Peach Fest,4.77,2026-08-20T00:00:00-04:00,2026-08-26T22:59:59-04:00
Sobeys,8084895,Maya Mangoes,2.99,2026-08-20T00:00:00-04:00,2026-08-26T22:59:59-04:00
Sobeys,8084895,CHARMIN Bathroom Tissue,32.99,2026-08-20T00:00:00-04:00,2026-08-26T22:59:59-04:00
Sobeys,8084895,FIELD ROAST Veggie Pepperoni or Stadium Hot Dogs,7.99,2026-08-20T00:00:00-04:00,2026-08-26T22:59:59-04:00
Sobeys,8084895,MINI CRUSH Fruit Jelly,5.98,2026-08-20T00:00:00-04:00,2026-08-26T22:59:59-04:00
Sobeys,8084895,BEST BUY Smoked Boneless Hams,14.99,2026-08-20T00:00:00-04:00,2026-08-26T22:59:59-04:00
Sobeys,8084895,Hot Smoked Atlantic Salmon Strips candied or maple pepper previously frozen 150 g or Cold Smoked Atlantic Salmon previously frozen 115 g,9.99,2026-08-20T00:00:00-04:00,2026-08-26T22:59:59-04:00
Sobeys,8084895,CAMPBELL'S Condensed Soup,7.0,2026-08-20T00:00:00-04:00,2026-08-26T22:59:59-04:00
Sobeys,8084895,COMPLIMENTS Navel Oranges,5.99,2026-08-20T00:00:00-04:00,2026-08-26T22:59:59-04:00
Sobeys,8084895,MONSIEUR GUSTAV Cheddar,8.49,2026-08-20T00:00:00-04:00,2026-08-26T22:59:59-04:00
Sobeys,8084895,Breakfast or Dinner Pork Sausage,5.49,2026-08-20T00:00:00-04:00,2026-08-26T22:59:59-04:00
Sobeys,8084895,COMPLIMENTS Cheese 400 g or Shreds 226-320 g,4.99,2026-08-20T00:00:00-04:00,2026-08-26T22:59:59-04:00
Sobeys,8084895,Fresh Boneless Top Sirloin Premium Oven Roast or Family Size Grilling Steaks,10.99,2026-08-20T00:00:00-04:00,2026-08-26T22:59:59-04:00
Sobeys,8084895,Rare Tropical Varieties in Mini Greenhouse,11.99,2026-08-20T00:00:00-04:00,2026-08-26T22:59:59-04:00
Sobeys,8084895,Organic Baby Pouches,4.0,2026-08-20T00:00:00-04:00,2026-08-26T22:59:59-04:00
Sobeys,8084895,"PINTY'S Chicken Wings, Fillets or Chunks or EatWell Gluten Free Breaded Chicken Burgers, Strips or Nuggets",10.99,2026-08-20T00:00:00-04:00,2026-08-26T22:59:59-04:00
Sobeys,8084895,"Mini Strudel, Strudel Fingers or Turnovers - Peach Fest",3.99,2026-08-20T00:00:00-04:00,2026-08-26T22:59:59-04:00
Sobeys,8084895,"Toothpaste, Pro-Health Rinse or ORAL-B Toothbrushes",5.99,2026-08-20T00:00:00-04:00,2026-08-26T22:59:59-04:00
Sobeys,8084895,COMPLIMENTS Thick Cut Bacon,14.99,2026-08-20T00:00:00-04:00,2026-08-26T22:59:59-04:00
Sobeys,8084895,BELEVINI Petit Beurre Biscuits,1.49,2026-08-20T00:00:00-04:00,2026-08-26T22:59:59-04:00
Sobeys,8084895,"TROPICANA Orange Juice, Juice Blends, Drinks or Lemonades",4.99,2026-08-20T00:00:00-04:00,2026-08-26T22:59:59-04:00
Sobeys,8084895,Rice Cooker 10 cups,29.99,2026-08-20T00:00:00-04:00,2026-08-26T22:59:59-04:00
Sobeys,8084895,COMPLIMENTS Orange Juice,4.99,2026-08-20T00:00:00-04:00,2026-08-26T22:59:59-04:00
Sobeys,8084895,COMPLIMENTS Apple Sauce 620 mL or Apple Snack 4-6 pk,2.99,2026-08-20T00:00:00-04:00,2026-08-26T22:59:59-04:00
Sobeys,8084895,"Family Cookies 303-520 g selected, Oreo Cakesters 285 g or Honey Maid Graham Wafers 400 g",5.99,2026-08-20T00:00:00-04:00,2026-08-26T22:59:59-04:00
Sobeys,8084895,MOGU MOGU Drink,2.88,2026-08-20T00:00:00-04:00,2026-08-26T22:59:59-04:00
Sobeys,8084895,Napa Cabbage or Lo Bok,2.0,2026-08-20T00:00:00-04:00,2026-08-26T22:59:59-04:00
Sobeys,8084895,Beets 500 g or Sliced Beets Vinaigrette 350 g,3.49,2026-08-20T00:00:00-04:00,2026-08-26T22:59:59-04:00
Sobeys,8084895,Guava,4.99,2026-08-20T00:00:00-04:00,2026-08-26T22:59:59-04:00
Sobeys,8084895,"Goldfish Crackers, Cookies or Crisps",2.99,2026-08-20T00:00:00-04:00,2026-08-26T22:59:59-04:00
Sobeys,8084895,Bed Sheets,24.99,2026-08-20T00:00:00-04:00,2026-08-26T22:59:59-04:00
Sobeys,8084895,COMPLIMENTS Sparkling Water,5.49,2026-08-20T00:00:00-04:00,2026-08-26T22:59:59-04:00
Sobeys,8084895,OCEAN SPRAY Craisins,6.0,2026-08-20T00:00:00-04:00,2026-08-26T22:59:59-04:00
Sobeys,8084895,Candy Snap Grapes,3.99,2026-08-20T00:00:00-04:00,2026-08-26T22:59:59-04:00
Sobeys,8084895,Boneless Pork Sirloin Chops or Roasts,4.49,2026-08-20T00:00:00-04:00,2026-08-26T22:59:59-04:00
Sobeys,8084895,GATORADE,25.99,2026-08-20T00:00:00-04:00,2026-08-26T22:59:59-04:00
Sobeys,8084895,ALWAYS Pads or Liners,11.99,2026-08-20T00:00:00-04:00,2026-08-26T22:59:59-04:00
Sobeys,8084895,Pull-Ups or Goodnites Training Pants,28.99,2026-08-20T00:00:00-04:00,2026-08-26T22:59:59-04:00
Sobeys,8084895,ARM & HAMMER HardBall Cat Litter,19.99,2026-08-20T00:00:00-04:00,2026-08-26T22:59:59-04:00
Sobeys,8084895,FLEECY Fabric Softener,14.99,2026-08-20T00:00:00-04:00,2026-08-26T22:59:59-04:00
Sobeys,8084895,Spinach Bunch,1.99,2026-08-20T00:00:00-04:00,2026-08-26T22:59:59-04:00
Sobeys,8084895,Blackberries,3.99,2026-08-20T00:00:00-04:00,2026-08-26T22:59:59-04:00
Sobeys,8084895,Salad,9.99,2026-08-20T00:00:00-04:00,2026-08-26T22:59:59-04:00
Sobeys,8084895,COMPLIMENTS White or Whole Wheat Bread,2.89,2026-08-20T00:00:00-04:00,2026-08-26T22:59:59-04:00
Sobeys,8084895,COMPLIMENTS Milk or Dark Chocolate Covered Almonds or Milk Chocolate Covered Cashews or Peanuts,8.49,2026-08-20T00:00:00-04:00,2026-08-26T22:59:59-04:00
Sobeys,8084895,ZIPLOC Bags,8.99,2026-08-20T00:00:00-04:00,2026-08-26T22:59:59-04:00
Sobeys,8084895,Toothbrushes,7.99,2026-08-20T00:00:00-04:00,2026-08-26T22:59:59-04:00
Sobeys,8084895,Premium Ice Cream 1 L or Novelties 4-6 pk selected,5.49,2026-08-20T00:00:00-04:00,2026-08-26T22:59:59-04:00
Sobeys,8084895,Family Size Cereal,5.99,2026-08-20T00:00:00-04:00,2026-08-26T22:59:59-04:00
Sobeys,8084895,COMPLIMENTS Caesar or Wedge Salad Dips,4.99,2026-08-20T00:00:00-04:00,2026-08-26T22:59:59-04:00
Sobeys,8084895,GREEN GIANT Canned Vegetables,1.99,2026-08-20T00:00:00-04:00,2026-08-26T22:59:59-04:00
Sobeys,8084895,DEMPSTER'S Bagels,4.49,2026-08-20T00:00:00-04:00,2026-08-26T22:59:59-04:00
Sobeys,8084895,ENSURE 6x235 mL or GLUCERNA 6x237 mL,12.99,2026-08-20T00:00:00-04:00,2026-08-26T22:59:59-04:00
Sobeys,8084895,Water Pitcher 6 cups or Filters 3 pk,25.99,2026-08-20T00:00:00-04:00,2026-08-26T22:59:59-04:00
Sobeys,8084895,ENERGIZER Batteries,14.99,2026-08-20T00:00:00-04:00,2026-08-26T22:59:59-04:00
Sobeys,8084895,Spices,1.0,2026-08-20T00:00:00-04:00,2026-08-26T22:59:59-04:00
Sobeys,8084895,Hothouse Tomatoes,2.99,2026-08-20T00:00:00-04:00,2026-08-26T22:59:59-04:00
Sobeys,8084895,COMPLIMENTS ORGANIC Cremini or White Sliced Mushrooms,3.99,2026-08-20T00:00:00-04:00,2026-08-26T22:59:59-04:00
Sobeys,8084895,COMPLIMENTS Fresh AIR-CHILLED Whole Chicken,4.49,2026-08-20T00:00:00-04:00,2026-08-26T22:59:59-04:00
Sobeys,8084895,Gourmet Cinnamon Buns,7.99,2026-08-20T00:00:00-04:00,2026-08-26T22:59:59-04:00
Sobeys,8084895,FILIPPO BERIO Olive Oil,16.99,2026-08-20T00:00:00-04:00,2026-08-26T22:59:59-04:00
Sobeys,8084895,DOVE Body Wash or Hand Soap -,5.79,2026-08-20T00:00:00-04:00,2026-08-26T22:59:59-04:00
Sobeys,8084895,"TWO-BITE OREO® Brownies or COMPLIMENTS Cinnamon Rolls, Brownies or Madeline Bites",6.49,2026-08-20T00:00:00-04:00,2026-08-26T22:59:59-04:00
Sobeys,8084895,Bath Tissue 8 pk or Paper Towels 6 pk,5.99,2026-08-20T00:00:00-04:00,2026-08-26T22:59:59-04:00
Sobeys,8084895,COMPLIMENTS Disinfecting Wipes,2.99,2026-08-20T00:00:00-04:00,2026-08-26T22:59:59-04:00
Sobeys,8084895,Simplicity Frying Pan Set 5 piece,24.99,2026-08-20T00:00:00-04:00,2026-08-26T22:59:59-04:00
Atlantic Superstore,8084992,"BRITANNIA GOOD DAY AND FIFTY FIFTY COOKIES, 231/372 G",2.5,2026-08-20T00:00:00-04:00,2026-08-26T23:59:59-04:00
Atlantic Superstore,8084992,"PC® NUTRITION FIRST® CAT FOOD, 2 KG",14.0,2026-08-20T00:00:00-04:00,2026-08-26T23:59:59-04:00
Atlantic Superstore,8084992,"PC® CHICKEN BREAST STRIPS OR BITES, 300-375G",12.0,2026-08-20T00:00:00-04:00,2026-08-26T23:59:59-04:00
Atlantic Superstore,8084992,"KIND BREAKFAST OR HEALTHY GRAIN BARS, 175-200 G",4.0,2026-08-20T00:00:00-04:00,2026-08-26T23:59:59-04:00
Atlantic Superstore,8084992,"TOSTITOS TORTILLA CHIPS, 210-295 G",8.0,2026-08-20T00:00:00-04:00,2026-08-26T23:59:59-04:00
Atlantic Superstore,8084992,"TIDE DETERGENT, 52/64 LD, PODS/FLINGS, 25/42'S, LIQUID SOFTENER, 96/150 LD, SHEETS, 240'S, BEADS 453/515/550 G, RINSE, 70 LD",14.0,2026-08-20T00:00:00-04:00,2026-08-26T23:59:59-04:00
Atlantic Superstore,8084992,ORVILLE POPCORN MICROWAVE POPCORN 6/8'S OR KERNEL JAR 850 G,5.99,2026-08-20T00:00:00-04:00,2026-08-26T23:59:59-04:00
Atlantic Superstore,8084992,"ALLEN'S JUICE OR COCKTAILS, 1 L, OASIS JUICE OR HYDRAFRUIT, DEL MONTE NECTARS OR ARIZONA ICED TEA, 960 ML",1.25,2026-08-20T00:00:00-04:00,2026-08-26T23:59:59-04:00
Atlantic Superstore,8084992,"PC BLUE MENU BEANS OR VEGETABLES, 390-540 ML",5.0,2026-08-20T00:00:00-04:00,2026-08-26T23:59:59-04:00
Atlantic Superstore,8084992,M BY MILLANO MICROFIBRE SHEET SETS,22.0,2026-08-20T00:00:00-04:00,2026-08-26T23:59:59-04:00
Atlantic Superstore,8084992,"BLUE BUFFALO CAT FOOD, 2.2 KG",23.0,2026-08-20T00:00:00-04:00,2026-08-26T23:59:59-04:00
Atlantic Superstore,8084992,PC® SIGNATURE GIFT BOUQUET,26.0,2026-08-20T00:00:00-04:00,2026-08-26T23:59:59-04:00
Atlantic Superstore,8084992,"PC® BLACK TIGER SHRIMP RAW ZIPPERBACK®, 16-20/LB, 400 G OR JUMBO WILD ARGENTINIAN SHRIMP RAW ZIPPERBACK, 21-30/LB, 340 G",11.0,2026-08-20T00:00:00-04:00,2026-08-26T23:59:59-04:00
Atlantic Superstore,8084992,"KELLOGG'S RICE KRISPIES, NUTRI GRAIN BAR, POP TARTS, SPECIAL K CRISPY BAR, 125-384 G",2.67,2026-08-20T00:00:00-04:00,2026-08-26T23:59:59-04:00
Atlantic Superstore,8084992,MINI CARNATIONS BUNCH,10.0,2026-08-20T00:00:00-04:00,2026-08-26T23:59:59-04:00
Atlantic Superstore,8084992,"PC® FROZEN SIDE DISHES, ASIAN OR TORTILLA ENTRÉES, 300-400 G",5.0,2026-08-20T00:00:00-04:00,2026-08-26T23:59:59-04:00
Atlantic Superstore,8084992,"FANCY POKKET PITA, 250 G",2.5,2026-08-20T00:00:00-04:00,2026-08-26T23:59:59-04:00
Atlantic Superstore,8084992,"SUMMER FRESH PACKAGED SALAD, 300 G",6.0,2026-08-20T00:00:00-04:00,2026-08-26T23:59:59-04:00
Atlantic Superstore,8084992,"PEPPERIDGE FARM GOLDFISH CRACKERS, 156-227 G OR CRISPS, 177 G",7.0,2026-08-20T00:00:00-04:00,2026-08-26T23:59:59-04:00
Atlantic Superstore,8084992,NO NAME® OR HALAL CHICKEN BREASTS,4.99,2026-08-20T00:00:00-04:00,2026-08-26T23:59:59-04:00
Atlantic Superstore,8084992,"AXE DEODORANT, 76/85 G BODY SPRAY, 113 G BODY WASH OR HAIR CARE, 473 ML",4.5,2026-08-20T00:00:00-04:00,2026-08-26T23:59:59-04:00
Atlantic Superstore,8084992,"PC® OR BLUE MENU® 100% JUICE BLENDS OR FRUIT JUICE BEVERAGES, 8X200 ML",3.75,2026-08-20T00:00:00-04:00,2026-08-26T23:59:59-04:00
Atlantic Superstore,8084992,"CHRISTIE PEEK FREANS COOKIES, 275-350 G",10.0,2026-08-20T00:00:00-04:00,2026-08-26T23:59:59-04:00
Atlantic Superstore,8084992,PORK BUTT ROAST,4.5,2026-08-20T00:00:00-04:00,2026-08-26T23:59:59-04:00
Atlantic Superstore,8084992,"PC® SALSA, 430 ML, GUACAMOLE, 227 G OR GARDEN FRESH TORTILLA CHIPS, 397 G",5.0,2026-08-20T00:00:00-04:00,2026-08-26T23:59:59-04:00
Atlantic Superstore,8084992,"BLACKBERRIES, 170 G",4.0,2026-08-20T00:00:00-04:00,2026-08-26T23:59:59-04:00
Atlantic Superstore,8084992,"PILLSBURY PIZZA BITES OR PIZZA POPS, 693/760 G",7.0,2026-08-20T00:00:00-04:00,2026-08-26T23:59:59-04:00
Atlantic Superstore,8084992,"LARSEN WIENERS, 900 G",9.0,2026-08-20T00:00:00-04:00,2026-08-26T23:59:59-04:00
Atlantic Superstore,8084992,"BRITA FILTERS, 5-PACK",34.0,2026-08-20T00:00:00-04:00,2026-08-26T23:59:59-04:00
Atlantic Superstore,8084992,"BRAR'S SHER DURUM ATTA DESI STYLE FLOUR, 9.07 KG OR 20 LB",13.0,2026-08-20T00:00:00-04:00,2026-08-26T23:59:59-04:00
Atlantic Superstore,8084992,"EVERYDAY ESSENTIALS® KITCHEN GADGETS, TOOLS OR UTENSILS",2.0,2026-08-20T00:00:00-04:00,2026-08-26T23:59:59-04:00
Atlantic Superstore,8084992,TOMO STATIONERY,1.5,2026-08-20T00:00:00-04:00,2026-08-26T23:59:59-04:00
Atlantic Superstore,8084992,"PC® ORGANICS PEANUT BUTTER, 500 G",5.5,2026-08-20T00:00:00-04:00,2026-08-26T23:59:59-04:00
Atlantic Superstore,8084992,"OCEAN'S HALO TUNA, 170 G",3.0,2026-08-20T00:00:00-04:00,2026-08-26T23:59:59-04:00
Atlantic Superstore,8084992,CANTALOUPE,4.0,2026-08-20T00:00:00-04:00,2026-08-26T23:59:59-04:00
Atlantic Superstore,8084992,"HERSHEY'S, REESE'S, BROOKSIDE OR OH HENRY! BAGGED CHOCOLATES OR CANDY, 160-270 G",10.5,2026-08-20T00:00:00-04:00,2026-08-26T23:59:59-04:00
Atlantic Superstore,8084992,"SUMM! SPRING ROLLS OR DUMPLINGS, 250-350 G",6.0,2026-08-20T00:00:00-04:00,2026-08-26T23:59:59-04:00
Atlantic Superstore,8084992,"MCCAFÉ K-CUP PODS, 10/12'S OR LAVAZZA WHOLE BEAN COFFEE, 340 G",15.0,2026-08-20T00:00:00-04:00,2026-08-26T23:59:59-04:00
Atlantic Superstore,8084992,"KELLOGG'S RETAIL SIZE CEREAL, 250-355 G",9.99,2026-08-20T00:00:00-04:00,2026-08-26T23:59:59-04:00
Atlantic Superstore,8084992,"PC® ORGANICS OATS, 900 G/1 KG",5.0,2026-08-20T00:00:00-04:00,2026-08-26T23:59:59-04:00
Atlantic Superstore,8084992,"FARMER'S MARKET™ ENGLISH CUCUMBERS, 3'S",4.0,2026-08-20T00:00:00-04:00,2026-08-26T23:59:59-04:00
Atlantic Superstore,8084992,"PC® PACIFIC WHITE SHRIMP PLATTER WITH MILD COCKTAIL SAUCE, 568 G",19.0,2026-08-20T00:00:00-04:00,2026-08-26T23:59:59-04:00
Atlantic Superstore,8084992,"MILK-BONE DOG BISCUITS, 750-900 G",5.0,2026-08-20T00:00:00-04:00,2026-08-26T23:59:59-04:00
Atlantic Superstore,8084992,"COLGATE TOTAL OR SENSITIVE PRO- RELIEF TOOTHPASTE, COLGATE 360 OR PERIOGARD MANUAL TOOTH BRUSHES, 1 EA., COLGATE KIDS MOUTHWASH, 500 ML",5.25,2026-08-20T00:00:00-04:00,2026-08-26T23:59:59-04:00
Atlantic Superstore,8084992,MILK-BONE DOG BISCUITS 450 G OR SALMON RECIPE 252 G,4.5,2026-08-20T00:00:00-04:00,2026-08-26T23:59:59-04:00
Atlantic Superstore,8084992,"TIDE DETERGENT 39/48 LD, GAIN DETERGENT 61 LD, IVORY SNOW DETERGENT 52 LD, PODS/FRINGES 18/23/31'S, LIQUID SOFTENER 83/97/120'S, BEADS 303/379/379A, DOWNY RINSE 54 LD",10.0,2026-08-20T00:00:00-04:00,2026-08-26T23:59:59-04:00
Atlantic Superstore,8084992,"LYSOL DISINFECTANT SPRAY 350 G, DISINFECTING WIPES 75-84'S OR ALL PURPOSE CLEANER 950 ML",12.0,2026-08-20T00:00:00-04:00,2026-08-26T23:59:59-04:00
Atlantic Superstore,8084992,"PAMPERS® MORE ABSORBENT DIAPERS, SIZES N-6",29.0,2026-08-20T00:00:00-04:00,2026-08-26T23:59:59-04:00
Atlantic Superstore,8084992,PC® FREE FROM® AUSTRALIAN LAMB FRENCHED RACK,26.99,2026-08-20T00:00:00-04:00,2026-08-26T23:59:59-04:00
Atlantic Superstore,8084992,"GENERAL MILLS RETAIL SIZE CEREAL, 300-437 G",9.99,2026-08-20T00:00:00-04:00,2026-08-26T23:59:59-04:00
Atlantic Superstore,8084992,CHARMIN ULTRA SOFT OR STRONG BATHROOM TISSUE 12=48 ROLLS,18.0,2026-08-20T00:00:00-04:00,2026-08-26T23:59:59-04:00
Atlantic Superstore,8084992,"PC® MINI VEGETABLE OR CHICKEN SAMOSAS, 288/345 G",6.0,2026-08-20T00:00:00-04:00,2026-08-26T23:59:59-04:00
Atlantic Superstore,8084992,"BOUNTY PAPER TOWEL, 6-12",18.0,2026-08-20T00:00:00-04:00,2026-08-26T23:59:59-04:00
Atlantic Superstore,8084992,"LIBERTÉ GREEK, 650/750 G OR MEDITERRANÉE, 900 G OR IÖGO CREAMY, 16 X 100 G",7.0,2026-08-20T00:00:00-04:00,2026-08-26T23:59:59-04:00
Atlantic Superstore,8084992,SWEET BICOLOUR CORN,0.5,2026-08-20T00:00:00-04:00,2026-08-26T23:59:59-04:00
Atlantic Superstore,8084992,"PC® OR BLUE MENU® FROZEN SMOOTHIE OR SKYR BARS, 480 G/ML OR 6'S",6.5,2026-08-20T00:00:00-04:00,2026-08-26T23:59:59-04:00
Atlantic Superstore,8084992,"DAWN LIQUID, 431/502 ML, DAWN EZ SQUEEZE, 366/443 ML",3.0,2026-08-20T00:00:00-04:00,2026-08-26T23:59:59-04:00
Atlantic Superstore,8084992,"DABUR JUICE NECTAR, 1 L",3.5,2026-08-20T00:00:00-04:00,2026-08-26T23:59:59-04:00
Atlantic Superstore,8084992,"DUREX®, 3695/TG-200 ML CONDOMS or K-Y®, 57-113 LS/40-148 ML LUBRICANTS",5.24,2026-08-20T00:00:00-04:00,2026-08-26T23:59:59-04:00
Atlantic Superstore,8084992,"COLGATE TOOTHPASTE, 52-95 ML, OR MANUAL TOOTHBRUSH, 1 EA",1.25,2026-08-20T00:00:00-04:00,2026-08-26T23:59:59-04:00
Atlantic Superstore,8084992,"COCA-COLA OR CANADA DRY SOFT DRINKS, 12X355 ML",17.0,2026-08-20T00:00:00-04:00,2026-08-26T23:59:59-04:00
Atlantic Superstore,8084992,"PC® ORGANICS FRUIT SPREAD, 365 ML",5.0,2026-08-20T00:00:00-04:00,2026-08-26T23:59:59-04:00
Atlantic Superstore,8084992,"PC® THE DECADENT® COOKIES, 280-300 G",4.5,2026-08-20T00:00:00-04:00,2026-08-26T23:59:59-04:00
Atlantic Superstore,8084992,"SCHNEIDERS PEPPERETTES, 225-375 G",8.0,2026-08-20T00:00:00-04:00,2026-08-26T23:59:59-04:00
Atlantic Superstore,8084992,"BECEL MARGARINE, 637/800 G",7.0,2026-08-20T00:00:00-04:00,2026-08-26T23:59:59-04:00
Atlantic Superstore,8084992,"L'ORÉAL HAIR EXPERTISE SHAMPOO OR CONDITIONER, 150-375 ML",6.0,2026-08-20T00:00:00-04:00,2026-08-26T23:59:59-04:00
Atlantic Superstore,8084992,NO NAME® OR HALAL WHOLE CHICKEN,4.0,2026-08-20T00:00:00-04:00,2026-08-26T23:59:59-04:00
Atlantic Superstore,8084992,"HUNGRY-MAN ENTRÉES, 360-455 G OR HEALTHY CHOICE GOURMET OR SIMPLY STEAMERS, 255-306 G",4.0,2026-08-20T00:00:00-04:00,2026-08-26T23:59:59-04:00
Atlantic Superstore,8084992,PC® GREENS AND GRAINS SALAD CONTAINERS,12.0,2026-08-20T00:00:00-04:00,2026-08-26T23:59:59-04:00
Atlantic Superstore,8084992,"LIFE AT HOME™ FELT HANGERS, 50'S",15.0,2026-08-20T00:00:00-04:00,2026-08-26T23:59:59-04:00
Atlantic Superstore,8084992,"ENFAGROW NUTRITIONAL SUPPLEMENT, 1-5 YEARS, 907 G",37.0,2026-08-20T00:00:00-04:00,2026-08-26T23:59:59-04:00
Atlantic Superstore,8084992,"CHUBBY DRINKS, 250 ML",0.5,2026-08-20T00:00:00-04:00,2026-08-26T23:59:59-04:00
Atlantic Superstore,8084992,MEDIUM GROUND BEEF,5.77,2026-08-20T00:00:00-04:00,2026-08-26T23:59:59-04:00
Atlantic Superstore,8084992,SINFIT PROTEIN CHIPS,3.0,2026-08-20T00:00:00-04:00,2026-08-26T23:59:59-04:00
Atlantic Superstore,8084992,TOP SIRLOIN STEAK,18.0,2026-08-20T00:00:00-04:00,2026-08-26T23:59:59-04:00
Atlantic Superstore,8084992,"RASPBERRIES, 170 G",4.0,2026-08-20T00:00:00-04:00,2026-08-26T23:59:59-04:00
Atlantic Superstore,8084992,"REAL FRUIT, MINI GUMMIES SACHETS 50'S, 600 G",11.0,2026-08-20T00:00:00-04:00,2026-08-26T23:59:59-04:00
Atlantic Superstore,8084992,"NO NAME® LITTER, 7 KG",8.0,2026-08-20T00:00:00-04:00,2026-08-26T23:59:59-04:00
Atlantic Superstore,8084992,"FRISKIES CAT FOOD, 1.4-1.5 KG",7.0,2026-08-20T00:00:00-04:00,2026-08-26T23:59:59-04:00
Atlantic Superstore,8084992,"SANTOSH NAAN, 500 G",2.5,2026-08-20T00:00:00-04:00,2026-08-26T23:59:59-04:00
Atlantic Superstore,8084992,"LIQUID I.V. HYDRATION MULTIPLIER, 6 CT",12.5,2026-08-20T00:00:00-04:00,2026-08-26T23:59:59-04:00
Atlantic Superstore,8084992,"THE SNACK FACTORY PRETZEL CRISPS DRIZZLERS, 155 G",7.0,2026-08-20T00:00:00-04:00,2026-08-26T23:59:59-04:00
Atlantic Superstore,8084992,JOE FRESH,29.0,2026-08-20T00:00:00-04:00,2026-08-26T23:59:59-04:00
Atlantic Superstore,8084992,"DARE REALFRUIT GUMMIES, 350 G",7.5,2026-08-20T00:00:00-04:00,2026-08-26T23:59:59-04:00
Atlantic Superstore,8084992,"PC® OUTDOOR FALL MUMS, 9.5 INCH",9.48,2026-08-20T00:00:00-04:00,2026-08-26T23:59:59-04:00
Atlantic Superstore,8084992,EVERYDAY ESSENTIALS™ PERFORM BATH TOWELS,8.0,2026-08-20T00:00:00-04:00,2026-08-26T23:59:59-04:00
Atlantic Superstore,8084992,"KOREAN CHICKEN INDIVIDUAL COMBO WITH WEDGES, 361-530 G",9.0,2026-08-20T00:00:00-04:00,2026-08-26T23:59:59-04:00
Atlantic Superstore,8084992,"MARZETTI'S DIPS, 254-340 G",5.5,2026-08-20T00:00:00-04:00,2026-08-26T23:59:59-04:00
Atlantic Superstore,8084992,"CHRISTIE CRACKERS, 162-200 G",8.0,2026-08-20T00:00:00-04:00,2026-08-26T23:59:59-04:00
Atlantic Superstore,8084992,"BETTY CROCKER OR MOTT'S FRUITSATIONS FRUIT SNACKS OR GENERAL MILLS OR NATURE VALLEY GRANOLA BARS OR TREATS BARS, 120-226 G",2.5,2026-08-20T00:00:00-04:00,2026-08-26T23:59:59-04:00
Atlantic Superstore,8084992,"FARMER'S MARKET™ GRAPE TOMATOES, 283 G",4.5,2026-08-20T00:00:00-04:00,2026-08-26T23:59:59-04:00
Atlantic Superstore,8084992,"DARE BRETON OR VINTA CRACKERS, 132-225 G, GRISSOL MELBA OR CANAPÉ TOAST 150-200 G OR BAGUETTES, 120/130 G",7.0,2026-08-20T00:00:00-04:00,2026-08-26T23:59:59-04:00
Atlantic Superstore,8084992,"NATURE'S BAKERY FIG BAR, 340 G, 6'S",6.0,2026-08-20T00:00:00-04:00,2026-08-26T23:59:59-04:00
Atlantic Superstore,8084992,"SUNRISE BOLOGNA, 375 G",4.0,2026-08-20T00:00:00-04:00,2026-08-26T23:59:59-04:00
Atlantic Superstore,8084992,GREEN KALE,2.0,2026-08-20T00:00:00-04:00,2026-08-26T23:59:59-04:00
Atlantic Superstore,8084992,PC® SPLENDIDO™ PARMIGIANO REGGIANO CHEESE,4.4,2026-08-20T00:00:00-04:00,2026-08-26T23:59:59-04:00
Atlantic Superstore,8084992,PAMPERS SWADDLERS ULTRA VALUE PACK,45.0,2026-08-20T00:00:00-04:00,2026-08-26T23:59:59-04:00
Atlantic Superstore,8084992,"FARMER'S MARKET™ SQUARES, 400/450 G",7.0,2026-08-20T00:00:00-04:00,2026-08-26T23:59:59-04:00
Atlantic Superstore,8084992,"SURATI SNACKS, 250/341 G",2.0,2026-08-20T00:00:00-04:00,2026-08-26T23:59:59-04:00
Atlantic Superstore,8084992,"NO NAME® MILD SUGAR CURED BACON, 375 G",4.0,2026-08-20T00:00:00-04:00,2026-08-26T23:59:59-04:00
Atlantic Superstore,8084992,CARIBBEAN SWEET POTATOES,2.5,2026-08-20T00:00:00-04:00,2026-08-26T23:59:59-04:00
Atlantic Superstore,8084992,"ZIGGY'S® PASTA, 600 G",5.0,2026-08-20T00:00:00-04:00,2026-08-26T23:59:59-04:00
Atlantic Superstore,8084992,EGGPLANT,3.0,2026-08-20T00:00:00-04:00,2026-08-26T23:59:59-04:00
Atlantic Superstore,8084992,PAMPERS® CRUISERS™ 360°,35.0,2026-08-20T00:00:00-04:00,2026-08-26T23:59:59-04:00
Atlantic Superstore,8084992,KOZY SHACK PUDDING 4X113 G/624 G OR IÖGO NANO YOGURT POUCHES 4X90 G,3.75,2026-08-20T00:00:00-04:00,2026-08-26T23:59:59-04:00
Atlantic Superstore,8084992,CASHMERE® 24=72 ROLLS,22.0,2026-08-20T00:00:00-04:00,2026-08-26T23:59:59-04:00
Atlantic Superstore,8084992,"PEDIGREE DOG FOOD, 375 G",7.5,2026-08-20T00:00:00-04:00,2026-08-26T23:59:59-04:00
Atlantic Superstore,8084992,"TILDA BASMATI RICE, 1.81 KG",9.99,2026-08-20T00:00:00-04:00,2026-08-26T23:59:59-04:00
Atlantic Superstore,8084992,"CESAR DOG FOOD, 12's",17.0,2026-08-20T00:00:00-04:00,2026-08-26T23:59:59-04:00
Atlantic Superstore,8084992,"PRAN SAMOSA, 400 G",2.0,2026-08-20T00:00:00-04:00,2026-08-26T23:59:59-04:00
Atlantic Superstore,8084992,"SCOTTIES®' ULTRA SOFT, 4-pack",14.0,2026-08-20T00:00:00-04:00,2026-08-26T23:59:59-04:00
Atlantic Superstore,8084992,"PC® LIVE LETTUCE GREEN, RED OR TRIO, 1'S",3.0,2026-08-20T00:00:00-04:00,2026-08-26T23:59:59-04:00
Atlantic Superstore,8084992,"MINI CHOCOLATE CHIP OR MONSTER COOKIES, 24'S",5.0,2026-08-20T00:00:00-04:00,2026-08-26T23:59:59-04:00
Atlantic Superstore,8084992,"TWIZZLER NIBS, TWISTS, PULL-N-PEEL OR JOLLY RANCHER CANDY ROPES, 283-454 G",5.0,2026-08-20T00:00:00-04:00,2026-08-26T23:59:59-04:00
Atlantic Superstore,8084992,"FRESH ATLANTIC SALMON PORTIONS, 200-913 G",5.0,2026-08-20T00:00:00-04:00,2026-08-26T23:59:59-04:00
Atlantic Superstore,8084992,"SIMPLY PROTEIN SNACK BAR, 12X40 G, 12'S",18.0,2026-08-20T00:00:00-04:00,2026-08-26T23:59:59-04:00
Atlantic Superstore,8084992,DANONE ACTIVIA 8X100 G OR OASIS SMOOTHIES 1.6 L,5.0,2026-08-20T00:00:00-04:00,2026-08-26T23:59:59-04:00
Atlantic Superstore,8084992,"LEN XIANG RICE PAPER, 400 G",3.0,2026-08-20T00:00:00-04:00,2026-08-26T23:59:59-04:00
Atlantic Superstore,8084992,FIESTA SUNFLOWER BUNCH,16.0,2026-08-20T00:00:00-04:00,2026-08-26T23:59:59-04:00
Atlantic Superstore,8084992,"LA COSTENA REFRIED BEANS, 546 ML",3.0,2026-08-20T00:00:00-04:00,2026-08-26T23:59:59-04:00
Atlantic Superstore,8084992,"T&T SUSHI NORI ROASTED SEAWEED SHEETS, 27 G",2.49,2026-08-20T00:00:00-04:00,2026-08-26T23:59:59-04:00
Atlantic Superstore,8084992,5 INCH ORCHID,28.0,2026-08-20T00:00:00-04:00,2026-08-26T23:59:59-04:00
Atlantic Superstore,8084992,"LA COSTENA MEXICAN SAUCE, 455 ML",3.75,2026-08-20T00:00:00-04:00,2026-08-26T23:59:59-04:00
Atlantic Superstore,8084992,"PC® CHICKEN NUGGETS, STRIPS OR BURGERS, 700 G",8.0,2026-08-20T00:00:00-04:00,2026-08-26T23:59:59-04:00
Atlantic Superstore,8084992,"LINDT EXCELLENCE, 80-200 G OR GHIRARDELLI CHOCOLATE BARS, 138 G",10.0,2026-08-20T00:00:00-04:00,2026-08-26T23:59:59-04:00
Atlantic Superstore,8084992,"CALEDON FARMS DOG TREATS, 90-550 G",8.0,2026-08-20T00:00:00-04:00,2026-08-26T23:59:59-04:00
Atlantic Superstore,8084992,DOZEN ROSES,25.0,2026-08-20T00:00:00-04:00,2026-08-26T23:59:59-04:00
Atlantic Superstore,8084992,"SPONGETOWELS® ULTRAPRO, 8=16 ROLLS",23.0,2026-08-20T00:00:00-04:00,2026-08-26T23:59:59-04:00
Atlantic Superstore,8084992,"PC® RUSSET POTATOES, 5 LB",5.0,2026-08-20T00:00:00-04:00,2026-08-26T23:59:59-04:00
Atlantic Superstore,8084992,GREEN ZUCCHINI,2.5,2026-08-20T00:00:00-04:00,2026-08-26T23:59:59-04:00
Atlantic Superstore,8084992,"PC® ORGANICS CREMINI OR WHITE MUSHROOMS, 227 G",4.0,2026-08-20T00:00:00-04:00,2026-08-26T23:59:59-04:00
Atlantic Superstore,8084992,"KEWPIE MAYONNAISE, 465 ML",6.5,2026-08-20T00:00:00-04:00,2026-08-26T23:59:59-04:00
Atlantic Superstore,8084992,"IAMS CAT FOOD, 1.36/2.59 KG",14.0,2026-08-20T00:00:00-04:00,2026-08-26T23:59:59-04:00
Atlantic Superstore,8084992,"SUFRA® HALAL CHICKEN DRUMSTICKS OR THIGHS, UP TO 840 G",10.0,2026-08-20T00:00:00-04:00,2026-08-26T23:59:59-04:00
Atlantic Superstore,8084992,"INTERNATIONAL DELIGHT COFFEE CREAMER, 946 ML OR COLD FOAM, 369-396 G",7.0,2026-08-20T00:00:00-04:00,2026-08-26T23:59:59-04:00
Atlantic Superstore,8084992,"FURLANI TEXAS STYLE GARLIC TOAST, 16X40 G",5.0,2026-08-20T00:00:00-04:00,2026-08-26T23:59:59-04:00
Atlantic Superstore,8084992,"BENEFUL INCREDIBITES DOG FOOD, 85 G",7.0,2026-08-20T00:00:00-04:00,2026-08-26T23:59:59-04:00
Atlantic Superstore,8084992,"T&T ZHENJIANG VINEGAR, 500 ML",2.0,2026-08-20T00:00:00-04:00,2026-08-26T23:59:59-04:00
Atlantic Superstore,8084992,"PEPSI SOFT DRINKS, 6X710 ML",4.5,2026-08-20T00:00:00-04:00,2026-08-26T23:59:59-04:00
Atlantic Superstore,8084992,"BOUNTY NAPKIN, 400'S",11.0,2026-08-20T00:00:00-04:00,2026-08-26T23:59:59-04:00
Atlantic Superstore,8084992,"DAHLIA, 5 STEM",12.0,2026-08-20T00:00:00-04:00,2026-08-26T23:59:59-04:00
Atlantic Superstore,8084992,"MAXWELL HOUSE GROUND COFFEE, 631-900 G OR MAXWELL HOUSE K-CUP, 30'S",17.99,2026-08-20T00:00:00-04:00,2026-08-26T23:59:59-04:00
Atlantic Superstore,8084992,"ROYALE BATHROOM TISSUE, 8-16 ROLLS",5.0,2026-08-20T00:00:00-04:00,2026-08-26T23:59:59-04:00
Atlantic Superstore,8084992,"PURINA ONE DOG FOOD, 6-7 KG",32.0,2026-08-20T00:00:00-04:00,2026-08-26T23:59:59-04:00
Atlantic Superstore,8084992,"AMY'S BURRITO, 156-170 G",4.5,2026-08-20T00:00:00-04:00,2026-08-26T23:59:59-04:00
Atlantic Superstore,8084992,"PC® ORGANICS UNSWEETENED APPLE SAUCE, 6X100 ML",4.0,2026-08-20T00:00:00-04:00,2026-08-26T23:59:59-04:00
Atlantic Superstore,8084992,"CASCADE TUBS 30/39/45'S, SWIFFER DUSTER SK, DUSTER REFILLS 11/16'S, SWEEPER SK, SWEEPER WET REFILLS 38'S, SWEEPER DRY REFILLS 48'S, WETJET REFILLS 24'S, SWIFFER POWERMOP BUNDLE PACK, POWERMOP REFILLS 8'S, MR. CLEAN ERASERS 12'S",11.0,2026-08-20T00:00:00-04:00,2026-08-26T23:59:59-04:00
Atlantic Superstore,8084992,"PC® HOMESTYLE OR SPICY BUTTERMILK CRISPY CHICKEN BREASTS, 560 G",15.0,2026-08-20T00:00:00-04:00,2026-08-26T23:59:59-04:00
Atlantic Superstore,8084992,"FINISH DISHWASHING TABS, 21/26'S",12.0,2026-08-20T00:00:00-04:00,2026-08-26T23:59:59-04:00
Atlantic Superstore,8084992,"DAIRY ISLE BUTTER, 454 G",4.88,2026-08-20T00:00:00-04:00,2026-08-26T23:59:59-04:00
Atlantic Superstore,8084992,"SEAQUEST® COLOSSAL PACIFIC WHITE SHRIMP RAW ZIPPERBACK® 16-20/LB, 300 G OR BAY SCALLOPS, UNCOOKED 100-150 PER BAG, 400 G",5.5,2026-08-20T00:00:00-04:00,2026-08-26T23:59:59-04:00
Atlantic Superstore,8084992,"ZIGGY'S® SLICED DELI MEATS, 175 G",4.0,2026-08-20T00:00:00-04:00,2026-08-26T23:59:59-04:00
Atlantic Superstore,8084992,LIFE AT HOME™ 50 PACK FELT HANGERS,15.0,2026-08-20T00:00:00-04:00,2026-08-26T23:59:59-04:00
Atlantic Superstore,8084992,"PINTY'S CHICKEN WINGS, 700/720 G",15.0,2026-08-20T00:00:00-04:00,2026-08-26T23:59:59-04:00
Atlantic Superstore,8084992,"SIMILAC 360 TOTAL CARE INFANT FORMULA LARGE TUB, 859 G",60.0,2026-08-20T00:00:00-04:00,2026-08-26T23:59:59-04:00
Atlantic Superstore,8084992,"CAVENDISH FARMS FRIES, WEDGES, HASH BROWNS, POTATO TOTS OR ONION RINGS, 400-750 G",9.5,2026-08-20T00:00:00-04:00,2026-08-26T23:59:59-04:00
Atlantic Superstore,8084992,ST. IVES SKINCARE PRODUCTS,5.0,2026-08-20T00:00:00-04:00,2026-08-26T23:59:59-04:00
Atlantic Superstore,8084992,EVERYDAY ESSENTIALS™ JUMBO PILLOW,5.5,2026-08-20T00:00:00-04:00,2026-08-26T23:59:59-04:00
Atlantic Superstore,8084992,"PC® SUPER SOFT BATHROOM TISSUE, 30=100 ROLLS",15.99,2026-08-20T00:00:00-04:00,2026-08-26T23:59:59-04:00
Atlantic Superstore,8084992,"TIDE LAUNDRY DETERGENT, 3.46-3.9 L, TIDE PODS OR GAIN FLINGS, 45/57/76'S OR BEADS, 751-853 G, CASCADE TUBS, 51/67/90'S",20.0,2026-08-20T00:00:00-04:00,2026-08-26T23:59:59-04:00
Atlantic Superstore,8084992,"WILLY KRAUCH'S SMOKED ATLANTIC SALMON PREVIOUSLY FROZEN, 115 G OR PC® SMOKED SALMON OR CRAB & LOBSTER BAKE & SERVE DIP, 360 G FROZEN",9.0,2026-08-20T00:00:00-04:00,2026-08-26T23:59:59-04:00
Atlantic Superstore,8084992,JARLSBERG,3.5,2026-08-20T00:00:00-04:00,2026-08-26T23:59:59-04:00
Atlantic Superstore,8084992,"GET'EMS! ORGANIC ROUNDOS, COOKIES OR CRACKERS, 64-142 G",8.0,2026-08-20T00:00:00-04:00,2026-08-26T23:59:59-04:00
Atlantic Superstore,8084992,"BROOKE BOND RED LABEL TEA, 900 G",10.0,2026-08-20T00:00:00-04:00,2026-08-26T23:59:59-04:00
Atlantic Superstore,8084992,"ROMA SLICED HOT & MILD PEPPERONI, 900 G",12.0,2026-08-20T00:00:00-04:00,2026-08-26T23:59:59-04:00
Atlantic Superstore,8084992,"JARRITOS SOFT DRINKS, 370 ML",1.25,2026-08-20T00:00:00-04:00,2026-08-26T23:59:59-04:00
Atlantic Superstore,8084992,BLUEBERRIES,4.0,2026-08-20T00:00:00-04:00,2026-08-26T23:59:59-04:00
Atlantic Superstore,8084992,AIRPODS PRO 3RD GENERATION,299.0,2026-08-20T00:00:00-04:00,2026-08-26T23:59:59-04:00
Atlantic Superstore,8084992,"MADE GOOD GRANOLA BARS, CRISPY OR CRUNCHY SQUARES, SOFT BAKED MINI COOKIES, GRANOLA BITES OR OAT BARS, 120-150 G",2.29,2026-08-20T00:00:00-04:00,2026-08-26T23:59:59-04:00
Atlantic Superstore,8084992,"O'TASTY FROZEN DUMPLINGS, 567 G",6.99,2026-08-20T00:00:00-04:00,2026-08-26T23:59:59-04:00
Atlantic Superstore,8084992,"NO NAME BLACK OIL SUNFLOWER WILD BIRD SEEDS, 8 KG",22.0,2026-08-20T00:00:00-04:00,2026-08-26T23:59:59-04:00
Atlantic Superstore,8084992,"T&T PACIFIC WHITE SHRIMP, 30-40/LB, 400 G OR COOKED, 21-25/LB, 300 G",6.5,2026-08-20T00:00:00-04:00,2026-08-26T23:59:59-04:00
Atlantic Superstore,8084992,"LECLERC GO PURE, 140-175 G OR MUFFIN MAX, 223 G",3.75,2026-08-20T00:00:00-04:00,2026-08-26T23:59:59-04:00
Atlantic Superstore,8084992,SIKORSKI GRANDPA OR GRANDMA HAM,3.25,2026-08-20T00:00:00-04:00,2026-08-26T23:59:59-04:00
Atlantic Superstore,8084992,"FLOURISH PROTEIN PANCAKE & WAFFLE MIX, 430 G",8.5,2026-08-20T00:00:00-04:00,2026-08-26T23:59:59-04:00
Atlantic Superstore,8084992,"PC® SHAWARMA HALAL CHICKEN STRIPS, 300 G",12.0,2026-08-20T00:00:00-04:00,2026-08-26T23:59:59-04:00
Atlantic Superstore,8084992,"PC® BLUE MENU® GROUND CHICKEN OR MINCED TURKEY, 454 G",8.0,2026-08-20T00:00:00-04:00,2026-08-26T23:59:59-04:00
Atlantic Superstore,8084992,"DARE BEAR PAWS, 168-210 G, WAGON WHEELS, 315/360 G WHIPPETS, 250-290 G, ULTIMATE OR VIVA PUFFS COOKIES, 290/300 G",7.0,2026-08-20T00:00:00-04:00,2026-08-26T23:59:59-04:00
Atlantic Superstore,8084992,"TERRA DELYSSA OR MORESH EXTRA VIRGIN OLIVE OIL, 500 ML",8.5,2026-08-20T00:00:00-04:00,2026-08-26T23:59:59-04:00
Atlantic Superstore,8084992,"BEN'S ORIGINAL STREET FOOD RICE OR NOODLE BOWLS, 250-255 G",9.0,2026-08-20T00:00:00-04:00,2026-08-26T23:59:59-04:00
Atlantic Superstore,8084992,"WHISKAS TEMPTATIONS CAT TREATS, 130/180 G, SPOONS, 40 G OR PURRRRÉES, 11'S",3.0,2026-08-20T00:00:00-04:00,2026-08-26T23:59:59-04:00
Atlantic Superstore,8084992,BEEF LIVER,5.0,2026-08-20T00:00:00-04:00,2026-08-26T23:59:59-04:00
Atlantic Superstore,8084992,BROCCOLI CROWNS,2.5,2026-08-20T00:00:00-04:00,2026-08-26T23:59:59-04:00
Atlantic Superstore,8084992,DOVE DERMA SCALP SHAMPOO OR CONDITIONER,11.0,2026-08-20T00:00:00-04:00,2026-08-26T23:59:59-04:00
Atlantic Superstore,8084992,"SCOTTIES FACIAL TISSUES, 12'S",17.0,2026-08-20T00:00:00-04:00,2026-08-26T23:59:59-04:00
Atlantic Superstore,8084992,WILD INTERIORS FOLIAGE,16.0,2026-08-20T00:00:00-04:00,2026-08-26T23:59:59-04:00
Atlantic Superstore,8084992,"BUDWEISER BUD ZERO NON- ALCOHOLIC BEER, 12X355 ML",15.0,2026-08-20T00:00:00-04:00,2026-08-26T23:59:59-04:00
Atlantic Superstore,8084992,"DAWN DISH SOAP, 431/502 ML",3.0,2026-08-20T00:00:00-04:00,2026-08-26T23:59:59-04:00
Atlantic Superstore,8084992,"PC® OR BLUE MENU® 100% JUICE BLENDS OR COCKTAILS, 1.89 L",3.5,2026-08-20T00:00:00-04:00,2026-08-26T23:59:59-04:00
Atlantic Superstore,8084992,"NO NAME™ HONEY, 500 G",8.0,2026-08-20T00:00:00-04:00,2026-08-26T23:59:59-04:00
Atlantic Superstore,8084992,"QUAKER CRISPY MINIS OR RICE CAKES, 90-199 G",7.0,2026-08-20T00:00:00-04:00,2026-08-26T23:59:59-04:00
Atlantic Superstore,8084992,"FINISH DISHWASHING TABS, 60/72/105'S",20.0,2026-08-20T00:00:00-04:00,2026-08-26T23:59:59-04:00
Atlantic Superstore,8084992,"FEBREZE AIR EFFECTS, 230 G, CAR 2 ML, BATHROOM, 7.5 ML, MR. CLEAN LIQUIDS, 1.2 L, ERASERS 2'S",4.5,2026-08-20T00:00:00-04:00,2026-08-26T23:59:59-04:00
Atlantic Superstore,8084992,"KRAFT PEANUT BUTTER, 750 G/1 KG",6.0,2026-08-20T00:00:00-04:00,2026-08-26T23:59:59-04:00
Atlantic Superstore,8084992,"KELLOGG'S EGGO WAFFLES, PANCAKES OR PROTEIN WAFFLES, 240-560 G OR MCCAIN DEEP'N DELICIOUS, CAKES 510 G",7.0,2026-08-20T00:00:00-04:00,2026-08-26T23:59:59-04:00
Atlantic Superstore,8084992,"EXCEL GUM BOTTLE, 80-94.49 G",4.25,2026-08-20T00:00:00-04:00,2026-08-26T23:59:59-04:00
Atlantic Superstore,8084992,"GUACAMOLE, 255 G OR PICO DE GALLO SALSA, 187 G",6.0,2026-08-20T00:00:00-04:00,2026-08-26T23:59:59-04:00
Atlantic Superstore,8084992,"CHAPMAN'S MARKDALE CREAMERY ICE CREAM, 2 L OR COLLECTION NOVELTIES, 8'S",4.5,2026-08-20T00:00:00-04:00,2026-08-26T23:59:59-04:00
Atlantic Superstore,8084992,"HIGH LINER PAN-SEAR SELECTS, 500-540 G OR SIGNATURE CUTS HADDOCK FILLETS, 425 G",10.99,2026-08-20T00:00:00-04:00,2026-08-26T23:59:59-04:00
Atlantic Superstore,8084992,"WESTINGHOUSE 16"" PEDESTAL FAN",34.0,2026-08-20T00:00:00-04:00,2026-08-26T23:59:59-04:00
Atlantic Superstore,8084992,"OCEAN PIER WILD ATLANTIC SEA SCALLOPS, 320 G",26.0,2026-08-20T00:00:00-04:00,2026-08-26T23:59:59-04:00
Atlantic Superstore,8084992,"NESTEA ICED TEA, 12X341 ML",7.99,2026-08-20T00:00:00-04:00,2026-08-26T23:59:59-04:00
Atlantic Superstore,8084992,"PC® BLACK LABEL ICE CREAM, 500 ML",4.5,2026-08-20T00:00:00-04:00,2026-08-26T23:59:59-04:00
Atlantic Superstore,8084992,FARMER'S MARKET™ BLUE PLUMS 1.5 L OR PEACHES 3 L,8.0,2026-08-20T00:00:00-04:00,2026-08-26T23:59:59-04:00
Atlantic Superstore,8084992,L'OREAL EXCELLENCE HAIR COLOUR OR ROOT COVER UP,13.0,2026-08-20T00:00:00-04:00,2026-08-26T23:59:59-04:00
Atlantic Superstore,8084992,ALWAYS DISCREET UNDERWEAR OR PADS,20.0,2026-08-20T00:00:00-04:00,2026-08-26T23:59:59-04:00
Atlantic Superstore,8084992,"JANES PUB STYLE BREADED CHICKEN, 700 G",7.0,2026-08-20T00:00:00-04:00,2026-08-26T23:59:59-04:00
Atlantic Superstore,8084992,EVERYDAY ESSENTIALS™ COOKWARE,9.0,2026-08-20T00:00:00-04:00,2026-08-26T23:59:59-04:00
Atlantic Superstore,8084992,"LYSOL TOILET BOWL CLEANER 2X710 ML, LYSOL LAUNDRY DISINFECTANT 1.2 L, DISINFECTANT SPRAY 425-539 G OR LYSOL DUAL ACTION WIPES 75'S",7.0,2026-08-20T00:00:00-04:00,2026-08-26T23:59:59-04:00
Atlantic Superstore,8084992,BULK ROMA TOMATOES,2.0,2026-08-20T00:00:00-04:00,2026-08-26T23:59:59-04:00
Atlantic Superstore,8084992,"PC® NUTRITION FIRST® DOG FOOD, 374 G",3.0,2026-08-20T00:00:00-04:00,2026-08-26T23:59:59-04:00
Atlantic Superstore,8084992,"PRAN PARATHA FAMILY PACK, 2.4 KG",9.99,2026-08-20T00:00:00-04:00,2026-08-26T23:59:59-04:00
Atlantic Superstore,8084992,"PURINA FRISKIES WET CAT FOOD VARIETY PACK, 24X156 G",21.0,2026-08-20T00:00:00-04:00,2026-08-26T23:59:59-04:00
Atlantic Superstore,8084992,"NO NAME® FROZEN FRUIT, 300/400 G",3.0,2026-08-20T00:00:00-04:00,2026-08-26T23:59:59-04:00
Atlantic Superstore,8084992,CALLA LILY,25.0,2026-08-20T00:00:00-04:00,2026-08-26T23:59:59-04:00
Atlantic Superstore,8084992,PC KIDS BENTO,10.0,2026-08-20T00:00:00-04:00,2026-08-26T23:59:59-04:00
Atlantic Superstore,8084992,"PC® DOUBLE CREAM BRIE, 165-200 G",7.0,2026-08-20T00:00:00-04:00,2026-08-26T23:59:59-04:00
Atlantic Superstore,8084992,"ROOSTER® PREMIUM SCENTED JASMINE RICE, 8 KG",13.88,2026-08-20T00:00:00-04:00,2026-08-26T23:59:59-04:00
Atlantic Superstore,8084992,"PC® CHEESECAKE, 600 G",12.0,2026-08-20T00:00:00-04:00,2026-08-26T23:59:59-04:00
Atlantic Superstore,8084992,"NATURAL BAKERY CANADIAN RYE BREAD, 500 G",3.5,2026-08-20T00:00:00-04:00,2026-08-26T23:59:59-04:00
Atlantic Superstore,8084992,EVERYDAY ESSENTIALS™ OVER THE DOOR MIRRORS,12.0,2026-08-20T00:00:00-04:00,2026-08-26T23:59:59-04:00
Atlantic Superstore,8084992,"TYLENOL, 40-200'S OR MOTRIN PLATINUM MUSCLE AND BODY, 40'S PAIN RELIEF",19.0,2026-08-20T00:00:00-04:00,2026-08-26T23:59:59-04:00
Atlantic Superstore,8084992,KASHI CEREAL 349-510 G OR PROBIOTIC GRANOLA 227G,7.0,2026-08-20T00:00:00-04:00,2026-08-26T23:59:59-04:00
Atlantic Superstore,8084992,SMALL MIXED BOUQUET,10.0,2026-08-20T00:00:00-04:00,2026-08-26T23:59:59-04:00
Atlantic Superstore,8084992,"PEDIGREE DOG TREATS, 504 G-1.9 KG",11.0,2026-08-20T00:00:00-04:00,2026-08-26T23:59:59-04:00
Atlantic Superstore,8084992,"ROOSTER™ GARLIC, 3'S",0.98,2026-08-20T00:00:00-04:00,2026-08-26T23:59:59-04:00
Atlantic Superstore,8084992,"ANNIE'S MACARONI & CHEESE, 149-170 G",2.0,2026-08-20T00:00:00-04:00,2026-08-26T23:59:59-04:00
Atlantic Superstore,8084992,"BRAR'S DESI GHEE, 1.6 KG",23.0,2026-08-20T00:00:00-04:00,2026-08-26T23:59:59-04:00
Atlantic Superstore,8084992,"FARMER'S MARKET™ GREENHOUSE PEPPERS, 3'S",4.5,2026-08-20T00:00:00-04:00,2026-08-26T23:59:59-04:00
Atlantic Superstore,8084992,PORK BELLY,5.88,2026-08-20T00:00:00-04:00,2026-08-26T23:59:59-04:00
Atlantic Superstore,8084992,"SCOTSBURN FAMILY FAVOURITES ICE CREAM OR NOVELTIES, 900 ML, 1.5 L OR BREYERS CLASSIC FROZEN DESSERT, 1.41 L",4.5,2026-08-20T00:00:00-04:00,2026-08-26T23:59:59-04:00
Atlantic Superstore,8084992,"CANADIAN COVE FRESH PEI MUSSELS, 907 G",6.5,2026-08-20T00:00:00-04:00,2026-08-26T23:59:59-04:00
Atlantic Superstore,8084992,"COTTONELLE FRESH CARE FLUSHABLE WET WIPES, 168'S",12.0,2026-08-20T00:00:00-04:00,2026-08-26T23:59:59-04:00
Atlantic Superstore,8084992,"GERBERA DAISY, 6 INCH",15.0,2026-08-20T00:00:00-04:00,2026-08-26T23:59:59-04:00
Atlantic Superstore,8084992,"AYLMER TOMATOES OR ACCENTS, 540/796 ML",7.0,2026-08-20T00:00:00-04:00,2026-08-26T23:59:59-04:00
Atlantic Superstore,8084992,"PC® PORTUGUESE CUSTARD TARTS, 360 G",7.0,2026-08-20T00:00:00-04:00,2026-08-26T23:59:59-04:00
Atlantic Superstore,8084992,"PC® MAX PAPER TOWELS, 8'S",22.0,2026-08-20T00:00:00-04:00,2026-08-26T23:59:59-04:00
Atlantic Superstore,8084992,PC® EXTRA LARGE GREEN OR RED SEEDLESS GRAPES,2.99,2026-08-20T00:00:00-04:00,2026-08-26T23:59:59-04:00
Atlantic Superstore,8084992,"GAIN LAUNDRY DETERGENT 4.25 L/42'S, GAIN OR DOWNY FABRIC SOFTENER 1.42- 3.29 L, BEADS 453- 550 G OR BOUNCE SHEETS 240'S",14.0,2026-08-20T00:00:00-04:00,2026-08-26T23:59:59-04:00
Atlantic Superstore,8084992,"VEGGIES MADE GREAT GLUTEN FREE FRITTATAS OR MUFFINS, 340 G",8.0,2026-08-20T00:00:00-04:00,2026-08-26T23:59:59-04:00
Atlantic Superstore,8084992,"FARMER'S MARKET™ MANDARINS, 2 LB",5.0,2026-08-20T00:00:00-04:00,2026-08-26T23:59:59-04:00
Atlantic Superstore,8084992,"SEAQUEST® CLAM OR MUSSEL MEAT, 340 G",5.0,2026-08-20T00:00:00-04:00,2026-08-26T23:59:59-04:00
Atlantic Superstore,8084992,STRIPLOIN STEAK,15.0,2026-08-20T00:00:00-04:00,2026-08-26T23:59:59-04:00
Atlantic Superstore,8084992,WONDER BUNS OR D'ITALIANO BREAD OR BUNS,7.0,2026-08-20T00:00:00-04:00,2026-08-26T23:59:59-04:00
Atlantic Superstore,8084992,"MAPLE LEAF SAUSAGES, 113 G OR CHEF WOO RAMEN CUPS, 71 G",1.75,2026-08-20T00:00:00-04:00,2026-08-26T23:59:59-04:00
Atlantic Superstore,8084992,CROWNLESS PINEAPPLE,6.0,2026-08-20T00:00:00-04:00,2026-08-26T23:59:59-04:00
Atlantic Superstore,8084992,"HEINZ KETCHUP, 750 ML / 1 L, HEINZ MAYONNAISE, 675 ML OR KRAFT MIRACLE WHIP, 650-890 ML",5.0,2026-08-20T00:00:00-04:00,2026-08-26T23:59:59-04:00
Atlantic Superstore,8084992,"HONEYWELL 7"" TURBO FAN",18.0,2026-08-20T00:00:00-04:00,2026-08-26T23:59:59-04:00
Atlantic Superstore,8084992,"ACE ARTISAN STYLE ROLLS, 400-530 G",4.5,2026-08-20T00:00:00-04:00,2026-08-26T23:59:59-04:00
Atlantic Superstore,8084992,"WHISKAS WET CAT FOOD, 75 G",7.5,2026-08-20T00:00:00-04:00,2026-08-26T23:59:59-04:00
Atlantic Superstore,8084992,"SENSODYNE CLINICAL WHITE OR CLINICAL REPAIR TOOTHPASTE, 75 ML",9.0,2026-08-20T00:00:00-04:00,2026-08-26T23:59:59-04:00
Atlantic Superstore,8084992,"ENFAMIL A+ NEUROPRO OR GENTLEASE BABY FORMULA POWDER REFILLS 0-12 MONTHS, 862/890 G",65.5,2026-08-20T00:00:00-04:00,2026-08-26T23:59:59-04:00
Atlantic Superstore,8084992,"GREEN GIANT VALLEY SELECTIONS, VEGETABLES, 400-750 G OR MCCAIN FRIES OR HASHBROWNS, 800 G",2.75,2026-08-20T00:00:00-04:00,2026-08-26T23:59:59-04:00
Atlantic Superstore,8084992,"GARNIER FRUCTIS SHAMPOO OR CONDITIONER, 334-384 ML",4.0,2026-08-20T00:00:00-04:00,2026-08-26T23:59:59-04:00
Atlantic Superstore,8084992,"WESTINGHOUSE 12"" DESK FAN",24.0,2026-08-20T00:00:00-04:00,2026-08-26T23:59:59-04:00
Atlantic Superstore,8084992,SHEA MOISTURE HAIR CARE,11.0,2026-08-20T00:00:00-04:00,2026-08-26T23:59:59-04:00
Atlantic Superstore,8084992,"NESTLÉ GOOD START BABY FORMULA POWDER, 942 G/1.02 KG",57.0,2026-08-20T00:00:00-04:00,2026-08-26T23:59:59-04:00
Atlantic Superstore,8084992,"HUGGIES, PAMPERS OR MILLIE MOON BABY WIPES, 112-216'S",8.0,2026-08-20T00:00:00-04:00,2026-08-26T23:59:59-04:00
Atlantic Superstore,8084992,"PC® ORGANICS BEANS OR CHICKPEAS, 398 ML",2.0,2026-08-20T00:00:00-04:00,2026-08-26T23:59:59-04:00
Atlantic Superstore,8084992,"SIMPLY GOURMET CRUNCHERS OR PUFFIES SNACKS, 32 G",5.5,2026-08-20T00:00:00-04:00,2026-08-26T23:59:59-04:00
Atlantic Superstore,8084992,"STAEDTLER NORICA PREMIUM PENCILS, 12'S OR STAEDTLER MARS PLASTIC ERASERS, 2'S",2.0,2026-08-20T00:00:00-04:00,2026-08-26T23:59:59-04:00
Atlantic Superstore,8084992,"LYSOL DISINFECTANT SPRAY 350 G, DISINFECTING WIPES 75-84'S OR ALL PURPOSE CLEANER 950 ML",12.0,2026-08-20T00:00:00-04:00,2026-08-26T23:59:59-04:00
Atlantic Superstore,8084992,"CHEF BOYARDEE PASTA, 418/425 G",2.5,2026-08-20T00:00:00-04:00,2026-08-26T23:59:59-04:00
Atlantic Superstore,8084992,HABITANT SOUPS 796 ML OR CAMPBELL'S READY TO SERVE SOUP 515 ML,8.0,2026-08-20T00:00:00-04:00,2026-08-26T23:59:59-04:00
Atlantic Superstore,8084992,"SHARPIE HIGHLIGHTERS, 4'S",2.0,2026-08-20T00:00:00-04:00,2026-08-26T23:59:59-04:00
Atlantic Superstore,8084992,"MCCAFÉ ROAST AND GROUND COFFEE, 640/875 G OR KICKING HORSE K-CUPS, 24'S",25.0,2026-08-20T00:00:00-04:00,2026-08-26T23:59:59-04:00
Atlantic Superstore,8084992,KIDDICARE ECONO PACK,27.88,2026-08-20T00:00:00-04:00,2026-08-26T23:59:59-04:00
Atlantic Superstore,8084992,"CHRISTIE COOKIES, 224-303 G",3.5,2026-08-20T00:00:00-04:00,2026-08-26T23:59:59-04:00
Atlantic Superstore,8084992,"GOODNITES OR PAMPERS NINJAMAS NIGHTTIME UNDERWEAR, SIZES XS-XXL, 24-44'S",27.0,2026-08-20T00:00:00-04:00,2026-08-26T23:59:59-04:00
Atlantic Superstore,8084992,"PC® OR BLUE MENU® SPARKLING WATER, 12X355 ML",5.75,2026-08-20T00:00:00-04:00,2026-08-26T23:59:59-04:00
Atlantic Superstore,8084992,"HUGGIES® GIGA PACK DIAPERS, SIZE N-7, 42-128S",28.0,2026-08-20T00:00:00-04:00,2026-08-26T23:59:59-04:00
Atlantic Superstore,8084992,"PC® TORTILLAS, 342-650 G",3.75,2026-08-20T00:00:00-04:00,2026-08-26T23:59:59-04:00
Atlantic Superstore,8084992,"FARMER'S MARKET™ AVOCADO BAG, 5'S",5.0,2026-08-20T00:00:00-04:00,2026-08-26T23:59:59-04:00
Atlantic Superstore,8084992,"KFI COOKING SAUCES, 375/395 ML",4.0,2026-08-20T00:00:00-04:00,2026-08-26T23:59:59-04:00
Atlantic Superstore,8084992,EVERY DAY ESSENTIALS™ COZY FLEECE THROW,10.0,2026-08-20T00:00:00-04:00,2026-08-26T23:59:59-04:00
Atlantic Superstore,8084992,"NO NAME® AIR FRYER LINERS, 30'S",5.0,2026-08-20T00:00:00-04:00,2026-08-26T23:59:59-04:00
Atlantic Superstore,8084992,"PAMPERS SENSITIVE BABY WIPES, 1008'S",26.0,2026-08-20T00:00:00-04:00,2026-08-26T23:59:59-04:00
Atlantic Superstore,8084992,"BAGUETTE, 255 G",1.5,2026-08-20T00:00:00-04:00,2026-08-26T23:59:59-04:00
Atlantic Superstore,8084992,"PC® DIPS OR HUMMUS OR NAAN CRISPS, 170-228 G",7.0,2026-08-20T00:00:00-04:00,2026-08-26T23:59:59-04:00
Atlantic Superstore,8084992,"PLAIN OR EVERYTHING SOURDOUGH LOAF, 404 G",3.5,2026-08-20T00:00:00-04:00,2026-08-26T23:59:59-04:00
Atlantic Superstore,8084992,"FARMER'S MARKET™ MUFFINS, 570-600 G",6.5,2026-08-20T00:00:00-04:00,2026-08-26T23:59:59-04:00
Atlantic Superstore,8084992,PROMISE GLUTEN FREE BREAD OR BUNS,7.0,2026-08-20T00:00:00-04:00,2026-08-26T23:59:59-04:00
Atlantic Superstore,8084992,"PC® PROBIOTIC YOGURT 650 G OR NO NAME® JUICE, 1.75 L",3.5,2026-08-20T00:00:00-04:00,2026-08-26T23:59:59-04:00
Atlantic Superstore,8084992,"PEDIASURE COMPLETE, 4 X 235 ML",18.0,2026-08-20T00:00:00-04:00,2026-08-26T23:59:59-04:00
Atlantic Superstore,8084992,"HUGGIES PULL-UPS OR PAMPERS EASY UPS TRAINING PANTS, 58-112'S",37.0,2026-08-20T00:00:00-04:00,2026-08-26T23:59:59-04:00
Atlantic Superstore,8084992,PAMPERS SWADDLERS™,35.0,2026-08-20T00:00:00-04:00,2026-08-26T23:59:59-04:00
Atlantic Superstore,8084992,BAREBELLS SOFT PROTEIN BARS,12.5,2026-08-20T00:00:00-04:00,2026-08-26T23:59:59-04:00
Atlantic Superstore,8084992,"JAMIESON ASHWAGANDHA VITAMINS OR SUPPLEMENTS, 60'S",13.0,2026-08-20T00:00:00-04:00,2026-08-26T23:59:59-04:00
Atlantic Superstore,8084992,"BABY GOURMET ORGANIC CEREAL, 227 G",7.0,2026-08-20T00:00:00-04:00,2026-08-26T23:59:59-04:00
Atlantic Superstore,8084992,"HUGGIES LITTLE SNUGGLERS, LITTLE MOVERS OR SNUG & DRY DIAPERS, SIZE N-8, 62-168'S",35.0,2026-08-20T00:00:00-04:00,2026-08-26T23:59:59-04:00
Atlantic Superstore,8084992,"PC® CREATINE MONOHYDRATE, 650 G",34.99,2026-08-20T00:00:00-04:00,2026-08-26T23:59:59-04:00
Atlantic Superstore,8084992,"KURKURE SNACKS, 115 G",1.5,2026-08-20T00:00:00-04:00,2026-08-26T23:59:59-04:00
Atlantic Superstore,8084992,"PC® GOAT CHEESE, 140 G",6.0,2026-08-20T00:00:00-04:00,2026-08-26T23:59:59-04:00
Atlantic Superstore,8084992,NESPRESSO VERTUO POP+ COFFEE MACHINE,99.0,2026-08-20T00:00:00-04:00,2026-08-26T23:59:59-04:00
Atlantic Superstore,8084992,"HUGGIES 16X BABY WIPES, 960-1152'S",24.0,2026-08-20T00:00:00-04:00,2026-08-26T23:59:59-04:00
Atlantic Superstore,8084992,"GERBER ORGANIC PURÉE OR MEALTIME BABY FOOD, 99 G-162 ML",9.0,2026-08-20T00:00:00-04:00,2026-08-26T23:59:59-04:00
Atlantic Superstore,8084992,"PC® PORK SAUSAGE, 375/500 G",7.0,2026-08-20T00:00:00-04:00,2026-08-26T23:59:59-04:00
Atlantic Superstore,8084992,CILANTRO,1.5,2026-08-20T00:00:00-04:00,2026-08-26T23:59:59-04:00
Atlantic Superstore,8084992,"CRAYOLA CLICKS RETRACTABLE HIGHLIGHTER ASSORTED COLOURS, 4'S OR CRAYOLA COLOUR & ERASE FLASHCARDS",5.0,2026-08-20T00:00:00-04:00,2026-08-26T23:59:59-04:00
Atlantic Superstore,8084992,"NO NAME® THIN CRUST PIZZA OR CHEESY GARLIC FINGERS, 295-411 G",3.5,2026-08-20T00:00:00-04:00,2026-08-26T23:59:59-04:00
Atlantic Superstore,8084992,"CINNAMON BUNS, 4'S",3.0,2026-08-20T00:00:00-04:00,2026-08-26T23:59:59-04:00
Atlantic Superstore,8084992,"PRAN NOODLE SOUPS, 280 G",1.5,2026-08-20T00:00:00-04:00,2026-08-26T23:59:59-04:00
Atlantic Superstore,8084992,"SOFTSOAP LIQUID HAND SOAP REFILL, 1.47 L",4.5,2026-08-20T00:00:00-04:00,2026-08-26T23:59:59-04:00
Atlantic Superstore,8084992,PC LUNCH TOTES,13.0,2026-08-20T00:00:00-04:00,2026-08-26T23:59:59-04:00
Atlantic Superstore,8084992,"PEDIALYTE ELECTROLYTE ORAL REHYDRATION SOLUTION, 1 L OR FREEZER POPS, 16 X 62.5 ML",11.0,2026-08-20T00:00:00-04:00,2026-08-26T23:59:59-04:00
Atlantic Superstore,8084992,LIFE BRAND® PAIN OR COUGH AND COLD RELIEF PRODUCTS,6.5,2026-08-20T00:00:00-04:00,2026-08-26T23:59:59-04:00
Atlantic Superstore,8084992,"CREST COMPLETE TOOTHPASTE, 120 ML, CREST STAIN ERASER TOOTHPASTE, 65 ML, CREST KIDS TOOTHPASTE, 85-100 ML OR ORAL-B COMPLETE SATIN FLOSS, 50 M",3.75,2026-08-20T00:00:00-04:00,2026-08-26T23:59:59-04:00
Atlantic Superstore,8084992,"SIMILAC 360 TOTAL CARE READY TO FEED INFANT FORMULA, 16 X 235 ML,",70.0,2026-08-20T00:00:00-04:00,2026-08-26T23:59:59-04:00
Atlantic Superstore,8084992,IN-STORE PREPARED 3 PACK SUB SANDWICHES OR CAESAR WRAP TRAY,16.0,2026-08-20T00:00:00-04:00,2026-08-26T23:59:59-04:00
Atlantic Superstore,8084992,EVERYDAY ESSENTIALS™ COMFORTERS,18.0,2026-08-20T00:00:00-04:00,2026-08-26T23:59:59-04:00
Atlantic Superstore,8084992,"PC® SHREDDED CHEESE OR CRUMBLED FETA, 250-320 G OR BLACK DIAMOND CHEESE BARS OR SHREDDED CHEESE, 300-400 G",6.5,2026-08-20T00:00:00-04:00,2026-08-26T23:59:59-04:00
Atlantic Superstore,8084992,"NEATFREAK SLIM HANGERS, 20'S",5.0,2026-08-20T00:00:00-04:00,2026-08-26T23:59:59-04:00
Atlantic Superstore,8084992,"VACHON CAKES OR PASTRIES, 250-336 G",2.85,2026-08-20T00:00:00-04:00,2026-08-26T23:59:59-04:00
Atlantic Superstore,8084992,"COLGATE MEGA PREMIUM TOOTHPASTE, 70-150 ML OR TOOTHBRUSHES",6.5,2026-08-20T00:00:00-04:00,2026-08-26T23:59:59-04:00
No Frills,8083688,"ACTIVIA PROBIOTIC YOGURT, 12x100 g",6.5,2026-08-20T00:00:00-04:00,2026-08-26T23:59:59-04:00
No Frills,8083688,"BICK'S PICKLES, 1 L",4.99,2026-08-20T00:00:00-04:00,2026-08-26T23:59:59-04:00
No Frills,8083688,"CHEF BOYARDEE PASTA, 418/425 g",1.69,2026-08-20T00:00:00-04:00,2026-08-26T23:59:59-04:00
No Frills,8083688,CANTALOUPE,4.99,2026-08-20T00:00:00-04:00,2026-08-26T23:59:59-04:00
No Frills,8083688,KALE,1.99,2026-08-20T00:00:00-04:00,2026-08-26T23:59:59-04:00
No Frills,8083688,"DOVE BABY WASH or LOTION, 591 ml",9.99,2026-08-20T00:00:00-04:00,2026-08-26T23:59:59-04:00
No Frills,8083688,"POST CEREAL, 283-525 g",3.0,2026-08-20T00:00:00-04:00,2026-08-26T23:59:59-04:00
No Frills,8083688,PORK HALF LOIN,2.49,2026-08-20T00:00:00-04:00,2026-08-26T23:59:59-04:00
No Frills,8083688,TOP BLADE STEAK,11.0,2026-08-20T00:00:00-04:00,2026-08-26T23:59:59-04:00
No Frills,8083688,"PAMPERS EASY UPS TRAINING UNDERWEAR, 46-66's",27.99,2026-08-20T00:00:00-04:00,2026-08-26T23:59:59-04:00
No Frills,8083688,"CASCADE AUTO DISHWASHER TABS, 30-45's",15.0,2026-08-20T00:00:00-04:00,2026-08-26T23:59:59-04:00
No Frills,8083688,"CESAR WET DOG FOOD, 12's",16.0,2026-08-20T00:00:00-04:00,2026-08-26T23:59:59-04:00
No Frills,8083688,"LEAN GROUND BEEF, 2 x 500 g",11.88,2026-08-20T00:00:00-04:00,2026-08-26T23:59:59-04:00
No Frills,8083688,"IAMS PROACTIVE HEALTH DRY DOG FOOD, 2.72/3.18 kg",18.99,2026-08-20T00:00:00-04:00,2026-08-26T23:59:59-04:00
No Frills,8083688,"PEPSI SOFT DRINKS, 6x710 ml",3.47,2026-08-20T00:00:00-04:00,2026-08-26T23:59:59-04:00
No Frills,8083688,"NEOCITRAN POWDER, 10's or BUCKLEY'S SYRUPS, 150 mL",13.0,2026-08-20T00:00:00-04:00,2026-08-26T23:59:59-04:00
No Frills,8083688,"PC® HEAVY-DUTY FREEZER BAGS, 10-38's",8.0,2026-08-20T00:00:00-04:00,2026-08-26T23:59:59-04:00
No Frills,8083688,"BOLTHOUSE FARMS SMOOTHIES OR JUICE, 946 ML",3.5,2026-08-20T00:00:00-04:00,2026-08-26T23:59:59-04:00
No Frills,8083688,"TRESEMMÉ HAIR CARE, 198-828 G/166-828 ML",7.0,2026-08-20T00:00:00-04:00,2026-08-26T23:59:59-04:00
No Frills,8083688,"SCOTSBURN or BAXTER CHOCOLATE MILK, 2 L",5.0,2026-08-20T00:00:00-04:00,2026-08-26T23:59:59-04:00
No Frills,8083688,PC BENTO LUNCH BAGS,10.0,2026-08-20T00:00:00-04:00,2026-08-26T23:59:59-04:00
No Frills,8083688,"IVORY or OLAY BODY WASH, 364-621 mL or IVORY BAR SOAP, 10x90 g",5.0,2026-08-20T00:00:00-04:00,2026-08-26T23:59:59-04:00
No Frills,8083688,TUMS ANTACID PRODUCT,5.0,2026-08-20T00:00:00-04:00,2026-08-26T23:59:59-04:00
No Frills,8083688,"PC® ORGANICS CORONATION GRAPES, 2 L",5.99,2026-08-20T00:00:00-04:00,2026-08-26T23:59:59-04:00
No Frills,8083688,"PC® LITTLE SIPPERS, 525 mL",6.0,2026-08-20T00:00:00-04:00,2026-08-26T23:59:59-04:00
No Frills,8083688,"GERBER ORGANIC YOGURT MELTS, GET'EMS PUFFS, COOKIES or CRACKERS, 28-160 g",3.5,2026-08-20T00:00:00-04:00,2026-08-26T23:59:59-04:00
No Frills,8083688,PC® BENTO SNACK BOX,7.0,2026-08-20T00:00:00-04:00,2026-08-26T23:59:59-04:00
No Frills,8083688,"MAYNARDS CANDY BAG, 100-154 g",2.25,2026-08-20T00:00:00-04:00,2026-08-26T23:59:59-04:00
No Frills,8083688,"HEAD & SHOULDERS HAIR CARE, 315-370 ml",6.0,2026-08-20T00:00:00-04:00,2026-08-26T23:59:59-04:00
No Frills,8083688,"PC® HOT EATS FOOD JAR, 440 ml",10.0,2026-08-20T00:00:00-04:00,2026-08-26T23:59:59-04:00
No Frills,8083688,PC® MAX™ PAPER TOWELS,7.0,2026-08-20T00:00:00-04:00,2026-08-26T23:59:59-04:00
No Frills,8083688,"RUFFLES, 180-200 g or MISS VICKIE'S KETTLE COOKED, 190/200 g POTATO CHIPS",4.29,2026-08-20T00:00:00-04:00,2026-08-26T23:59:59-04:00
No Frills,8083688,"CRACKER BARREL CHEESE SLICES, 209 - 240 g",4.77,2026-08-20T00:00:00-04:00,2026-08-26T23:59:59-04:00
No Frills,8083688,"CLIF ZBAR, 5X36 G OR CLIF ENERGY MINIS, 5X28 G",3.5,2026-08-20T00:00:00-04:00,2026-08-26T23:59:59-04:00
No Frills,8083688,"PEPPERIDGE FARM GOLDFISH CRACKERS or CRISPS, 156-204 g",2.5,2026-08-20T00:00:00-04:00,2026-08-26T23:59:59-04:00
No Frills,8083688,"LIFE BRAND® LIQUID HAND SOAP REFILL, 2 L",5.0,2026-08-20T00:00:00-04:00,2026-08-26T23:59:59-04:00
No Frills,8083688,"MAPLE LEAF READY CRISP BACON, 65 g or MAPLE LEAF or SCHNEIDERS BACON, 375 g",3.95,2026-08-20T00:00:00-04:00,2026-08-26T23:59:59-04:00
No Frills,8083688,"FIELD TOMATOES, 3L",4.99,2026-08-20T00:00:00-04:00,2026-08-26T23:59:59-04:00
No Frills,8083688,"PC® BLUE MENU® FROZEN SMOOTHIE BARS, 6's",6.0,2026-08-20T00:00:00-04:00,2026-08-26T23:59:59-04:00
No Frills,8083688,"EARTH'S OWN ALMOND or OAT MILK ALTERNATIVES, 1.75/1.89 L",3.33,2026-08-20T00:00:00-04:00,2026-08-26T23:59:59-04:00
No Frills,8083688,"NO NAME® LIQUID HONEY, 1 kg or FLOURISH PROTEIN PANCAKE & WAFFLE MIX, 430 g",9.0,2026-08-20T00:00:00-04:00,2026-08-26T23:59:59-04:00
No Frills,8083688,"FARMER'S MARKET™ LEMONS, 2 LB BAG or MANDARINS, 3 LB BAG",4.99,2026-08-20T00:00:00-04:00,2026-08-26T23:59:59-04:00
No Frills,8083688,"AGGA COFFEE CAPSULES, 53 g or NESCAFE SWEET & CREAMY INSTANT COFFEE MIX, 144-351 g",4.99,2026-08-20T00:00:00-04:00,2026-08-26T23:59:59-04:00
No Frills,8083688,"AVOCADOS, PKG OF 5",4.99,2026-08-20T00:00:00-04:00,2026-08-26T23:59:59-04:00
No Frills,8083688,"CREST PRO-HEALTH or COMPLETE TOOTHPASTE, 100-130 mL",3.5,2026-08-20T00:00:00-04:00,2026-08-26T23:59:59-04:00
No Frills,8083688,"V8 VEGETABLE COCKTAIL, 6x156 mL or ALLEN'S DRINK BOXES, 8x200 mL",2.0,2026-08-20T00:00:00-04:00,2026-08-26T23:59:59-04:00
No Frills,8083688,"DILL CUCUMBERS, 3 L",5.99,2026-08-20T00:00:00-04:00,2026-08-26T23:59:59-04:00
No Frills,8083688,"LADY or MEN'S SPEED STICK DEODORANT, 45-85 g",3.5,2026-08-20T00:00:00-04:00,2026-08-26T23:59:59-04:00
No Frills,8083688,"HUGGIES SUPER BIG PACK DIAPERS, N-7, 36-128's",27.99,2026-08-20T00:00:00-04:00,2026-08-26T23:59:59-04:00
No Frills,8083688,"ENFAMIL A+ NEUROPRO or GENTLEASE BABY FORMULA POWDER TUB, 0-12 months, 553/587 g",49.99,2026-08-20T00:00:00-04:00,2026-08-26T23:59:59-04:00
No Frills,8083688,"ROMAINE HEARTS, PKG OF 3",4.99,2026-08-20T00:00:00-04:00,2026-08-26T23:59:59-04:00
No Frills,8083688,ENGLISH CUCUMBERS,0.99,2026-08-20T00:00:00-04:00,2026-08-26T23:59:59-04:00
No Frills,8083688,"STARBUCKS GROUND COFFEE, 340 g, K-CUP PODS, 10's or HOT CHOCOLATE MIX, 300 g",11.99,2026-08-20T00:00:00-04:00,2026-08-26T23:59:59-04:00
No Frills,8083688,"NATURE VALLEY LUNCH BOX, 130/150 g, CRUNCHY, 210 g, TRAIL MIX, 160/175 g or GENERAL MILLS CEREAL BARS, 120-160 g",2.47,2026-08-20T00:00:00-04:00,2026-08-26T23:59:59-04:00
No Frills,8083688,"HEINZ KETCHUP, 750 mL/1 L or KRAFT MIRACLE WHIP SPREAD, 890 mL",4.99,2026-08-20T00:00:00-04:00,2026-08-26T23:59:59-04:00
No Frills,8083688,"MARCANGELO SAUSAGE, BREAKFAST SAUSAGE or PATTIES, 1.2/1.4 kg",10.0,2026-08-20T00:00:00-04:00,2026-08-26T23:59:59-04:00
No Frills,8083688,"PC® ORANGE JUICE, DRINKS or LEMONADE, 1.36 L",3.75,2026-08-20T00:00:00-04:00,2026-08-26T23:59:59-04:00
No Frills,8083688,"PEDIGREE VITALITY+ DRY DOG FOOD, 2 kg",12.5,2026-08-20T00:00:00-04:00,2026-08-26T23:59:59-04:00
No Frills,8083688,"SNACK PACK PUDDING or JUICY GELS, 4x99 g",1.5,2026-08-20T00:00:00-04:00,2026-08-26T23:59:59-04:00
No Frills,8083688,"PC® YARD WASTE PAPER BAGS, 5's",2.0,2026-08-20T00:00:00-04:00,2026-08-26T23:59:59-04:00
No Frills,8083688,"PET NUTRITION FIRST® DRY FOOD, 7 kg",30.0,2026-08-20T00:00:00-04:00,2026-08-26T23:59:59-04:00
No Frills,8083688,"ARMSTRONG or PC® SHREDDED CHEESE, 250-320 g or ARMSTRONG CHEESE, 400 g",4.99,2026-08-20T00:00:00-04:00,2026-08-26T23:59:59-04:00
No Frills,8083688,"SCOTSBURN SOUR CREAM, 500 mL",3.5,2026-08-20T00:00:00-04:00,2026-08-26T23:59:59-04:00
No Frills,8083688,"SEAQUEST® PACIFIC WHITE SHRIMP, 16-20 per lb, 300 g",8.0,2026-08-20T00:00:00-04:00,2026-08-26T23:59:59-04:00
No Frills,8083688,"DR. OETKER SUPREMA, 487-525 g or GIUSEPPE STUFFED CRUST, 685-771 g",7.5,2026-08-20T00:00:00-04:00,2026-08-26T23:59:59-04:00
No Frills,8083688,"CALEDON FARMS DOG TREATS, 50 - 350 g",9.0,2026-08-20T00:00:00-04:00,2026-08-26T23:59:59-04:00
No Frills,8083688,"DARE BEAR PAWS, VIVA PUFFS or WAGON WHEELS COOKIES, 168-360 g",2.22,2026-08-20T00:00:00-04:00,2026-08-26T23:59:59-04:00
No Frills,8083688,"KENDAMIL INFANT FORMULA, 800 g",44.99,2026-08-20T00:00:00-04:00,2026-08-26T23:59:59-04:00
No Frills,8083688,"PAMPERS ECONO PACK DIAPERS, size 4, 50-200's",34.99,2026-08-20T00:00:00-04:00,2026-08-26T23:59:59-04:00
No Frills,8083688,"DR. OETKER RISTORANTE, CASA DI MAMA, PICCOLISSIMA PIZZA or GIUSEPPE GARLIC FINGERS, 288-410 g",3.47,2026-08-20T00:00:00-04:00,2026-08-26T23:59:59-04:00
No Frills,8083688,GREEN CABBAGE,0.99,2026-08-20T00:00:00-04:00,2026-08-26T23:59:59-04:00
No Frills,8083688,"HELUVA GOOD! FRENCH ONION DIP,680 g",4.99,2026-08-20T00:00:00-04:00,2026-08-26T23:59:59-04:00
No Frills,8083688,"SIMILAC PRO-ADVANCE STEP 1 & 2 POWDER BABY FORMULA TUB, 837-859 g",50.0,2026-08-20T00:00:00-04:00,2026-08-26T23:59:59-04:00
No Frills,8083688,"STAGG CHILI, 425 g or MONTANA'S, SOUP 540 mL",2.79,2026-08-20T00:00:00-04:00,2026-08-26T23:59:59-04:00
No Frills,8083688,"NESTLÉ DRUMSTICK or NOVELTIES, 4 - 10'S",4.99,2026-08-20T00:00:00-04:00,2026-08-26T23:59:59-04:00
No Frills,8083688,"QUAKER BAKING MIXES, 750/900 g",6.29,2026-08-20T00:00:00-04:00,2026-08-26T23:59:59-04:00
No Frills,8083688,"CADBURY CHOCOLATE BAR, 90 g",2.75,2026-08-20T00:00:00-04:00,2026-08-26T23:59:59-04:00
No Frills,8083688,PC® FROZEN VEGETABLES 350-750 g or CATCH OF THE DAY 350 g,4.5,2026-08-20T00:00:00-04:00,2026-08-26T23:59:59-04:00
No Frills,8083688,"BULL'S-EYE BBQ SAUCE, 425 mL or DIANA SAUCE, 500 mL",3.0,2026-08-20T00:00:00-04:00,2026-08-26T23:59:59-04:00
No Frills,8083688,"BREADED POPCORN SHRIMP, SCALLOPS or SALT & PEPPER CALAMARI STRIPS,240 - 350g",5.0,2026-08-20T00:00:00-04:00,2026-08-26T23:59:59-04:00
No Frills,8083688,"PC® PUSH 'N SIP BOTTLES, 500 mL",10.0,2026-08-20T00:00:00-04:00,2026-08-26T23:59:59-04:00
No Frills,8083688,"NATIVE HAIR CARE, 177/487 mL, or BODY WASH, 532 mL or DEODORANT 75 g",13.0,2026-08-20T00:00:00-04:00,2026-08-26T23:59:59-04:00
No Frills,8083688,PC® BENTO LUNCH BOXES,10.0,2026-08-20T00:00:00-04:00,2026-08-26T23:59:59-04:00
No Frills,8083688,"BREADED CHICKEN, MEATBALLS, HOR D'OEUVRES, LEAN GROUND CHICKEN, TURKEY, or HALAL CHICKEN, 700 g-1.81 kg",10.0,2026-08-20T00:00:00-04:00,2026-08-26T23:59:59-04:00
No Frills,8083688,"STRAWBERRIES, 1 LB CLAMSHELL BLUEBERRIES, PINT",4.99,2026-08-20T00:00:00-04:00,2026-08-26T23:59:59-04:00
No Frills,8083688,"MILK-BONE DOG BISCUITS or SNACKS, 750 - 900 g",4.5,2026-08-20T00:00:00-04:00,2026-08-26T23:59:59-04:00
No Frills,8083688,TOMATOES ON THE VINE,1.99,2026-08-20T00:00:00-04:00,2026-08-26T23:59:59-04:00
No Frills,8083688,"BROCCOLI CROWNS, each",2.49,2026-08-20T00:00:00-04:00,2026-08-26T23:59:59-04:00
No Frills,8083688,"PEDIGREE WET DOG FOOD POUCH, 100 g",0.9,2026-08-20T00:00:00-04:00,2026-08-26T23:59:59-04:00
No Frills,8083688,"AIR WICK FRESHMATIC KIT, 180 g",12.0,2026-08-20T00:00:00-04:00,2026-08-26T23:59:59-04:00
No Frills,8083688,"PC® NUTRITION FIRST® WET DOG FOOD, 374 g",3.0,2026-08-20T00:00:00-04:00,2026-08-26T23:59:59-04:00
No Frills,8083688,"PC® LITTLE SIP BOTTLES, 550 mL",10.0,2026-08-20T00:00:00-04:00,2026-08-26T23:59:59-04:00
No Frills,8083688,"L'OREAL PARIS HAIR EXPERTISE HAIR CARE, 150-375 mL",5.5,2026-08-20T00:00:00-04:00,2026-08-26T23:59:59-04:00
No Frills,8083688,CAULIFLOWER,2.99,2026-08-20T00:00:00-04:00,2026-08-26T23:59:59-04:00
No Frills,8083688,OCEAN'S HALO WHITE TUNA 170 G OR DOLE CANNED FRUIT 540 ML,3.0,2026-08-20T00:00:00-04:00,2026-08-26T23:59:59-04:00
No Frills,8083688,"ROOSTER® SCENTED JASMINE RICE, 8 kg",13.88,2026-08-20T00:00:00-04:00,2026-08-26T23:59:59-04:00
No Frills,8083688,"OLD SPICE OR SECRET DEODORANT, 73-85 g",4.0,2026-08-20T00:00:00-04:00,2026-08-26T23:59:59-04:00
No Frills,8083688,HERSHEY'S OR REESE'S CHOCOLATE BARS 90-120 G OR HARIBO GUMMY CANDIES 170/175 G,3.0,2026-08-20T00:00:00-04:00,2026-08-26T23:59:59-04:00
No Frills,8083688,"LANTIC GRANULATED SUGAR, 2 kg",2.78,2026-08-20T00:00:00-04:00,2026-08-26T23:59:59-04:00
No Frills,8083688,"KELLOGG'S FAMILY SIZE CEREAL, 480-650 g",5.5,2026-08-20T00:00:00-04:00,2026-08-26T23:59:59-04:00
No Frills,8083688,BOOST READY TO DRINK SHAKES,12.0,2026-08-20T00:00:00-04:00,2026-08-26T23:59:59-04:00
No Frills,8083688,"WHITE POTATOES, 10 LB BAG",5.99,2026-08-20T00:00:00-04:00,2026-08-26T23:59:59-04:00
No Frills,8083688,"BLUE PLUMS, 1.5 L",5.99,2026-08-20T00:00:00-04:00,2026-08-26T23:59:59-04:00
No Frills,8083688,ADVIL or CHILDREN'S ADVIL PAIN PRODUCTS,10.0,2026-08-20T00:00:00-04:00,2026-08-26T23:59:59-04:00
No Frills,8083688,"NO NAME® BACON, 375 g",5.0,2026-08-20T00:00:00-04:00,2026-08-26T23:59:59-04:00
No Frills,8083688,VOLTAREN PAIN RELIEF CREAM 100 G-150 G OR CENTRUM MULTIVITAMINS,15.0,2026-08-20T00:00:00-04:00,2026-08-26T23:59:59-04:00
No Frills,8083688,"PC® FROZEN FRUIT, 300-600 g, NO NAME® ICE MILK, 1.65 L, CHAPMAN'S YUKON ICE CREAM SANDWICHES, BARS or CONES, 5-8's",4.0,2026-08-20T00:00:00-04:00,2026-08-26T23:59:59-04:00
No Frills,8083688,RUTABAGAS,0.99,2026-08-20T00:00:00-04:00,2026-08-26T23:59:59-04:00
No Frills,8083688,"FARMER'S MARKET™ MUFFINS, 6's",5.5,2026-08-20T00:00:00-04:00,2026-08-26T23:59:59-04:00
No Frills,8083688,"CHRISTIE TRISCUITS, GOOD THINS OR WHEAT THINS CRACKERS, 100 - 200 g",1.88,2026-08-20T00:00:00-04:00,2026-08-26T23:59:59-04:00
No Frills,8083688,"PC® FREE FROM® SLICED MEATS, 175 g",6.0,2026-08-20T00:00:00-04:00,2026-08-26T23:59:59-04:00
No Frills,8083688,"LIBERTÉ GREEK, 4x100 g or CRUNCH, 2's YOGURT",3.5,2026-08-20T00:00:00-04:00,2026-08-26T23:59:59-04:00
No Frills,8083688,"FARMER'S MARKET™ CARROTS, 3 LB BAG",3.49,2026-08-20T00:00:00-04:00,2026-08-26T23:59:59-04:00
No Frills,8083688,"COCA-COLA SOFT DRINKS, 6x710 mL",4.25,2026-08-20T00:00:00-04:00,2026-08-26T23:59:59-04:00
No Frills,8083688,"PEDIGREE DENTASTIX or MAXIMIZED DOG TREATS, 504 g - 1.9 kg",9.99,2026-08-20T00:00:00-04:00,2026-08-26T23:59:59-04:00
No Frills,8083688,"PC® INSTANT COFFEE, 80/100 g",4.25,2026-08-20T00:00:00-04:00,2026-08-26T23:59:59-04:00
No Frills,8083688,"HEINZ PASTA or BEANS, 398 mL",1.79,2026-08-20T00:00:00-04:00,2026-08-26T23:59:59-04:00
No Frills,8083688,"SISTEMA BENTO TO GO, 1.25 L - 1.65 L OR LUNCH STACK SQUARE TO GO, 1.24 L",8.0,2026-08-20T00:00:00-04:00,2026-08-26T23:59:59-04:00
No Frills,8083688,"FARMER'S MARKET™ NECTARINES, 2 L OR PEACHES, 3 L",5.49,2026-08-20T00:00:00-04:00,2026-08-26T23:59:59-04:00
No Frills,8083688,"MCCAIN SUPER FRIES, SPECIALTY FRIES or PIZZA POCKETS, 300-800 g",3.5,2026-08-20T00:00:00-04:00,2026-08-26T23:59:59-04:00
No Frills,8083688,"FARMER'S MARKET™ ORANGES, 3 LB BAG",4.99,2026-08-20T00:00:00-04:00,2026-08-26T23:59:59-04:00
No Frills,8083688,"CETAPHIL FACIAL CLEANSERS or MOISTURIZERS, 120-473 mL",15.0,2026-08-20T00:00:00-04:00,2026-08-26T23:59:59-04:00
No Frills,8083688,PURINA BENEFUL INCREDIBITES DRY DOG FOOD,10.0,2026-08-20T00:00:00-04:00,2026-08-26T23:59:59-04:00
No Frills,8083688,"CHRISTIE CHIPS AHOY!, FUDGEE-O or OREO COOKIES, 251-303 g",2.75,2026-08-20T00:00:00-04:00,2026-08-26T23:59:59-04:00
No Frills,8083688,"YOPLAIT SOURCE, 630 g, MINIGO 6x60 g or TUBES, 8x56 g YOGURT",2.25,2026-08-20T00:00:00-04:00,2026-08-26T23:59:59-04:00
No Frills,8083688,"GREEN GIANT VEGETABLES, 283-750 g",2.75,2026-08-20T00:00:00-04:00,2026-08-26T23:59:59-04:00
No Frills,8083688,"U BY KOTEX PADS, LINERS or TAMPONS, 20-120's",10.0,2026-08-20T00:00:00-04:00,2026-08-26T23:59:59-04:00
No Frills,8083688,PC® CHOCOLATE COVERED FRUIT 200 g or FRUIT RIOT! SOUR FROZEN FRUIT 170 g,5.5,2026-08-20T00:00:00-04:00,2026-08-26T23:59:59-04:00
No Frills,8083688,"NESTLE KIT KAT, AERO OR CRUNCH TABLETS, 95 - 105 g",1.75,2026-08-20T00:00:00-04:00,2026-08-26T23:59:59-04:00
No Frills,8083688,"NESTLÉ GERBER BABY CEREAL, 180-227 g",4.5,2026-08-20T00:00:00-04:00,2026-08-26T23:59:59-04:00
No Frills,8083688,"SENSODYNE or PRONAMEL TOOTHPASTE, 75/100 mL",5.0,2026-08-20T00:00:00-04:00,2026-08-26T23:59:59-04:00
No Frills,8083688,"AVEENO LOTION or BABY NEEDS, 532/568 mL",11.0,2026-08-20T00:00:00-04:00,2026-08-26T23:59:59-04:00
No Frills,8083688,"WHOLE SEEDLESS WATERMELON, 9 LB AVERAGE",5.99,2026-08-20T00:00:00-04:00,2026-08-26T23:59:59-04:00
No Frills,8083688,"PC® LITTLE GEMS® MIXED, RED OR YELLOW, 680 G",3.99,2026-08-20T00:00:00-04:00,2026-08-26T23:59:59-04:00
No Frills,8083688,"PRIMO PIZZA SQUEEZE, 375 mL, PASTA or TOMATO SAUCE, 680 mL",2.0,2026-08-20T00:00:00-04:00,2026-08-26T23:59:59-04:00
No Frills,8083688,"FARMER'S MARKET™ SWEET PEPPERS, PKG OF 4",4.99,2026-08-20T00:00:00-04:00,2026-08-26T23:59:59-04:00
No Frills,8083688,"LILYDALE TURKEY BREAKFAST SAUSAGES, 375 g",4.79,2026-08-20T00:00:00-04:00,2026-08-26T23:59:59-04:00
No Frills,8083688,"KNORR SIDEKICKS PASTA or RICE SIDE DISHES, 120-162 g",1.89,2026-08-20T00:00:00-04:00,2026-08-26T23:59:59-04:00
No Frills,8083688,"WONDER BREAD, 570/675 g or BUNS, 8's",3.0,2026-08-20T00:00:00-04:00,2026-08-26T23:59:59-04:00
No Frills,8083688,"TYLENOL CHILDREN'S or INFANT'S PAIN RELIEF PRODUCTS, 16-20's/24-100 mL",10.0,2026-08-20T00:00:00-04:00,2026-08-26T23:59:59-04:00
