merchant,flyer_id,name,price,valid_from,valid_to
Walmart,8021531,Tide Ivory Snow 80 loads laundry detergent,19.97,2026-07-09T00:00:00-04:00,2026-07-15T23:59:59-04:00
Walmart,8021531,Kraft Dinner boxes 5-pack or snack cups 4-pack,4.97,2026-07-09T00:00:00-04:00,2026-07-15T23:59:59-04:00
Walmart,8021531,Philadelphia cream cheese,3.98,2026-07-09T00:00:00-04:00,2026-07-15T23:59:59-04:00
Walmart,8021531,McCain Superfries,2.77,2026-07-09T00:00:00-04:00,2026-07-15T23:59:59-04:00
Walmart,8021531,bubly sparkling water beverage,6.27,2026-07-09T00:00:00-04:00,2026-07-15T23:59:59-04:00
Walmart,8021531,Great Value bathroom tissue,19.94,2026-07-09T00:00:00-04:00,2026-07-15T23:59:59-04:00
Walmart,8021531,709 mL Water bottle with Autospout lid,19.97,2026-07-09T00:00:00-04:00,2026-07-15T23:59:59-04:00
Walmart,8021531,Philadelphia cream cheese,3.98,2026-07-09T00:00:00-04:00,2026-07-15T23:59:59-04:00
Walmart,8021531,Cracker Barrel cheese slices,4.98,2026-07-09T00:00:00-04:00,2026-07-15T23:59:59-04:00
Walmart,8021531,Great Value smoked sausages,7.97,2026-07-09T00:00:00-04:00,2026-07-15T23:59:59-04:00
Walmart,8021531,The Little Potato Co. yellow potatoes,2.74,2026-07-09T00:00:00-04:00,2026-07-15T23:59:59-04:00
Walmart,8021531,Lou's Kitchen fully cooked entrees,9.88,2026-07-09T00:00:00-04:00,2026-07-15T23:59:59-04:00
Walmart,8021531,Maple Leaf half ham,10.97,2026-07-09T00:00:00-04:00,2026-07-15T23:59:59-04:00
Walmart,8021531,Great Value fully cooked chicken strips,7.96,2026-07-09T00:00:00-04:00,2026-07-15T23:59:59-04:00
Walmart,8021531,Great Value original hot dogs,4.97,2026-07-09T00:00:00-04:00,2026-07-15T23:59:59-04:00
Walmart,8021531,Reser's family sized salads,5.96,2026-07-09T00:00:00-04:00,2026-07-15T23:59:59-04:00
Walmart,8021531,Johnsonville dinner sausages,6.27,2026-07-09T00:00:00-04:00,2026-07-15T23:59:59-04:00
Walmart,8021531,Your Fresh Market™ whole white mushrooms,2.44,2026-07-09T00:00:00-04:00,2026-07-15T23:59:59-04:00
Walmart,8021531,Your Fresh Market™ tri-tip sirloin steak,15.86,2026-07-09T00:00:00-04:00,2026-07-15T23:59:59-04:00
Walmart,8021531,Limes,3.94,2026-07-09T00:00:00-04:00,2026-07-15T23:59:59-04:00
Walmart,8021531,"The Little Potato Co. red, trio potatoes",2.74,2026-07-09T00:00:00-04:00,2026-07-15T23:59:59-04:00
Walmart,8021531,Schneiders half ham,10.97,2026-07-09T00:00:00-04:00,2026-07-15T23:59:59-04:00
Walmart,8021531,Chapman's Super Premium Plus frozen tubs,2.97,2026-07-09T00:00:00-04:00,2026-07-15T23:59:59-04:00
Walmart,8021531,Nestlé chocolate bars 4-pack,3.98,2026-07-09T00:00:00-04:00,2026-07-15T23:59:59-04:00
Walmart,8021531,Chapman's Yukon frozen novelties,4.97,2026-07-09T00:00:00-04:00,2026-07-15T23:59:59-04:00
Walmart,8021531,Gay Lea sour cream,2.76,2026-07-09T00:00:00-04:00,2026-07-15T23:59:59-04:00
Walmart,8021531,Fuze iced tea,7.47,2026-07-09T00:00:00-04:00,2026-07-15T23:59:59-04:00
Walmart,8021531,Gay Lea sour cream,2.76,2026-07-09T00:00:00-04:00,2026-07-15T23:59:59-04:00
Walmart,8021531,M&M's chocolate candies,3.98,2026-07-09T00:00:00-04:00,2026-07-15T23:59:59-04:00
Walmart,8021531,Green Giant canned vegetables,1.37,2026-07-09T00:00:00-04:00,2026-07-15T23:59:59-04:00
Walmart,8021531,Natrel Plus protein lactose-free beverage,7.54,2026-07-09T00:00:00-04:00,2026-07-15T23:59:59-04:00
Walmart,8021531,Villaggio sliced bread,2.98,2026-07-09T00:00:00-04:00,2026-07-15T23:59:59-04:00
Walmart,8021531,Red Bull energy drink,8.97,2026-07-09T00:00:00-04:00,2026-07-15T23:59:59-04:00
Walmart,8021531,Scotties facial tissue,9.98,2026-07-09T00:00:00-04:00,2026-07-15T23:59:59-04:00
Walmart,8021531,Scrubbing Bubbles toilet cleaner,4.47,2026-07-09T00:00:00-04:00,2026-07-15T23:59:59-04:00
Walmart,8021531,Cascade gel dishwasher detergent 3.4 kg,9.97,2026-07-09T00:00:00-04:00,2026-07-15T23:59:59-04:00
Walmart,8021531,"Glad Black outdoor garbage bags 40s, 60s or 100s",21.48,2026-07-09T00:00:00-04:00,2026-07-15T23:59:59-04:00
Walmart,8021531,Swiffer Dusters Starter kit or Sweeper Dry Cloths,6.97,2026-07-09T00:00:00-04:00,2026-07-15T23:59:59-04:00
Walmart,8021531,Goldfish crackers,2.98,2026-07-09T00:00:00-04:00,2026-07-15T23:59:59-04:00
Walmart,8021531,Cashmere bathroom tissue 12 = 36 rolls,10.96,2026-07-09T00:00:00-04:00,2026-07-15T23:59:59-04:00
Walmart,8021531,VH sauce,3.38,2026-07-09T00:00:00-04:00,2026-07-15T23:59:59-04:00
Walmart,8021531,Fleecy sheets,10.67,2026-07-09T00:00:00-04:00,2026-07-15T23:59:59-04:00
Walmart,8021531,Post family size cereal,4.77,2026-07-09T00:00:00-04:00,2026-07-15T23:59:59-04:00
Walmart,8021531,Old Spice Total Body deodorant,12.97,2026-07-09T00:00:00-04:00,2026-07-15T23:59:59-04:00
Walmart,8021531,Secret clear gel antiperspirant and deodorant,6.97,2026-07-09T00:00:00-04:00,2026-07-15T23:59:59-04:00
Walmart,8021531,Always Maxi pads,12.47,2026-07-09T00:00:00-04:00,2026-07-15T23:59:59-04:00
Walmart,8021531,Equate high protein meal replacement shakes,10.97,2026-07-09T00:00:00-04:00,2026-07-15T23:59:59-04:00
Walmart,8021531,Huggies mega colossal super econo pack diapers,34.97,2026-07-09T00:00:00-04:00,2026-07-15T23:59:59-04:00
Walmart,8021531,114 L Storage tote,13.47,2026-07-09T00:00:00-04:00,2026-07-15T23:59:59-04:00
Walmart,8021531,Starfrit Kitchen gadgets,10.97,2026-07-09T00:00:00-04:00,2026-07-15T23:59:59-04:00
Walmart,8021531,1.7 L stainless steel kettle,24.88,2026-07-09T00:00:00-04:00,2026-07-15T23:59:59-04:00
Walmart,8021531,2-Slice toaster,14.88,2026-07-09T00:00:00-04:00,2026-07-15T23:59:59-04:00
Walmart,8021531,Classico pasta sauce,2.97,2026-07-09T00:00:00-04:00,2026-07-15T23:59:59-04:00
Walmart,8021531,Taro root,1.97,2026-07-09T00:00:00-04:00,2026-07-15T23:59:59-04:00
Walmart,8021531,Avocados,1.24,2026-07-09T00:00:00-04:00,2026-07-15T23:59:59-04:00
Walmart,8021531,Jack Link's jerky,5.77,2026-07-09T00:00:00-04:00,2026-07-15T23:59:59-04:00
Walmart,8021531,Arm & Hammer laundry detergent,19.97,2026-07-09T00:00:00-04:00,2026-07-15T23:59:59-04:00
Walmart,8021531,Huggies mega colossal super econo pack diapers,34.97,2026-07-09T00:00:00-04:00,2026-07-15T23:59:59-04:00
Walmart,8021531,Enfagrow A+ toddler nutritional powder,38.64,2026-07-09T00:00:00-04:00,2026-07-15T23:59:59-04:00
Walmart,8021531,Magnum Frozen novelties,4.98,2026-07-09T00:00:00-04:00,2026-07-15T23:59:59-04:00
Walmart,8021531,Schneiders bacon,3.97,2026-07-09T00:00:00-04:00,2026-07-15T23:59:59-04:00
Walmart,8021531,Bulk cluster tomatoes,2.42,2026-07-09T00:00:00-04:00,2026-07-15T23:59:59-04:00
Walmart,8021531,Rainbow peppers,4.98,2026-07-09T00:00:00-04:00,2026-07-15T23:59:59-04:00
Walmart,8021531,Prime raised without antibiotics boneless skinless chicken breasts 3-pack,6.34,2026-07-09T00:00:00-04:00,2026-07-15T23:59:59-04:00
Walmart,8021531,Bulk cherries,3.94,2026-07-09T00:00:00-04:00,2026-07-15T23:59:59-04:00
Walmart,8021531,Redpath sugar,1.98,2026-07-09T00:00:00-04:00,2026-07-15T23:59:59-04:00
Walmart,8021531,Your Fresh Market™ medium ground beef value pack,6.34,2026-07-09T00:00:00-04:00,2026-07-15T23:59:59-04:00
Walmart,8021531,Fruiti-O juice,4.98,2026-07-09T00:00:00-04:00,2026-07-15T23:59:59-04:00
Walmart,8021531,Iogo Creamy yogurt pouch 2 kg,9.47,2026-07-09T00:00:00-04:00,2026-07-15T23:59:59-04:00
Walmart,8021531,Cracker Barrel cheese slices,4.98,2026-07-09T00:00:00-04:00,2026-07-15T23:59:59-04:00
Walmart,8021531,Finish dishwasher tabs,19.97,2026-07-09T00:00:00-04:00,2026-07-15T23:59:59-04:00
Walmart,8021531,Fibre 1 granola bars value pack,9.94,2026-07-09T00:00:00-04:00,2026-07-15T23:59:59-04:00
Walmart,8021531,Royale Bathroom Tissue,13.47,2026-07-09T00:00:00-04:00,2026-07-15T23:59:59-04:00
Walmart,8021531,Ben & Jerry's ice cream tubs,4.98,2026-07-09T00:00:00-04:00,2026-07-15T23:59:59-04:00
Walmart,8021531,Kurkure snacks,1.58,2026-07-09T00:00:00-04:00,2026-07-15T23:59:59-04:00
Walmart,8021531,Red Bull energy drink,8.97,2026-07-09T00:00:00-04:00,2026-07-15T23:59:59-04:00
Walmart,8021531,Ozark Trail Packable camp chair,29.93,2026-07-09T00:00:00-04:00,2026-07-15T23:59:59-04:00
Walmart,8021531,"2 Counter Height Bar Stools, 26.7"" Seat Height, Black Metal Frame White",229.99,2026-07-09T00:00:00-04:00,2026-07-15T23:59:59-04:00
Walmart,8021531,"6QT Air Fryer with Visible Window, 1500W, Black",75.99,2026-07-09T00:00:00-04:00,2026-07-15T23:59:59-04:00
Walmart,8021531,Naipo Exercise Bike Indoor - Adjustable Seat and 8 Resistance Level,183.99,2026-07-09T00:00:00-04:00,2026-07-15T23:59:59-04:00
Walmart,8021531,"Flake-Free Volumizing Mascara – Smudge-Proof, Buildable Formula – Black",22.0,2026-07-09T00:00:00-04:00,2026-07-15T23:59:59-04:00
Walmart,8021531,Green Giant canned vegetables,1.37,2026-07-09T00:00:00-04:00,2026-07-15T23:59:59-04:00
Walmart,8021531,Chapman's Super Premium Plus frozen tubs,2.97,2026-07-09T00:00:00-04:00,2026-07-15T23:59:59-04:00
Walmart,8021531,Rascals premium superpack diapers,21.88,2026-07-09T00:00:00-04:00,2026-07-15T23:59:59-04:00
Walmart,8021531,Rascals Night Pants nighttime underwear,25.88,2026-07-09T00:00:00-04:00,2026-07-15T23:59:59-04:00
Walmart,8021531,Niuriss Smart infant formula,46.98,2026-07-09T00:00:00-04:00,2026-07-15T23:59:59-04:00
Walmart,8021531,Yoplait Source Protein yogurt tub,3.67,2026-07-09T00:00:00-04:00,2026-07-15T23:59:59-04:00
Walmart,8021531,Arm & Hammer laundry detergent,19.97,2026-07-09T00:00:00-04:00,2026-07-15T23:59:59-04:00
Walmart,8021531,Finish dishwasher tabs,19.97,2026-07-09T00:00:00-04:00,2026-07-15T23:59:59-04:00
Walmart,8021531,Scotties facial tissue,9.98,2026-07-09T00:00:00-04:00,2026-07-15T23:59:59-04:00
Walmart,8021531,Sanpellegrino sparkling water,8.98,2026-07-09T00:00:00-04:00,2026-07-15T23:59:59-04:00
Walmart,8021531,Fantastik all-purpose cleaner,4.47,2026-07-09T00:00:00-04:00,2026-07-15T23:59:59-04:00
Walmart,8021531,Toddlers' Minions 2-piece pyjama set,16.0,2026-07-09T00:00:00-04:00,2026-07-15T23:59:59-04:00
Walmart,8021531,Fleecy fabric sheets,10.67,2026-07-09T00:00:00-04:00,2026-07-15T23:59:59-04:00
Walmart,8021531,Scent Theory hand soap,4.67,2026-07-09T00:00:00-04:00,2026-07-15T23:59:59-04:00
Walmart,8021531,Webber naturals magnesium bisglycinate,16.97,2026-07-09T00:00:00-04:00,2026-07-15T23:59:59-04:00
Walmart,8021531,Sterilite 3 Drawer medium cart,21.97,2026-07-09T00:00:00-04:00,2026-07-15T23:59:59-04:00
Walmart,8021531,Toastmaster sandwich maker,14.88,2026-07-09T00:00:00-04:00,2026-07-15T23:59:59-04:00
Walmart,8021531,400 Thread-count sheets set,39.97,2026-07-09T00:00:00-04:00,2026-07-15T23:59:59-04:00
Walmart,8021531,Tylenol Extra Strength,11.97,2026-07-09T00:00:00-04:00,2026-07-15T23:59:59-04:00
Walmart,8021531,Kids' casual shoes,24.0,2026-07-09T00:00:00-04:00,2026-07-15T23:59:59-04:00
Walmart,8021531,Goal Rush Apparel The World Is Watching Soccer T-Shirt,23.99,2026-07-09T00:00:00-04:00,2026-07-15T23:59:59-04:00
Walmart,8021531,Dove or Dove Men+Care Body Wash,13.18,2026-07-09T00:00:00-04:00,2026-07-15T23:59:59-04:00
Walmart,8021531,CoverGirl Outlast lip stain,10.97,2026-07-09T00:00:00-04:00,2026-07-15T23:59:59-04:00
Walmart,8021531,Kabrita goat milk-based powder infant formula,49.44,2026-07-09T00:00:00-04:00,2026-07-15T23:59:59-04:00
Walmart,8021531,Philips Avent Natural Response glass baby bottles,27.97,2026-07-09T00:00:00-04:00,2026-07-15T23:59:59-04:00
Walmart,8021531,Starbucks Nespresso Vertuo coffee pods,12.97,2026-07-09T00:00:00-04:00,2026-07-15T23:59:59-04:00
Walmart,8021531,Royale Ultra Strength paper towels 12 = 18 pack,15.97,2026-07-09T00:00:00-04:00,2026-07-15T23:59:59-04:00
Walmart,8021531,Red Baron frozen pizza,3.97,2026-07-09T00:00:00-04:00,2026-07-15T23:59:59-04:00
Walmart,8021531,Friskies 156 g or Fancy Feast 85 g wet cat food,1.0,2026-07-09T00:00:00-04:00,2026-07-15T23:59:59-04:00
Walmart,8021531,Friskies 156 g or Fancy Feast 85 g wet cat food,0.9,2026-07-09T00:00:00-04:00,2026-07-15T23:59:59-04:00
Walmart,8021531,Royale bathroom tissue,13.47,2026-07-09T00:00:00-04:00,2026-07-15T23:59:59-04:00
Walmart,8021531,Coca-Cola Pop,3.97,2026-07-09T00:00:00-04:00,2026-07-15T23:59:59-04:00
Walmart,8021531,Grace Island Soda,1.08,2026-07-09T00:00:00-04:00,2026-07-15T23:59:59-04:00
Walmart,8021531,Hellmann's Mayonnaise,5.77,2026-07-09T00:00:00-04:00,2026-07-15T23:59:59-04:00
Walmart,8021531,Tide 83 - 100 loads laundry detergent,19.97,2026-07-09T00:00:00-04:00,2026-07-15T23:59:59-04:00
Walmart,8021531,Maple Leaf Prime raised without antibiotics fresh boneless skinless chicken thighs,10.1,2026-07-09T00:00:00-04:00,2026-07-15T23:59:59-04:00
Walmart,8021531,Pillsbury Pizza Pops,18.97,2026-07-09T00:00:00-04:00,2026-07-15T23:59:59-04:00
Walmart,8021531,Ziploc sandwich bags,7.97,2026-07-09T00:00:00-04:00,2026-07-15T23:59:59-04:00
Walmart,8021531,Cascade ActionPacs,9.97,2026-07-09T00:00:00-04:00,2026-07-15T23:59:59-04:00
Walmart,8021531,Dove beauty bar soap,17.38,2026-07-09T00:00:00-04:00,2026-07-15T23:59:59-04:00
Walmart,8021531,Dove Men + Care body wash,6.88,2026-07-09T00:00:00-04:00,2026-07-15T23:59:59-04:00
Walmart,8021531,Schneiders Lunch mate kits,3.17,2026-07-09T00:00:00-04:00,2026-07-15T23:59:59-04:00
Walmart,8021531,Enfamil A+ NeuroPro powder formula,49.97,2026-07-09T00:00:00-04:00,2026-07-15T23:59:59-04:00
Walmart,8021531,Aveeno moisturizing lotion,9.97,2026-07-09T00:00:00-04:00,2026-07-15T23:59:59-04:00
Walmart,8021531,Your Fresh Market™ feta cheese value pack,9.98,2026-07-09T00:00:00-04:00,2026-07-15T23:59:59-04:00
Walmart,8021531,green zucchini,2.44,2026-07-09T00:00:00-04:00,2026-07-15T23:59:59-04:00
Walmart,8021531,Green seedless grapes,4.94,2026-07-09T00:00:00-04:00,2026-07-15T23:59:59-04:00
Walmart,8021531,Dove shampoo,8.47,2026-07-09T00:00:00-04:00,2026-07-15T23:59:59-04:00
Walmart,8021531,Secret clear gel antiperspirant and deodorant,6.97,2026-07-09T00:00:00-04:00,2026-07-15T23:59:59-04:00
Walmart,8021531,Huggies Pull-Ups econo pack training pants,36.94,2026-07-09T00:00:00-04:00,2026-07-15T23:59:59-04:00
Walmart,8021531,Lou's Kitchen fully cooked entrees,9.88,2026-07-09T00:00:00-04:00,2026-07-15T23:59:59-04:00
Walmart,8021531,M&M's chocolate candies,3.98,2026-07-09T00:00:00-04:00,2026-07-15T23:59:59-04:00
Walmart,8021531,Natrel Plus protein lactose-free beverage,7.54,2026-07-09T00:00:00-04:00,2026-07-15T23:59:59-04:00
Walmart,8021531,Fancy Feast wet cat food variety pack,10.74,2026-07-09T00:00:00-04:00,2026-07-15T23:59:59-04:00
Walmart,8021531,Band-Aid bandages,4.27,2026-07-09T00:00:00-04:00,2026-07-15T23:59:59-04:00
Walmart,8021531,Jamieson magnesium,17.97,2026-07-09T00:00:00-04:00,2026-07-15T23:59:59-04:00
Walmart,8021531,Post family size cereal,4.77,2026-07-09T00:00:00-04:00,2026-07-15T23:59:59-04:00
Walmart,8021531,"Royal Chinet 8.75"" plates",13.97,2026-07-09T00:00:00-04:00,2026-07-15T23:59:59-04:00
Walmart,8021531,Palmolive essential clean dish soap,1.97,2026-07-09T00:00:00-04:00,2026-07-15T23:59:59-04:00
Walmart,8021531,Gallo extra virgin olive oil,9.94,2026-07-09T00:00:00-04:00,2026-07-15T23:59:59-04:00
Walmart,8021531,Your Fresh Market™ sliced loaf cakes,4.48,2026-07-09T00:00:00-04:00,2026-07-15T23:59:59-04:00
Walmart,8021531,Pillsbury Pizza Pops,18.97,2026-07-09T00:00:00-04:00,2026-07-15T23:59:59-04:00
Walmart,8021531,Ziploc freezer bags,7.97,2026-07-09T00:00:00-04:00,2026-07-15T23:59:59-04:00
Walmart,8021531,Ms. Rachel speak & sing doll,39.97,2026-07-09T00:00:00-04:00,2026-07-15T23:59:59-04:00
Walmart,8021531,Earth's Own plant based beverages,3.47,2026-07-09T00:00:00-04:00,2026-07-15T23:59:59-04:00
Walmart,8021531,Villaggio sliced bread,2.98,2026-07-09T00:00:00-04:00,2026-07-15T23:59:59-04:00
Walmart,8021531,Secret Whole Body,12.97,2026-07-09T00:00:00-04:00,2026-07-15T23:59:59-04:00
Walmart,8021531,Dove beauty bar soap,17.38,2026-07-09T00:00:00-04:00,2026-07-15T23:59:59-04:00
Walmart,8021531,Dove beauty bar soap 4 x 106 g,6.88,2026-07-09T00:00:00-04:00,2026-07-15T23:59:59-04:00
Walmart,8021531,Dove shampoo or conditioner,8.47,2026-07-09T00:00:00-04:00,2026-07-15T23:59:59-04:00
Walmart,8021531,Rectangular open upright hamper,9.97,2026-07-09T00:00:00-04:00,2026-07-15T23:59:59-04:00
Walmart,8021531,Gyrocopters iCaddy Foldable Electric Bike | UL 2849 | 15.6AH Battery,854.96,2026-07-09T00:00:00-04:00,2026-07-15T23:59:59-04:00
Walmart,8021531,"Flake-Free Volumizing Mascara – Smudge-Proof, Buildable Formula – Black",22.0,2026-07-09T00:00:00-04:00,2026-07-15T23:59:59-04:00
Walmart,8021531,Mr. Clean Platinum all-purpose cleaner,9.97,2026-07-09T00:00:00-04:00,2026-07-15T23:59:59-04:00
Walmart,8021531,Sensodyne 135 mL toothpaste,5.77,2026-07-09T00:00:00-04:00,2026-07-15T23:59:59-04:00
Walmart,8021531,Pronamel toothpaste,5.77,2026-07-09T00:00:00-04:00,2026-07-15T23:59:59-04:00
Walmart,8021531,Ombrelle Sport SPF 50+ sunscreen spray 122 g,16.47,2026-07-09T00:00:00-04:00,2026-07-15T23:59:59-04:00
Walmart,8021531,400 Thread-count sheets set,39.97,2026-07-09T00:00:00-04:00,2026-07-15T23:59:59-04:00
Walmart,8021531,DAISE body butter or Scrubs,8.96,2026-07-09T00:00:00-04:00,2026-07-15T23:59:59-04:00
Walmart,8021531,Rascals premium superpack diapers,21.88,2026-07-09T00:00:00-04:00,2026-07-15T23:59:59-04:00
Walmart,8021531,Aveeno moisturizing lotion,9.97,2026-07-09T00:00:00-04:00,2026-07-15T23:59:59-04:00
Walmart,8021531,"RNRUO 14"" Laptop Computer, 8GB RAM 128GB SSD Intel 6500Y with 2 Cores",283.99,2026-07-09T00:00:00-04:00,2026-07-15T23:59:59-04:00
Walmart,8021531,Gyrocopters iCaddy Foldable Electric Bike | UL 2849 | 15.6AH Battery,854.96,2026-07-09T00:00:00-04:00,2026-07-15T23:59:59-04:00
Walmart,8021531,Rimmel Multi-tasker,8.97,2026-07-09T00:00:00-04:00,2026-07-15T23:59:59-04:00
Walmart,8021531,Crest Pro-Health mouthwash,8.97,2026-07-09T00:00:00-04:00,2026-07-15T23:59:59-04:00
Walmart,8021531,Being shampoo or conditioner,7.97,2026-07-09T00:00:00-04:00,2026-07-15T23:59:59-04:00
Walmart,8021531,Sanpellegrino CIAO! flavoured sparkling water,6.97,2026-07-09T00:00:00-04:00,2026-07-15T23:59:59-04:00
Walmart,8021531,Hangers 30-pack,9.47,2026-07-09T00:00:00-04:00,2026-07-15T23:59:59-04:00
Walmart,8021531,400 Thread-count sheets set,39.97,2026-07-09T00:00:00-04:00,2026-07-15T23:59:59-04:00
Walmart,8021531,Purina ONE Plus Dry Dog Food,53.67,2026-07-09T00:00:00-04:00,2026-07-15T23:59:59-04:00
Walmart,8021531,Garnier Fructis conditioner,3.97,2026-07-09T00:00:00-04:00,2026-07-15T23:59:59-04:00
Walmart,8021531,"55"" Mini LED 4K UHD Smart TV",548.0,2026-07-09T00:00:00-04:00,2026-07-15T23:59:59-04:00
Walmart,8021531,Parent's Choice wipes,19.94,2026-07-09T00:00:00-04:00,2026-07-15T23:59:59-04:00
Walmart,8021531,JANES Restaurant Style™ Boneless bites,9.96,2026-07-09T00:00:00-04:00,2026-07-15T23:59:59-04:00
Walmart,8021531,Minions & Monsters mini Fart Blaster toy or fluid refill 4-pack,14.96,2026-07-09T00:00:00-04:00,2026-07-15T23:59:59-04:00
Walmart,8021531,Inflatable Paddle Board 10FT W Pump,183.99,2026-07-09T00:00:00-04:00,2026-07-15T23:59:59-04:00
Walmart,8021531,Royalty digestives,2.48,2026-07-09T00:00:00-04:00,2026-07-15T23:59:59-04:00
Walmart,8021531,Methi leaves,2.97,2026-07-09T00:00:00-04:00,2026-07-15T23:59:59-04:00
Walmart,8021531,Goal Rush Apparel The World Is Watching Soccer T-Shirt,23.99,2026-07-09T00:00:00-04:00,2026-07-15T23:59:59-04:00
Walmart,8021531,Neutrogena Ultra Sheer sunscreen SPF 60 value pack,20.97,2026-07-09T00:00:00-04:00,2026-07-15T23:59:59-04:00
Walmart,8021531,Being shampoo or conditioner,7.97,2026-07-09T00:00:00-04:00,2026-07-15T23:59:59-04:00
Walmart,8021531,Cool Runnings Coconut Water,1.67,2026-07-09T00:00:00-04:00,2026-07-15T23:59:59-04:00
Walmart,8021531,Fruiti-O Juice,4.98,2026-07-09T00:00:00-04:00,2026-07-15T23:59:59-04:00
Walmart,8021531,VTech smart Wi-Fi video baby monitor,109.0,2026-07-09T00:00:00-04:00,2026-07-15T23:59:59-04:00
Walmart,8021531,S&W spaghetti sauce,4.77,2026-07-09T00:00:00-04:00,2026-07-15T23:59:59-04:00
Walmart,8021531,Taylor Farms chopped salad kit,5.77,2026-07-09T00:00:00-04:00,2026-07-15T23:59:59-04:00
Walmart,8021531,Enfagrow A+ toddler nutritional powder,38.64,2026-07-09T00:00:00-04:00,2026-07-15T23:59:59-04:00
Walmart,8021531,Sanpellegrino sparkling water,2.47,2026-07-09T00:00:00-04:00,2026-07-15T23:59:59-04:00
Walmart,8021531,Maple Leaf fully cooked breakfast sausages or patties,7.98,2026-07-09T00:00:00-04:00,2026-07-15T23:59:59-04:00
Walmart,8021531,Your Fresh Market™ cremini mushrooms,2.44,2026-07-09T00:00:00-04:00,2026-07-15T23:59:59-04:00
Walmart,8021531,Febreze Small Spaces or Auto air freshener,2.97,2026-07-09T00:00:00-04:00,2026-07-15T23:59:59-04:00
Walmart,8021531,Purex bathroom tissue 12 = 36 rolls,10.96,2026-07-09T00:00:00-04:00,2026-07-15T23:59:59-04:00
Walmart,8021531,Palmolive Essential clean dish soap,1.97,2026-07-09T00:00:00-04:00,2026-07-15T23:59:59-04:00
Walmart,8021531,Yoplait Source Protein yogurt tub,3.67,2026-07-09T00:00:00-04:00,2026-07-15T23:59:59-04:00
Walmart,8021531,Ninjamas superpack nighttime underwear,26.98,2026-07-09T00:00:00-04:00,2026-07-15T23:59:59-04:00
Walmart,8021531,Similac 360 Total Care step 1 powder formula,39.98,2026-07-09T00:00:00-04:00,2026-07-15T23:59:59-04:00
Walmart,8021531,Ol' Roy dry dog food,27.98,2026-07-09T00:00:00-04:00,2026-07-15T23:59:59-04:00
Walmart,8021531,Sterilite 114 L Storage tote,13.47,2026-07-09T00:00:00-04:00,2026-07-15T23:59:59-04:00
Walmart,8021531,Inflatable Paddle Board 10FT W Pump,183.99,2026-07-09T00:00:00-04:00,2026-07-15T23:59:59-04:00
Walmart,8021531,Equate Sport Kids SPF 50+ continuous spray sunscreen,19.98,2026-07-09T00:00:00-04:00,2026-07-15T23:59:59-04:00
Walmart,8021531,Philips Avent natural baby bottles 3-pack,24.97,2026-07-09T00:00:00-04:00,2026-07-15T23:59:59-04:00
Walmart,8021531,Rascals Night Pants nighttime underwear,25.88,2026-07-09T00:00:00-04:00,2026-07-15T23:59:59-04:00
Walmart,8021531,Philips Avent Natural Response glass baby bottles,27.97,2026-07-09T00:00:00-04:00,2026-07-15T23:59:59-04:00
Walmart,8021531,4-Burner propane gas grill with side burner,218.0,2026-07-09T00:00:00-04:00,2026-07-15T23:59:59-04:00
Walmart,8021531,George Toddlers' skater dress,6.0,2026-07-09T00:00:00-04:00,2026-07-15T23:59:59-04:00
Walmart,8021531,Kids' skater dress,8.0,2026-07-09T00:00:00-04:00,2026-07-15T23:59:59-04:00
Walmart,8021531,Nerf Foam soccer ball,19.97,2026-07-09T00:00:00-04:00,2026-07-15T23:59:59-04:00
Walmart,8021531,3-Burner propane gas grill,168.0,2026-07-09T00:00:00-04:00,2026-07-15T23:59:59-04:00
Walmart,8021531,Kids' canvas casual shoes,12.0,2026-07-09T00:00:00-04:00,2026-07-15T23:59:59-04:00
Walmart,8021531,"65"" QD-Mini LED Smart TV",798.0,2026-07-09T00:00:00-04:00,2026-07-15T23:59:59-04:00
Walmart,8021531,Minions & Monsters mini Fart Blaster toy or fluid refill 4-pack,14.96,2026-07-09T00:00:00-04:00,2026-07-15T23:59:59-04:00
Walmart,8021531,Johnson's baby moisture lotion,9.87,2026-07-09T00:00:00-04:00,2026-07-15T23:59:59-04:00
Walmart,8021531,Evenflo Omni Crew stroller wagon,239.0,2026-07-09T00:00:00-04:00,2026-07-15T23:59:59-04:00
Walmart,8021531,Baby Trend sonar compact lightweight stroller travel system,350.0,2026-07-09T00:00:00-04:00,2026-07-15T23:59:59-04:00
Walmart,8021531,Blue Lizard Summer Sensitive or kids' Sunscreen Spray SPF 50,21.47,2026-07-09T00:00:00-04:00,2026-07-15T23:59:59-04:00
Walmart,8021531,Graco Solano 4-in-l convertible crib with drawer,219.0,2026-07-09T00:00:00-04:00,2026-07-15T23:59:59-04:00
Walmart,8021531,Graco 4Ever all-in-one convertible car seat,349.97,2026-07-09T00:00:00-04:00,2026-07-15T23:59:59-04:00
Walmart,8021531,Parent's Choice milk-based infant formula,26.94,2026-07-09T00:00:00-04:00,2026-07-15T23:59:59-04:00
Walmart,8021531,Diaper Genie Platinum diaper pail,79.97,2026-07-09T00:00:00-04:00,2026-07-15T23:59:59-04:00
Walmart,8021531,Ingenuity Keep Cozy 3-In-1 Grow with Me bounce and rock seat,69.97,2026-07-09T00:00:00-04:00,2026-07-15T23:59:59-04:00
Walmart,8021531,Nestlé Nido nutritional supplement,24.97,2026-07-09T00:00:00-04:00,2026-07-15T23:59:59-04:00
Walmart,8021531,Parent's Choice wipes,19.94,2026-07-09T00:00:00-04:00,2026-07-15T23:59:59-04:00
Walmart,8021531,Magnolia Cheezee cheddar flavoured spread,8.97,2026-07-09T00:00:00-04:00,2026-07-15T23:59:59-04:00
Walmart,8021531,M.Y. San SkyFlakes crackers,6.77,2026-07-09T00:00:00-04:00,2026-07-15T23:59:59-04:00
Walmart,8021531,Purefoods corned beef,6.97,2026-07-09T00:00:00-04:00,2026-07-15T23:59:59-04:00
Walmart,8021531,Lucky Me! instant pancit canton noodles,3.77,2026-07-09T00:00:00-04:00,2026-07-15T23:59:59-04:00
Walmart,8021531,Paradise steamed whole Saba banana,3.97,2026-07-09T00:00:00-04:00,2026-07-15T23:59:59-04:00
Walmart,8021531,UFC Kirin milk tea,2.98,2026-07-09T00:00:00-04:00,2026-07-15T23:59:59-04:00
Walmart,8021531,Maple Leaf fresh air-chilled back-attached chicken leg quarters,3.98,2026-07-09T00:00:00-04:00,2026-07-15T23:59:59-04:00
Walmart,8021531,Siwin pork tocino,4.97,2026-07-09T00:00:00-04:00,2026-07-15T23:59:59-04:00
Walmart,8021531,Century tuna,1.97,2026-07-09T00:00:00-04:00,2026-07-15T23:59:59-04:00
Walmart,8021531,Lucky Me! instant pancit canton noodles,3.77,2026-07-09T00:00:00-04:00,2026-07-15T23:59:59-04:00
Walmart,8021531,Thai Coco coconut milk drink,1.98,2026-07-09T00:00:00-04:00,2026-07-15T23:59:59-04:00
Walmart,8021531,S&W tomato sauce,4.77,2026-07-09T00:00:00-04:00,2026-07-15T23:59:59-04:00
Walmart,8021531,Siwin pork tocino,4.97,2026-07-09T00:00:00-04:00,2026-07-15T23:59:59-04:00
Walmart,8021531,Mother's Magic 60-oz. dosa batter,9.27,2026-07-09T00:00:00-04:00,2026-07-15T23:59:59-04:00
Walmart,8021531,Bikaji Soanpapdi Manbhavan,2.98,2026-07-09T00:00:00-04:00,2026-07-15T23:59:59-04:00
Walmart,8021531,Al Safa chicken samosa,7.47,2026-07-09T00:00:00-04:00,2026-07-15T23:59:59-04:00
Walmart,8021531,Thai green chili pepper,6.27,2026-07-09T00:00:00-04:00,2026-07-15T23:59:59-04:00
Walmart,8021531,Bingo! Mad Angles,1.98,2026-07-09T00:00:00-04:00,2026-07-15T23:59:59-04:00
Walmart,8021531,Sitara Atta whole wheat flour,14.96,2026-07-09T00:00:00-04:00,2026-07-15T23:59:59-04:00
Walmart,8021531,Brar's veggie burgers,8.97,2026-07-09T00:00:00-04:00,2026-07-15T23:59:59-04:00
Walmart,8021531,Britannia Fifty Fifty family pack crackers,3.28,2026-07-09T00:00:00-04:00,2026-07-15T23:59:59-04:00
Walmart,8021531,Granadilla passion fruit,1.98,2026-07-09T00:00:00-04:00,2026-07-15T23:59:59-04:00
Walmart,8021531,Mina Halal split chicken wings,6.43,2026-07-09T00:00:00-04:00,2026-07-15T23:59:59-04:00
Walmart,8021531,Bingo! Mad Angles,1.98,2026-07-09T00:00:00-04:00,2026-07-15T23:59:59-04:00
Walmart,8021531,Kurkure snacks,1.53,2026-07-09T00:00:00-04:00,2026-07-15T23:59:59-04:00
Walmart,8021531,Big Foot cheese snack,0.78,2026-07-09T00:00:00-04:00,2026-07-15T23:59:59-04:00
Walmart,8021531,Big Foot cheese snack,0.78,2026-07-09T00:00:00-04:00,2026-07-15T23:59:59-04:00
Walmart,8021531,Grace Island Soda,1.08,2026-07-09T00:00:00-04:00,2026-07-15T23:59:59-04:00
Walmart,8021531,Veet Hair Removal Wax or Cream,14.97,2026-07-09T00:00:00-04:00,2026-07-15T23:59:59-04:00
Walmart,8021531,Hawaiian Tropic Silk Hydration sunscreen or after sun care,13.47,2026-07-09T00:00:00-04:00,2026-07-15T23:59:59-04:00
Walmart,8021531,DAISE body butter or scrub,8.96,2026-07-09T00:00:00-04:00,2026-07-15T23:59:59-04:00
Walmart,8021531,Dial body wash,3.97,2026-07-09T00:00:00-04:00,2026-07-15T23:59:59-04:00
Walmart,8021531,Old Spice Mind and Body collection deodorant 85 g,6.97,2026-07-09T00:00:00-04:00,2026-07-15T23:59:59-04:00
Walmart,8021531,MCo Beauty Miracle Flawless pressed powder,17.96,2026-07-09T00:00:00-04:00,2026-07-15T23:59:59-04:00
Walmart,8021531,"Marc Anthony Shampoo, Conditioner, Treatments or styling product",11.94,2026-07-09T00:00:00-04:00,2026-07-15T23:59:59-04:00
Walmart,8021531,Always Flexfoam pads,10.98,2026-07-09T00:00:00-04:00,2026-07-15T23:59:59-04:00
Walmart,8021531,China Glaze Nail Polish,6.97,2026-07-09T00:00:00-04:00,2026-07-15T23:59:59-04:00
Walmart,8021531,Equate antibacterial mouthwash,3.98,2026-07-09T00:00:00-04:00,2026-07-15T23:59:59-04:00
Walmart,8021531,CoverGirl Outlast lip stain,10.97,2026-07-09T00:00:00-04:00,2026-07-15T23:59:59-04:00
Walmart,8021531,Crest Pro-Health mouthwash,8.97,2026-07-09T00:00:00-04:00,2026-07-15T23:59:59-04:00
Walmart,8021531,Old Spice Mind and Body Collection deodorant 85 g or Body wash 532 ml,6.97,2026-07-09T00:00:00-04:00,2026-07-15T23:59:59-04:00
Walmart,8021531,Hawaiian Tropic Silk Hydration sunscreen or after sun care,13.47,2026-07-09T00:00:00-04:00,2026-07-15T23:59:59-04:00
Walmart,8021531,Neutrogena Ultra Sheer sunscreen SPF 60 value Pack,20.97,2026-07-09T00:00:00-04:00,2026-07-15T23:59:59-04:00
Walmart,8021531,MCo Beauty Miracle Flawless setting spray,17.96,2026-07-09T00:00:00-04:00,2026-07-15T23:59:59-04:00
Walmart,8021531,"Marc Anthony Shampoo, Conditioner, Treatments or Styling Products",11.94,2026-07-09T00:00:00-04:00,2026-07-15T23:59:59-04:00
Walmart,8021531,Dove body wash,13.18,2026-07-09T00:00:00-04:00,2026-07-15T23:59:59-04:00
Walmart,8021531,Tampax tampons,10.98,2026-07-09T00:00:00-04:00,2026-07-15T23:59:59-04:00
Walmart,8021531,Ombrelle SPF 60 sunscreen lotion,16.47,2026-07-09T00:00:00-04:00,2026-07-15T23:59:59-04:00
Walmart,8021531,Equate Sport SPF 30 or continuous spray sunscreen,19.98,2026-07-09T00:00:00-04:00,2026-07-15T23:59:59-04:00
Walmart,8021531,"PhiloDeco 8000 BTU Window Air Conditioner, LED Display Screen, with Remote Control",284.99,2026-07-09T00:00:00-04:00,2026-07-15T23:59:59-04:00
Walmart,8021531,Sanpellegrino CIAO! flavoured sparkling water,6.97,2026-07-09T00:00:00-04:00,2026-07-15T23:59:59-04:00
Walmart,8021531,Sanpellegrino CIAO! flavoured sparkling water,6.97,2026-07-09T00:00:00-04:00,2026-07-15T23:59:59-04:00
Walmart,8021531,"PhiloDeco 8000 BTU Window Air Conditioner, LED Display Screen, with Remote Control",284.99,2026-07-09T00:00:00-04:00,2026-07-15T23:59:59-04:00
Walmart,8021531,"2 Counter Height Bar Stools, 26.7"" Seat Height, Black Metal Frame White",229.99,2026-07-09T00:00:00-04:00,2026-07-15T23:59:59-04:00
Walmart,8021531,"6QT Air Fryer with Visible Window, 1500W, Black",75.99,2026-07-09T00:00:00-04:00,2026-07-15T23:59:59-04:00
Walmart,8021531,Outsunny 21' x 29' High Peak Decagonal Event Party Tent for Parties,749.97,2026-07-09T00:00:00-04:00,2026-07-15T23:59:59-04:00
Walmart,8021531,Outsunny 21' x 29' High Peak Decagonal Event Party Tent for Parties,749.97,2026-07-09T00:00:00-04:00,2026-07-15T23:59:59-04:00
Walmart,8021531,"Greenworks 80V 17"" Brushless Cordless Push Lawn Mower",429.99,2026-07-09T00:00:00-04:00,2026-07-15T23:59:59-04:00
Walmart,8021531,"RNRUO 14"" Laptop Computer, 8GB RAM 128GB SSD Intel 6500Y with 2 Cores",283.99,2026-07-09T00:00:00-04:00,2026-07-15T23:59:59-04:00
Walmart,8021531,Samsung Galaxy Tab A11+ (Plus) Wi-Fi Tablet | 256GB + 8GB RAM – Brand New,379.99,2026-07-09T00:00:00-04:00,2026-07-15T23:59:59-04:00
Walmart,8021531,Samsung Galaxy Tab A11+ (Plus) Wi-Fi Tablet | 256GB + 8GB RAM – Brand New,379.99,2026-07-09T00:00:00-04:00,2026-07-15T23:59:59-04:00
Walmart,8021531,Minions & Monsters Supreme Fart Blaster toy,49.93,2026-07-09T00:00:00-04:00,2026-07-15T23:59:59-04:00
Walmart,8021531,"Minions 3-in-1 shampoo, conditioner and body wash",5.44,2026-07-09T00:00:00-04:00,2026-07-15T23:59:59-04:00
Walmart,8021531,Ordo Minions toothbrush,19.97,2026-07-09T00:00:00-04:00,2026-07-15T23:59:59-04:00
Walmart,8021531,Minions 2 movie collection DVD set,14.98,2026-07-09T00:00:00-04:00,2026-07-15T23:59:59-04:00
Walmart,8021531,Despicable Me 4 movie collection DVD set,28.98,2026-07-09T00:00:00-04:00,2026-07-15T23:59:59-04:00
Walmart,8021531,Snack Pack pudding,1.98,2026-07-09T00:00:00-04:00,2026-07-15T23:59:59-04:00
Walmart,8021531,Popsicle water ice novelties,5.98,2026-07-09T00:00:00-04:00,2026-07-15T23:59:59-04:00
Walmart,8021531,Mott's Clamato cocktail,3.47,2026-07-09T00:00:00-04:00,2026-07-15T23:59:59-04:00
Walmart,8021531,Gatorade 6 x 591 mL,6.27,2026-07-09T00:00:00-04:00,2026-07-15T23:59:59-04:00
Walmart,8021531,TRESemmé shampoo,7.27,2026-07-09T00:00:00-04:00,2026-07-15T23:59:59-04:00
Walmart,8021531,China Glaze nail polish,6.97,2026-07-09T00:00:00-04:00,2026-07-15T23:59:59-04:00
Walmart,8021531,Post family size cereal,4.77,2026-07-09T00:00:00-04:00,2026-07-15T23:59:59-04:00
Walmart,8021531,Strawberries,3.44,2026-07-09T00:00:00-04:00,2026-07-15T23:59:59-04:00
Walmart,8021531,Crest 3D White Deep Stain Remover Toothpaste 67 ml or whitening rinse 946 ml,12.43,2026-07-09T00:00:00-04:00,2026-07-15T23:59:59-04:00
Walmart,8021531,Frito-Lay value Size chips,5.47,2026-07-09T00:00:00-04:00,2026-07-15T23:59:59-04:00
Walmart,8021531,Kids' canvas casual shoes,12.0,2026-07-09T00:00:00-04:00,2026-07-15T23:59:59-04:00
Walmart,8021531,Chapman's Super Premium Plus frozen tubs,2.97,2026-07-09T00:00:00-04:00,2026-07-15T23:59:59-04:00
Walmart,8021531,Coffee mate liquid coffee enhancer 828 mL- 946 mL,4.97,2026-07-09T00:00:00-04:00,2026-07-15T23:59:59-04:00
Walmart,8021531,Kraft salad dressing,2.44,2026-07-09T00:00:00-04:00,2026-07-15T23:59:59-04:00
Walmart,8021531,Janes Pub Style breaded chicken nuggets or strips,6.96,2026-07-09T00:00:00-04:00,2026-07-15T23:59:59-04:00
Walmart,8021531,Miss Vickie's chips,3.77,2026-07-09T00:00:00-04:00,2026-07-15T23:59:59-04:00
Walmart,8021531,Chinese bitter melons,3.47,2026-07-09T00:00:00-04:00,2026-07-15T23:59:59-04:00
Walmart,8021531,Dr. Oetker Ristorante frozen pizza,3.97,2026-07-09T00:00:00-04:00,2026-07-15T23:59:59-04:00
Walmart,8021531,The Blue Whale pillow,5.47,2026-07-09T00:00:00-04:00,2026-07-15T23:59:59-04:00
Walmart,8021531,Mott's Clamato cocktail,3.47,2026-07-09T00:00:00-04:00,2026-07-15T23:59:59-04:00
Walmart,8021531,Hellmann's mayonnaise,5.77,2026-07-09T00:00:00-04:00,2026-07-15T23:59:59-04:00
Walmart,8021531,Your Fresh Market™ rolls,3.97,2026-07-09T00:00:00-04:00,2026-07-15T23:59:59-04:00
Walmart,8021531,Fancy Feast 85 g wet cat food,1.0,2026-07-09T00:00:00-04:00,2026-07-15T23:59:59-04:00
Walmart,8021531,Maple Leaf fresh bone-in pork chops sirloin and centre combo pack,3.62,2026-07-09T00:00:00-04:00,2026-07-15T23:59:59-04:00
Walmart,8021531,Schneiders hot dogs,3.97,2026-07-09T00:00:00-04:00,2026-07-15T23:59:59-04:00
Walmart,8021531,Nature Valley granola bars value pack,9.94,2026-07-09T00:00:00-04:00,2026-07-15T23:59:59-04:00
Walmart,8021531,Tide 83-100 80 loads laundry detergent,19.97,2026-07-09T00:00:00-04:00,2026-07-15T23:59:59-04:00
Walmart,8021531,Miss Vickie's chips,3.77,2026-07-09T00:00:00-04:00,2026-07-15T23:59:59-04:00
Walmart,8021531,Classico pasta sauce,2.97,2026-07-09T00:00:00-04:00,2026-07-15T23:59:59-04:00
Walmart,8021531,Parle-G,2.54,2026-07-09T00:00:00-04:00,2026-07-15T23:59:59-04:00
Walmart,8021531,Armstrong cheese block 400 g,4.98,2026-07-09T00:00:00-04:00,2026-07-15T23:59:59-04:00
Walmart,8021531,Tropicana Pure Premium orange juice,4.97,2026-07-09T00:00:00-04:00,2026-07-15T23:59:59-04:00
Walmart,8021531,Your Fresh Market™ beef stir fry strips,15.39,2026-07-09T00:00:00-04:00,2026-07-15T23:59:59-04:00
Walmart,8021531,Selecta Moo chocolate flavoured drink,3.97,2026-07-09T00:00:00-04:00,2026-07-15T23:59:59-04:00
Walmart,8021531,Century tuna,1.97,2026-07-09T00:00:00-04:00,2026-07-15T23:59:59-04:00
Walmart,8021531,UFC coconut water 1L,2.98,2026-07-09T00:00:00-04:00,2026-07-15T23:59:59-04:00
Walmart,8021531,Thai Coco coconut milk drink,1.98,2026-07-09T00:00:00-04:00,2026-07-15T23:59:59-04:00
Walmart,8021531,Schneiders Lunch mate kits,3.17,2026-07-09T00:00:00-04:00,2026-07-15T23:59:59-04:00
Walmart,8021531,Classico pasta sauce,2.97,2026-07-09T00:00:00-04:00,2026-07-15T23:59:59-04:00
Walmart,8021531,Miss Vickie's chips,3.77,2026-07-09T00:00:00-04:00,2026-07-15T23:59:59-04:00
Walmart,8021531,Chapman's Yukon frozen novelties,4.97,2026-07-09T00:00:00-04:00,2026-07-15T23:59:59-04:00
Walmart,8021531,Janes Ultimates chicken wings,9.96,2026-07-09T00:00:00-04:00,2026-07-15T23:59:59-04:00
Walmart,8021531,Febreze Small Spaces or Auto air freshener,2.97,2026-07-09T00:00:00-04:00,2026-07-15T23:59:59-04:00
Walmart,8021531,Goldfish crackers,2.98,2026-07-09T00:00:00-04:00,2026-07-15T23:59:59-04:00
Walmart,8021531,Cavendish Farms potato wedges,8.96,2026-07-09T00:00:00-04:00,2026-07-15T23:59:59-04:00
Walmart,8021531,Earth's Own plant based beverages,3.47,2026-07-09T00:00:00-04:00,2026-07-15T23:59:59-04:00
Walmart,8021531,Mr. Clean Platinum all-purpose cleaner,9.97,2026-07-09T00:00:00-04:00,2026-07-15T23:59:59-04:00
Walmart,8021531,SpongeTowels Ultra 3 = 6 paper towels,6.96,2026-07-09T00:00:00-04:00,2026-07-15T23:59:59-04:00
Walmart,8021531,Cascade ActionPacs 21s- 30s or gel dishwasher detergent 3.4 kg or Clean & Dry Booster rinse aid,9.97,2026-07-09T00:00:00-04:00,2026-07-15T23:59:59-04:00
Walmart,8021531,Huggies Pull-Ups econo pack training pants,36.94,2026-07-09T00:00:00-04:00,2026-07-15T23:59:59-04:00
Walmart,8021531,Similac 360 Total Care step 2 ready to feed formula,73.98,2026-07-09T00:00:00-04:00,2026-07-15T23:59:59-04:00
Walmart,8021531,Temptations lickables 40 g or 48 g,2.58,2026-07-09T00:00:00-04:00,2026-07-15T23:59:59-04:00
Walmart,8021531,Advil Liqui-Gels,19.97,2026-07-09T00:00:00-04:00,2026-07-15T23:59:59-04:00
Walmart,8021531,TRESemmé shampoo or conditioner or styling products,7.27,2026-07-09T00:00:00-04:00,2026-07-15T23:59:59-04:00
Walmart,8021531,Hawaiian Tropic sunscreen spray or lotion,12.48,2026-07-09T00:00:00-04:00,2026-07-15T23:59:59-04:00
Walmart,8021531,Tylenol Extra Strength,11.97,2026-07-09T00:00:00-04:00,2026-07-15T23:59:59-04:00
Walmart,8021531,Fancy Feast wet cat food variety pack,10.74,2026-07-09T00:00:00-04:00,2026-07-15T23:59:59-04:00
Walmart,8021531,Webber Naturals magnesium ashwagandha,16.97,2026-07-09T00:00:00-04:00,2026-07-15T23:59:59-04:00
Walmart,8021531,First slide,49.97,2026-07-09T00:00:00-04:00,2026-07-15T23:59:59-04:00
Walmart,8021531,Camco TST Max RV toilet treatment drop-ins,29.97,2026-07-09T00:00:00-04:00,2026-07-15T23:59:59-04:00
Walmart,8021531,Mainstays 2-Slice toaster,9.98,2026-07-09T00:00:00-04:00,2026-07-15T23:59:59-04:00
Walmart,8021531,Fancy Feast wet cat Food variety pack,10.74,2026-07-09T00:00:00-04:00,2026-07-15T23:59:59-04:00
Walmart,8021531,Sterilite Rectangular open upright hamper,9.97,2026-07-09T00:00:00-04:00,2026-07-15T23:59:59-04:00
Walmart,8021531,Little Tikes TotSports Easy Score basketball set,44.97,2026-07-09T00:00:00-04:00,2026-07-15T23:59:59-04:00
Walmart,8021531,Naipo Exercise Bike Indoor - Adjustable Seat and 8 Resistance Level,183.99,2026-07-09T00:00:00-04:00,2026-07-15T23:59:59-04:00
Walmart,8021531,Graco Tranzitions 3-in-1 harness booster seat,189.0,2026-07-09T00:00:00-04:00,2026-07-15T23:59:59-04:00
Walmart,8021531,Similac 360 Total Care step 1 or 2 ready to feed formula,73.98,2026-07-09T00:00:00-04:00,2026-07-15T23:59:59-04:00
Walmart,8021531,Niuriss Smart infant formula,46.98,2026-07-09T00:00:00-04:00,2026-07-15T23:59:59-04:00
Walmart,8021531,Nestlé Nido nutritional supplement,24.97,2026-07-09T00:00:00-04:00,2026-07-15T23:59:59-04:00
Walmart,8021531,JANES Restaurant Style crispy chicken sandwich,9.96,2026-07-09T00:00:00-04:00,2026-07-15T23:59:59-04:00
Walmart,8021531,Scent Theory hand soap,4.67,2026-07-09T00:00:00-04:00,2026-07-15T23:59:59-04:00
Walmart,8021531,Ozark Trail Big bucket utility wagon,99.94,2026-07-09T00:00:00-04:00,2026-07-15T23:59:59-04:00
Walmart,8021531,10' x 10' Instant canopy,99.47,2026-07-09T00:00:00-04:00,2026-07-15T23:59:59-04:00
Walmart,8021531,George Kid's casual shoes,24.0,2026-07-09T00:00:00-04:00,2026-07-15T23:59:59-04:00
Walmart,8021531,"Foam soccer ball, football or baseball",19.97,2026-07-09T00:00:00-04:00,2026-07-15T23:59:59-04:00
Walmart,8021531,"Greenworks 80V 17"" Brushless Cordless Push Lawn Mower",429.99,2026-07-09T00:00:00-04:00,2026-07-15T23:59:59-04:00
Walmart,8021531,Rimmel Multi-Tasker,8.97,2026-07-09T00:00:00-04:00,2026-07-15T23:59:59-04:00
Walmart,8021531,Jamieson magnesium,17.97,2026-07-09T00:00:00-04:00,2026-07-15T23:59:59-04:00
Walmart,8021531,Dial body wash,3.97,2026-07-09T00:00:00-04:00,2026-07-15T23:59:59-04:00
Walmart,8021531,Graco Extend2Fit 2-in-1 convertible car seat,329.97,2026-07-09T00:00:00-04:00,2026-07-15T23:59:59-04:00
Walmart,8021531,Momcozy portable milk warmer,99.97,2026-07-09T00:00:00-04:00,2026-07-15T23:59:59-04:00
Walmart,8021531,Starbucks Nespresso Vertuo coffee pods,12.97,2026-07-09T00:00:00-04:00,2026-07-15T23:59:59-04:00
Walmart,8021531,Garnier Fructis shampoo,3.97,2026-07-09T00:00:00-04:00,2026-07-15T23:59:59-04:00
Walmart,8021531,Wonder hamburger buns,2.88,2026-07-09T00:00:00-04:00,2026-07-15T23:59:59-04:00
Walmart,8021531,Maple Leaf boneless pork belly slices 3-pack,8.47,2026-07-09T00:00:00-04:00,2026-07-15T23:59:59-04:00
Walmart,8021531,Mogu Mogu drinks,3.47,2026-07-09T00:00:00-04:00,2026-07-15T23:59:59-04:00
Walmart,8021531,Rambutan,3.57,2026-07-09T00:00:00-04:00,2026-07-15T23:59:59-04:00
Walmart,8021531,Your Fresh Market™ rolls,3.97,2026-07-09T00:00:00-04:00,2026-07-15T23:59:59-04:00
Walmart,8021531,McCain Superfries,2.77,2026-07-09T00:00:00-04:00,2026-07-15T23:59:59-04:00
Walmart,8021531,Frito-Lay value size chips,5.47,2026-07-09T00:00:00-04:00,2026-07-15T23:59:59-04:00
Walmart,8021531,Kraft Dinner snack cups 4-pack,4.97,2026-07-09T00:00:00-04:00,2026-07-15T23:59:59-04:00
Walmart,8021531,Contigo 709 mL Water bottle with Autospout lid Contigo,19.97,2026-07-09T00:00:00-04:00,2026-07-15T23:59:59-04:00
Walmart,8021531,Frito-Lay snacks 16-pack,8.87,2026-07-09T00:00:00-04:00,2026-07-15T23:59:59-04:00
Walmart,8021531,Armstrong shreds 320 g,4.98,2026-07-09T00:00:00-04:00,2026-07-15T23:59:59-04:00
Walmart,8021531,3-in-l Lightweight stick vacuum,29.98,2026-07-09T00:00:00-04:00,2026-07-15T23:59:59-04:00
Walmart,8021531,Frito-Lay snacks 16-pack,8.87,2026-07-09T00:00:00-04:00,2026-07-15T23:59:59-04:00
Walmart,8021531,Olympic Kefir 2 L or iögo Creamy yogurt pouch 2 kg,9.47,2026-07-09T00:00:00-04:00,2026-07-15T23:59:59-04:00
Walmart,8021531,Johnsonville breakfast or dinner sausages,6.27,2026-07-09T00:00:00-04:00,2026-07-15T23:59:59-04:00
Walmart,8021531,Maple Leaf fully cooked breakfast sausages,7.98,2026-07-09T00:00:00-04:00,2026-07-15T23:59:59-04:00
Walmart,8021531,Large eggplant,2.44,2026-07-09T00:00:00-04:00,2026-07-15T23:59:59-04:00
Walmart,8021531,Your Fresh Market™ whole cremini mushrooms,2.44,2026-07-09T00:00:00-04:00,2026-07-15T23:59:59-04:00
Walmart,8021531,Great Value fully cooked beef strips,7.96,2026-07-09T00:00:00-04:00,2026-07-15T23:59:59-04:00
Walmart,8021531,Marcangelo fresh chicken kabobs,9.97,2026-07-09T00:00:00-04:00,2026-07-15T23:59:59-04:00
Walmart,8021531,Summer Fresh salads,9.43,2026-07-09T00:00:00-04:00,2026-07-15T23:59:59-04:00
Walmart,8021531,Great Value chicken hot dogs,4.97,2026-07-09T00:00:00-04:00,2026-07-15T23:59:59-04:00
Walmart,8021531,Your Fresh Market BBQ or herb & garlic chicken,11.57,2026-07-09T00:00:00-04:00,2026-07-15T23:59:59-04:00
Walmart,8021531,Summer Fresh salads,9.43,2026-07-09T00:00:00-04:00,2026-07-15T23:59:59-04:00
Walmart,8021531,Red seedless grapes,4.94,2026-07-09T00:00:00-04:00,2026-07-15T23:59:59-04:00
Walmart,8021531,Marcangelo pork kabobs,9.97,2026-07-09T00:00:00-04:00,2026-07-15T23:59:59-04:00
Walmart,8021531,Large seedless watermelon,6.98,2026-07-09T00:00:00-04:00,2026-07-15T23:59:59-04:00
Walmart,8021531,Taylor Farms chopped salad kit,5.77,2026-07-09T00:00:00-04:00,2026-07-15T23:59:59-04:00
Walmart,8021531,Wonder hot dog buns,2.88,2026-07-09T00:00:00-04:00,2026-07-15T23:59:59-04:00
Walmart,8021531,Organic free-run large brown eggs,6.97,2026-07-09T00:00:00-04:00,2026-07-15T23:59:59-04:00
Walmart,8021531,Nestlé chocolate bars 4-pack,3.98,2026-07-09T00:00:00-04:00,2026-07-15T23:59:59-04:00
Walmart,8021531,Janes Pub Style breaded chicken Strips,6.96,2026-07-09T00:00:00-04:00,2026-07-15T23:59:59-04:00
Walmart,8021531,Kraft salad dressing,2.44,2026-07-09T00:00:00-04:00,2026-07-15T23:59:59-04:00
Walmart,8021531,Cavendish Farms onion rings,8.96,2026-07-09T00:00:00-04:00,2026-07-15T23:59:59-04:00
Walmart,8021531,Janes Ultimates bites,9.96,2026-07-09T00:00:00-04:00,2026-07-15T23:59:59-04:00
Walmart,8021531,Natrel Plus protein lactose-free beverage,7.34,2026-07-09T00:00:00-04:00,2026-07-15T23:59:59-04:00
Walmart,8021531,Nutella hazelnut spread,6.97,2026-07-09T00:00:00-04:00,2026-07-15T23:59:59-04:00
Walmart,8021531,Jack Link's jerky,5.77,2026-07-09T00:00:00-04:00,2026-07-15T23:59:59-04:00
Walmart,8021531,Yoplait Source Protein yogurt tub,3.67,2026-07-09T00:00:00-04:00,2026-07-15T23:59:59-04:00
Walmart,8021531,Swiffer Sweeper dry cloths,6.97,2026-07-09T00:00:00-04:00,2026-07-15T23:59:59-04:00
Walmart,8021531,Palmolive essential clean dish soap,1.97,2026-07-09T00:00:00-04:00,2026-07-15T23:59:59-04:00
Walmart,8021531,Fleecy fabric softener 3.5 L,10.67,2026-07-09T00:00:00-04:00,2026-07-15T23:59:59-04:00
Walmart,8021531,Your Fresh Market™ butter croissants,3.28,2026-07-09T00:00:00-04:00,2026-07-15T23:59:59-04:00
Walmart,8021531,Lysol disinfectant cleaner,5.47,2026-07-09T00:00:00-04:00,2026-07-15T23:59:59-04:00
Walmart,8021531,Ziploc sandwich bags,7.97,2026-07-09T00:00:00-04:00,2026-07-15T23:59:59-04:00
Walmart,8021531,Lysol disinfectant wipes,5.47,2026-07-09T00:00:00-04:00,2026-07-15T23:59:59-04:00
Walmart,8021531,Red Bull energy drink,8.97,2026-07-09T00:00:00-04:00,2026-07-15T23:59:59-04:00
Walmart,8021531,"Glad Black outdoor garbage bags 40s, 60s or 100s",21.48,2026-07-09T00:00:00-04:00,2026-07-15T23:59:59-04:00
Walmart,8021531,VH sauce,3.38,2026-07-09T00:00:00-04:00,2026-07-15T23:59:59-04:00
Walmart,8021531,Hawaiian Tropic sunscreen spray,12.48,2026-07-09T00:00:00-04:00,2026-07-15T23:59:59-04:00
Walmart,8021531,Sudocrem 8x Wipes,16.97,2026-07-09T00:00:00-04:00,2026-07-15T23:59:59-04:00
Walmart,8021531,Goodnites superpack nighttime underwear,26.98,2026-07-09T00:00:00-04:00,2026-07-15T23:59:59-04:00
Walmart,8021531,Similac 360 Total Care step 1 or 2 powder formula,39.98,2026-07-09T00:00:00-04:00,2026-07-15T23:59:59-04:00
Walmart,8021531,Dove conditioner,8.47,2026-07-09T00:00:00-04:00,2026-07-15T23:59:59-04:00
Walmart,8021531,Dove beauty bar soap 4 x 106 g,6.88,2026-07-09T00:00:00-04:00,2026-07-15T23:59:59-04:00
Walmart,8021531,Enfamil A+ NeuroPro Gentlease powder formula,49.97,2026-07-09T00:00:00-04:00,2026-07-15T23:59:59-04:00
Walmart,8021531,Crest 3D White deep stain remover toothpaste 67 mL,12.43,2026-07-09T00:00:00-04:00,2026-07-15T23:59:59-04:00
Walmart,8021531,Ol' Roy dry dog,27.98,2026-07-09T00:00:00-04:00,2026-07-15T23:59:59-04:00
Walmart,8021531,2-Slice toaster,9.98,2026-07-09T00:00:00-04:00,2026-07-15T23:59:59-04:00
Walmart,8021531,Band-Aid bandages,4.27,2026-07-09T00:00:00-04:00,2026-07-15T23:59:59-04:00
Walmart,8021531,Starfrit Kitchen gadgets,10.97,2026-07-09T00:00:00-04:00,2026-07-15T23:59:59-04:00
Walmart,8021531,Temptations cat treats 180 g,2.58,2026-07-09T00:00:00-04:00,2026-07-15T23:59:59-04:00
Walmart,8021531,MAINSTAYS 400 Thread-count sheets set,39.97,2026-07-09T00:00:00-04:00,2026-07-15T23:59:59-04:00
Walmart,8021531,400 thread-count sheet set,39.97,2026-07-09T00:00:00-04:00,2026-07-15T23:59:59-04:00
Walmart,8021531,400 Thread-count sheets set,39.97,2026-07-09T00:00:00-04:00,2026-07-15T23:59:59-04:00
Walmart,8021531,Equate high protein meal replacement shakes,10.97,2026-07-09T00:00:00-04:00,2026-07-15T23:59:59-04:00
Walmart,8021531,Mainstays 1.7 L stainless steel kettle,24.88,2026-07-09T00:00:00-04:00,2026-07-15T23:59:59-04:00
Walmart,8021531,Electric single burner,14.88,2026-07-09T00:00:00-04:00,2026-07-15T23:59:59-04:00
Walmart,8021531,Fancy Feast wet cat food variety pack,10.74,2026-07-09T00:00:00-04:00,2026-07-15T23:59:59-04:00
Walmart,8021531,Fancy Feast wet cat food variety pack,10.74,2026-07-09T00:00:00-04:00,2026-07-15T23:59:59-04:00
Walmart,8021531,Sterilite 3 Drawer medium cart,21.97,2026-07-09T00:00:00-04:00,2026-07-15T23:59:59-04:00
Walmart,8021531,Sanpellegrino sparkling water,11.58,2026-07-09T00:00:00-04:00,2026-07-15T23:59:59-04:00
Walmart,8021531,Sanpellegrino CIAO! flavoured sparkling water,6.97,2026-07-09T00:00:00-04:00,2026-07-15T23:59:59-04:00
Walmart,8021531,JANES Restaurant Style™ crispy chicken tenders,9.96,2026-07-09T00:00:00-04:00,2026-07-15T23:59:59-04:00
Walmart,8021531,JANES Restaurant Style™ Boneless Bites,9.96,2026-07-09T00:00:00-04:00,2026-07-15T23:59:59-04:00
Walmart,8021531,JANES Restaurant Stylet™ crispy chicken tenders,9.96,2026-07-09T00:00:00-04:00,2026-07-15T23:59:59-04:00
No Frills,8016175,"FARMER'S MARKET™ MANDARINS, 2 LB BAG",3.99,2026-07-09T00:00:00-04:00,2026-07-15T23:59:59-04:00
No Frills,8016175,"COLGATE TOOTHPASTE, 52-95 mL or MANUAL TOOTHBRUSH, 1 ea",1.0,2026-07-09T00:00:00-04:00,2026-07-15T23:59:59-04:00
No Frills,8016175,CHERRIES,4.99,2026-07-09T00:00:00-04:00,2026-07-15T23:59:59-04:00
No Frills,8016175,"NATURE VALLEY GRANOLA BARS, 130-210 G OR GENERAL MILLS CEREAL BARS, 120-160 G",3.0,2026-07-09T00:00:00-04:00,2026-07-15T23:59:59-04:00
No Frills,8016175,"BASSE MIXES, 415-600 g",5.5,2026-07-09T00:00:00-04:00,2026-07-15T23:59:59-04:00
No Frills,8016175,GREEN ZUCCHINI or TOMATOES ON THE VINE,1.99,2026-07-09T00:00:00-04:00,2026-07-15T23:59:59-04:00
No Frills,8016175,"ITALPASTA, 750 G",2.0,2026-07-09T00:00:00-04:00,2026-07-15T23:59:59-04:00
No Frills,8016175,"MCCAIN PIZZA POCKETS, 540/600 g",6.5,2026-07-09T00:00:00-04:00,2026-07-15T23:59:59-04:00
No Frills,8016175,"UNICO OLIVES, 375 ML, CAPERS 125 ML OR HOT PEPPER RINGS, 750 ML",3.0,2026-07-09T00:00:00-04:00,2026-07-15T23:59:59-04:00
No Frills,8016175,"GATORADE SPORTS DRINK, 6X591ML/8X355ML",6.25,2026-07-09T00:00:00-04:00,2026-07-15T23:59:59-04:00
No Frills,8016175,"PRIMO SAUCE, 680 ML",2.0,2026-07-09T00:00:00-04:00,2026-07-15T23:59:59-04:00
No Frills,8016175,"ROYALE FACIAL TISSUE, 6x100/72 SHEETS",4.0,2026-07-09T00:00:00-04:00,2026-07-15T23:59:59-04:00
No Frills,8016175,"ROMAINE HEARTS, PKG OF 3",3.99,2026-07-09T00:00:00-04:00,2026-07-15T23:59:59-04:00
No Frills,8016175,"CHRISTIE MINI COOKIES, 144-200 g",2.5,2026-07-09T00:00:00-04:00,2026-07-15T23:59:59-04:00
No Frills,8016175,RED or GREEN SEEDLESS GRAPES,2.99,2026-07-09T00:00:00-04:00,2026-07-15T23:59:59-04:00
No Frills,8016175,"FARMER'S MARKET™ MUFFINS, 6'S or SQUARES, 400-456 G",5.5,2026-07-09T00:00:00-04:00,2026-07-15T23:59:59-04:00
No Frills,8016175,"PC® WHOLE BEAN or GROUND COFFEE, 100-920 g or PODS, 30's",20.0,2026-07-09T00:00:00-04:00,2026-07-15T23:59:59-04:00
No Frills,8016175,"BLUEBERRIES, PINT AVOCADOS, PKG OF 5",4.99,2026-07-09T00:00:00-04:00,2026-07-15T23:59:59-04:00
No Frills,8016175,"YOPLAIT YOP DRINKABLE YOGURT, 225 mL",1.0,2026-07-09T00:00:00-04:00,2026-07-15T23:59:59-04:00
No Frills,8016175,"PC® DINNER ENTRÉES, 770 G - 1.13 KG",11.0,2026-07-09T00:00:00-04:00,2026-07-15T23:59:59-04:00
No Frills,8016175,"GALLO EXTRA VIRGIN OLIVE OIL, 1 L",8.99,2026-07-09T00:00:00-04:00,2026-07-15T23:59:59-04:00
No Frills,8016175,NO NAME® FROZEN FRUIT 300/400 G OR BREYERS CLASSIC FROZEN DESSERT 1.41 L,3.0,2026-07-09T00:00:00-04:00,2026-07-15T23:59:59-04:00
No Frills,8016175,"SCHNEIDERS BACON, 375 g or MAPLE LEAF READY CRISP BACON, 65 g, SCHNEIDERS GRILL'EMS SAUSAGES or JUICY JUMBOS HOT DOGS, 375/450 g",5.0,2026-07-09T00:00:00-04:00,2026-07-15T23:59:59-04:00
No Frills,8016175,"GROUND CHICKEN, 454 g",3.0,2026-07-09T00:00:00-04:00,2026-07-15T23:59:59-04:00
No Frills,8016175,ENGLISH CUCUMBERS,1.49,2026-07-09T00:00:00-04:00,2026-07-15T23:59:59-04:00
No Frills,8016175,STRAWBERRIES,5.99,2026-07-09T00:00:00-04:00,2026-07-15T23:59:59-04:00
No Frills,8016175,"BLACK DIAMOND SLICES PROCESSED CHEESE PRODUCT, 410 G OR LACTANTIA GARLIC BUTTER STICK, 125 G",2.97,2026-07-09T00:00:00-04:00,2026-07-15T23:59:59-04:00
No Frills,8016175,"MR. GOUDAS PARBOILED OR WHITE RICE, 8 KG",12.99,2026-07-09T00:00:00-04:00,2026-07-15T23:59:59-04:00
No Frills,8016175,"PC® WHOLE CREMINI OR WHITE MUSHROOMS, 227 G",1.99,2026-07-09T00:00:00-04:00,2026-07-15T23:59:59-04:00
No Frills,8016175,"SCOTSBURN OR BAXTER CHOCOLATE MILK, 2 L OR FARMERS BUTTERMILK, 1 L",5.0,2026-07-09T00:00:00-04:00,2026-07-15T23:59:59-04:00
No Frills,8016175,"POST CEREAL, 283-525 g, KELLOGG'S RICE KRISPIES BARS, 154/176 g, NUTRI-GRAIN CEREAL BARS, 295 g, POP TARTS PASTRIES, 384 g or SPECIAL K FRUIT CRISPS, 125 g",2.88,2026-07-09T00:00:00-04:00,2026-07-15T23:59:59-04:00
No Frills,8016175,"ZABIHA HALAL OR MAPLE LODGE FARMS CHICKEN WIENERS, 450 G",2.0,2026-07-09T00:00:00-04:00,2026-07-15T23:59:59-04:00
No Frills,8016175,"LIBERTÉ GREEK, 650/750 g or MÉDITERRANÉE, 900 g YOGURT",7.0,2026-07-09T00:00:00-04:00,2026-07-15T23:59:59-04:00
No Frills,8016175,"CADBURY CHOCOLATE BAR, 38-50 G",1.0,2026-07-09T00:00:00-04:00,2026-07-15T23:59:59-04:00
No Frills,8016175,"HELLMANN'S REAL MAYO, 710-890 ML",5.99,2026-07-09T00:00:00-04:00,2026-07-15T23:59:59-04:00
No Frills,8016175,"UNICO SOLID LIGHT TUNA, 198 g",2.0,2026-07-09T00:00:00-04:00,2026-07-15T23:59:59-04:00
No Frills,8016175,"RAW SHRIMP SKEWERS, 31 - 40 count per lb, , 5 pack, 300g",4.77,2026-07-09T00:00:00-04:00,2026-07-15T23:59:59-04:00
No Frills,8016175,"TACO BELL CREAMY SAUCE, 354 ML OR DINNER KIT, 260-420 G",4.0,2026-07-09T00:00:00-04:00,2026-07-15T23:59:59-04:00
No Frills,8016175,"CLUB HOUSE DRY SAUCE MIX, 21-47 g",1.0,2026-07-09T00:00:00-04:00,2026-07-15T23:59:59-04:00
No Frills,8016175,"TIDE LIQUID, 1.62/1.86 L or PODS, 18-31'S LAUNDRY DETERGENT, DOWNY FABRIC SOFTENER, 1.89-2.63 L, DOWNY or GAIN SCENT BOOSTERS, 379 g, BOUNCE DRYER SHEETS, 120-200's",11.0,2026-07-09T00:00:00-04:00,2026-07-15T23:59:59-04:00
No Frills,8016175,"GOGO SQUEEZ FRUIT SAUCE, 4X90 G",3.5,2026-07-09T00:00:00-04:00,2026-07-15T23:59:59-04:00
No Frills,8016175,"OIKOS GREEK YOGURT, 4 X 100 G",3.5,2026-07-09T00:00:00-04:00,2026-07-15T23:59:59-04:00
No Frills,8016175,"ALLEN'S FRUIT COCKTAIL, 1 L",1.25,2026-07-09T00:00:00-04:00,2026-07-15T23:59:59-04:00
No Frills,8016175,"EXTRA LEAN GROUND BEEF BRICK, 450 g",8.0,2026-07-09T00:00:00-04:00,2026-07-15T23:59:59-04:00
No Frills,8016175,"PC® NUTRITION FIRST® DOG FOOD, 7 kg",30.0,2026-07-09T00:00:00-04:00,2026-07-15T23:59:59-04:00
No Frills,8016175,"HEINZ PASTA or BEANS, 398 mL",1.79,2026-07-09T00:00:00-04:00,2026-07-15T23:59:59-04:00
No Frills,8016175,"PHILADELPHIA CREAM CHEESE PRODUCT, 340 G",5.0,2026-07-09T00:00:00-04:00,2026-07-15T23:59:59-04:00
No Frills,8016175,"AVEENO LOTION or BABY NEEDS, 532/568 mL",11.0,2026-07-09T00:00:00-04:00,2026-07-15T23:59:59-04:00
No Frills,8016175,"SKITTLES OR STARBURST CANDY, 130-170 g",2.79,2026-07-09T00:00:00-04:00,2026-07-15T23:59:59-04:00
No Frills,8016175,"I CAN'T BELIEVE IT'S NOT BUTTER!, 400 G",1.88,2026-07-09T00:00:00-04:00,2026-07-15T23:59:59-04:00
No Frills,8016175,"CHRISTIE CRACKERS, 162-200 g",2.5,2026-07-09T00:00:00-04:00,2026-07-15T23:59:59-04:00
No Frills,8016175,"KELLOGG'S FAMILY SIZE CEREAL, 480-650 g",5.47,2026-07-09T00:00:00-04:00,2026-07-15T23:59:59-04:00
No Frills,8016175,"DR. OETKER RISTORANTE OR CASA DI MAMA PIZZA, 330-410 g",4.0,2026-07-09T00:00:00-04:00,2026-07-15T23:59:59-04:00
No Frills,8016175,"INTERNATIONAL DELIGHT COFFEE ENHANCER, 946 ML",5.0,2026-07-09T00:00:00-04:00,2026-07-15T23:59:59-04:00
No Frills,8016175,"BULL'S-EYE, 425 ML OR DIANA, 500 ML BBQ SAUCE",2.25,2026-07-09T00:00:00-04:00,2026-07-15T23:59:59-04:00
No Frills,8016175,"BEN & JERRY'S ICE CREAM, 473 ML OR MAGNUM VARIETIES, 3'S",5.0,2026-07-09T00:00:00-04:00,2026-07-15T23:59:59-04:00
No Frills,8016175,"NO NAME® JUICE or PC® LEMONADE or TEA, 1.36 L / 1.75 L",3.5,2026-07-09T00:00:00-04:00,2026-07-15T23:59:59-04:00
No Frills,8016175,"PEPSI SOFT DRINKS, 12X355 ML",7.5,2026-07-09T00:00:00-04:00,2026-07-15T23:59:59-04:00
No Frills,8016175,"NO NAME® SOUR CREAM, 500 mL",2.99,2026-07-09T00:00:00-04:00,2026-07-15T23:59:59-04:00
No Frills,8016175,"KRAFT PIZZA KIT, 850 G",4.99,2026-07-09T00:00:00-04:00,2026-07-15T23:59:59-04:00
No Frills,8016175,PORK BACK RIBS,3.99,2026-07-09T00:00:00-04:00,2026-07-15T23:59:59-04:00
No Frills,8016175,"FARMER'S MARKET™ YELLOW ONIONS, 3 LB BAG",2.99,2026-07-09T00:00:00-04:00,2026-07-15T23:59:59-04:00
No Frills,8016175,"CHRIS BROTHERS SLICED SALAMI, 250 G OR SHAVED DELI MEAT, 150/175 G",4.0,2026-07-09T00:00:00-04:00,2026-07-15T23:59:59-04:00
No Frills,8016175,"D'ITALIANO BREAD, 620/675 G OR BUNS, 6/8'S",3.25,2026-07-09T00:00:00-04:00,2026-07-15T23:59:59-04:00
No Frills,8016175,"LILYDALE TURKEY BREAKFAST SAUSAGES, 375 G",4.79,2026-07-09T00:00:00-04:00,2026-07-15T23:59:59-04:00
No Frills,8016175,"WHOLE SEEDLESS WATERMELON, 9 LB AVERAGE",6.99,2026-07-09T00:00:00-04:00,2026-07-15T23:59:59-04:00
No Frills,8016175,"FARMER'S MARKET™ LEMONS, 2 LB BAG or ORANGES, 3 LB BAG",4.99,2026-07-09T00:00:00-04:00,2026-07-15T23:59:59-04:00
No Frills,8016175,"CAULIFLOWER or FARMER'S MARKET™ SWEET PEPPERS, PKG OF 4",4.99,2026-07-09T00:00:00-04:00,2026-07-15T23:59:59-04:00
No Frills,8016175,NO NAME® BONELESS SKINLESS CHICKEN BREAST,6.99,2026-07-09T00:00:00-04:00,2026-07-15T23:59:59-04:00
No Frills,8016175,"PC® COLESLAW, 397 G or GARDEN SALAD, 340 G",2.49,2026-07-09T00:00:00-04:00,2026-07-15T23:59:59-04:00
No Frills,8016175,"SEAQUEST® RAW WHITE COLOSSAL SHRIMP, 16-20 per lb 300 G",8.0,2026-07-09T00:00:00-04:00,2026-07-15T23:59:59-04:00
No Frills,8016175,"HÄAGEN-DAZS ICE CREAM, 450 ML OR NOVELTIES, 3/4'S",4.99,2026-07-09T00:00:00-04:00,2026-07-15T23:59:59-04:00
No Frills,8016175,"FIBRE 1 BROWNIES, DELIGHTS or SOFT BAKED SNACKS, 125/175 g, NATURE VALLEY PROTEIN BARS, 148 g, BISCUITS, 190 g or SWEET & SALTY BARS, 160/175 g",3.29,2026-07-09T00:00:00-04:00,2026-07-15T23:59:59-04:00
No Frills,8016175,"DE CECCO PASTA, 454 G",2.25,2026-07-09T00:00:00-04:00,2026-07-15T23:59:59-04:00
No Frills,8016175,"STARBUCKS K-CUP PODS, 10'S, GROUND COFFEE,, 340 G OR HOT CHOCOLATE MIX 300 G",9.99,2026-07-09T00:00:00-04:00,2026-07-15T23:59:59-04:00
No Frills,8016175,"GIUSEPPE THIN CRUST or RISING CRUST PIZZA, 480-785 G",5.5,2026-07-09T00:00:00-04:00,2026-07-15T23:59:59-04:00
No Frills,8016175,LANTIC SUGAR,2.48,2026-07-09T00:00:00-04:00,2026-07-15T23:59:59-04:00
No Frills,8016175,"KRAFT CHEEZ WHIZ, 900 g",6.99,2026-07-09T00:00:00-04:00,2026-07-15T23:59:59-04:00
No Frills,8016175,"NO NAME® NAPKINS, 500's",5.49,2026-07-09T00:00:00-04:00,2026-07-15T23:59:59-04:00
No Frills,8016175,"CHRISTIE FAMILY SIZE COOKIES, 374-488 g, CAKESTERS, 285 g, RITZ DRIZZLED MINIS, 226 g or RITZ MINI SNAK PAKS, 10x28/280 g",4.5,2026-07-09T00:00:00-04:00,2026-07-15T23:59:59-04:00
No Frills,8016175,"PC® NUTRITION FIRST® CAT FOOD, 2 KG",14.0,2026-07-09T00:00:00-04:00,2026-07-15T23:59:59-04:00
No Frills,8016175,"NO NAME® STORAGE BAGS, 100's",2.0,2026-07-09T00:00:00-04:00,2026-07-15T23:59:59-04:00
No Frills,8016175,"PC® KETTLE COOKED, LOADS OF WORLD OF FLAVOURS or KETTLE RIPPLED POTATO CHIPS, 200 g",2.5,2026-07-09T00:00:00-04:00,2026-07-15T23:59:59-04:00
No Frills,8016175,"PC® NUTRITION FIRST® DOG FOOD, 374 g",3.0,2026-07-09T00:00:00-04:00,2026-07-15T23:59:59-04:00
No Frills,8016175,"TAZO TEA CONCENTRATE, 946 mL or LIPTON TEA BLACK or GREEN, 100's",5.99,2026-07-09T00:00:00-04:00,2026-07-15T23:59:59-04:00
No Frills,8016175,"GOLDFISH CRACKERS, 167-200 G",2.25,2026-07-09T00:00:00-04:00,2026-07-15T23:59:59-04:00
No Frills,8016175,"COCA-COLA OR PEPSI SOFT DRINKS, 6x710 ML",4.25,2026-07-09T00:00:00-04:00,2026-07-15T23:59:59-04:00
No Frills,8016175,"HERSHEY'S CHOCOLATE BAR, 90-120 g or JOLLY RANCHER CANDY BAG, 182/198 g",2.0,2026-07-09T00:00:00-04:00,2026-07-15T23:59:59-04:00
No Frills,8016175,"DARE BRETON CRACKERS, DARE BITES, SIMPLE GOODNESS OR VINTA CRACKERS, 132 - 225 g",1.88,2026-07-09T00:00:00-04:00,2026-07-15T23:59:59-04:00
No Frills,8016175,"YOPLAIT SOURCE, 630 g or LIBERTÉ CRUNCH, 2x130 g YOGURT",3.5,2026-07-09T00:00:00-04:00,2026-07-15T23:59:59-04:00
No Frills,8016175,LIBERTÉ MÉDITERRANÉE 500 g or SOURCE PROTEIN 650 g YOGURT,3.5,2026-07-09T00:00:00-04:00,2026-07-15T23:59:59-04:00
No Frills,8016175,"HERSHEY'S KING SIZE CHOCOLATE BAR, 62 - 83 g",1.5,2026-07-09T00:00:00-04:00,2026-07-15T23:59:59-04:00
No Frills,8016175,"SCHNEIDERS DIPS or PRIME CHICKEN MEATBALLS, 530-700 g",10.99,2026-07-09T00:00:00-04:00,2026-07-15T23:59:59-04:00
No Frills,8016175,"LECLERC GO PURE BARS, 140-175 g, NUGABAR BARS, 175 g, MUFFINMAX BAR, 223 g, or CELEBRATION COOKIES, 200/240 g",2.79,2026-07-09T00:00:00-04:00,2026-07-15T23:59:59-04:00
No Frills,8016175,"MCCAFÉ K-CUP COFFEE PODS, 30'S",22.99,2026-07-09T00:00:00-04:00,2026-07-15T23:59:59-04:00
No Frills,8016175,"SCHNEIDERS LUNCHMATE LUNCH KITS or STACKERS, 75-120 g",2.5,2026-07-09T00:00:00-04:00,2026-07-15T23:59:59-04:00
No Frills,8016175,"IÖGO YOGURT CUPS, 16 x 100 g or SIGGI'S SKYR YOGURT, 650 g/750 g",6.5,2026-07-09T00:00:00-04:00,2026-07-15T23:59:59-04:00
No Frills,8016175,"SAPUTO MOZZARELLISSIMA, 500 g or ARMSTRONG SHREDDED CHEESE, 300/320 g, ARMSTRONG CHEESE, 400 g",6.0,2026-07-09T00:00:00-04:00,2026-07-15T23:59:59-04:00
No Frills,8016175,"FARMER'S MARKET™ CORTLAND OR MCINTOSH APPLES, 4 LB BAG",4.99,2026-07-09T00:00:00-04:00,2026-07-15T23:59:59-04:00
Atlantic Superstore,8015988,BEEF HEART,8.0,2026-07-09T00:00:00-04:00,2026-07-15T23:59:59-04:00
Atlantic Superstore,8015988,PREMIUM GIFT BOUQUET,34.0,2026-07-09T00:00:00-04:00,2026-07-15T23:59:59-04:00
Atlantic Superstore,8015988,"CHARMIN BATHROOM TISSUE, 8=24 ROLLS OR BOUNTY PAPER TOWEL, 3-6 ROLLS",7.0,2026-07-09T00:00:00-04:00,2026-07-15T23:59:59-04:00
Atlantic Superstore,8015988,CHICKEN GIZZARDS OR LIVERS,5.49,2026-07-09T00:00:00-04:00,2026-07-15T23:59:59-04:00
Atlantic Superstore,8015988,"NO NAME® CANOLA, SUNFLOWER OR VEGETABLE OIL, 946 ML OR PC® SPLENDIDO™ EXTRA VIRGIN OLIVE OIL, 500 ML OR BICK'S PICKLES, 1 L",5.0,2026-07-09T00:00:00-04:00,2026-07-15T23:59:59-04:00
Atlantic Superstore,8015988,"NO NAME® ORIGINAL WIENERS, 450 G",3.0,2026-07-09T00:00:00-04:00,2026-07-15T23:59:59-04:00
Atlantic Superstore,8015988,"PATAKS OR BLUE DRAGON ASIAN SAUCES, 270-400 ML",3.5,2026-07-09T00:00:00-04:00,2026-07-15T23:59:59-04:00
Atlantic Superstore,8015988,"COCA-COLA OR DIET COCA-COLA SOFT DRINKS, 12X355 ML",17.0,2026-07-09T00:00:00-04:00,2026-07-15T23:59:59-04:00
Atlantic Superstore,8015988,"TEMPTATIONS CAT TREATS, 160/180 G",5.5,2026-07-09T00:00:00-04:00,2026-07-15T23:59:59-04:00
Atlantic Superstore,8015988,"POST CEREAL RETAIL SIZE, 283-525 G",3.5,2026-07-09T00:00:00-04:00,2026-07-15T23:59:59-04:00
Atlantic Superstore,8015988,"LECLERC CELEBRATION COOKIES, 200-350 G",10.0,2026-07-09T00:00:00-04:00,2026-07-15T23:59:59-04:00
Atlantic Superstore,8015988,"BEN'S ORIGINAL FAST AND FANCY RICE, 132 G",3.0,2026-07-09T00:00:00-04:00,2026-07-15T23:59:59-04:00
Atlantic Superstore,8015988,"KELLOGG'S JUMBO CEREAL, 700G-1.05 KG",9.49,2026-07-09T00:00:00-04:00,2026-07-15T23:59:59-04:00
Atlantic Superstore,8015988,"QUAKER DIPPS OR CHEWY GRANOLA BARS, 120-156 G",5.5,2026-07-09T00:00:00-04:00,2026-07-15T23:59:59-04:00
Atlantic Superstore,8015988,"CATELLI PASTA, 375-454 G",2.25,2026-07-09T00:00:00-04:00,2026-07-15T23:59:59-04:00
Atlantic Superstore,8015988,"PC® MINI MUFFINS, 336 G",5.0,2026-07-09T00:00:00-04:00,2026-07-15T23:59:59-04:00
Atlantic Superstore,8015988,STARBUCKS® COFFEE ENHANCERS,7.0,2026-07-09T00:00:00-04:00,2026-07-15T23:59:59-04:00
Atlantic Superstore,8015988,"GRACE VIENNA SAUSAGES, 150 G",1.49,2026-07-09T00:00:00-04:00,2026-07-15T23:59:59-04:00
Atlantic Superstore,8015988,PRIMO PIZZA SQUEEZE SAUCE 375ML OR UNICO PIZZA SAUCE 358ML,5.0,2026-07-09T00:00:00-04:00,2026-07-15T23:59:59-04:00
Atlantic Superstore,8015988,"MAPLE LEAF PRIME CHICKEN MEATBALLS OR STUFFED CHICKEN OR SCHNEIDERS DIPS, 530-700 G",11.0,2026-07-09T00:00:00-04:00,2026-07-15T23:59:59-04:00
Atlantic Superstore,8015988,"CAVENDISH FARMS FRIES, WEDGES, POTATO TOTS OR ONION RINGS, 400-750 G",3.0,2026-07-09T00:00:00-04:00,2026-07-15T23:59:59-04:00
Atlantic Superstore,8015988,BEEF SIRLOIN TIP OVEN ROAST OR ST EAK,8.88,2026-07-09T00:00:00-04:00,2026-07-15T23:59:59-04:00
Atlantic Superstore,8015988,"BLUE DRAGON SAUCY NOODLES, 122 G",5.0,2026-07-09T00:00:00-04:00,2026-07-15T23:59:59-04:00
Atlantic Superstore,8015988,"ROMAINE HEARTS, 3'S",4.0,2026-07-09T00:00:00-04:00,2026-07-15T23:59:59-04:00
Atlantic Superstore,8015988,"GRACE COCONUT WATER, 310 ML",1.25,2026-07-09T00:00:00-04:00,2026-07-15T23:59:59-04:00
Atlantic Superstore,8015988,"KOPIKO CANDY, 120 G",1.5,2026-07-09T00:00:00-04:00,2026-07-15T23:59:59-04:00
Atlantic Superstore,8015988,"FARMER'S MARKET® OR SIMPLE JOY CAKES, 344-400 G",5.0,2026-07-09T00:00:00-04:00,2026-07-15T23:59:59-04:00
Atlantic Superstore,8015988,MONDAY HAIR CARE,8.0,2026-07-09T00:00:00-04:00,2026-07-15T23:59:59-04:00
Atlantic Superstore,8015988,"KRAFT BBQ SAUCE, 455 ML",1.5,2026-07-09T00:00:00-04:00,2026-07-15T23:59:59-04:00
Atlantic Superstore,8015988,WHOLE TILAPIA,3.0,2026-07-09T00:00:00-04:00,2026-07-15T23:59:59-04:00
Atlantic Superstore,8015988,"KOSA COCONUT MILK, 400 ML",2.0,2026-07-09T00:00:00-04:00,2026-07-15T23:59:59-04:00
Atlantic Superstore,8015988,LEGO BLUEY'S BEACH AND FAMILY CAR TRIP,30.0,2026-07-09T00:00:00-04:00,2026-07-15T23:59:59-04:00
Atlantic Superstore,8015988,EVERYDAY ESSENTIALS™ 30 CAN TOTE COOLER,12.0,2026-07-09T00:00:00-04:00,2026-07-15T23:59:59-04:00
Atlantic Superstore,8015988,RED MANGOES,1.75,2026-07-09T00:00:00-04:00,2026-07-15T23:59:59-04:00
Atlantic Superstore,8015988,"JARRITOS SOFT DRINKS, 370 ML",1.25,2026-07-09T00:00:00-04:00,2026-07-15T23:59:59-04:00
Atlantic Superstore,8015988,"ADVIL OR ALEVE PAIN RELIEF GELS OR CAPLETS, 80-250'S",24.0,2026-07-09T00:00:00-04:00,2026-07-15T23:59:59-04:00
Atlantic Superstore,8015988,ALWAYS DISCREET UNDERWEAR OR PADS,19.0,2026-07-09T00:00:00-04:00,2026-07-15T23:59:59-04:00
Atlantic Superstore,8015988,"NICORETTE GUM, 105'S, QUICKMISTS 160'S, LOZENGES, 100'S OR NICODERM PATCH STEP2/STEP3",37.0,2026-07-09T00:00:00-04:00,2026-07-15T23:59:59-04:00
Atlantic Superstore,8015988,"PC® WORLD OF™ FLAVOURS OR LOADS OF™ FLAVOURS POTATO CHIPS, 200 G",2.5,2026-07-09T00:00:00-04:00,2026-07-15T23:59:59-04:00
Atlantic Superstore,8015988,"PURINA FANCY FEAST WET CAT FOOD, 85 G OR FRISKIES WET CAT FOOD, 156 G",0.9,2026-07-09T00:00:00-04:00,2026-07-15T23:59:59-04:00
Atlantic Superstore,8015988,"CREST 3D WHITE ADVANCED OR PRO HEALTH GUM RESCUE/RESTORE TOOTHPASTE, 85-135 ML, OR ORAL-B MANUAL TOOTHBRUSH",6.5,2026-07-09T00:00:00-04:00,2026-07-15T23:59:59-04:00
Atlantic Superstore,8015988,"PEDIASURE COMPLETE, 4X235 ML",18.0,2026-07-09T00:00:00-04:00,2026-07-15T23:59:59-04:00
Atlantic Superstore,8015988,"GENERAL MILLS RETAIL SIZE CEREAL, 300-437 G",9.99,2026-07-09T00:00:00-04:00,2026-07-15T23:59:59-04:00
Atlantic Superstore,8015988,"TRESEMMÉ SHAMPOO OR CONDITIONER, 1.5 L",10.0,2026-07-09T00:00:00-04:00,2026-07-15T23:59:59-04:00
Atlantic Superstore,8015988,"PC® DECADENT™ CHOCOLATE CHIPS, 226-300 G",6.0,2026-07-09T00:00:00-04:00,2026-07-15T23:59:59-04:00
Atlantic Superstore,8015988,"PC® KIMCHI, 400 G",5.49,2026-07-09T00:00:00-04:00,2026-07-15T23:59:59-04:00
Atlantic Superstore,8015988,L'OREAL EXCELLENCE HAIR COLOUR OR ROOT COVER UP,12.0,2026-07-09T00:00:00-04:00,2026-07-15T23:59:59-04:00
Atlantic Superstore,8015988,"PC® HALLOOM, 250 G",8.0,2026-07-09T00:00:00-04:00,2026-07-15T23:59:59-04:00
Atlantic Superstore,8015988,GINGER ROOT,2.25,2026-07-09T00:00:00-04:00,2026-07-15T23:59:59-04:00
Atlantic Superstore,8015988,PC® 8 L ICE BRICKS,3.0,2026-07-09T00:00:00-04:00,2026-07-15T23:59:59-04:00
Atlantic Superstore,8015988,"PC® OR BLUE MENU® ENGLISH MUFFINS, 342 G",2.5,2026-07-09T00:00:00-04:00,2026-07-15T23:59:59-04:00
Atlantic Superstore,8015988,"KUHNE VINEGAR, 750 ML or SAUERKRAUT, 790 ML",4.5,2026-07-09T00:00:00-04:00,2026-07-15T23:59:59-04:00
Atlantic Superstore,8015988,AMAZING BUBBLES BUBBLE WAND,1.0,2026-07-09T00:00:00-04:00,2026-07-15T23:59:59-04:00
Atlantic Superstore,8015988,"AURORA CHEEZE CRISPZ, 60 G",5.5,2026-07-09T00:00:00-04:00,2026-07-15T23:59:59-04:00
Atlantic Superstore,8015988,"FINISH ULTRAMAX, 30CT, ULTIMATE, 40 CT, QUANTUM, 45 CT, ALL IN 1 MAX 55 CT, CASCADE, 30-48, GAIN LAUNDRY, 4.25 L/42'S, GAIN/DOWNY FABRIC SOFTENER 2.4-3.29 L, BEADS, 515 G, BOUNCE SHEETS, 250'S",15.0,2026-07-09T00:00:00-04:00,2026-07-15T23:59:59-04:00
Atlantic Superstore,8015988,"CAFÉ AGGA CAPSULES, 10's, TAZO CONCENTRATE 946 ML, TETLEY TEA, 40/48's",6.5,2026-07-09T00:00:00-04:00,2026-07-15T23:59:59-04:00
Atlantic Superstore,8015988,"MINUTE MAID ZERO SUGAR DRINKS, 1.54 L OR DANONE ACTIVIA EXPERT, 4X100 G",4.0,2026-07-09T00:00:00-04:00,2026-07-15T23:59:59-04:00
Atlantic Superstore,8015988,WATERMELON QUARTERS,1.2,2026-07-09T00:00:00-04:00,2026-07-15T23:59:59-04:00
Atlantic Superstore,8015988,"ENFAMILA+ NEUROPRO BABY FORMULA POWDER REFILLS, 862/890 G",65.5,2026-07-09T00:00:00-04:00,2026-07-15T23:59:59-04:00
Atlantic Superstore,8015988,"GRACE COCONUT MILK, 400 ML",1.5,2026-07-09T00:00:00-04:00,2026-07-15T23:59:59-04:00
Atlantic Superstore,8015988,"VIVASEA COOKED NEW ZEALAND GREENSHELL MUSSELS, 500 G",6.0,2026-07-09T00:00:00-04:00,2026-07-15T23:59:59-04:00
Atlantic Superstore,8015988,BAREBELLS PROTEIN BARS,4.0,2026-07-09T00:00:00-04:00,2026-07-15T23:59:59-04:00
Atlantic Superstore,8015988,"LA COSTEÑA BEANS, 546 ML OR CHIPOTLE PEPPERS IN ADOBO SAUCE, 186 ML",3.25,2026-07-09T00:00:00-04:00,2026-07-15T23:59:59-04:00
Atlantic Superstore,8015988,BULK BUNS,4.0,2026-07-09T00:00:00-04:00,2026-07-15T23:59:59-04:00
Atlantic Superstore,8015988,"BECEL MARGARINE, 637/800G",7.0,2026-07-09T00:00:00-04:00,2026-07-15T23:59:59-04:00
Atlantic Superstore,8015988,"DR. OETKER PIZZA RISTORANTE OR CASA DI MAMA PIZZA, 320-410 G",3.5,2026-07-09T00:00:00-04:00,2026-07-15T23:59:59-04:00
Atlantic Superstore,8015988,"30 PIECE WINGS & WEDGES BUCKET, 1.2 KG",20.0,2026-07-09T00:00:00-04:00,2026-07-15T23:59:59-04:00
Atlantic Superstore,8015988,"SURAJ NAAN FLATBREADS, 10'S",4.0,2026-07-09T00:00:00-04:00,2026-07-15T23:59:59-04:00
Atlantic Superstore,8015988,"CHAPMAN'S PREMIUM ICE CREAM, FROZEN YOGURT, SORBET, 2 L OR SUPER SANDWICHES, CONES OR NOVELTIES, 8-20'S",5.5,2026-07-09T00:00:00-04:00,2026-07-15T23:59:59-04:00
Atlantic Superstore,8015988,"BREADED CHICKEN, MEATBALLS, POTSTICKERS OR HOR D'OEUVRES, 700 G-1.81 KG",10.0,2026-07-09T00:00:00-04:00,2026-07-15T23:59:59-04:00
Atlantic Superstore,8015988,"PC® ALMONDS OR CASHEWS, 200 G",5.5,2026-07-09T00:00:00-04:00,2026-07-15T23:59:59-04:00
Atlantic Superstore,8015988,PC 2 PIECE STAINLESS STEEL COLANDER SET,15.0,2026-07-09T00:00:00-04:00,2026-07-15T23:59:59-04:00
Atlantic Superstore,8015988,"CHARRAS TOSTADAS, 350 G",3.5,2026-07-09T00:00:00-04:00,2026-07-15T23:59:59-04:00
Atlantic Superstore,8015988,"GILLETTE MACH 3 OR VENUS DISPOSABLE RAZORS, 1-8'S",10.0,2026-07-09T00:00:00-04:00,2026-07-15T23:59:59-04:00
Atlantic Superstore,8015988,"YOPLAIT SOURCE OR CREAMY YOGURT CUPS, 16X100 G OR SIGGI'S SKYR YOGURT TUBS, 650/750 G",6.5,2026-07-09T00:00:00-04:00,2026-07-15T23:59:59-04:00
Atlantic Superstore,8015988,"WONDER BREAD, 570/675 G, HOT DOG OR HAMBURGER BUNS, 8'S OR D'ITALIANO BUNS, 6/8'S",7.0,2026-07-09T00:00:00-04:00,2026-07-15T23:59:59-04:00
Atlantic Superstore,8015988,"NO NAME® NATURALLY IMPERFECT™ FRUIT, 2 KG",18.0,2026-07-09T00:00:00-04:00,2026-07-15T23:59:59-04:00
Atlantic Superstore,8015988,"ROOSTER® TOFU, , 454 G",4.88,2026-07-09T00:00:00-04:00,2026-07-15T23:59:59-04:00
Atlantic Superstore,8015988,"CREST COMPLETE TOOTHPASTE, 120 ML, STAIN ERASER TOOTHPASTE 65 ML, KIDS TOOTHPASTE, 50 ML AND ORAL-B COMPLETE SATIN FLOSS, 50 M",3.75,2026-07-09T00:00:00-04:00,2026-07-15T23:59:59-04:00
Atlantic Superstore,8015988,"SUN EXOTIC JUICE DRINK, 1 L",2.0,2026-07-09T00:00:00-04:00,2026-07-15T23:59:59-04:00
Atlantic Superstore,8015988,"TAYLOR FARMS CHOPPED SALAD KITS, 267-383 G",5.0,2026-07-09T00:00:00-04:00,2026-07-15T23:59:59-04:00
Atlantic Superstore,8015988,"STARBUCKS® VERTUO® NESPRESSO® COMPATIBLE CAPSULES, 8'S",12.99,2026-07-09T00:00:00-04:00,2026-07-15T23:59:59-04:00
Atlantic Superstore,8015988,"MILK-BONE COMFORT CHEWS FOR DOGS, , 210/312 G",9.0,2026-07-09T00:00:00-04:00,2026-07-15T23:59:59-04:00
Atlantic Superstore,8015988,"BEGGIN' STRIPS DOG TREATS, 708/850 G",11.0,2026-07-09T00:00:00-04:00,2026-07-15T23:59:59-04:00
Atlantic Superstore,8015988,"BAXTER OR SCOTSBURN CHOCOLATE MILK, 1 L",3.0,2026-07-09T00:00:00-04:00,2026-07-15T23:59:59-04:00
Atlantic Superstore,8015988,"FERRERO ROCHER CHOCOLATE BARS, 90 G",10.0,2026-07-09T00:00:00-04:00,2026-07-15T23:59:59-04:00
Atlantic Superstore,8015988,"DARE VINTA CRACKERS 200/225 G, BRETON CRACKERS 172/200 G, BRÉTON ORIGINAL OR BRETON SIMPLE GOODNESS CRACKERS 100 G",1.88,2026-07-09T00:00:00-04:00,2026-07-15T23:59:59-04:00
Atlantic Superstore,8015988,"WHOLE WHEAT BREAD OR WHITE BREAD, 383 G",3.0,2026-07-09T00:00:00-04:00,2026-07-15T23:59:59-04:00
Atlantic Superstore,8015988,PAMPERS SWADDLERS ULTRA VALUE PACK,45.0,2026-07-09T00:00:00-04:00,2026-07-15T23:59:59-04:00
Atlantic Superstore,8015988,KEURIG K-SUPREME BREWER,150.0,2026-07-09T00:00:00-04:00,2026-07-15T23:59:59-04:00
Atlantic Superstore,8015988,"PC® CHICKEN BREAST FILLETS, 350G",13.0,2026-07-09T00:00:00-04:00,2026-07-15T23:59:59-04:00
Atlantic Superstore,8015988,"SCOTSBURN OR BAXTER BUTTER, 454 G",4.98,2026-07-09T00:00:00-04:00,2026-07-15T23:59:59-04:00
Atlantic Superstore,8015988,"ACE GOURMET BUNS, 296/340 G",4.5,2026-07-09T00:00:00-04:00,2026-07-15T23:59:59-04:00
Atlantic Superstore,8015988,"KIKKOMAN SOY SAUCE, 1 L",6.99,2026-07-09T00:00:00-04:00,2026-07-15T23:59:59-04:00
Atlantic Superstore,8015988,"PC LEMONADE, 1.89 L",3.0,2026-07-09T00:00:00-04:00,2026-07-15T23:59:59-04:00
Atlantic Superstore,8015988,"McCAFÉ® COFFEE PODS, 24 - 30'S",24.0,2026-07-09T00:00:00-04:00,2026-07-15T23:59:59-04:00
Atlantic Superstore,8015988,"BUTTER CROISSANTS, 12'S",7.0,2026-07-09T00:00:00-04:00,2026-07-15T23:59:59-04:00
Atlantic Superstore,8015988,"LAY'S POTATO CHIPS, 177-235 G",4.0,2026-07-09T00:00:00-04:00,2026-07-15T23:59:59-04:00
Atlantic Superstore,8015988,"PC® BLACK LABEL PIZZA, 370-440 G",9.0,2026-07-09T00:00:00-04:00,2026-07-15T23:59:59-04:00
Atlantic Superstore,8015988,"NO NAME® CHEESE SLICES, 210/230 G",5.0,2026-07-09T00:00:00-04:00,2026-07-15T23:59:59-04:00
Atlantic Superstore,8015988,JULIE MANGO,5.0,2026-07-09T00:00:00-04:00,2026-07-15T23:59:59-04:00
Atlantic Superstore,8015988,PC® FREE FROM™ AUSTRALIAN BONELESS LAMB LEG,12.0,2026-07-09T00:00:00-04:00,2026-07-15T23:59:59-04:00
Atlantic Superstore,8015988,"ROYALE TIGER TOWEL STRONG PAPER TOWEL, 6 = 12 ROLLS, 6X98'S",20.0,2026-07-09T00:00:00-04:00,2026-07-15T23:59:59-04:00
Atlantic Superstore,8015988,"GUSTA VEGGIE BURGER, 300 G OR VEGAN SAUSAGES, 350 G",6.5,2026-07-09T00:00:00-04:00,2026-07-15T23:59:59-04:00
Atlantic Superstore,8015988,PORK SHOULDER PICNIC SPLIT,3.5,2026-07-09T00:00:00-04:00,2026-07-15T23:59:59-04:00
Atlantic Superstore,8015988,"FRENCH'S MUSTARD, 325 ML OR HEINZ MAYONNAISE STYLE SAUCE, 340 ML",4.0,2026-07-09T00:00:00-04:00,2026-07-15T23:59:59-04:00
Atlantic Superstore,8015988,LARGE DRAGON FRUIT,3.28,2026-07-09T00:00:00-04:00,2026-07-15T23:59:59-04:00
Atlantic Superstore,8015988,EVERYDAY ESSENTIALS™ JUMBO PILLOW,5.5,2026-07-09T00:00:00-04:00,2026-07-15T23:59:59-04:00
Atlantic Superstore,8015988,"FARMER'S MARKET™ KIWI, 2 LB",9.0,2026-07-09T00:00:00-04:00,2026-07-15T23:59:59-04:00
Atlantic Superstore,8015988,"EXTREME BEAN PICKLES 500 ML OR MATT & STEVE'S CAESAR MIX, 1.32 L OR RIMMER 150G",5.0,2026-07-09T00:00:00-04:00,2026-07-15T23:59:59-04:00
Atlantic Superstore,8015988,JOHN FRIEDA HAIR CARE,9.0,2026-07-09T00:00:00-04:00,2026-07-15T23:59:59-04:00
Atlantic Superstore,8015988,"PC DIPS OR HUMMUS, 454 G",6.5,2026-07-09T00:00:00-04:00,2026-07-15T23:59:59-04:00
Atlantic Superstore,8015988,"MR. NOODLES RAMEN INSTANT NOODLES, 85 G",0.5,2026-07-09T00:00:00-04:00,2026-07-15T23:59:59-04:00
Atlantic Superstore,8015988,"BENTO CALIFORNIA FAMILY PACK SUSHI, 640 G",16.0,2026-07-09T00:00:00-04:00,2026-07-15T23:59:59-04:00
Atlantic Superstore,8015988,"FRISKIES LIL' LICKABLES, 10'S",7.0,2026-07-09T00:00:00-04:00,2026-07-15T23:59:59-04:00
Atlantic Superstore,8015988,"MISS VICKIES KETTLE COOKED POTATO CHIPS, 190/200 G",4.0,2026-07-09T00:00:00-04:00,2026-07-15T23:59:59-04:00
Atlantic Superstore,8015988,"TIDE LAUNDRY DETERGENT, 3.46 -3.9 L, TIDE POWER PODS, 45'S, TIDE PODS OR GAIN FLINGS, 57-76'S, DOWNY OR GAIN BEADS, 853 G",20.0,2026-07-09T00:00:00-04:00,2026-07-15T23:59:59-04:00
Atlantic Superstore,8015988,"CHOLULA SEASONING, 28 G",3.0,2026-07-09T00:00:00-04:00,2026-07-15T23:59:59-04:00
Atlantic Superstore,8015988,"PC® LOADS OF NOVELTIES ICE CREAM BARS, 288 ML OR 4'S",5.0,2026-07-09T00:00:00-04:00,2026-07-15T23:59:59-04:00
Atlantic Superstore,8015988,"KD 5 PACK, 1000 G",6.0,2026-07-09T00:00:00-04:00,2026-07-15T23:59:59-04:00
Atlantic Superstore,8015988,"CHUBBY SOFT DRINKS, 250 ML",0.5,2026-07-09T00:00:00-04:00,2026-07-15T23:59:59-04:00
Atlantic Superstore,8015988,"LINDT LINDOR CHOCOLATE TRUFFLES OR GHIRARDELLI CHOCOLATE SQUARES, 142-153 G",11.0,2026-07-09T00:00:00-04:00,2026-07-15T23:59:59-04:00
Atlantic Superstore,8015988,"COWS CREAMERY, 150-200 G",8.5,2026-07-09T00:00:00-04:00,2026-07-15T23:59:59-04:00
Atlantic Superstore,8015988,"MALTESERS, M&M'S OR MARC CHOCOLATE CANDIES, 155-170 G",10.0,2026-07-09T00:00:00-04:00,2026-07-15T23:59:59-04:00
Atlantic Superstore,8015988,PLANTIAN,1.5,2026-07-09T00:00:00-04:00,2026-07-15T23:59:59-04:00
Atlantic Superstore,8015988,"MCCAFÉ K-CUP COFFEE PODS, 10/12'S OR DAVIDSTEA MATCHA, 65/78 G",13.0,2026-07-09T00:00:00-04:00,2026-07-15T23:59:59-04:00
Atlantic Superstore,8015988,"GRACE HOT PEPPER SAUCES, 85 ML OR PEANUT PUNCH, 240 ML",1.25,2026-07-09T00:00:00-04:00,2026-07-15T23:59:59-04:00
Atlantic Superstore,8015988,"HERSHEY'S REESE'S KING BARS, 62-65 G",1.5,2026-07-09T00:00:00-04:00,2026-07-15T23:59:59-04:00
Atlantic Superstore,8015988,CORONA CERO 0.0% ALCOHOL-FREE BEER,10.99,2026-07-09T00:00:00-04:00,2026-07-15T23:59:59-04:00
Atlantic Superstore,8015988,"RAW SHRIMP SKEWERS, 300 G",4.77,2026-07-09T00:00:00-04:00,2026-07-15T23:59:59-04:00
Atlantic Superstore,8015988,"CLOROX WIPES OR SCENTIVE WIPES, 75'S",5.0,2026-07-09T00:00:00-04:00,2026-07-15T23:59:59-04:00
Atlantic Superstore,8015988,"OCEAN'S WHITE TUNA, 170 G",3.0,2026-07-09T00:00:00-04:00,2026-07-15T23:59:59-04:00
Atlantic Superstore,8015988,"CRAVE FROZEN MEALS, 200-340 G OR KRAFT MACARONI & CHEESE FROZEN DINNERS, 340 G",12.0,2026-07-09T00:00:00-04:00,2026-07-15T23:59:59-04:00
Atlantic Superstore,8015988,"TILDA OR MINUTE RICE, 250 G",7.5,2026-07-09T00:00:00-04:00,2026-07-15T23:59:59-04:00
Atlantic Superstore,8015988,"CHOLULA SALSA OR CREMOSA, 296-325 ML",5.0,2026-07-09T00:00:00-04:00,2026-07-15T23:59:59-04:00
Atlantic Superstore,8015988,"KELLOGG'S RICE KRISPIES BARS, POP TARTS 384 G, SPECIAL K 125 G OR NUTRI GRAIN 175-295 G BARS",9.0,2026-07-09T00:00:00-04:00,2026-07-15T23:59:59-04:00
Atlantic Superstore,8015988,"BLACK DIAMOND CHEESE BARS, 400 G OR SHREDS, 300-320 G, PC® SHREDS, 250-320 G",4.98,2026-07-09T00:00:00-04:00,2026-07-15T23:59:59-04:00
Atlantic Superstore,8015988,"ORGANIC MUM-MUM RICE RUSKS TEETHING WAFERS OR BISCUITS, 50-60 G",6.5,2026-07-09T00:00:00-04:00,2026-07-15T23:59:59-04:00
Atlantic Superstore,8015988,LEGO BLUEY'S FAMILY HOUSE,75.0,2026-07-09T00:00:00-04:00,2026-07-15T23:59:59-04:00
Atlantic Superstore,8015988,STRAWBERRIES,5.0,2026-07-09T00:00:00-04:00,2026-07-15T23:59:59-04:00
Atlantic Superstore,8015988,"BOUNTY SELECT-A-SIZE PAPER TOWEL, 8-24 ROLLS, 8'S",30.0,2026-07-09T00:00:00-04:00,2026-07-15T23:59:59-04:00
Atlantic Superstore,8015988,NO NAME® AIR FRYER LINERS,5.0,2026-07-09T00:00:00-04:00,2026-07-15T23:59:59-04:00
Atlantic Superstore,8015988,BLUEY 2 PACK CLIPS OR BLUEY BOW CLIP,20.0,2026-07-09T00:00:00-04:00,2026-07-15T23:59:59-04:00
Atlantic Superstore,8015988,"NESTLÉ CERELAC BABY CEREAL, 400 G",17.0,2026-07-09T00:00:00-04:00,2026-07-15T23:59:59-04:00
Atlantic Superstore,8015988,"HOSTESS CAKES, 202/206 G",6.0,2026-07-09T00:00:00-04:00,2026-07-15T23:59:59-04:00
Atlantic Superstore,8015988,"OLIVIERI PASTA, 250-350G OR SAUCE, 300ML",12.0,2026-07-09T00:00:00-04:00,2026-07-15T23:59:59-04:00
Atlantic Superstore,8015988,"SIMILAC 360 TOTAL CARE BABY FORMULA POWDER TUB, 584 G",50.0,2026-07-09T00:00:00-04:00,2026-07-15T23:59:59-04:00
Atlantic Superstore,8015988,EVERYDAY ESSENTIALS™ COAT OR CLOTH HANGERS,7.0,2026-07-09T00:00:00-04:00,2026-07-15T23:59:59-04:00
Atlantic Superstore,8015988,"TRE STELLE BOCCONCINI OR FETA, 200 G",5.0,2026-07-09T00:00:00-04:00,2026-07-15T23:59:59-04:00
Atlantic Superstore,8015988,"CESAR WET DOG FOOD, 100 G",1.35,2026-07-09T00:00:00-04:00,2026-07-15T23:59:59-04:00
Atlantic Superstore,8015988,"COLGATE MULTIPACK TOOTHPASTE, 3X90/120/150 ML OR PREMIUM, 2'S TOOTHBRUSH, 1 EA.",9.5,2026-07-09T00:00:00-04:00,2026-07-15T23:59:59-04:00
Atlantic Superstore,8015988,"BRANDT LIVER SAUSAGE CHUB OR KOLBASSA SAUSAGE, 250 G",6.0,2026-07-09T00:00:00-04:00,2026-07-15T23:59:59-04:00
Atlantic Superstore,8015988,"PC® SPLENDIDO™ ITALIAN SLICED MEATS, 100 G",7.0,2026-07-09T00:00:00-04:00,2026-07-15T23:59:59-04:00
Atlantic Superstore,8015988,"METHOD BODY WASH, 532 ML",8.5,2026-07-09T00:00:00-04:00,2026-07-15T23:59:59-04:00
Atlantic Superstore,8015988,"DOVE SHAMPOO OR CONDITIONER, 828 ML",10.0,2026-07-09T00:00:00-04:00,2026-07-15T23:59:59-04:00
Atlantic Superstore,8015988,"MAXWELL HOUSE ROAST AND GROUND COFFEE, 631-925 G, ILLY GROUND, 250 G, TIMOTHY'S K-CUPS, 30's",16.99,2026-07-09T00:00:00-04:00,2026-07-15T23:59:59-04:00
Atlantic Superstore,8015988,VASELINE BODY LOTION,9.0,2026-07-09T00:00:00-04:00,2026-07-15T23:59:59-04:00
Atlantic Superstore,8015988,"GARLIC, 1 KG",5.0,2026-07-09T00:00:00-04:00,2026-07-15T23:59:59-04:00
Atlantic Superstore,8015988,"GRACE VIRGIN COCONUT OIL, 500 ML",8.5,2026-07-09T00:00:00-04:00,2026-07-15T23:59:59-04:00
Atlantic Superstore,8015988,"NO NAME® MILD SUGAR CURED BACON, 375 G",4.0,2026-07-09T00:00:00-04:00,2026-07-15T23:59:59-04:00
Atlantic Superstore,8015988,"INTERNATIONAL DELIGHT COFFEE ENHANCER, 946 ML OR COLD FOAM, 369/396 G",7.0,2026-07-09T00:00:00-04:00,2026-07-15T23:59:59-04:00
Atlantic Superstore,8015988,"PC® GARLIC & HERB SEAFOOD BAKE, 810 G OR TRUE NORTH SCALLOP MEDALLIONS, 10-20/LB 454 G",20.0,2026-07-09T00:00:00-04:00,2026-07-15T23:59:59-04:00
Atlantic Superstore,8015988,"FARMER'S MARKET™ RUSSET POTATOES, 10 LB",6.0,2026-07-09T00:00:00-04:00,2026-07-15T23:59:59-04:00
Atlantic Superstore,8015988,"PRAN PARATHA FAMILY PACK, 2.4 KG",9.99,2026-07-09T00:00:00-04:00,2026-07-15T23:59:59-04:00
Atlantic Superstore,8015988,"TIDY CATS LITTER, 5.44KG",22.0,2026-07-09T00:00:00-04:00,2026-07-15T23:59:59-04:00
Atlantic Superstore,8015988,"WRIGLEY'S EXCEL GUM, 3'S OR MINTS, 4'S OR JUICY FRUIT, 2'S",7.0,2026-07-09T00:00:00-04:00,2026-07-15T23:59:59-04:00
Atlantic Superstore,8015988,CARIBBEAN SWEET POTATO,2.5,2026-07-09T00:00:00-04:00,2026-07-15T23:59:59-04:00
Atlantic Superstore,8015988,"TACO BELL PREMIUM KITS OR KD 5 PACK, 401-1000 G",6.0,2026-07-09T00:00:00-04:00,2026-07-15T23:59:59-04:00
Atlantic Superstore,8015988,"DAINTY WORLD CLASSICS RICE, 1.6 KG",10.0,2026-07-09T00:00:00-04:00,2026-07-15T23:59:59-04:00
Atlantic Superstore,8015988,"THE KEG OR MONTANA'S SEASONINGS, 165-180 G",5.0,2026-07-09T00:00:00-04:00,2026-07-15T23:59:59-04:00
Atlantic Superstore,8015988,"HIGHLINER FISH OR SHRIMP, 315-700 G",8.5,2026-07-09T00:00:00-04:00,2026-07-15T23:59:59-04:00
Atlantic Superstore,8015988,"FRISKIES CAT FOOD, 1-41.5 KG",7.0,2026-07-09T00:00:00-04:00,2026-07-15T23:59:59-04:00
Atlantic Superstore,8015988,"CAMPBELL'S CONDENSED COOKING OR EATING SOUPS, 284 ML",2.25,2026-07-09T00:00:00-04:00,2026-07-15T23:59:59-04:00
Atlantic Superstore,8015988,5 STEM SUNFLOWERS,10.0,2026-07-09T00:00:00-04:00,2026-07-15T23:59:59-04:00
Atlantic Superstore,8015988,"BARILLA LASAGNA OR JUMBO SHELLS, 255-454 G",7.0,2026-07-09T00:00:00-04:00,2026-07-15T23:59:59-04:00
Atlantic Superstore,8015988,"VITAMALT MALT BEVERAGE, 330 ML",1.5,2026-07-09T00:00:00-04:00,2026-07-15T23:59:59-04:00
Atlantic Superstore,8015988,"PC NUTRITION FIRST DOG FOOD, 14 KG",55.0,2026-07-09T00:00:00-04:00,2026-07-15T23:59:59-04:00
Atlantic Superstore,8015988,"PAMPERS 12X BABY WIPES, 1008'S",24.0,2026-07-09T00:00:00-04:00,2026-07-15T23:59:59-04:00
Atlantic Superstore,8015988,"ZIGGY'S® SLICED MEATS, 175 G",4.0,2026-07-09T00:00:00-04:00,2026-07-15T23:59:59-04:00
Atlantic Superstore,8015988,"ROOSTER® LIQUID HONEY, 1 KG",9.0,2026-07-09T00:00:00-04:00,2026-07-15T23:59:59-04:00
Atlantic Superstore,8015988,"NO NAME® NOVELTIES, 24/30'S",11.0,2026-07-09T00:00:00-04:00,2026-07-15T23:59:59-04:00
Atlantic Superstore,8015988,"PROMISE GLUTEN-FREE LOAF, 400-480 G, HAMBURGER BUNS, SANDWICH ROLLS, 260 G OR ENGLISH MUFFINS, 240 G, 248-480 G",7.5,2026-07-09T00:00:00-04:00,2026-07-15T23:59:59-04:00
Atlantic Superstore,8015988,LEAN GROUND BEEF,9.5,2026-07-09T00:00:00-04:00,2026-07-15T23:59:59-04:00
Atlantic Superstore,8015988,JAPANESE SWEET YAM OR PURPLE UBE YAM,2.88,2026-07-09T00:00:00-04:00,2026-07-15T23:59:59-04:00
Atlantic Superstore,8015988,NO NAME® OR HALAL CHICKEN DRUMSTICKS,2.99,2026-07-09T00:00:00-04:00,2026-07-15T23:59:59-04:00
Atlantic Superstore,8015988,"GRACE JACK MACKEREL, 425 G OR COCONUT WATER, 1 L",3.5,2026-07-09T00:00:00-04:00,2026-07-15T23:59:59-04:00
Atlantic Superstore,8015988,"CEDAR VALLEY PITA CHIPS, 180 G",3.5,2026-07-09T00:00:00-04:00,2026-07-15T23:59:59-04:00
Atlantic Superstore,8015988,"LA COSTEÑA SAUCES, 455 ML",4.0,2026-07-09T00:00:00-04:00,2026-07-15T23:59:59-04:00
Atlantic Superstore,8015988,ADL 1 YEAR OLD CHEDDAR,2.99,2026-07-09T00:00:00-04:00,2026-07-15T23:59:59-04:00
Atlantic Superstore,8015988,"KEWPIE MAYONNAISE, 465 ML",6.0,2026-07-09T00:00:00-04:00,2026-07-15T23:59:59-04:00
Atlantic Superstore,8015988,"FARMER'S MARKET™ MANDARIN, 2 LB",5.0,2026-07-09T00:00:00-04:00,2026-07-15T23:59:59-04:00
Atlantic Superstore,8015988,"CERAVE BABY WASH SHAMPOO OR MOISTURIZING LOTION, 473 ML",12.0,2026-07-09T00:00:00-04:00,2026-07-15T23:59:59-04:00
Atlantic Superstore,8015988,"PC® PORK SAUSAGES, 375/500 G",7.0,2026-07-09T00:00:00-04:00,2026-07-15T23:59:59-04:00
Atlantic Superstore,8015988,EVERYDAY ESSENTIALS™ CANDLES,6.0,2026-07-09T00:00:00-04:00,2026-07-15T23:59:59-04:00
Atlantic Superstore,8015988,COHO SALMON FILLET,11.0,2026-07-09T00:00:00-04:00,2026-07-15T23:59:59-04:00
Atlantic Superstore,8015988,MINI-ORCHID,14.0,2026-07-09T00:00:00-04:00,2026-07-15T23:59:59-04:00
Atlantic Superstore,8015988,"DURACELL BATTERIES, AA8 OR AAA4",12.0,2026-07-09T00:00:00-04:00,2026-07-15T23:59:59-04:00
Atlantic Superstore,8015988,"T&T COOKIES, 168-304 G",4.0,2026-07-09T00:00:00-04:00,2026-07-15T23:59:59-04:00
Atlantic Superstore,8015988,"PC® CINNAMON RAISIN BREAD, 675 G OR PC® FROZEN DESSERTS, 216-290 G",4.0,2026-07-09T00:00:00-04:00,2026-07-15T23:59:59-04:00
Atlantic Superstore,8015988,"FARMER'S MARKET™ GALA APPLES, 4 LB",8.0,2026-07-09T00:00:00-04:00,2026-07-15T23:59:59-04:00
Atlantic Superstore,8015988,"WHISKAS WET CAT FOOD, 12'S",16.0,2026-07-09T00:00:00-04:00,2026-07-15T23:59:59-04:00
Atlantic Superstore,8015988,"STARBUCKS® GROUND, 340 G, K-CUPS, 10'S, STARBUCKS® HOT CHOCOLATE, PREMIUM INSTANT",12.0,2026-07-09T00:00:00-04:00,2026-07-15T23:59:59-04:00
Atlantic Superstore,8015988,"DEGREE BASE DEODORANT, 48-85 G OR SKINTIMATE OR EDGE SHAVE GEL, 198 G",3.5,2026-07-09T00:00:00-04:00,2026-07-15T23:59:59-04:00
Atlantic Superstore,8015988,"PURINA ONE DOG FOOD, 6.8/7 KG",32.0,2026-07-09T00:00:00-04:00,2026-07-15T23:59:59-04:00
Atlantic Superstore,8015988,"PC® ALL BUTTER CROISSANTS, 312-360 G",5.5,2026-07-09T00:00:00-04:00,2026-07-15T23:59:59-04:00
Atlantic Superstore,8015988,"POWERADE BLOOD ORANGE KICKER OR WHITE GRAPE WAVE, 710 ML",2.49,2026-07-09T00:00:00-04:00,2026-07-15T23:59:59-04:00
Atlantic Superstore,8015988,"ALWAYS PADS, 7-92'S OR LINERS, 50-289'S",12.0,2026-07-09T00:00:00-04:00,2026-07-15T23:59:59-04:00
Atlantic Superstore,8015988,"PEPSI SOFT DRINKS, 12X355 ML",17.0,2026-07-09T00:00:00-04:00,2026-07-15T23:59:59-04:00
Atlantic Superstore,8015988,"CASHMERE TOILET PAPER, 24'S",22.0,2026-07-09T00:00:00-04:00,2026-07-15T23:59:59-04:00
Atlantic Superstore,8015988,"MAYNARDS CANDY, 135-154 G",5.5,2026-07-09T00:00:00-04:00,2026-07-15T23:59:59-04:00
Atlantic Superstore,8015988,"CHRISTIE COOKIES, 224-303 G",8.0,2026-07-09T00:00:00-04:00,2026-07-15T23:59:59-04:00
Atlantic Superstore,8015988,"SKINNY POP POPCORN 6 BAGS, 108 G",6.0,2026-07-09T00:00:00-04:00,2026-07-15T23:59:59-04:00
Atlantic Superstore,8015988,"CHEETO SNACKS, 180-285 G",4.0,2026-07-09T00:00:00-04:00,2026-07-15T23:59:59-04:00
Atlantic Superstore,8015988,"HUGGIES ECONO PACK DIAPERS SIZE N-7, 60-200'S",35.0,2026-07-09T00:00:00-04:00,2026-07-15T23:59:59-04:00
Atlantic Superstore,8015988,"FARMER'S MARKET® COOKIES, 372/456 G",7.0,2026-07-09T00:00:00-04:00,2026-07-15T23:59:59-04:00
Atlantic Superstore,8015988,"PAMPERS 3X WIPES, 12 - 288'S OR MILLIE MOON, 216'S",8.0,2026-07-09T00:00:00-04:00,2026-07-15T23:59:59-04:00
Atlantic Superstore,8015988,"FARMER'S MARKET™ SQUARES, 400/550 G",8.0,2026-07-09T00:00:00-04:00,2026-07-15T23:59:59-04:00
Atlantic Superstore,8015988,"NO NAME® GARLIC COIL OR SMOKIES, 750-900 G",9.0,2026-07-09T00:00:00-04:00,2026-07-15T23:59:59-04:00
Atlantic Superstore,8015988,"PC® SMOKED SALMON, 150 G",11.5,2026-07-09T00:00:00-04:00,2026-07-15T23:59:59-04:00
Atlantic Superstore,8015988,"PULL-UPS ECONO PACK TRAINING PANTS, 66-104'S",37.0,2026-07-09T00:00:00-04:00,2026-07-15T23:59:59-04:00
Atlantic Superstore,8015988,LEGO ICE CREAM TRIP WITH BLUEY,30.0,2026-07-09T00:00:00-04:00,2026-07-15T23:59:59-04:00
Atlantic Superstore,8015988,"PAMPERS EASY UPS CLUB PACK TRAINING PANTS, 46-74'S",27.0,2026-07-09T00:00:00-04:00,2026-07-15T23:59:59-04:00
Atlantic Superstore,8015988,"SCOTTIES ORIGINAL FACIAL TISSUE, 12'S",17.0,2026-07-09T00:00:00-04:00,2026-07-15T23:59:59-04:00
Atlantic Superstore,8015988,"GENERAL MILLS, NATURE VALLEY, PILLSBURY, BETTY CROCKER OR MOTT'S FRUITSATIONS GRANOLA OR CEREAL BARS, TREATS OR FRUIT SNACKS, 120-230 G",9.0,2026-07-09T00:00:00-04:00,2026-07-15T23:59:59-04:00
Atlantic Superstore,8015988,"STUBB'S BBQ SAUCE, 450 ML",4.99,2026-07-09T00:00:00-04:00,2026-07-15T23:59:59-04:00
Atlantic Superstore,8015988,IAMS CAT FOOD,14.0,2026-07-09T00:00:00-04:00,2026-07-15T23:59:59-04:00
Atlantic Superstore,8015988,"HUGGIES LITTLE SWIMMERS DISPOSABLE SWIM DIAPERS, SIZES 3-6, 17-20'S",11.0,2026-07-09T00:00:00-04:00,2026-07-15T23:59:59-04:00
Atlantic Superstore,8015988,"PC® NUTRITION FIRST® WET CAT FOOD, 85 G",1.0,2026-07-09T00:00:00-04:00,2026-07-15T23:59:59-04:00
Atlantic Superstore,8015988,GRADE A DUCK,4.28,2026-07-09T00:00:00-04:00,2026-07-15T23:59:59-04:00
Atlantic Superstore,8015988,EVERYDAY ESSENTIALS™ QUAD CHAIR,12.0,2026-07-09T00:00:00-04:00,2026-07-15T23:59:59-04:00
Atlantic Superstore,8015988,"TWIZZLERS OR JOLLY RANCHER CANDY, 283-454 G",5.0,2026-07-09T00:00:00-04:00,2026-07-15T23:59:59-04:00
Atlantic Superstore,8015988,ENGLISH CUCUMBERS,1.0,2026-07-09T00:00:00-04:00,2026-07-15T23:59:59-04:00
Atlantic Superstore,8015988,"ACTIVIA PROBIOTIC YOGURT, 650 G",4.0,2026-07-09T00:00:00-04:00,2026-07-15T23:59:59-04:00
Atlantic Superstore,8015988,"PC® HOT SCOTCH BONNET PEPPERS, 113 G",5.0,2026-07-09T00:00:00-04:00,2026-07-15T23:59:59-04:00
Atlantic Superstore,8015988,"BEN & JERRY'S OR HALO TOP ICE CREAM, 473 ML OR MAGNUM BARS, 3/4'S",5.0,2026-07-09T00:00:00-04:00,2026-07-15T23:59:59-04:00
Atlantic Superstore,8015988,"GRACE ISLAND SODAS, 355 ML OR PLANTAIN CHIPS, 85 G",1.25,2026-07-09T00:00:00-04:00,2026-07-15T23:59:59-04:00
Atlantic Superstore,8015988,"DELI CHRIS BROTHERS ALL BEEF SALAMI, 250 G",4.0,2026-07-09T00:00:00-04:00,2026-07-15T23:59:59-04:00
Atlantic Superstore,8015988,"PC® FLAVOURED MAYONNAISE OR SAUCES, 300 ML OR GRISSOL CROUTONS, 135 G",2.99,2026-07-09T00:00:00-04:00,2026-07-15T23:59:59-04:00
Atlantic Superstore,8015988,"INDOMIE INSTANT NOODLES, 5X80/5X85 G",3.99,2026-07-09T00:00:00-04:00,2026-07-15T23:59:59-04:00
Atlantic Superstore,8015988,"COCA-COLA, CANADA DRY OR PEPSI SOFT DRINKS, 2 L",4.98,2026-07-09T00:00:00-04:00,2026-07-15T23:59:59-04:00
Atlantic Superstore,8015988,"SWIFFER SWIFFER DUSTER REFILLS 6/10'S, SWEEPER WET REFILLS 12/20/24'S, SWEEPER DRY REFILLS 16/20/32'S OR WETJET REFILLS 12'S",11.0,2026-07-09T00:00:00-04:00,2026-07-15T23:59:59-04:00
Atlantic Superstore,8015988,"IN-STORE MADE ORIGINAL OR MARRY ME CHICKEN SALAD, 400 G",8.0,2026-07-09T00:00:00-04:00,2026-07-15T23:59:59-04:00
Atlantic Superstore,8015988,"LYSOL LAUNDRY DISINFECTANT 1.2L, DISINFECTANT SPRAY 425/539 G, TOILET BOWL CLEANER 2X710 ML OR DUAL ACTION WIPES 75'S",8.0,2026-07-09T00:00:00-04:00,2026-07-15T23:59:59-04:00
Atlantic Superstore,8015988,NESTLÉ DRUMSTICK 4-6'S OR CONFECTIONARY NOVELTIES 4-10'S,4.94,2026-07-09T00:00:00-04:00,2026-07-15T23:59:59-04:00
Atlantic Superstore,8015988,"IN-STORE PREPARED SINGLE SERVE MEALS OR BOWLS, 135-410",14.0,2026-07-09T00:00:00-04:00,2026-07-15T23:59:59-04:00
Atlantic Superstore,8015988,"NO NAME® BAGELS, 450-510 G",2.5,2026-07-09T00:00:00-04:00,2026-07-15T23:59:59-04:00
Atlantic Superstore,8015988,"PC® ORGANICS CREMINI OR WHITE MUSHROOMS, 227 G",4.0,2026-07-09T00:00:00-04:00,2026-07-15T23:59:59-04:00
Atlantic Superstore,8015988,"UNICO TOMATOES, 796 ML, BEANS OR LENTILS, 540 ML",2.0,2026-07-09T00:00:00-04:00,2026-07-15T23:59:59-04:00
Atlantic Superstore,8015988,"PC® OR BLUE MENU® SPARKLING WATER, 12X355 ML",5.75,2026-07-09T00:00:00-04:00,2026-07-15T23:59:59-04:00
Atlantic Superstore,8015988,"LIL' SOUPS COMPLEMENTS FOR CATS, 18'S",22.0,2026-07-09T00:00:00-04:00,2026-07-15T23:59:59-04:00
Atlantic Superstore,8015988,"MINUTE MAID OR FIVE ALIVE JUICES OR DRINKS, ALLEN'S JUICE OR FUZE ICED TEA DRINK BOXES, 8/10X200 ML",4.0,2026-07-09T00:00:00-04:00,2026-07-15T23:59:59-04:00
Atlantic Superstore,8015988,"MILK-BONE SOFT & CHEWY, 708 G",11.0,2026-07-09T00:00:00-04:00,2026-07-15T23:59:59-04:00
Atlantic Superstore,8015988,"COTTONELLE FRESH CARE FLUSHABLE ADULT WET WIPES, 168'S",12.0,2026-07-09T00:00:00-04:00,2026-07-15T23:59:59-04:00
Atlantic Superstore,8015988,"PC® LIGHTWEIGHT LITTER, 9 KG",18.0,2026-07-09T00:00:00-04:00,2026-07-15T23:59:59-04:00
Atlantic Superstore,8015988,LEGO PLAYGROUND FUN WITH BLUEY AND CHLOE,20.0,2026-07-09T00:00:00-04:00,2026-07-15T23:59:59-04:00
Atlantic Superstore,8015988,"BLACKBERRIES, 170 G",4.0,2026-07-09T00:00:00-04:00,2026-07-15T23:59:59-04:00
Atlantic Superstore,8015988,BLUEY BENTGO,22.0,2026-07-09T00:00:00-04:00,2026-07-15T23:59:59-04:00
Atlantic Superstore,8015988,"Q-TIPS COTTON SWABS, 1400'S",11.0,2026-07-09T00:00:00-04:00,2026-07-15T23:59:59-04:00
Atlantic Superstore,8015988,"BABY GOURMET ORGANIC PURÉE POUCHES, 128 ML",10.0,2026-07-09T00:00:00-04:00,2026-07-15T23:59:59-04:00
Atlantic Superstore,8015988,"U BY KOTEX LINERS 80-129'S, PADS 24-44'S OR TAMPONS 30/32'S",11.0,2026-07-09T00:00:00-04:00,2026-07-15T23:59:59-04:00
Atlantic Superstore,8015988,"HOLIDAY CHEESE FLAVOURED CORN SNACKS, 25 G",0.99,2026-07-09T00:00:00-04:00,2026-07-15T23:59:59-04:00
Atlantic Superstore,8015988,"PC CHEESECAKE, 600 G",10.0,2026-07-09T00:00:00-04:00,2026-07-15T23:59:59-04:00
Atlantic Superstore,8015988,"PC NUTRITION FIRST® GRAIN FREE DOG FOOD, 7 KG",35.0,2026-07-09T00:00:00-04:00,2026-07-15T23:59:59-04:00
Atlantic Superstore,8015988,"ROBIN HOOD OR FIVE ROSES FLOUR, 2.5/5KG",6.49,2026-07-09T00:00:00-04:00,2026-07-15T23:59:59-04:00
Atlantic Superstore,8015988,"30 PIECE WINGS & WEDGES BUCKET, 1.2 KG + PEPSICO BEVERAGES, 1 L, + LAY'S® POTATO CHIPS, 177-235 G",26.0,2026-07-09T00:00:00-04:00,2026-07-15T23:59:59-04:00
Atlantic Superstore,8015988,"ALLEN'S FRUIT COCKTAILS, 1 L, OASIS JUICE, DEL MONTE NECTAR OR ARIZONA ICED TEA, 960 ML/1 L",1.5,2026-07-09T00:00:00-04:00,2026-07-15T23:59:59-04:00
Atlantic Superstore,8015988,"NO NAME® CREAM CHEESE, 227/250 G",7.5,2026-07-09T00:00:00-04:00,2026-07-15T23:59:59-04:00
Atlantic Superstore,8015988,"EVERYDAY ESSENTIALS™ PILLOW CASES, 2'S",6.0,2026-07-09T00:00:00-04:00,2026-07-15T23:59:59-04:00
Atlantic Superstore,8015988,"JAYONE SEASONED AND ROASTED SEAWEED, 20 G",9.99,2026-07-09T00:00:00-04:00,2026-07-15T23:59:59-04:00
Atlantic Superstore,8015988,"NO NAME® VEGETABLES, 2 KG OR MCCAIN PIZZA POCKETS, 6'S, 540/600 G",7.0,2026-07-09T00:00:00-04:00,2026-07-15T23:59:59-04:00
Atlantic Superstore,8015988,"DAN-D PAK CASHEWS, 500 G",7.99,2026-07-09T00:00:00-04:00,2026-07-15T23:59:59-04:00
Atlantic Superstore,8015988,"L'ORÉAL HAIR EXPERTISE SHAMPOO OR CONDITIONER, 828 ML",11.0,2026-07-09T00:00:00-04:00,2026-07-15T23:59:59-04:00
Atlantic Superstore,8015988,"HUNGRY-MAN ENTRÉES, 360-455 G, GREEN GIANT VALLEY SELECTIONS VEGETABLES, 400/500G, CORE VEGETABLES, 750 G",4.0,2026-07-09T00:00:00-04:00,2026-07-15T23:59:59-04:00
Atlantic Superstore,8015988,"PC® NATURAL SPRING WATER, 24X500 ML",3.0,2026-07-09T00:00:00-04:00,2026-07-15T23:59:59-04:00
Atlantic Superstore,8015988,PC® EXTRA LARGE GREEN OR RED SEEDLESS GRAPES,4.0,2026-07-09T00:00:00-04:00,2026-07-15T23:59:59-04:00
Atlantic Superstore,8015988,"IN-STORE MADE POUTINE ON WEDGES, 225 G",7.0,2026-07-09T00:00:00-04:00,2026-07-15T23:59:59-04:00
Atlantic Superstore,8015988,"PC® PACIFIC LARGE WHITE SHRIMP RAW ZIPPERBACK OR COOKED OR RAW PEELED, 31-40 PER LB, 400 G OR WILD BY NATURE MINCED LOBSTER MEAT, 320 G",8.0,2026-07-09T00:00:00-04:00,2026-07-15T23:59:59-04:00
Atlantic Superstore,8015988,"TAST!EZ SHAREABLES, 311G",5.0,2026-07-09T00:00:00-04:00,2026-07-15T23:59:59-04:00
Atlantic Superstore,8015988,JOE FRESH,24.0,2026-07-09T00:00:00-04:00,2026-07-15T23:59:59-04:00
Sobeys,8017066,Basmati Rice,7.99,2026-07-09T00:00:00-04:00,2026-07-15T22:59:59-04:00
Sobeys,8017066,ACTIVIA,5.99,2026-07-09T00:00:00-04:00,2026-07-15T22:59:59-04:00
Sobeys,8017066,COCA-COLA Mini Cans,5.29,2026-07-09T00:00:00-04:00,2026-07-15T22:59:59-04:00
Sobeys,8017066,YOUTHEORY ZERO SUGAR VITAMIN GUMMIES,19.99,2026-07-09T00:00:00-04:00,2026-07-15T22:59:59-04:00
Sobeys,8017066,Iced Coffee,1.19,2026-07-09T00:00:00-04:00,2026-07-15T22:59:59-04:00
Sobeys,8017066,Big Roll Seaweed,4.79,2026-07-09T00:00:00-04:00,2026-07-15T22:59:59-04:00
Sobeys,8017066,Crispy Chicken,14.99,2026-07-09T00:00:00-04:00,2026-07-15T22:59:59-04:00
Sobeys,8017066,Potato Chips,9.0,2026-07-09T00:00:00-04:00,2026-07-15T22:59:59-04:00
Sobeys,8017066,Crispbread,4.99,2026-07-09T00:00:00-04:00,2026-07-15T22:59:59-04:00
Sobeys,8017066,Boullion Paste,5.99,2026-07-09T00:00:00-04:00,2026-07-15T22:59:59-04:00
Sobeys,8017066,EARTH'S OWN Barista,5.99,2026-07-09T00:00:00-04:00,2026-07-15T22:59:59-04:00
Sobeys,8017066,Iced Tea,7.99,2026-07-09T00:00:00-04:00,2026-07-15T22:59:59-04:00
Sobeys,8017066,COMPLIMENTS Texas Toast or Garlic Parmesan Breadsticks,6.49,2026-07-09T00:00:00-04:00,2026-07-15T22:59:59-04:00
Sobeys,8017066,"COMPLIMENTS 7"" Tortillas",3.99,2026-07-09T00:00:00-04:00,2026-07-15T22:59:59-04:00
Sobeys,8017066,Golden Kiwi,7.0,2026-07-09T00:00:00-04:00,2026-07-15T22:59:59-04:00
Sobeys,8017066,Cored or Whole Pineapple,5.99,2026-07-09T00:00:00-04:00,2026-07-15T22:59:59-04:00
Sobeys,8017066,Land-Raised Fresh Atlantic Salmon Fillets,16.99,2026-07-09T00:00:00-04:00,2026-07-15T22:59:59-04:00
Sobeys,8017066,Fresh Medium Ground Beef Chuck,6.99,2026-07-09T00:00:00-04:00,2026-07-15T22:59:59-04:00
Sobeys,8017066,COMPLIMENTS Grain Breads,3.49,2026-07-09T00:00:00-04:00,2026-07-15T22:59:59-04:00
Sobeys,8017066,BOTHWELL Cheeses,6.99,2026-07-09T00:00:00-04:00,2026-07-15T22:59:59-04:00
Sobeys,8017066,Oreo® Mini Cupcakes or Brownies or Oreos® Frosted Cookies,5.99,2026-07-09T00:00:00-04:00,2026-07-15T22:59:59-04:00
Sobeys,8017066,MARS Bagged Chocolate,10.99,2026-07-09T00:00:00-04:00,2026-07-15T22:59:59-04:00
Sobeys,8017066,Team Pack,21.99,2026-07-09T00:00:00-04:00,2026-07-15T22:59:59-04:00
Sobeys,8017066,Pretzels,9.0,2026-07-09T00:00:00-04:00,2026-07-15T22:59:59-04:00
Sobeys,8017066,Biscuits,7.99,2026-07-09T00:00:00-04:00,2026-07-15T22:59:59-04:00
Sobeys,8017066,"Shampoo, Conditioner or Stylers",6.49,2026-07-09T00:00:00-04:00,2026-07-15T22:59:59-04:00
Sobeys,8017066,Hot Dog or Burger Buns 8 pk,4.0,2026-07-09T00:00:00-04:00,2026-07-15T22:59:59-04:00
Sobeys,8017066,Prepared Fresh Daily Watermelon Slices or Quarters,1.69,2026-07-09T00:00:00-04:00,2026-07-15T22:59:59-04:00
Sobeys,8017066,Santa Claus Melon,1.49,2026-07-09T00:00:00-04:00,2026-07-15T22:59:59-04:00
Sobeys,8017066,Chrysanthemum in Ceramic,9.99,2026-07-09T00:00:00-04:00,2026-07-15T22:59:59-04:00
Sobeys,8017066,Mackerel or Sardines in Sauce,1.29,2026-07-09T00:00:00-04:00,2026-07-15T22:59:59-04:00
Sobeys,8017066,SANTA CRUZ Organic Lemonade,4.99,2026-07-09T00:00:00-04:00,2026-07-15T22:59:59-04:00
Sobeys,8017066,SUKU Vitamin Gummies,19.99,2026-07-09T00:00:00-04:00,2026-07-15T22:59:59-04:00
Sobeys,8017066,SIMPLY Orange Juice 1.36 L or Cranberry Cocktail 1.54 L,5.99,2026-07-09T00:00:00-04:00,2026-07-15T22:59:59-04:00
Sobeys,8017066,"Nutri-Grain Bars, Rice Krispies Squares, Pop-Tarts, Pastry",2.99,2026-07-09T00:00:00-04:00,2026-07-15T22:59:59-04:00
Sobeys,8017066,K-Cup Coffee Pods,13.99,2026-07-09T00:00:00-04:00,2026-07-15T22:59:59-04:00
Sobeys,8017066,Deodorant,3.99,2026-07-09T00:00:00-04:00,2026-07-15T22:59:59-04:00
Sobeys,8017066,COMPLIMENTS ORGANIC Sliced White or Cremini Mushrooms,3.99,2026-07-09T00:00:00-04:00,2026-07-15T22:59:59-04:00
Sobeys,8017066,NEW YORK STYLE Bagel Crisps,5.0,2026-07-09T00:00:00-04:00,2026-07-15T22:59:59-04:00
Sobeys,8017066,Soft Drinks,1.99,2026-07-09T00:00:00-04:00,2026-07-15T22:59:59-04:00
Sobeys,8017066,FOCO Coconut Water,2.99,2026-07-09T00:00:00-04:00,2026-07-15T22:59:59-04:00
Sobeys,8017066,Energy Drinks,9.99,2026-07-09T00:00:00-04:00,2026-07-15T22:59:59-04:00
Sobeys,8017066,"NATURE CLEAN Detergent, Sheets or Household Cleaners",8.99,2026-07-09T00:00:00-04:00,2026-07-15T22:59:59-04:00
Sobeys,8017066,PRIME Hydration Drinks,2.0,2026-07-09T00:00:00-04:00,2026-07-15T22:59:59-04:00
Sobeys,8017066,Sauce,5.99,2026-07-09T00:00:00-04:00,2026-07-15T22:59:59-04:00
Sobeys,8017066,TRE STELLE Paneer Cheese,4.49,2026-07-09T00:00:00-04:00,2026-07-15T22:59:59-04:00
Sobeys,8017066,Jasmine Rice,22.99,2026-07-09T00:00:00-04:00,2026-07-15T22:59:59-04:00
Sobeys,8017066,Gourmet Beans,2.59,2026-07-09T00:00:00-04:00,2026-07-15T22:59:59-04:00
Sobeys,8017066,Bowl Noodles Soup,1.08,2026-07-09T00:00:00-04:00,2026-07-15T22:59:59-04:00
Sobeys,8017066,Cooked Cold Water Scallops,6.99,2026-07-09T00:00:00-04:00,2026-07-15T22:59:59-04:00
Sobeys,8017066,Genuine Jamaican Water Crackers,2.29,2026-07-09T00:00:00-04:00,2026-07-15T22:59:59-04:00
Sobeys,8017066,COMPLIMENTS Aerosol Creamy Whip,6.49,2026-07-09T00:00:00-04:00,2026-07-15T22:59:59-04:00
Sobeys,8017066,"Romaine, Green or Red Leaf Lettuce",3.0,2026-07-09T00:00:00-04:00,2026-07-15T22:59:59-04:00
Sobeys,8017066,COMPLIMENTS Rainbow Peppers,3.99,2026-07-09T00:00:00-04:00,2026-07-15T22:59:59-04:00
Sobeys,8017066,ACTIVIA 650 g or 4x100 g,4.49,2026-07-09T00:00:00-04:00,2026-07-15T22:59:59-04:00
Sobeys,8017066,Soft Drinks,12.99,2026-07-09T00:00:00-04:00,2026-07-15T22:59:59-04:00
Sobeys,8017066,Extra Large Green or Red Seedless Grapes,2.99,2026-07-09T00:00:00-04:00,2026-07-15T22:59:59-04:00
Sobeys,8017066,Meat Pies,12.99,2026-07-09T00:00:00-04:00,2026-07-15T22:59:59-04:00
Sobeys,8017066,COMPLIMENTS Taco Cut Pollock Fillets,11.99,2026-07-09T00:00:00-04:00,2026-07-15T22:59:59-04:00
Sobeys,8017066,Sweet or Hot Italian Pork Sausage Meat,4.99,2026-07-09T00:00:00-04:00,2026-07-15T22:59:59-04:00
Sobeys,8017066,"Bunch Red Radish, Cilantro or Parsley",5.0,2026-07-09T00:00:00-04:00,2026-07-15T22:59:59-04:00
Sobeys,8017066,"COMPLIMENTS, Frozen Chicken Wings",9.99,2026-07-09T00:00:00-04:00,2026-07-15T22:59:59-04:00
Sobeys,8017066,From Atlantic Canada Fresh Mussels,1.99,2026-07-09T00:00:00-04:00,2026-07-15T22:59:59-04:00
Sobeys,8017066,"Asian Pears, Bean Sprouts, Green Onions",0.98,2026-07-09T00:00:00-04:00,2026-07-15T22:59:59-04:00
Sobeys,8017066,COMPLIMENTS Pickles,4.99,2026-07-09T00:00:00-04:00,2026-07-15T22:59:59-04:00
Sobeys,8017066,COMPLIMENTS Sparkling or Fizzy Water,5.0,2026-07-09T00:00:00-04:00,2026-07-15T22:59:59-04:00
Sobeys,8017066,COMPLIMENTS Atlantic Salmon Burgers,11.99,2026-07-09T00:00:00-04:00,2026-07-15T22:59:59-04:00
Sobeys,8017066,"COMPLIMENTS Breaded or Battered Haddock or Pan-Seared Haddock, Cod, Sole or Salmon Fillets",13.99,2026-07-09T00:00:00-04:00,2026-07-15T22:59:59-04:00
Sobeys,8017066,Yellowfin Tuna Steaks,10.99,2026-07-09T00:00:00-04:00,2026-07-15T22:59:59-04:00
Sobeys,8017066,COMPLIMENTS Extra Lean Ground Chicken or Minced Turkey,6.0,2026-07-09T00:00:00-04:00,2026-07-15T22:59:59-04:00
Sobeys,8017066,Fresh Canadian Lamb Loin Chops,18.99,2026-07-09T00:00:00-04:00,2026-07-15T22:59:59-04:00
Sobeys,8017066,Cinnamon Buns,7.49,2026-07-09T00:00:00-04:00,2026-07-15T22:59:59-04:00
Sobeys,8017066,Whole Hot Honey Ham Dagwood Sandwich,13.99,2026-07-09T00:00:00-04:00,2026-07-15T22:59:59-04:00
Sobeys,8017066,Multipacks,10.29,2026-07-09T00:00:00-04:00,2026-07-15T22:59:59-04:00
Sobeys,8017066,CADBURY Tablet Bars,3.49,2026-07-09T00:00:00-04:00,2026-07-15T22:59:59-04:00
Sobeys,8017066,Cereal,4.99,2026-07-09T00:00:00-04:00,2026-07-15T22:59:59-04:00
Sobeys,8017066,Panini or Calabrese Buns,4.69,2026-07-09T00:00:00-04:00,2026-07-15T22:59:59-04:00
Sobeys,8017066,B-ready Bars,5.49,2026-07-09T00:00:00-04:00,2026-07-15T22:59:59-04:00
Sobeys,8017066,Zero Sugar Drinks,3.99,2026-07-09T00:00:00-04:00,2026-07-15T22:59:59-04:00
Sobeys,8017066,"Flavour Crisp, Quick Crisp or Restaurant Style Fries",7.0,2026-07-09T00:00:00-04:00,2026-07-15T22:59:59-04:00
Sobeys,8017066,Singles,5.99,2026-07-09T00:00:00-04:00,2026-07-15T22:59:59-04:00
Sobeys,8017066,Super or No Sugar Added Novelties,5.99,2026-07-09T00:00:00-04:00,2026-07-15T22:59:59-04:00
Sobeys,8017066,KIKKOMAN Rice Vinegar,3.29,2026-07-09T00:00:00-04:00,2026-07-15T22:59:59-04:00
Sobeys,8017066,Collection Ice Cream or Yogurt Bars,5.49,2026-07-09T00:00:00-04:00,2026-07-15T22:59:59-04:00
Sobeys,8017066,Kettle Cooked Chips Honey Dill,8.0,2026-07-09T00:00:00-04:00,2026-07-15T22:59:59-04:00
Sobeys,8017066,Wing Sauce,5.99,2026-07-09T00:00:00-04:00,2026-07-15T22:59:59-04:00
Sobeys,8017066,Apple Juice,4.99,2026-07-09T00:00:00-04:00,2026-07-15T22:59:59-04:00
Sobeys,8017066,Cracker Assortment Classic Collection,5.99,2026-07-09T00:00:00-04:00,2026-07-15T22:59:59-04:00
Sobeys,8017066,BEST BUY 100% Orange Juice Blend,3.99,2026-07-09T00:00:00-04:00,2026-07-15T22:59:59-04:00
Sobeys,8017066,Sweetened Condensed Milk,4.99,2026-07-09T00:00:00-04:00,2026-07-15T22:59:59-04:00
Sobeys,8017066,Flat Cabbage or Lo Bok,1.79,2026-07-09T00:00:00-04:00,2026-07-15T22:59:59-04:00
Sobeys,8017066,Stir-Fry Sauce,4.99,2026-07-09T00:00:00-04:00,2026-07-15T22:59:59-04:00
Sobeys,8017066,PANACHE Maple Syrup amber rich,10.99,2026-07-09T00:00:00-04:00,2026-07-15T22:59:59-04:00
Sobeys,8017066,A SPICE AFFAIR Seasonings,5.99,2026-07-09T00:00:00-04:00,2026-07-15T22:59:59-04:00
Sobeys,8017066,COMPLIMENTS Foil Wrap,5.99,2026-07-09T00:00:00-04:00,2026-07-15T22:59:59-04:00
Sobeys,8017066,Ice Cream or Non-Dairy Frozen Dessert,11.0,2026-07-09T00:00:00-04:00,2026-07-15T22:59:59-04:00
Sobeys,8017066,Energy Drink,6.0,2026-07-09T00:00:00-04:00,2026-07-15T22:59:59-04:00
Sobeys,8017066,Takis,3.49,2026-07-09T00:00:00-04:00,2026-07-15T22:59:59-04:00
Sobeys,8017066,"Shampoo, Conditioner or Stylers",5.79,2026-07-09T00:00:00-04:00,2026-07-15T22:59:59-04:00
Sobeys,8017066,Fresh Boneless Skinless Chicken Breast or Thigh Kabobs with Vegetables,9.99,2026-07-09T00:00:00-04:00,2026-07-15T22:59:59-04:00
Sobeys,8017066,Philadelphia Dips,7.0,2026-07-09T00:00:00-04:00,2026-07-15T22:59:59-04:00
Sobeys,8017066,Fresh Beef Oxtail,15.49,2026-07-09T00:00:00-04:00,2026-07-15T22:59:59-04:00
Sobeys,8017066,SO DELICIOUS,5.99,2026-07-09T00:00:00-04:00,2026-07-15T22:59:59-04:00
Sobeys,8017066,CHRISTIE Cookies,3.79,2026-07-09T00:00:00-04:00,2026-07-15T22:59:59-04:00
Sobeys,8017066,"Fish Free Tuna, Chickenless or Beefless Strips",5.99,2026-07-09T00:00:00-04:00,2026-07-15T22:59:59-04:00
Sobeys,8017066,Papaya,1.99,2026-07-09T00:00:00-04:00,2026-07-15T22:59:59-04:00
Sobeys,8017066,Whole Tilapia,8.88,2026-07-09T00:00:00-04:00,2026-07-15T22:59:59-04:00
Sobeys,8017066,Almond or Butter Tarts,5.99,2026-07-09T00:00:00-04:00,2026-07-15T22:59:59-04:00
Sobeys,8017066,Sides,6.5,2026-07-09T00:00:00-04:00,2026-07-15T22:59:59-04:00
Sobeys,8017066,"COMPLIMENTS 4 Pack Mini, Regular or Topped Hummus or Dips",3.49,2026-07-09T00:00:00-04:00,2026-07-15T22:59:59-04:00
Sobeys,8017066,COMPLIMENTS Bocconcini,6.99,2026-07-09T00:00:00-04:00,2026-07-15T22:59:59-04:00
Sobeys,8017066,COMPLIMENTS Fresh AIR-CHILLED Boneless Skinless Chicken Breasts,5.99,2026-07-09T00:00:00-04:00,2026-07-15T22:59:59-04:00
Sobeys,8017066,Cheese,4.88,2026-07-09T00:00:00-04:00,2026-07-15T22:59:59-04:00
Sobeys,8017066,Ketchup,4.97,2026-07-09T00:00:00-04:00,2026-07-15T22:59:59-04:00
Sobeys,8017066,Classic or Deep Dish Pizza,3.99,2026-07-09T00:00:00-04:00,2026-07-15T22:59:59-04:00
Sobeys,8017066,Bread,2.99,2026-07-09T00:00:00-04:00,2026-07-15T22:59:59-04:00
Sobeys,8017066,COMPLIMENTS Baby-Cut Carrots,4.99,2026-07-09T00:00:00-04:00,2026-07-15T22:59:59-04:00
Sobeys,8017066,Chinese Eggplant,3.99,2026-07-09T00:00:00-04:00,2026-07-15T22:59:59-04:00
Sobeys,8017066,Roma Tomatoes,2.99,2026-07-09T00:00:00-04:00,2026-07-15T22:59:59-04:00
Sobeys,8017066,CHEEMO Perogies,6.49,2026-07-09T00:00:00-04:00,2026-07-15T22:59:59-04:00
Sobeys,8017066,Caesar or Spring Mix Salad Kits,7.99,2026-07-09T00:00:00-04:00,2026-07-15T22:59:59-04:00
Sobeys,8017066,Tree-Ripened Yellow or White Flesh Peaches,5.47,2026-07-09T00:00:00-04:00,2026-07-15T22:59:59-04:00
Sobeys,8017066,Miracle Whip or Mayonnaise,3.99,2026-07-09T00:00:00-04:00,2026-07-15T22:59:59-04:00
Sobeys,8017066,Value Size Snacks,6.29,2026-07-09T00:00:00-04:00,2026-07-15T22:59:59-04:00
Sobeys,8017066,COMPLIMENTS Cooked Large Shrimp in Ring with Sauce,12.0,2026-07-09T00:00:00-04:00,2026-07-15T22:59:59-04:00
Sobeys,8017066,COMPLIMENTS Salsa 650 mL or Taco Shells 125 g,2.99,2026-07-09T00:00:00-04:00,2026-07-15T22:59:59-04:00
Sobeys,8017066,Extra Virgin Olive Oil,9.99,2026-07-09T00:00:00-04:00,2026-07-15T22:59:59-04:00
Sobeys,8017066,Avocados,4.99,2026-07-09T00:00:00-04:00,2026-07-15T22:59:59-04:00
Sobeys,8017066,COMPLIMENTS Cooked or Raw Shrimp,8.99,2026-07-09T00:00:00-04:00,2026-07-15T22:59:59-04:00
Sobeys,8017066,COMPLIMENTS Crab-Flavoured Seafood,4.99,2026-07-09T00:00:00-04:00,2026-07-15T22:59:59-04:00
Sobeys,8017066,Boneless Smoked Ham Slices,5.99,2026-07-09T00:00:00-04:00,2026-07-15T22:59:59-04:00
Sobeys,8017066,Candy,2.99,2026-07-09T00:00:00-04:00,2026-07-15T22:59:59-04:00
Sobeys,8017066,Dipps or Chewy Granola Bars,2.99,2026-07-09T00:00:00-04:00,2026-07-15T22:59:59-04:00
Sobeys,8017066,Fruit Drink,2.99,2026-07-09T00:00:00-04:00,2026-07-15T22:59:59-04:00
Sobeys,8017066,Soft Drinks or Water,1.5,2026-07-09T00:00:00-04:00,2026-07-15T22:59:59-04:00
Sobeys,8017066,Al Pastor Style Roasted Chicken,14.99,2026-07-09T00:00:00-04:00,2026-07-15T22:59:59-04:00
Sobeys,8017066,Greek Yogurt,6.99,2026-07-09T00:00:00-04:00,2026-07-15T22:59:59-04:00
Sobeys,8017066,White or Whole Wheat Bread,2.79,2026-07-09T00:00:00-04:00,2026-07-15T22:59:59-04:00
Sobeys,8017066,Carbonated Natural Spring Water,7.99,2026-07-09T00:00:00-04:00,2026-07-15T22:59:59-04:00
Sobeys,8017066,Liquid Laundry Detergent,26.99,2026-07-09T00:00:00-04:00,2026-07-15T22:59:59-04:00
Sobeys,8017066,Ridgies Chili Lime Szechuan,8.0,2026-07-09T00:00:00-04:00,2026-07-15T22:59:59-04:00
Sobeys,8017066,COMPLIMENTS Deluxe Mixed Nuts or Cashews,23.99,2026-07-09T00:00:00-04:00,2026-07-15T22:59:59-04:00
Sobeys,8017066,Alcohol Free Wine,14.99,2026-07-09T00:00:00-04:00,2026-07-15T22:59:59-04:00
Sobeys,8017066,COMPLIMENTS Lem&Tea or Raspberry Lemonade,7.0,2026-07-09T00:00:00-04:00,2026-07-15T22:59:59-04:00
Sobeys,8017066,Breakfast Sandwiches or Egg Bites,6.99,2026-07-09T00:00:00-04:00,2026-07-15T22:59:59-04:00
Sobeys,8017066,Seasonings,10.49,2026-07-09T00:00:00-04:00,2026-07-15T22:59:59-04:00
Sobeys,8017066,CREAM OF WHEAT,4.49,2026-07-09T00:00:00-04:00,2026-07-15T22:59:59-04:00
Sobeys,8017066,COMPLIMENTS Ice Cream Cones or Cuplets,2.99,2026-07-09T00:00:00-04:00,2026-07-15T22:59:59-04:00
Sobeys,8017066,ProActive Health Dry Cat Food,12.49,2026-07-09T00:00:00-04:00,2026-07-15T22:59:59-04:00
Sobeys,8017066,Clump & Seal Cat Litter,18.99,2026-07-09T00:00:00-04:00,2026-07-15T22:59:59-04:00
Sobeys,8017066,BUFFALO Dog Food,23.49,2026-07-09T00:00:00-04:00,2026-07-15T22:59:59-04:00
Sobeys,8017066,Parfait Cups,8.0,2026-07-09T00:00:00-04:00,2026-07-15T22:59:59-04:00
Sobeys,8017066,Long English Cucumbers,1.79,2026-07-09T00:00:00-04:00,2026-07-15T22:59:59-04:00
Sobeys,8017066,"Premium, Stuffed, CARDINAL ROADHOUSE or BELMONT Burgers",15.99,2026-07-09T00:00:00-04:00,2026-07-15T22:59:59-04:00
Sobeys,8017066,From Atlantic Canada Fresh Wild Haddock Fillets,13.99,2026-07-09T00:00:00-04:00,2026-07-15T22:59:59-04:00
Sobeys,8017066,From Atlantic Canada Fresh Choice Oysters,1.25,2026-07-09T00:00:00-04:00,2026-07-15T22:59:59-04:00
Sobeys,8017066,Ultimates Tavern Style Battered Cod Fillets,24.0,2026-07-09T00:00:00-04:00,2026-07-15T22:59:59-04:00
Sobeys,8017066,COMPLIMENTS Smoked Chicken Sausages,4.99,2026-07-09T00:00:00-04:00,2026-07-15T22:59:59-04:00
Sobeys,8017066,Oven Roasted Turkey or Chicken,3.99,2026-07-09T00:00:00-04:00,2026-07-15T22:59:59-04:00
Sobeys,8017066,French or Italian Bread,1.99,2026-07-09T00:00:00-04:00,2026-07-15T22:59:59-04:00
Sobeys,8017066,Roast & Ground Coffee,9.99,2026-07-09T00:00:00-04:00,2026-07-15T22:59:59-04:00
Sobeys,8017066,"COMPLIMENTS Apple, Apple Crumble or Pumpkin Pie",5.99,2026-07-09T00:00:00-04:00,2026-07-15T22:59:59-04:00
Sobeys,8017066,Tortilla Chips,7.5,2026-07-09T00:00:00-04:00,2026-07-15T22:59:59-04:00
Sobeys,8017066,Salted Butter,5.99,2026-07-09T00:00:00-04:00,2026-07-15T22:59:59-04:00
Sobeys,8017066,Red or Black Plums,3.99,2026-07-09T00:00:00-04:00,2026-07-15T22:59:59-04:00
Sobeys,8017066,Organic Yellow Flesh Peaches or Nectarines,5.99,2026-07-09T00:00:00-04:00,2026-07-15T22:59:59-04:00
Sobeys,8017066,Green Kale or Red or Green Chard,3.99,2026-07-09T00:00:00-04:00,2026-07-15T22:59:59-04:00
Sobeys,8017066,Ocean Breeze Bouquet,24.99,2026-07-09T00:00:00-04:00,2026-07-15T22:59:59-04:00
Sobeys,8017066,Romaine Hearts,4.99,2026-07-09T00:00:00-04:00,2026-07-15T22:59:59-04:00
Sobeys,8017066,Bee Keeper Gnome with Kalanchoe,19.99,2026-07-09T00:00:00-04:00,2026-07-15T22:59:59-04:00
Sobeys,8017066,Bartlett Pears,2.99,2026-07-09T00:00:00-04:00,2026-07-15T22:59:59-04:00
Sobeys,8017066,Premium Ecuadorian Roses,22.99,2026-07-09T00:00:00-04:00,2026-07-15T22:59:59-04:00
Sobeys,8017066,COMPLIMENTS Trail Mixes,5.99,2026-07-09T00:00:00-04:00,2026-07-15T22:59:59-04:00
Sobeys,8017066,COMPLIMENTS Beef or Chicken Smashed Burgers,13.99,2026-07-09T00:00:00-04:00,2026-07-15T22:59:59-04:00
Sobeys,8017066,Fresh Pork Loin Back Ribs,6.99,2026-07-09T00:00:00-04:00,2026-07-15T22:59:59-04:00
Sobeys,8017066,Fresh Pork Loin Center and Rib Combo Chops,4.49,2026-07-09T00:00:00-04:00,2026-07-15T22:59:59-04:00
Sobeys,8017066,Natural Selections Sliced Meats,7.99,2026-07-09T00:00:00-04:00,2026-07-15T22:59:59-04:00
Sobeys,8017066,Extra Large Bagged Candy,9.99,2026-07-09T00:00:00-04:00,2026-07-15T22:59:59-04:00
Sobeys,8017066,HUNGRY-MAN Frozen Dinners or XL Bowls,5.49,2026-07-09T00:00:00-04:00,2026-07-15T22:59:59-04:00
Sobeys,8017066,"Bars, Minis or Rice Crisps",3.49,2026-07-09T00:00:00-04:00,2026-07-15T22:59:59-04:00
Sobeys,8017066,Creamers,2.99,2026-07-09T00:00:00-04:00,2026-07-15T22:59:59-04:00
Sobeys,8017066,MID-DAY SQUARES,7.99,2026-07-09T00:00:00-04:00,2026-07-15T22:59:59-04:00
Sobeys,8017066,LIBERTÉ Probiotic Kéfir,6.49,2026-07-09T00:00:00-04:00,2026-07-15T22:59:59-04:00
Sobeys,8017066,Frozen Meals,8.99,2026-07-09T00:00:00-04:00,2026-07-15T22:59:59-04:00
Sobeys,8017066,Cookies,4.99,2026-07-09T00:00:00-04:00,2026-07-15T22:59:59-04:00
Sobeys,8017066,Fitzels,8.0,2026-07-09T00:00:00-04:00,2026-07-15T22:59:59-04:00
Sobeys,8017066,Almond or Oat Beverage,5.49,2026-07-09T00:00:00-04:00,2026-07-15T22:59:59-04:00
Sobeys,8017066,One Pot Pasta,6.99,2026-07-09T00:00:00-04:00,2026-07-15T22:59:59-04:00
Sobeys,8017066,Evaporated Milk,2.79,2026-07-09T00:00:00-04:00,2026-07-15T22:59:59-04:00
Sobeys,8017066,Mashed or Sliced Potatoes,8.97,2026-07-09T00:00:00-04:00,2026-07-15T22:59:59-04:00
Sobeys,8017066,RedHot Sauce,7.79,2026-07-09T00:00:00-04:00,2026-07-15T22:59:59-04:00
Sobeys,8017066,COMPLIMENTS Marshmallows,2.0,2026-07-09T00:00:00-04:00,2026-07-15T22:59:59-04:00
Sobeys,8017066,COMPLIMENTS Peanut Butter,10.99,2026-07-09T00:00:00-04:00,2026-07-15T22:59:59-04:00
Sobeys,8017066,Extra Virgin Olive Oil,11.99,2026-07-09T00:00:00-04:00,2026-07-15T22:59:59-04:00
Sobeys,8017066,Rubs,7.49,2026-07-09T00:00:00-04:00,2026-07-15T22:59:59-04:00
Sobeys,8017066,Dinner Kits,4.99,2026-07-09T00:00:00-04:00,2026-07-15T22:59:59-04:00
Sobeys,8017066,Instant Pudding,3.99,2026-07-09T00:00:00-04:00,2026-07-15T22:59:59-04:00
Sobeys,8017066,COMPLIMENTS Pizza Sauce,1.49,2026-07-09T00:00:00-04:00,2026-07-15T22:59:59-04:00
Sobeys,8017066,COMPLIMENTS Sweet Green Relish or Hot Dog Relish,2.79,2026-07-09T00:00:00-04:00,2026-07-15T22:59:59-04:00
Sobeys,8017066,Tuna Salad,4.29,2026-07-09T00:00:00-04:00,2026-07-15T22:59:59-04:00
Sobeys,8017066,COMPLIMENTS White Condiment,4.99,2026-07-09T00:00:00-04:00,2026-07-15T22:59:59-04:00
Sobeys,8017066,MINUTE RICE 500-700 g or Rice 907 g,4.99,2026-07-09T00:00:00-04:00,2026-07-15T22:59:59-04:00
Sobeys,8017066,"HOSTESS Craze Cakes 200-324 g, SARA LEE Little Bites Snacks 96-234 g or VACHON Snacks 248-336 g",3.99,2026-07-09T00:00:00-04:00,2026-07-15T22:59:59-04:00
Sobeys,8017066,COMPLIMENTS Flavoured Tuna,3.0,2026-07-09T00:00:00-04:00,2026-07-15T22:59:59-04:00
Sobeys,8017066,Underwear or Pads,19.99,2026-07-09T00:00:00-04:00,2026-07-15T22:59:59-04:00
Sobeys,8017066,Organic Baby Pouches or Jars,4.0,2026-07-09T00:00:00-04:00,2026-07-15T22:59:59-04:00
Sobeys,8017066,3D White Toothpaste or Toothbrushes or Floss,3.99,2026-07-09T00:00:00-04:00,2026-07-15T22:59:59-04:00
Sobeys,8017066,Hair Care,7.99,2026-07-09T00:00:00-04:00,2026-07-15T22:59:59-04:00
Sobeys,8017066,NeuroPro Ready to Feed Infant Formula,79.99,2026-07-09T00:00:00-04:00,2026-07-15T22:59:59-04:00
Sobeys,8017066,Air Freshener,4.49,2026-07-09T00:00:00-04:00,2026-07-15T22:59:59-04:00
Sobeys,8017066,COMPLIMENTS Indoor Waste Bags,4.99,2026-07-09T00:00:00-04:00,2026-07-15T22:59:59-04:00
Sobeys,8017066,JOHN FRIEDA Hair Care or OLD SPICE Body Wash,8.99,2026-07-09T00:00:00-04:00,2026-07-15T22:59:59-04:00
Sobeys,8017066,COMPLIMENTS Rice Crackers,1.5,2026-07-09T00:00:00-04:00,2026-07-15T22:59:59-04:00
Sobeys,8017066,Jerky,6.99,2026-07-09T00:00:00-04:00,2026-07-15T22:59:59-04:00
Sobeys,8017066,COMPLIMENTS Coffee Pods,19.99,2026-07-09T00:00:00-04:00,2026-07-15T22:59:59-04:00
Sobeys,8017066,HERSHEY'S Bagged Chocolate,5.49,2026-07-09T00:00:00-04:00,2026-07-15T22:59:59-04:00
Sobeys,8017066,Coffee Pods,22.99,2026-07-09T00:00:00-04:00,2026-07-15T22:59:59-04:00
Sobeys,8017066,"Baby Shampoo, Oil or Lotions",5.99,2026-07-09T00:00:00-04:00,2026-07-15T22:59:59-04:00
Sobeys,8017066,Tampons or Liners,5.99,2026-07-09T00:00:00-04:00,2026-07-15T22:59:59-04:00
Sobeys,8017066,Bathroom Tissue,8.49,2026-07-09T00:00:00-04:00,2026-07-15T22:59:59-04:00
Sobeys,8017066,Lotion,9.99,2026-07-09T00:00:00-04:00,2026-07-15T22:59:59-04:00
Sobeys,8017066,COMPLIMENTS Facial Tissue,1.49,2026-07-09T00:00:00-04:00,2026-07-15T22:59:59-04:00
Sobeys,8017066,Asian Pears,0.98,2026-07-09T00:00:00-04:00,2026-07-15T22:59:59-04:00
Sobeys,8017066,Fresh Pork Hock,3.99,2026-07-09T00:00:00-04:00,2026-07-15T22:59:59-04:00
Sobeys,8017066,Coconut Water,3.49,2026-07-09T00:00:00-04:00,2026-07-15T22:59:59-04:00
Sobeys,8017066,Coconut Milk,2.49,2026-07-09T00:00:00-04:00,2026-07-15T22:59:59-04:00
Sobeys,8017066,Sorbet,6.99,2026-07-09T00:00:00-04:00,2026-07-15T22:59:59-04:00
Sobeys,8017066,Plantain Chips,2.29,2026-07-09T00:00:00-04:00,2026-07-15T22:59:59-04:00
Sobeys,8017066,100% Pure Coconut Water,2.49,2026-07-09T00:00:00-04:00,2026-07-15T22:59:59-04:00
Sobeys,8017066,CP AUTHENTIC ASIA Frozen Meal,4.99,2026-07-09T00:00:00-04:00,2026-07-15T22:59:59-04:00
Sobeys,8017066,COMPLIMENTS Newfoundland and Labrador Cooked Wild Snow Crab Clusters or New Brunswick Wild Lobster Claws,24.88,2026-07-09T00:00:00-04:00,2026-07-15T22:59:59-04:00
Sobeys,8017066,LEE KUM KEF Chicken Bouillon Powder,12.49,2026-07-09T00:00:00-04:00,2026-07-15T22:59:59-04:00
Sobeys,8017066,Canned Curry,2.99,2026-07-09T00:00:00-04:00,2026-07-15T22:59:59-04:00
Sobeys,8017066,"Wonton Soup, Shrimp Wontons, Shrimp Toast or Prawn Dumplings",9.88,2026-07-09T00:00:00-04:00,2026-07-15T22:59:59-04:00
Sobeys,8017066,Coconut Cream,2.98,2026-07-09T00:00:00-04:00,2026-07-15T22:59:59-04:00
Sobeys,8017066,Tomato Paste Tube,2.99,2026-07-09T00:00:00-04:00,2026-07-15T22:59:59-04:00
Sobeys,8017066,CHAPMAN'S Li'l Lolly,5.49,2026-07-09T00:00:00-04:00,2026-07-15T22:59:59-04:00
Sobeys,8017066,Tea Concentrates,6.49,2026-07-09T00:00:00-04:00,2026-07-15T22:59:59-04:00
Sobeys,8017066,PRINGLES Party Stacks,3.49,2026-07-09T00:00:00-04:00,2026-07-15T22:59:59-04:00
Sobeys,8017066,LAURA SECORD Chocolate Chips,5.49,2026-07-09T00:00:00-04:00,2026-07-15T22:59:59-04:00
Sobeys,8017066,Pasta or Beans,4.0,2026-07-09T00:00:00-04:00,2026-07-15T22:59:59-04:00
Sobeys,8017066,Pop-Tarts,8.99,2026-07-09T00:00:00-04:00,2026-07-15T22:59:59-04:00
Sobeys,8017066,"COMPLIMENTS Breaded Chicken Strips, Nuggets, Burgers or Popcorn",7.99,2026-07-09T00:00:00-04:00,2026-07-15T22:59:59-04:00
Sobeys,8017066,Bang Bang Shrimp,6.99,2026-07-09T00:00:00-04:00,2026-07-15T22:59:59-04:00
Sobeys,8017066,Sausages,7.99,2026-07-09T00:00:00-04:00,2026-07-15T22:59:59-04:00
Sobeys,8017066,Genoa Salami,4.49,2026-07-09T00:00:00-04:00,2026-07-15T22:59:59-04:00
Sobeys,8017066,Herb & Garlic Shrimp,10.99,2026-07-09T00:00:00-04:00,2026-07-15T22:59:59-04:00
Sobeys,8017066,Golden Kiwi,7.0,2026-07-09T00:00:00-04:00,2026-07-15T22:59:59-04:00
Sobeys,8017066,COMPLIMENTS Breaded Chicken Balls with Sweet & Sour Sauce,9.99,2026-07-09T00:00:00-04:00,2026-07-15T22:59:59-04:00
Sobeys,8017066,COMPLIMENTS Pizza Starter Kit,7.99,2026-07-09T00:00:00-04:00,2026-07-15T22:59:59-04:00
Sobeys,8017066,Bocconcini,6.99,2026-07-09T00:00:00-04:00,2026-07-15T22:59:59-04:00
Sobeys,8017066,Ricotta,8.99,2026-07-09T00:00:00-04:00,2026-07-15T22:59:59-04:00
Sobeys,8017066,"Fresh Premium Cheesy, Portabella Mushroom & Mozzarella, Bacon & Cheddar Cheese, Garlic & Cheddar Medium Ground Chuck Beef Burgers or All Dressed Ground Chuck Beef Burgers",9.99,2026-07-09T00:00:00-04:00,2026-07-15T22:59:59-04:00
Sobeys,8017066,HEINEKEN Alcohol Free Beer,12.99,2026-07-09T00:00:00-04:00,2026-07-15T22:59:59-04:00
Sobeys,8017066,Ice Cream,5.49,2026-07-09T00:00:00-04:00,2026-07-15T22:59:59-04:00
Sobeys,8017066,Greek Yogurt,6.99,2026-07-09T00:00:00-04:00,2026-07-15T22:59:59-04:00
Sobeys,8017066,Eggo Waffles,5.99,2026-07-09T00:00:00-04:00,2026-07-15T22:59:59-04:00
Sobeys,8017066,OIKOS,4.49,2026-07-09T00:00:00-04:00,2026-07-15T22:59:59-04:00
Sobeys,8017066,Tortilla Chips,3.99,2026-07-09T00:00:00-04:00,2026-07-15T22:59:59-04:00
Sobeys,8017066,Non-Alcoholic Beer,11.99,2026-07-09T00:00:00-04:00,2026-07-15T22:59:59-04:00
Sobeys,8017066,Soft Drinks,4.5,2026-07-09T00:00:00-04:00,2026-07-15T22:59:59-04:00
Sobeys,8017066,Iced Coffee,7.99,2026-07-09T00:00:00-04:00,2026-07-15T22:59:59-04:00
Sobeys,8017066,Ultra Strength Paper Towel,18.99,2026-07-09T00:00:00-04:00,2026-07-15T22:59:59-04:00
Sobeys,8017066,Roast Fine Grind Coffee,13.99,2026-07-09T00:00:00-04:00,2026-07-15T22:59:59-04:00
Sobeys,8017066,Alcohol Free Wine,11.99,2026-07-09T00:00:00-04:00,2026-07-15T22:59:59-04:00
Sobeys,8017066,SAN PELLEGRINO Sparkling Drinks,8.49,2026-07-09T00:00:00-04:00,2026-07-15T22:59:59-04:00
Sobeys,8017066,"NABOB Roast & Ground Coffee 300-340 g, MAXWELL HOUSE Single Serve pk or Selected TASSIMO T-Discs 8-16 pk",10.99,2026-07-09T00:00:00-04:00,2026-07-15T22:59:59-04:00
Sobeys,8017066,Dad's or Peek Freans Cookies,4.49,2026-07-09T00:00:00-04:00,2026-07-15T22:59:59-04:00
Sobeys,8017066,Crispers or Ritz Chips,4.0,2026-07-09T00:00:00-04:00,2026-07-15T22:59:59-04:00
Sobeys,8017066,FIBRE FLOW,16.99,2026-07-09T00:00:00-04:00,2026-07-15T22:59:59-04:00
Sobeys,8017066,Italian Soda,7.0,2026-07-09T00:00:00-04:00,2026-07-15T22:59:59-04:00
Sobeys,8017066,COMPLIMENTS Potato Chips Extraaa! Flavour,2.99,2026-07-09T00:00:00-04:00,2026-07-15T22:59:59-04:00
Sobeys,8017066,Hot Churro Bites with Caramel and Chocolate Dipping Sauce,4.99,2026-07-09T00:00:00-04:00,2026-07-15T22:59:59-04:00
Sobeys,8017066,Dip,3.99,2026-07-09T00:00:00-04:00,2026-07-15T22:59:59-04:00
Sobeys,8017066,DAIRY Skyr Icelandic Style Yogurt,4.99,2026-07-09T00:00:00-04:00,2026-07-15T22:59:59-04:00
Sobeys,8017066,Oikos Greek Yogurt,10.99,2026-07-09T00:00:00-04:00,2026-07-15T22:59:59-04:00
Sobeys,8017066,Bathroom Tissue,5.99,2026-07-09T00:00:00-04:00,2026-07-15T22:59:59-04:00
Sobeys,8017066,Fresh Pork Shoulder Blade Roasts or Steak Family Size or Fresh Pork Shoulder Picnic Roast,2.99,2026-07-09T00:00:00-04:00,2026-07-15T22:59:59-04:00
Sobeys,8017066,Parlour Frozen Dessert,3.49,2026-07-09T00:00:00-04:00,2026-07-15T22:59:59-04:00
Sobeys,8017066,Dips,4.99,2026-07-09T00:00:00-04:00,2026-07-15T22:59:59-04:00
Sobeys,8017066,Peanut Butter,4.99,2026-07-09T00:00:00-04:00,2026-07-15T22:59:59-04:00
Sobeys,8017066,Creamy Yogurt,6.49,2026-07-09T00:00:00-04:00,2026-07-15T22:59:59-04:00
Sobeys,8017066,CATELLI Pasta 375-454 g (excludes Lasagna) or COMPLIMENTS Pasta Sauce 680 mL,4.0,2026-07-09T00:00:00-04:00,2026-07-15T22:59:59-04:00
Sobeys,8017066,BBQ Grilling Potatoes,3.99,2026-07-09T00:00:00-04:00,2026-07-15T22:59:59-04:00
Sobeys,8017066,COMPLIMENTS Fresh Pasta or Sauce,5.0,2026-07-09T00:00:00-04:00,2026-07-15T22:59:59-04:00
Sobeys,8017066,Dish Detergent,19.99,2026-07-09T00:00:00-04:00,2026-07-15T22:59:59-04:00
Sobeys,8017066,Sparkling Water,4.0,2026-07-09T00:00:00-04:00,2026-07-15T22:59:59-04:00
Sobeys,8017066,Fresh Beef Kabobs with Vegetables,19.99,2026-07-09T00:00:00-04:00,2026-07-15T22:59:59-04:00
Sobeys,8017066,Jumbo Cherries,3.44,2026-07-09T00:00:00-04:00,2026-07-15T22:59:59-04:00
Sobeys,8017066,Clamato,4.49,2026-07-09T00:00:00-04:00,2026-07-15T22:59:59-04:00
Sobeys,8017066,Mini Croissants,2.99,2026-07-09T00:00:00-04:00,2026-07-15T22:59:59-04:00
Sobeys,8017066,COMPLIMENTS Salads,9.99,2026-07-09T00:00:00-04:00,2026-07-15T22:59:59-04:00
Sobeys,8017066,Fresh Extra Lean Ground Beef,8.99,2026-07-09T00:00:00-04:00,2026-07-15T22:59:59-04:00
Sobeys,8017066,Fresh Boneless Striploin Grilling Steaks,15.99,2026-07-09T00:00:00-04:00,2026-07-15T22:59:59-04:00
Sobeys,8017066,Jumbo Cereal,8.99,2026-07-09T00:00:00-04:00,2026-07-15T22:59:59-04:00
Sobeys,8017066,DINNER,12.0,2026-07-09T00:00:00-04:00,2026-07-15T22:59:59-04:00
Sobeys,8017066,"COMPLIMENTS Montreal Smoked Meat, Roast Beef, Corned Beef or Pastrami",3.79,2026-07-09T00:00:00-04:00,2026-07-15T22:59:59-04:00
Sobeys,8017066,Wieners,3.99,2026-07-09T00:00:00-04:00,2026-07-15T22:59:59-04:00
Sobeys,8017066,Laundry Detergent,10.99,2026-07-09T00:00:00-04:00,2026-07-15T22:59:59-04:00
Sobeys,8017066,Snacking or Mini Crackers,5.0,2026-07-09T00:00:00-04:00,2026-07-15T22:59:59-04:00
Sobeys,8017066,Tubs,8.99,2026-07-09T00:00:00-04:00,2026-07-15T22:59:59-04:00
Sobeys,8017066,Persimmon Case,9.99,2026-07-09T00:00:00-04:00,2026-07-15T22:59:59-04:00
Sobeys,8017066,COMPLIMENTS Soda Crackers,3.99,2026-07-09T00:00:00-04:00,2026-07-15T22:59:59-04:00
Sobeys,8017066,AI Pastor Pulled Pork Selected Flatbreads,7.0,2026-07-09T00:00:00-04:00,2026-07-15T22:59:59-04:00
Sobeys,8017066,Chicken Taco Kit,2.09,2026-07-09T00:00:00-04:00,2026-07-15T22:59:59-04:00
Sobeys,8017066,COMPLIMENTS Bagged Chocolate,4.0,2026-07-09T00:00:00-04:00,2026-07-15T22:59:59-04:00
Sobeys,8017066,Pizza Pops,21.49,2026-07-09T00:00:00-04:00,2026-07-15T22:59:59-04:00
Sobeys,8017066,COMPLIMENTS Frozt Bite'z,4.99,2026-07-09T00:00:00-04:00,2026-07-15T22:59:59-04:00
Sobeys,8017066,COMPLIMENTS Instant Oatmeal,7.0,2026-07-09T00:00:00-04:00,2026-07-15T22:59:59-04:00
Sobeys,8017066,"ILE DE FRANCE Brie or Camembert 125 g, Mini Brie Snacks 125 g or Sliced Brie 150 g",7.49,2026-07-09T00:00:00-04:00,2026-07-15T22:59:59-04:00
Sobeys,8017066,Chicken Wieners,2.49,2026-07-09T00:00:00-04:00,2026-07-15T22:59:59-04:00
Sobeys,8017066,CLOROX Clean-Up or All Purpose Cleaners,4.99,2026-07-09T00:00:00-04:00,2026-07-15T22:59:59-04:00
Sobeys,8017066,GERBER Assorted Snacks 28-150 g or CERELAC Biscuits 160 g,4.89,2026-07-09T00:00:00-04:00,2026-07-15T22:59:59-04:00
Sobeys,8017066,Comfort Chews Dog Treats,7.99,2026-07-09T00:00:00-04:00,2026-07-15T22:59:59-04:00
Sobeys,8017066,Keuring K-Cups® Pods,22.99,2026-07-09T00:00:00-04:00,2026-07-15T22:59:59-04:00
Sobeys,8017066,COMPLIMENTS Strawberry or Raspberry Jam,9.99,2026-07-09T00:00:00-04:00,2026-07-15T22:59:59-04:00
Sobeys,8017066,Al Pastor Style Loaded Fries,6.99,2026-07-09T00:00:00-04:00,2026-07-15T22:59:59-04:00
Sobeys,8017066,Al Pastor Pulled Pork Gourmet Sandwich or Selected,8.99,2026-07-09T00:00:00-04:00,2026-07-15T22:59:59-04:00
Sobeys,8017066,Spring Water,2.19,2026-07-09T00:00:00-04:00,2026-07-15T22:59:59-04:00
Sobeys,8017066,ULTRA NATURAL Fair Trade Honduras Cooked Shrimp with Garlic & Parsley or Asian-Style Marinade,11.99,2026-07-09T00:00:00-04:00,2026-07-15T22:59:59-04:00
Sobeys,8017066,Small Bar Cakes,7.99,2026-07-09T00:00:00-04:00,2026-07-15T22:59:59-04:00
Sobeys,8017066,Tree-Ripened Yellow or White Flesh Nectarines,5.47,2026-07-09T00:00:00-04:00,2026-07-15T22:59:59-04:00
Sobeys,8017066,Raspberries,4.79,2026-07-09T00:00:00-04:00,2026-07-15T22:59:59-04:00
Sobeys,8017066,COMPLIMENTS Cozy Coop Large White Eggs,4.99,2026-07-09T00:00:00-04:00,2026-07-15T22:59:59-04:00
Sobeys,8017066,COMPLIMENTS Cheese Slices,4.99,2026-07-09T00:00:00-04:00,2026-07-15T22:59:59-04:00
Sobeys,8017066,CHEF BOYARDEE,5.49,2026-07-09T00:00:00-04:00,2026-07-15T22:59:59-04:00
Sobeys,8017066,Protein + Recovery,47.99,2026-07-09T00:00:00-04:00,2026-07-15T22:59:59-04:00
Sobeys,8017066,Napa Cabbage or Bok Choy,1.49,2026-07-09T00:00:00-04:00,2026-07-15T22:59:59-04:00
Sobeys,8017066,"Chicken Wings, Breaded or Naked, Sauced or Unsauced",1.79,2026-07-09T00:00:00-04:00,2026-07-15T22:59:59-04:00
Sobeys,8017066,Tropical Juice Blends,3.99,2026-07-09T00:00:00-04:00,2026-07-15T22:59:59-04:00
Sobeys,8017066,Biscuits,1.29,2026-07-09T00:00:00-04:00,2026-07-15T22:59:59-04:00
Sobeys,8017066,Sliced Italian Deli Meats,8.99,2026-07-09T00:00:00-04:00,2026-07-15T22:59:59-04:00
Sobeys,8017066,Instant Noodles or Chow Mein,2.99,2026-07-09T00:00:00-04:00,2026-07-15T22:59:59-04:00
Sobeys,8017066,Sushi Seaweed,2.79,2026-07-09T00:00:00-04:00,2026-07-15T22:59:59-04:00
Sobeys,8017066,Dragon Fruit,3.99,2026-07-09T00:00:00-04:00,2026-07-15T22:59:59-04:00
Sobeys,8017066,COMPLIMENTS Laundry Scent Booster Beads,8.49,2026-07-09T00:00:00-04:00,2026-07-15T22:59:59-04:00
Sobeys,8017066,Sparkling Water,12.0,2026-08-12T00:00:00-04:00,2026-07-15T22:59:59-04:00
Sobeys,8017066,Donuts Mix,4.99,2026-07-09T00:00:00-04:00,2026-07-15T22:59:59-04:00
Sobeys,8017066,COLGATE Total or Whitening Toothpaste,2.99,2026-07-09T00:00:00-04:00,2026-07-15T22:59:59-04:00
Sobeys,8017066,PEACE TEA,7.99,2026-07-09T00:00:00-04:00,2026-07-15T22:59:59-04:00
Sobeys,8017066,Fresh Pork Tenderloin Kabobs with Vegetables,5.99,2026-07-09T00:00:00-04:00,2026-07-15T22:59:59-04:00
Sobeys,8017066,COMPLIMENTS Bleach,3.99,2026-07-09T00:00:00-04:00,2026-07-15T22:59:59-04:00
Sobeys,8017066,Pasta Sauce,6.99,2026-07-09T00:00:00-04:00,2026-07-15T22:59:59-04:00
Sobeys,8017066,Gala Apples,2.47,2026-07-09T00:00:00-04:00,2026-07-15T22:59:59-04:00
Sobeys,8017066,INTERNATIONAL DELIGHT,5.99,2026-07-09T00:00:00-04:00,2026-07-15T22:59:59-04:00
Sobeys,8017066,INDIA GATE Feast Rozzana Rice,14.99,2026-07-09T00:00:00-04:00,2026-07-15T22:59:59-04:00
Sobeys,8017066,Toothpaste or Toothbrushes,6.99,2026-07-09T00:00:00-04:00,2026-07-15T22:59:59-04:00
