merchant,flyer_id,name,price,valid_from,valid_to
Walmart,8079593,Webber Naturals Omega-3 80s,18.97,2026-08-13T00:00:00-04:00,2026-08-19T23:59:59-04:00
Walmart,8079593,Tide Simply laundry detergent,7.97,2026-08-13T00:00:00-04:00,2026-08-19T23:59:59-04:00
Walmart,8079593,Tide Simply laundry detergent,7.97,2026-08-13T00:00:00-04:00,2026-08-19T23:59:59-04:00
Walmart,8079593,Air Wick small bundle,4.97,2026-08-13T00:00:00-04:00,2026-08-19T23:59:59-04:00
Walmart,8079593,Cesar wet dog food,16.47,2026-08-13T00:00:00-04:00,2026-08-19T23:59:59-04:00
Walmart,8079593,4-Piece personal blender,19.98,2026-08-13T00:00:00-04:00,2026-08-19T23:59:59-04:00
Walmart,8079593,Thermos Funtainer bottle 10-oz,17.97,2026-08-13T00:00:00-04:00,2026-08-19T23:59:59-04:00
Walmart,8079593,Cheez-It crackers,1.97,2026-08-13T00:00:00-04:00,2026-08-19T23:59:59-04:00
Walmart,8079593,"Greenworks 80V 17"" Brushless Cordless Push Lawn Mower, 2.0 Ah Battery and Charger Included [75+ Compatible Tools]",424.99,2026-08-13T00:00:00-04:00,2026-08-19T23:59:59-04:00
Walmart,8079593,Cesar wet dog food,16.47,2026-08-13T00:00:00-04:00,2026-08-19T23:59:59-04:00
Walmart,8079593,Sharpie bullet-tip creative markers 5-pack.,10.98,2026-08-13T00:00:00-04:00,2026-08-19T23:59:59-04:00
Walmart,8079593,Head & Shoulders shampoo or conditioner,10.47,2026-08-13T00:00:00-04:00,2026-08-19T23:59:59-04:00
Walmart,8079593,Kids' licensed graphic tee,10.0,2026-08-13T00:00:00-04:00,2026-08-19T23:59:59-04:00
Walmart,8079593,Jetstream Backpack,19.97,2026-08-13T00:00:00-04:00,2026-08-19T23:59:59-04:00
Walmart,8079593,Scosche magnetic wireless phone charger,34.98,2026-08-13T00:00:00-04:00,2026-08-19T23:59:59-04:00
Walmart,8079593,Steve Madden backpack,34.97,2026-08-13T00:00:00-04:00,2026-08-19T23:59:59-04:00
Walmart,8079593,RITZ Handi-Snacks crackers 'n cheesy dip,9.48,2026-08-13T00:00:00-04:00,2026-08-19T23:59:59-04:00
Walmart,8079593,"5th Wheel WLB17 adults' 26"" electric bike",519.99,2026-08-13T00:00:00-04:00,2026-08-19T23:59:59-04:00
Walmart,8079593,Great Value 3-ply facial tissues,7.94,2026-08-13T00:00:00-04:00,2026-08-19T23:59:59-04:00
Walmart,8079593,"onn. 8"" Kids' tablet",149.98,2026-08-13T00:00:00-04:00,2026-08-19T23:59:59-04:00
Walmart,8079593,Dream On Me Osko convertible toddler bed,99.0,2026-08-13T00:00:00-04:00,2026-08-19T23:59:59-04:00
Walmart,8079593,Graco Ready2Grow 2.0 double stroller,319.0,2026-08-13T00:00:00-04:00,2026-08-19T23:59:59-04:00
Walmart,8079593,Conair 1875 W double ceramic hair dryer,29.97,2026-08-13T00:00:00-04:00,2026-08-19T23:59:59-04:00
Walmart,8079593,Kraft Dinner Deluxe Entrees,5.47,2026-08-13T00:00:00-04:00,2026-08-19T23:59:59-04:00
Walmart,8079593,Garnier Fructis Shampoo or Conditioner,3.98,2026-08-13T00:00:00-04:00,2026-08-19T23:59:59-04:00
Walmart,8079593,JBuds Wireless mouse,29.98,2026-08-13T00:00:00-04:00,2026-08-19T23:59:59-04:00
Walmart,8079593,Canon PIXMA TS3720 wireless all-in-one printer,47.98,2026-08-13T00:00:00-04:00,2026-08-19T23:59:59-04:00
Walmart,8079593,Taco Bell Meal Kits,4.47,2026-08-13T00:00:00-04:00,2026-08-19T23:59:59-04:00
Walmart,8079593,Canon PIXMA TR7122 wireless printer,99.98,2026-08-13T00:00:00-04:00,2026-08-19T23:59:59-04:00
Walmart,8079593,Old Spice deodorant 85 g,4.97,2026-08-13T00:00:00-04:00,2026-08-19T23:59:59-04:00
Walmart,8079593,Kraft Dinner Deluxe entrees,5.47,2026-08-13T00:00:00-04:00,2026-08-19T23:59:59-04:00
Walmart,8079593,"Dell 14"" productivity laptop",1098.0,2026-08-13T00:00:00-04:00,2026-08-19T23:59:59-04:00
Walmart,8079593,"KPop Demon Hunters pencil cases, notebooks or journals",7.97,2026-08-13T00:00:00-04:00,2026-08-19T23:59:59-04:00
Walmart,8079593,Pen+Gear binders,4.97,2026-08-13T00:00:00-04:00,2026-08-19T23:59:59-04:00
Walmart,8079593,Pen+Gear binders,4.97,2026-08-13T00:00:00-04:00,2026-08-19T23:59:59-04:00
Walmart,8079593,Black Diamond cheese block shreds,4.92,2026-08-13T00:00:00-04:00,2026-08-19T23:59:59-04:00
Walmart,8079593,General Mills family size cereal,4.97,2026-08-13T00:00:00-04:00,2026-08-19T23:59:59-04:00
Walmart,8079593,Sensible Portion Garden Veggie Straws,2.96,2026-08-13T00:00:00-04:00,2026-08-19T23:59:59-04:00
Walmart,8079593,BaiXiang instant noodles,4.98,2026-08-13T00:00:00-04:00,2026-08-19T23:59:59-04:00
Walmart,8079593,Dinnerware,6.38,2026-08-13T00:00:00-04:00,2026-08-19T23:59:59-04:00
Walmart,8079593,Dome lunchbag,15.97,2026-08-13T00:00:00-04:00,2026-08-19T23:59:59-04:00
Walmart,8079593,Cool Gear,6.98,2026-08-13T00:00:00-04:00,2026-08-19T23:59:59-04:00
Walmart,8079593,Snack Pack puddings,1.98,2026-08-13T00:00:00-04:00,2026-08-19T23:59:59-04:00
Walmart,8079593,Fuze raspberry iced tea,2.77,2026-08-13T00:00:00-04:00,2026-08-19T23:59:59-04:00
Walmart,8079593,Yoplait Tubes yogurt,2.47,2026-08-13T00:00:00-04:00,2026-08-19T23:59:59-04:00
Walmart,8079593,Oasis or juice boxes,3.47,2026-08-13T00:00:00-04:00,2026-08-19T23:59:59-04:00
Walmart,8079593,Swanson fettuccini Alfredo or cheesy rice with broccoli & chicken frozen entrees,4.97,2026-08-13T00:00:00-04:00,2026-08-19T23:59:59-04:00
Walmart,8079593,Premier Protein Al'mazing vanilla or coffee non-dairy shakes,12.97,2026-08-13T00:00:00-04:00,2026-08-19T23:59:59-04:00
Walmart,8079593,Kruzer 200 folding scooter,99.97,2026-08-13T00:00:00-04:00,2026-08-19T23:59:59-04:00
Walmart,8079593,"Phoenix adults' 27.5"" electric bike",698.0,2026-08-13T00:00:00-04:00,2026-08-19T23:59:59-04:00
Walmart,8079593,OxiClean MaxForce Laundry Stain Remover Spray,7.47,2026-08-13T00:00:00-04:00,2026-08-19T23:59:59-04:00
Walmart,8079593,Palmolive dish soap,1.97,2026-08-13T00:00:00-04:00,2026-08-19T23:59:59-04:00
Walmart,8079593,Parent's Choice wipes,19.94,2026-08-13T00:00:00-04:00,2026-08-19T23:59:59-04:00
Walmart,8079593,Graco 4Ever DLX Grad 5-in-1 convertible car seat,480.0,2026-08-13T00:00:00-04:00,2026-08-19T23:59:59-04:00
Walmart,8079593,Maybelline New York Fit Me concealers and powders,11.48,2026-08-13T00:00:00-04:00,2026-08-19T23:59:59-04:00
Walmart,8079593,Olay Regenerist micro-sculpting face cream,31.96,2026-08-13T00:00:00-04:00,2026-08-19T23:59:59-04:00
Walmart,8079593,Maui conditioner,9.93,2026-08-13T00:00:00-04:00,2026-08-19T23:59:59-04:00
Walmart,8079593,Pine-Sol multi-surface cleaner,11.97,2026-08-13T00:00:00-04:00,2026-08-19T23:59:59-04:00
Walmart,8079593,Charmin bathroom tissue,21.98,2026-08-13T00:00:00-04:00,2026-08-19T23:59:59-04:00
Walmart,8079593,Charmin bathroom tissue,21.98,2026-08-13T00:00:00-04:00,2026-08-19T23:59:59-04:00
Walmart,8079593,Air Wick small bundle,4.97,2026-08-13T00:00:00-04:00,2026-08-19T23:59:59-04:00
Walmart,8079593,Temptations cat treats 180 g or lickable singles 40 g or 48 g,2.58,2026-08-13T00:00:00-04:00,2026-08-19T23:59:59-04:00
Walmart,8079593,Blueberries,3.84,2026-08-13T00:00:00-04:00,2026-08-19T23:59:59-04:00
Walmart,8079593,Bounty paper towels 4 = 12 rolls 2,14.98,2026-08-13T00:00:00-04:00,2026-08-19T23:59:59-04:00
Walmart,8079593,Pine-Sol multi-surface cleaner,11.97,2026-08-13T00:00:00-04:00,2026-08-19T23:59:59-04:00
Walmart,8079593,Glad black garbage bags,10.97,2026-08-13T00:00:00-04:00,2026-08-19T23:59:59-04:00
Walmart,8079593,Special Kitty health monitoring cat litter,16.97,2026-08-13T00:00:00-04:00,2026-08-19T23:59:59-04:00
Walmart,8079593,Beggin' dog treats!,8.47,2026-08-13T00:00:00-04:00,2026-08-19T23:59:59-04:00
Walmart,8079593,Watson Ridge chicken nuggets,5.97,2026-08-13T00:00:00-04:00,2026-08-19T23:59:59-04:00
Walmart,8079593,Broccoli stalks,3.44,2026-08-13T00:00:00-04:00,2026-08-19T23:59:59-04:00
Walmart,8079593,Marcangelo fresh chicken kabobs,9.97,2026-08-13T00:00:00-04:00,2026-08-19T23:59:59-04:00
Walmart,8079593,Marutai vegetarian ramen,2.98,2026-08-13T00:00:00-04:00,2026-08-19T23:59:59-04:00
Walmart,8079593,Pure Protein bars,19.47,2026-08-13T00:00:00-04:00,2026-08-19T23:59:59-04:00
Walmart,8079593,Similac 360 Total Care step 1 or 2 powder infant formula,59.98,2026-08-13T00:00:00-04:00,2026-08-19T23:59:59-04:00
Walmart,8079593,Pampers EasyUps training underwear,36.94,2026-08-13T00:00:00-04:00,2026-08-19T23:59:59-04:00
Walmart,8079593,Enfamil A+ NeuroPro Gentlease 2 x 431 g powder formula refill,65.47,2026-08-13T00:00:00-04:00,2026-08-19T23:59:59-04:00
Walmart,8079593,Pure Protein bars,19.47,2026-08-13T00:00:00-04:00,2026-08-19T23:59:59-04:00
Walmart,8079593,fx-300MS Plus-2 scientific calculator,14.97,2026-08-13T00:00:00-04:00,2026-08-19T23:59:59-04:00
Walmart,8079593,Advil Liqui-Gels,13.83,2026-08-13T00:00:00-04:00,2026-08-19T23:59:59-04:00
Walmart,8079593,Staedtler Graphite Pencils,2.0,2026-08-13T00:00:00-04:00,2026-08-19T23:59:59-04:00
Walmart,8079593,"Acer Aspire Lite 15.6"" Full HD IPS Laptop",499.98,2026-08-13T00:00:00-04:00,2026-08-19T23:59:59-04:00
Walmart,8079593,EA Sports Madden NFL 27 for PlayStation 5,89.96,2026-08-13T00:00:00-04:00,2026-08-19T23:59:59-04:00
Walmart,8079593,Funtainer 12-oz. bottle or 10-OZ. food jar,17.97,2026-08-13T00:00:00-04:00,2026-08-19T23:59:59-04:00
Walmart,8079593,Propane cylinders,29.88,2026-08-13T00:00:00-04:00,2026-08-19T23:59:59-04:00
Walmart,8079593,Kids' indoor/outdoor slippers,18.0,2026-08-13T00:00:00-04:00,2026-08-19T23:59:59-04:00
Walmart,8079593,Keurig K-Express Essentials single-serve coffeemaker,74.98,2026-08-13T00:00:00-04:00,2026-08-19T23:59:59-04:00
Walmart,8079593,"MERACH 3.5HP Treadmill with 15% Auto Incline, Folding Treadmill for Home with Bluetooth Speaker, APP, 350 lbs Capacity",527.99,2026-08-13T00:00:00-04:00,2026-08-19T23:59:59-04:00
Walmart,8079593,"MERACH 3.5HP Treadmill with 15% Auto Incline, Folding Treadmill for Home with Bluetooth Speaker, APP, 350 lbs Capacity",527.99,2026-08-13T00:00:00-04:00,2026-08-19T23:59:59-04:00
Walmart,8079593,"Quook Baby Food Maker, Bottle Warmer and Sterilizer by Quark",134.99,2026-08-13T00:00:00-04:00,2026-08-19T23:59:59-04:00
Walmart,8079593,Selected Stationery,3.0,2026-08-13T00:00:00-04:00,2026-08-19T23:59:59-04:00
Walmart,8079593,4-Piece backpack set,16.97,2026-08-13T00:00:00-04:00,2026-08-19T23:59:59-04:00
Walmart,8079593,JLab JBuddies Studio 2 wired headphones,14.98,2026-08-13T00:00:00-04:00,2026-08-19T23:59:59-04:00
Walmart,8079593,onn. 30W I-port USB-C charger with 3' Type-C cable,27.98,2026-08-13T00:00:00-04:00,2026-08-19T23:59:59-04:00
Walmart,8079593,HP M110W Laser Printer,99.98,2026-08-13T00:00:00-04:00,2026-08-19T23:59:59-04:00
Walmart,8079593,Canon imageCLASS MF3010 laser printer,99.98,2026-08-13T00:00:00-04:00,2026-08-19T23:59:59-04:00
Walmart,8079593,Sharpie original 12-pack,7.98,2026-08-13T00:00:00-04:00,2026-08-19T23:59:59-04:00
Walmart,8079593,Pen+Gear school list kit,16.98,2026-08-13T00:00:00-04:00,2026-08-19T23:59:59-04:00
Walmart,8079593,Jetstream 3-Piece backpack set,24.97,2026-08-13T00:00:00-04:00,2026-08-19T23:59:59-04:00
Walmart,8079593,Sharpie Toy Story 5 permanent markers,3.48,2026-08-13T00:00:00-04:00,2026-08-19T23:59:59-04:00
Walmart,8079593,Snack Pack puddings,1.98,2026-08-13T00:00:00-04:00,2026-08-19T23:59:59-04:00
Walmart,8079593,Finish Quantum dishwasher detergent,19.97,2026-08-13T00:00:00-04:00,2026-08-19T23:59:59-04:00
Walmart,8079593,Royale facial tissue Pack.,19.97,2026-08-13T00:00:00-04:00,2026-08-19T23:59:59-04:00
Walmart,8079593,Rascals premium superpack diapers,21.88,2026-08-13T00:00:00-04:00,2026-08-19T23:59:59-04:00
Walmart,8079593,Royale facial tissue,19.97,2026-08-13T00:00:00-04:00,2026-08-19T23:59:59-04:00
Walmart,8079593,Swiffer Sweep + Mop Wet Pads Refills 24s,9.97,2026-08-13T00:00:00-04:00,2026-08-19T23:59:59-04:00
Walmart,8079593,Beggin' dog treats,8.47,2026-08-13T00:00:00-04:00,2026-08-19T23:59:59-04:00
Walmart,8079593,Hero Mighty Patch 10s,12.67,2026-08-13T00:00:00-04:00,2026-08-19T23:59:59-04:00
Walmart,8079593,Precise Pain Relief Cream,16.34,2026-08-13T00:00:00-04:00,2026-08-19T23:59:59-04:00
Walmart,8079593,Taco Bell Dips,5.47,2026-08-13T00:00:00-04:00,2026-08-19T23:59:59-04:00
Walmart,8079593,Downy Unstopables scent booster,18.97,2026-08-13T00:00:00-04:00,2026-08-19T23:59:59-04:00
Walmart,8079593,Kraft Dinner Cheesy Ramen,3.47,2026-08-13T00:00:00-04:00,2026-08-19T23:59:59-04:00
Walmart,8079593,Black & White bathroom tissue or paper towel,4.94,2026-08-13T00:00:00-04:00,2026-08-19T23:59:59-04:00
Walmart,8079593,Maple Leaf fresh air-chilled boneless skinless chicken thighs 12-pack,7.75,2026-08-13T00:00:00-04:00,2026-08-19T23:59:59-04:00
Walmart,8079593,Nestlé chocolate pieces,3.98,2026-08-13T00:00:00-04:00,2026-08-19T23:59:59-04:00
Walmart,8079593,Sour Patch Kids candy,3.98,2026-08-13T00:00:00-04:00,2026-08-19T23:59:59-04:00
Walmart,8079593,Kraft Dinner cheesy ramen,3.47,2026-08-13T00:00:00-04:00,2026-08-19T23:59:59-04:00
Walmart,8079593,"65"" UA7500 4K Smart TV",598.0,2026-08-13T00:00:00-04:00,2026-08-19T23:59:59-04:00
Walmart,8079593,Mainstays Density pillow,10.47,2026-08-13T00:00:00-04:00,2026-08-19T23:59:59-04:00
Walmart,8079593,Kids' or toddlers' licensed athletic shoes,29.97,2026-08-13T00:00:00-04:00,2026-08-19T23:59:59-04:00
Walmart,8079593,George Kids' fashion boots,29.0,2026-08-13T00:00:00-04:00,2026-08-19T23:59:59-04:00
Walmart,8079593,Kids' licensed graphic tee,10.0,2026-08-13T00:00:00-04:00,2026-08-19T23:59:59-04:00
Walmart,8079593,Hamilton Beach 4-Slice stainless steel toaster oven,24.97,2026-08-13T00:00:00-04:00,2026-08-19T23:59:59-04:00
Walmart,8079593,"ZDZA Electric Bike 26"", 1000W Peak Motor E-Mountain Bike, 35KM/H 36V 10.4AH Removable Ebike for Adults, 7 Speed Electric Bicycle UL2849",483.99,2026-08-13T00:00:00-04:00,2026-08-19T23:59:59-04:00
Walmart,8079593,"GE 14,000 BTU ASHRAE Portable Air Conditioner with Cooling & Heating functions - APSA13YBMW",579.0,2026-08-13T00:00:00-04:00,2026-08-19T23:59:59-04:00
Walmart,8079593,Selected Stationery,2.0,2026-08-13T00:00:00-04:00,2026-08-19T23:59:59-04:00
Walmart,8079593,SpongeTowels UltraPRO paper towel,19.98,2026-08-13T00:00:00-04:00,2026-08-19T23:59:59-04:00
Walmart,8079593,Dime 3 XT true wireless earbuds,29.98,2026-08-13T00:00:00-04:00,2026-08-19T23:59:59-04:00
Walmart,8079593,Swiffer Mop wet pads refill 24s,9.97,2026-08-13T00:00:00-04:00,2026-08-19T23:59:59-04:00
Walmart,8079593,Whiskas pate 24 x 100 g wet cat food variety pack,24.98,2026-08-13T00:00:00-04:00,2026-08-19T23:59:59-04:00
Walmart,8079593,Special Kitty clumping cat litter,10.48,2026-08-13T00:00:00-04:00,2026-08-19T23:59:59-04:00
Walmart,8079593,IAMS Dry Dog Food,53.98,2026-08-13T00:00:00-04:00,2026-08-19T23:59:59-04:00
Walmart,8079593,Logitech wireless keyboard and mouse,29.98,2026-08-13T00:00:00-04:00,2026-08-19T23:59:59-04:00
Walmart,8079593,"Acer Iconia A10 Gen2 10.1"" tablet",179.98,2026-08-13T00:00:00-04:00,2026-08-19T23:59:59-04:00
Walmart,8079593,Webber Naturals Omega 3-6-9 180s,18.97,2026-08-13T00:00:00-04:00,2026-08-19T23:59:59-04:00
Walmart,8079593,Buckley's Complete syrup,15.17,2026-08-13T00:00:00-04:00,2026-08-19T23:59:59-04:00
Walmart,8079593,Pen+Gear laminator,24.97,2026-08-13T00:00:00-04:00,2026-08-19T23:59:59-04:00
Walmart,8079593,Jetstream 3-Piece backpack set,24.97,2026-08-13T00:00:00-04:00,2026-08-19T23:59:59-04:00
Walmart,8079593,Dual-compartment lunch bag,16.97,2026-08-13T00:00:00-04:00,2026-08-19T23:59:59-04:00
Walmart,8079593,PlayStation 5 slim disc console 1TB,819.96,2026-08-13T00:00:00-04:00,2026-08-19T23:59:59-04:00
Walmart,8079593,Kids' scissors,1.0,2026-08-13T00:00:00-04:00,2026-08-19T23:59:59-04:00
Walmart,8079593,Great Value zipper seal freezer bags,4.94,2026-08-13T00:00:00-04:00,2026-08-19T23:59:59-04:00
Walmart,8079593,Funtainer 12-oz. bottle or IO-OZ. food jar,17.97,2026-08-13T00:00:00-04:00,2026-08-19T23:59:59-04:00
Walmart,8079593,RITZ family size crackers,4.48,2026-08-13T00:00:00-04:00,2026-08-19T23:59:59-04:00
Walmart,8079593,Nature's Path Love Crunch organic protein chocolate and almond butter or strawberry cheesecake granola,5.98,2026-08-13T00:00:00-04:00,2026-08-19T23:59:59-04:00
Walmart,8079593,vega protein shake 4-pack,14.97,2026-08-13T00:00:00-04:00,2026-08-19T23:59:59-04:00
Walmart,8079593,Kids' athletic shoes,24.0,2026-08-13T00:00:00-04:00,2026-08-19T23:59:59-04:00
Walmart,8079593,"Phoenix adults' 27.5"" electric bike",698.0,2026-08-13T00:00:00-04:00,2026-08-19T23:59:59-04:00
Walmart,8079593,"Acer Chromebook 315, 15.6"" HD Laptop in Silver, Powered by Intel Pentium N6000 4 Core, 4GBLPDDR4X, 128GB eMMC, Chrome OS, with Protective Sleeve",339.99,2026-08-13T00:00:00-04:00,2026-08-19T23:59:59-04:00
Walmart,8079593,Lysol toilet bowl cleaner or multi-surface pours,3.97,2026-08-13T00:00:00-04:00,2026-08-19T23:59:59-04:00
Walmart,8079593,Finish Quantum dishwasher detergent,19.97,2026-08-13T00:00:00-04:00,2026-08-19T23:59:59-04:00
Walmart,8079593,Whiskas dry cat food,6.98,2026-08-13T00:00:00-04:00,2026-08-19T23:59:59-04:00
Walmart,8079593,Whiskas Perfect Portions 24 x 75 g,24.98,2026-08-13T00:00:00-04:00,2026-08-19T23:59:59-04:00
Walmart,8079593,HP DeskJet 2942 all-in-one printer,49.98,2026-08-13T00:00:00-04:00,2026-08-19T23:59:59-04:00
Walmart,8079593,L. Ultra Thin Overnight Pads 36s or Multipack Tampons 30s,12.47,2026-08-13T00:00:00-04:00,2026-08-19T23:59:59-04:00
Walmart,8079593,General Mills KPop Demon Hunters cereal,3.97,2026-08-13T00:00:00-04:00,2026-08-19T23:59:59-04:00
Walmart,8079593,Great Value bacon,5.47,2026-08-13T00:00:00-04:00,2026-08-19T23:59:59-04:00
Walmart,8079593,Taco Bell meal kits,4.47,2026-08-13T00:00:00-04:00,2026-08-19T23:59:59-04:00
Walmart,8079593,3M Command value packs,11.97,2026-08-13T00:00:00-04:00,2026-08-19T23:59:59-04:00
Walmart,8079593,ACT II microwave gourmet popcorn,2.47,2026-08-13T00:00:00-04:00,2026-08-19T23:59:59-04:00
Walmart,8079593,Bush's beans,1.84,2026-08-13T00:00:00-04:00,2026-08-19T23:59:59-04:00
Walmart,8079593,OREO Original or Bubble Tea cookies,2.98,2026-08-13T00:00:00-04:00,2026-08-19T23:59:59-04:00
Walmart,8079593,OREO Mini Snak Paks Pack.,2.48,2026-08-13T00:00:00-04:00,2026-08-19T23:59:59-04:00
Walmart,8079593,Janes Ultimates chicken wings,11.47,2026-08-13T00:00:00-04:00,2026-08-19T23:59:59-04:00
Walmart,8079593,Dr. Oetker Giuseppe Pizzeria thin crust frozen pizza,5.84,2026-08-13T00:00:00-04:00,2026-08-19T23:59:59-04:00
Walmart,8079593,Great Value frozen appetizers value packs,9.98,2026-08-13T00:00:00-04:00,2026-08-19T23:59:59-04:00
Walmart,8079593,Nutella hazelnut or peanut,8.47,2026-08-13T00:00:00-04:00,2026-08-19T23:59:59-04:00
Walmart,8079593,"OGX shampoo, conditioner or treatments",7.97,2026-08-13T00:00:00-04:00,2026-08-19T23:59:59-04:00
Walmart,8079593,Huggies superpack diapers,26.98,2026-08-13T00:00:00-04:00,2026-08-19T23:59:59-04:00
Walmart,8079593,Whiskas dry cat food,6.98,2026-08-13T00:00:00-04:00,2026-08-19T23:59:59-04:00
Walmart,8079593,Special Kitty health monitoring cat litter,16.97,2026-08-13T00:00:00-04:00,2026-08-19T23:59:59-04:00
Walmart,8079593,Special Kitty clumping cat litter,10.48,2026-08-13T00:00:00-04:00,2026-08-19T23:59:59-04:00
Walmart,8079593,Temptations cat treats 180 g,2.58,2026-08-13T00:00:00-04:00,2026-08-19T23:59:59-04:00
Walmart,8079593,IAMS dry dog food,53.98,2026-08-13T00:00:00-04:00,2026-08-19T23:59:59-04:00
Walmart,8079593,Downy Unstopables scent booster,18.97,2026-08-13T00:00:00-04:00,2026-08-19T23:59:59-04:00
Walmart,8079593,"Olymel mild Italian, hot Italian or bratwurst sausages",4.97,2026-08-13T00:00:00-04:00,2026-08-19T23:59:59-04:00
Walmart,8079593,Schneiders Half Ham,10.97,2026-08-13T00:00:00-04:00,2026-08-19T23:59:59-04:00
Walmart,8079593,Pedialyte Electrolyte Oral Rehydration Solution,8.97,2026-08-13T00:00:00-04:00,2026-08-19T23:59:59-04:00
Walmart,8079593,Idahoan instant mashed potatoes,1.77,2026-08-13T00:00:00-04:00,2026-08-19T23:59:59-04:00
Walmart,8079593,Crest Mouthwash 1 L,6.97,2026-08-13T00:00:00-04:00,2026-08-19T23:59:59-04:00
Walmart,8079593,Samsung Galaxy Tab S10 Lite 128GB,369.98,2026-08-13T00:00:00-04:00,2026-08-19T23:59:59-04:00
Walmart,8079593,Kids' or toddlers' athletic shoes,15.0,2026-08-13T00:00:00-04:00,2026-08-19T23:59:59-04:00
Walmart,8079593,Dinnerware,6.38,2026-08-13T00:00:00-04:00,2026-08-19T23:59:59-04:00
Walmart,8079593,5-Pack School Uniform Tagless Polo Tshirt for Little Boys & Big Boys,57.99,2026-08-13T00:00:00-04:00,2026-08-19T23:59:59-04:00
Walmart,8079593,"KPop Demon Hunters pencil cases, notebooks or journals",7.97,2026-08-13T00:00:00-04:00,2026-08-19T23:59:59-04:00
Walmart,8079593,"onn. 24"" Full HD monitor",109.98,2026-08-13T00:00:00-04:00,2026-08-19T23:59:59-04:00
Walmart,8079593,Equate high protein meal replacement shakes,10.97,2026-08-13T00:00:00-04:00,2026-08-19T23:59:59-04:00
Walmart,8079593,Super Sticky Notes,3.66,2026-08-13T00:00:00-04:00,2026-08-19T23:59:59-04:00
Walmart,8079593,Licensed pencil boxes,11.98,2026-08-13T00:00:00-04:00,2026-08-19T23:59:59-04:00
Walmart,8079593,Elmer's Toy Story 5 glue,2.48,2026-08-13T00:00:00-04:00,2026-08-19T23:59:59-04:00
Walmart,8079593,Decorative regular mouth 500 mL or 250 mL Mason jars with lids and bands,14.97,2026-08-13T00:00:00-04:00,2026-08-19T23:59:59-04:00
Walmart,8079593,Dual-compartment lunch bag,16.97,2026-08-13T00:00:00-04:00,2026-08-19T23:59:59-04:00
Walmart,8079593,Athletic Works Kids' or toddlers' athletic shoes,15.0,2026-08-13T00:00:00-04:00,2026-08-19T23:59:59-04:00
Walmart,8079593,"PowerSmart Portable Gas Powered Generator 3600W, CO Detect USB Output, Low Noise for Camping & Home",413.99,2026-08-13T00:00:00-04:00,2026-08-19T23:59:59-04:00
Walmart,8079593,TAL 24-oz. stainless steel 2-in-1 straw and chug water bottle,18.98,2026-08-13T00:00:00-04:00,2026-08-19T23:59:59-04:00
Walmart,8079593,Great Value sandwich bags,2.74,2026-08-13T00:00:00-04:00,2026-08-19T23:59:59-04:00
Walmart,8079593,Coca-Cola mini cans Pop,3.97,2026-08-13T00:00:00-04:00,2026-08-19T23:59:59-04:00
Walmart,8079593,Christie Chips Ahoy! Mini Cookies Snak Paks,2.48,2026-08-13T00:00:00-04:00,2026-08-19T23:59:59-04:00
Walmart,8079593,"Quook Baby Food Maker, Bottle Warmer and Sterilizer by Quark",134.99,2026-08-13T00:00:00-04:00,2026-08-19T23:59:59-04:00
Walmart,8079593,Logitech USB computer headset,19.98,2026-08-13T00:00:00-04:00,2026-08-19T23:59:59-04:00
Walmart,8079593,GO Wireless Keyboard,19.98,2026-08-13T00:00:00-04:00,2026-08-19T23:59:59-04:00
Walmart,8079593,KPop Demon Hunters pens,12.97,2026-08-13T00:00:00-04:00,2026-08-19T23:59:59-04:00
Walmart,8079593,Expo dry erase markers 8-pack,11.48,2026-08-13T00:00:00-04:00,2026-08-19T23:59:59-04:00
Walmart,8079593,Rascals premium superpack diapers,21.88,2026-08-13T00:00:00-04:00,2026-08-19T23:59:59-04:00
Walmart,8079593,Cool Gear 24-oz plastic bottle,6.98,2026-08-13T00:00:00-04:00,2026-08-19T23:59:59-04:00
Walmart,8079593,Ritz Bits Snackwiches 10-Snak Paks,4.98,2026-08-13T00:00:00-04:00,2026-08-19T23:59:59-04:00
Walmart,8079593,Huggies Superpack Diapers,26.98,2026-08-13T00:00:00-04:00,2026-08-19T23:59:59-04:00
Walmart,8079593,Cadbury Caramilk Minis,5.98,2026-08-13T00:00:00-04:00,2026-08-19T23:59:59-04:00
Walmart,8079593,Natrel lactose free milk,7.08,2026-08-13T00:00:00-04:00,2026-08-19T23:59:59-04:00
Walmart,8079593,Swanson lasagna or sweet & sour chicken frozen entrees,4.97,2026-08-13T00:00:00-04:00,2026-08-19T23:59:59-04:00
Walmart,8079593,Palmolive dish soap,1.97,2026-08-13T00:00:00-04:00,2026-08-19T23:59:59-04:00
Walmart,8079593,Lysol wipes,5.47,2026-08-13T00:00:00-04:00,2026-08-19T23:59:59-04:00
Walmart,8079593,Aveeno Shampoo,9.93,2026-08-13T00:00:00-04:00,2026-08-19T23:59:59-04:00
Walmart,8079593,Maybelline New York Fit Me concealers and powders,11.48,2026-08-13T00:00:00-04:00,2026-08-19T23:59:59-04:00
Walmart,8079593,Huggies 10x or 11x wipes,19.77,2026-08-13T00:00:00-04:00,2026-08-19T23:59:59-04:00
Walmart,8079593,"Deli Express Breaded Chicken Burgers, nuggets or Strips",5.98,2026-08-13T00:00:00-04:00,2026-08-19T23:59:59-04:00
Walmart,8079593,3-in-1 Lightweight stick vacuum,29.98,2026-08-13T00:00:00-04:00,2026-08-19T23:59:59-04:00
Walmart,8079593,Classico pasta sauce,2.97,2026-08-13T00:00:00-04:00,2026-08-19T23:59:59-04:00
Walmart,8079593,Yoplait drinkable yogurt,0.97,2026-08-13T00:00:00-04:00,2026-08-19T23:59:59-04:00
Walmart,8079593,Allen's apple juice boxes,2.98,2026-08-13T00:00:00-04:00,2026-08-19T23:59:59-04:00
Walmart,8079593,General Mills KPop Demon Hunters cereal,3.97,2026-08-13T00:00:00-04:00,2026-08-19T23:59:59-04:00
Walmart,8079593,Collapsible bento lunch boxes,12.97,2026-08-13T00:00:00-04:00,2026-08-19T23:59:59-04:00
Walmart,8079593,Frito-Lay snacks 16-pack,8.87,2026-08-13T00:00:00-04:00,2026-08-19T23:59:59-04:00
Walmart,8079593,Nerds Gummy Clusters,3.18,2026-08-13T00:00:00-04:00,2026-08-19T23:59:59-04:00
Walmart,8079593,Swiss Chalet fully cooked pork back ribs,10.76,2026-08-13T00:00:00-04:00,2026-08-19T23:59:59-04:00
Walmart,8079593,Nature Valley bars,2.47,2026-08-13T00:00:00-04:00,2026-08-19T23:59:59-04:00
Walmart,8079593,Yoplait Yop drinkable yogurt,0.97,2026-08-13T00:00:00-04:00,2026-08-19T23:59:59-04:00
Walmart,8079593,Collapsible bento lunch boxes,12.97,2026-08-13T00:00:00-04:00,2026-08-19T23:59:59-04:00
Walmart,8079593,General Mills fruit snacks,2.47,2026-08-13T00:00:00-04:00,2026-08-19T23:59:59-04:00
Walmart,8079593,Swiss Chalet fully cooked pork back ribs,10.76,2026-08-13T00:00:00-04:00,2026-08-19T23:59:59-04:00
Walmart,8079593,Great Value butter,4.97,2026-08-13T00:00:00-04:00,2026-08-19T23:59:59-04:00
Walmart,8079593,Red Baron classic or thin crust frozen pizza,2.97,2026-08-13T00:00:00-04:00,2026-08-19T23:59:59-04:00
Walmart,8079593,Terra Delyssa extra virgin olive oil,11.97,2026-08-13T00:00:00-04:00,2026-08-19T23:59:59-04:00
Walmart,8079593,McCain Superfries,2.77,2026-08-13T00:00:00-04:00,2026-08-19T23:59:59-04:00
Walmart,8079593,Tide Pods laundry detergent,18.97,2026-08-13T00:00:00-04:00,2026-08-19T23:59:59-04:00
Walmart,8079593,Pepsi,13.97,2026-08-13T00:00:00-04:00,2026-08-19T23:59:59-04:00
Walmart,8079593,Black Diamond cheese slices,3.47,2026-08-13T00:00:00-04:00,2026-08-19T23:59:59-04:00
Walmart,8079593,Classico pasta sauce,2.97,2026-08-13T00:00:00-04:00,2026-08-19T23:59:59-04:00
Walmart,8079593,Christie mini Snak Paks cookies,2.48,2026-08-13T00:00:00-04:00,2026-08-19T23:59:59-04:00
Walmart,8079593,Nerds Gummy,3.18,2026-08-13T00:00:00-04:00,2026-08-19T23:59:59-04:00
Walmart,8079593,Westinghouse Top-Loading Water Dispenser,124.0,2026-08-13T00:00:00-04:00,2026-08-19T23:59:59-04:00
Walmart,8079593,Great Value butter,4.97,2026-08-13T00:00:00-04:00,2026-08-19T23:59:59-04:00
Walmart,8079593,McCain Superfries,2.77,2026-08-13T00:00:00-04:00,2026-08-19T23:59:59-04:00
Walmart,8079593,Ol'Roy Dry Dog Food,27.98,2026-08-13T00:00:00-04:00,2026-08-19T23:59:59-04:00
Walmart,8079593,Red baron classic or thin crust frozen pizza,2.97,2026-08-13T00:00:00-04:00,2026-08-19T23:59:59-04:00
Walmart,8079593,Downy Unstoppables booster beads,18.97,2026-08-13T00:00:00-04:00,2026-08-19T23:59:59-04:00
Walmart,8079593,Ol' Roy dry dog food,27.98,2026-08-13T00:00:00-04:00,2026-08-19T23:59:59-04:00
Walmart,8079593,"Deli Express breaded chicken burgers, nuggets or strips",5.98,2026-08-13T00:00:00-04:00,2026-08-19T23:59:59-04:00
Walmart,8079593,Christie mini Snak Paks cookies,2.48,2026-08-13T00:00:00-04:00,2026-08-19T23:59:59-04:00
Walmart,8079593,Nestlé Drumstick confectioneries,3.97,2026-08-13T00:00:00-04:00,2026-08-19T23:59:59-04:00
Walmart,8079593,"Silk Almond, Cashew or Protein soy beverage",3.98,2026-08-13T00:00:00-04:00,2026-08-19T23:59:59-04:00
Walmart,8079593,Corn,0.64,2026-08-13T00:00:00-04:00,2026-08-19T23:59:59-04:00
Walmart,8079593,Lay's chips,2.97,2026-08-13T00:00:00-04:00,2026-08-19T23:59:59-04:00
Walmart,8079593,MadeGood granola bars,2.28,2026-08-13T00:00:00-04:00,2026-08-19T23:59:59-04:00
Walmart,8079593,Real Dairy confectioneries or tubs,3.97,2026-08-13T00:00:00-04:00,2026-08-19T23:59:59-04:00
Walmart,8079593,Black Diamond cheese block 400 g,4.92,2026-08-13T00:00:00-04:00,2026-08-19T23:59:59-04:00
Walmart,8079593,Maple Leaf fresh chicken leg quarters,3.62,2026-08-13T00:00:00-04:00,2026-08-19T23:59:59-04:00
Walmart,8079593,nectarines 2 L,6.44,2026-08-13T00:00:00-04:00,2026-08-19T23:59:59-04:00
Walmart,8079593,Royale 2-ply bathroom tissue 24 = 48 rolls,11.97,2026-08-13T00:00:00-04:00,2026-08-19T23:59:59-04:00
Walmart,8079593,The Laughing Cow spreadable cheese 8-pack,3.68,2026-08-13T00:00:00-04:00,2026-08-19T23:59:59-04:00
Walmart,8079593,Summer Fresh hummus,3.47,2026-08-13T00:00:00-04:00,2026-08-19T23:59:59-04:00
Walmart,8079593,Maple Leaf hot dogs,3.97,2026-08-13T00:00:00-04:00,2026-08-19T23:59:59-04:00
Walmart,8079593,ACE Bakery buns,4.97,2026-08-13T00:00:00-04:00,2026-08-19T23:59:59-04:00
Walmart,8079593,Country Harvest bagels,2.98,2026-08-13T00:00:00-04:00,2026-08-19T23:59:59-04:00
Walmart,8079593,Romaine lettuce hearts,3.97,2026-08-13T00:00:00-04:00,2026-08-19T23:59:59-04:00
Walmart,8079593,Cantaloupes,3.44,2026-08-13T00:00:00-04:00,2026-08-19T23:59:59-04:00
Walmart,8079593,Your Fresh Market™ all-purpose potatoes,4.44,2026-08-13T00:00:00-04:00,2026-08-19T23:59:59-04:00
Walmart,8079593,Country Harvest grain bread,3.48,2026-08-13T00:00:00-04:00,2026-08-19T23:59:59-04:00
Walmart,8079593,Olymel hot Italian,4.97,2026-08-13T00:00:00-04:00,2026-08-19T23:59:59-04:00
Walmart,8079593,General Mills family size cereal,4.97,2026-08-13T00:00:00-04:00,2026-08-19T23:59:59-04:00
Walmart,8079593,Royale 2-ply bathroom tissue,11.97,2026-08-13T00:00:00-04:00,2026-08-19T23:59:59-04:00
Walmart,8079593,Peaches 3 L,6.44,2026-08-13T00:00:00-04:00,2026-08-19T23:59:59-04:00
Walmart,8079593,Gatorade,6.27,2026-08-13T00:00:00-04:00,2026-08-19T23:59:59-04:00
Walmart,8079593,Silk Protein soy beverages,3.98,2026-08-13T00:00:00-04:00,2026-08-19T23:59:59-04:00
Walmart,8079593,Lay's chips,2.97,2026-08-13T00:00:00-04:00,2026-08-19T23:59:59-04:00
Walmart,8079593,Farmers 1% chocolate milk,2.48,2026-08-13T00:00:00-04:00,2026-08-19T23:59:59-04:00
Walmart,8079593,Large seedless watermelon,6.98,2026-08-13T00:00:00-04:00,2026-08-19T23:59:59-04:00
Walmart,8079593,Colgate 360° Advanced toothbrushes 2-pack,7.97,2026-08-13T00:00:00-04:00,2026-08-19T23:59:59-04:00
Walmart,8079593,Dove Men + Care Ted Lasso deodorant,8.96,2026-08-13T00:00:00-04:00,2026-08-19T23:59:59-04:00
Walmart,8079593,"32"" QLED Full HD Roku TV",168.0,2026-08-13T00:00:00-04:00,2026-08-19T23:59:59-04:00
Walmart,8079593,S-Gel gel pens,3.0,2026-08-13T00:00:00-04:00,2026-08-19T23:59:59-04:00
Walmart,8079593,Licensed lunch bag,11.97,2026-08-13T00:00:00-04:00,2026-08-19T23:59:59-04:00
Walmart,8079593,Great Value bacon,5.47,2026-08-13T00:00:00-04:00,2026-08-19T23:59:59-04:00
Walmart,8079593,MadeGood granola bars,2.28,2026-08-13T00:00:00-04:00,2026-08-19T23:59:59-04:00
Walmart,8079593,George Kids' fashion boots,29.0,2026-08-13T00:00:00-04:00,2026-08-19T23:59:59-04:00
Walmart,8079593,Ottogi Jin Ramen multipack,5.98,2026-08-13T00:00:00-04:00,2026-08-19T23:59:59-04:00
Walmart,8079593,Thai Chef instant noodles 5-pack,2.97,2026-08-13T00:00:00-04:00,2026-08-19T23:59:59-04:00
Walmart,8079593,Kids' athletic shoes,24.0,2026-08-13T00:00:00-04:00,2026-08-19T23:59:59-04:00
Walmart,8079593,Kids' indoor/outdoor slippers,18.0,2026-08-13T00:00:00-04:00,2026-08-19T23:59:59-04:00
Walmart,8079593,George Kids' fashion boots,29.0,2026-08-13T00:00:00-04:00,2026-08-19T23:59:59-04:00
Walmart,8079593,Marutai vegetarian ramen,2.98,2026-08-13T00:00:00-04:00,2026-08-19T23:59:59-04:00
Walmart,8079593,Nongshim cup noodles soup,1.38,2026-08-13T00:00:00-04:00,2026-08-19T23:59:59-04:00
Walmart,8079593,Samyang Buldak ramen noodles,2.98,2026-08-13T00:00:00-04:00,2026-08-19T23:59:59-04:00
Walmart,8079593,Keurig K-Express Essentials Single-Serve Coffee Maker,74.98,2026-08-13T00:00:00-04:00,2026-08-19T23:59:59-04:00
Walmart,8079593,PAW Patrol: The Dino Movie vehicles,19.97,2026-08-13T00:00:00-04:00,2026-08-19T23:59:59-04:00
Walmart,8079593,JML instant noodles,4.98,2026-08-13T00:00:00-04:00,2026-08-19T23:59:59-04:00
Walmart,8079593,Mi Sedaap Mi Goreng fried noodle 5-pack,2.47,2026-08-13T00:00:00-04:00,2026-08-19T23:59:59-04:00
Walmart,8079593,Graco Ready2Jet Compact Stroller,250.0,2026-08-13T00:00:00-04:00,2026-08-19T23:59:59-04:00
Walmart,8079593,Mini Babybel cheese 6-pack,3.68,2026-08-13T00:00:00-04:00,2026-08-19T23:59:59-04:00
Walmart,8079593,Marcangelo fresh chicken or pork kabobs,9.97,2026-08-13T00:00:00-04:00,2026-08-19T23:59:59-04:00
Walmart,8079593,White cauliflower,3.44,2026-08-13T00:00:00-04:00,2026-08-19T23:59:59-04:00
Walmart,8079593,Schneiders Original Recipe wieners,3.97,2026-08-13T00:00:00-04:00,2026-08-19T23:59:59-04:00
Walmart,8079593,ACE Bakery buns,4.97,2026-08-13T00:00:00-04:00,2026-08-19T23:59:59-04:00
Walmart,8079593,Country Harvest Bagels,2.98,2026-08-13T00:00:00-04:00,2026-08-19T23:59:59-04:00
Walmart,8079593,Sensible Portions Garden Veggie Straws,2.96,2026-08-13T00:00:00-04:00,2026-08-19T23:59:59-04:00
Walmart,8079593,Nongshim cup noodle soup,1.38,2026-08-13T00:00:00-04:00,2026-08-19T23:59:59-04:00
Walmart,8079593,Green onions,1.24,2026-08-13T00:00:00-04:00,2026-08-19T23:59:59-04:00
Walmart,8079593,Evenflo All4Stages Slim 4-in-1 convertible car seat,349.0,2026-08-13T00:00:00-04:00,2026-08-19T23:59:59-04:00
Walmart,8079593,"OGX shampoo, conditioner or treatments",7.97,2026-08-13T00:00:00-04:00,2026-08-19T23:59:59-04:00
Walmart,8079593,Softsoap Spring body wash,3.97,2026-08-13T00:00:00-04:00,2026-08-19T23:59:59-04:00
Walmart,8079593,Equate high protein meal replacement shakes,10.97,2026-08-13T00:00:00-04:00,2026-08-19T23:59:59-04:00
Walmart,8079593,Advil Liqui-Gels,13.83,2026-08-13T00:00:00-04:00,2026-08-19T23:59:59-04:00
Walmart,8079593,Brar's vegetable samosas,6.18,2026-08-13T00:00:00-04:00,2026-08-19T23:59:59-04:00
Walmart,8079593,Your Fresh Market™ muffins,5.78,2026-08-13T00:00:00-04:00,2026-08-19T23:59:59-04:00
Walmart,8079593,Summer Fresh dips or hummus,3.47,2026-08-13T00:00:00-04:00,2026-08-19T23:59:59-04:00
Walmart,8079593,Country Harvest grain bread,3.48,2026-08-13T00:00:00-04:00,2026-08-19T23:59:59-04:00
Walmart,8079593,Maple Leaf half ham,10.97,2026-08-13T00:00:00-04:00,2026-08-19T23:59:59-04:00
Walmart,8079593,BaiXiang instant noodles,4.98,2026-08-13T00:00:00-04:00,2026-08-19T23:59:59-04:00
Walmart,8079593,Cheez-It crackers,1.97,2026-08-13T00:00:00-04:00,2026-08-19T23:59:59-04:00
Walmart,8079593,MadeGood cookie bites,2.78,2026-08-13T00:00:00-04:00,2026-08-19T23:59:59-04:00
Walmart,8079593,MadeGood cookie bites,2.78,2026-08-13T00:00:00-04:00,2026-08-19T23:59:59-04:00
Walmart,8079593,Thai Chef instant noodles 5-pack,2.97,2026-08-13T00:00:00-04:00,2026-08-19T23:59:59-04:00
Walmart,8079593,Your Fresh Marker beef stir fry strips,15.39,2026-08-13T00:00:00-04:00,2026-08-19T23:59:59-04:00
Walmart,8079593,Yu choy junior,5.91,2026-08-13T00:00:00-04:00,2026-08-19T23:59:59-04:00
Walmart,8079593,Samyang Buldak ramen noodles,2.98,2026-08-13T00:00:00-04:00,2026-08-19T23:59:59-04:00
Walmart,8079593,Nivea body wash 500 mL,3.28,2026-08-13T00:00:00-04:00,2026-08-19T23:59:59-04:00
Walmart,8079593,Kids' bento lunch box,8.97,2026-08-13T00:00:00-04:00,2026-08-19T23:59:59-04:00
Walmart,8079593,S-Gel gel pens,3.0,2026-08-13T00:00:00-04:00,2026-08-19T23:59:59-04:00
Walmart,8079593,Licensed lunch bag,11.97,2026-08-13T00:00:00-04:00,2026-08-19T23:59:59-04:00
Walmart,8079593,Kids' scissors,1.0,2026-08-13T00:00:00-04:00,2026-08-19T23:59:59-04:00
Walmart,8079593,Baby bok choy,2.28,2026-08-13T00:00:00-04:00,2026-08-19T23:59:59-04:00
Walmart,8079593,Schoolyard Vibes Backpack and lunchbag set,29.97,2026-08-13T00:00:00-04:00,2026-08-19T23:59:59-04:00
Walmart,8079593,Bioworld licensed backpack,24.97,2026-08-13T00:00:00-04:00,2026-08-19T23:59:59-04:00
Walmart,8079593,Epson Eco Tank ET-2803 wireless printer,199.98,2026-08-13T00:00:00-04:00,2026-08-19T23:59:59-04:00
Walmart,8079593,"Acer 15.6"" Chromebook 315 laptop",329.98,2026-08-13T00:00:00-04:00,2026-08-19T23:59:59-04:00
Walmart,8079593,JML instant noodles,4.98,2026-08-13T00:00:00-04:00,2026-08-19T23:59:59-04:00
Walmart,8079593,CANON PIXMA TR4725 inkjet printer,59.98,2026-08-13T00:00:00-04:00,2026-08-19T23:59:59-04:00
Walmart,8079593,LaserJet M110w printer,99.98,2026-08-13T00:00:00-04:00,2026-08-19T23:59:59-04:00
Walmart,8079593,Itsuki Teppan Yakisoba stir-fried noodles,4.98,2026-08-13T00:00:00-04:00,2026-08-19T23:59:59-04:00
Walmart,8079593,"onn. 27"" Monitor",129.98,2026-08-13T00:00:00-04:00,2026-08-19T23:59:59-04:00
Walmart,8079593,Kids' Scissors,1.0,2026-08-13T00:00:00-04:00,2026-08-19T23:59:59-04:00
Walmart,8079593,Ottogi Jin Ramen multipack,5.98,2026-08-13T00:00:00-04:00,2026-08-19T23:59:59-04:00
Walmart,8079593,Shanghai bok choy,2.28,2026-08-13T00:00:00-04:00,2026-08-19T23:59:59-04:00
Walmart,8079593,Funtainer 10-oz. food jar,17.97,2026-08-13T00:00:00-04:00,2026-08-19T23:59:59-04:00
Walmart,8079593,Licensed backpack and lunch bag set,19.97,2026-08-13T00:00:00-04:00,2026-08-19T23:59:59-04:00
Walmart,8079593,Bioworld licensed backpack,24.97,2026-08-13T00:00:00-04:00,2026-08-19T23:59:59-04:00
Walmart,8079593,Head & Shoulders shampoo or conditioner,10.47,2026-08-13T00:00:00-04:00,2026-08-19T23:59:59-04:00
Walmart,8079593,Idahoan instant mashed potatoes,1.77,2026-08-13T00:00:00-04:00,2026-08-19T23:59:59-04:00
Walmart,8079593,Janes Ultimates chicken bites,11.47,2026-08-13T00:00:00-04:00,2026-08-19T23:59:59-04:00
Walmart,8079593,Natrel 1% chocolate milk,4.44,2026-08-13T00:00:00-04:00,2026-08-19T23:59:59-04:00
Walmart,8079593,Campbell's consommé,1.77,2026-08-13T00:00:00-04:00,2026-08-19T23:59:59-04:00
Walmart,8079593,Michelina's frozen entrees,1.37,2026-08-13T00:00:00-04:00,2026-08-19T23:59:59-04:00
Walmart,8079593,Great Value bowls,3.97,2026-08-13T00:00:00-04:00,2026-08-19T23:59:59-04:00
Walmart,8079593,Jell-O snack cups,2.78,2026-08-13T00:00:00-04:00,2026-08-19T23:59:59-04:00
Walmart,8079593,McCafé ground coffee,25.97,2026-08-13T00:00:00-04:00,2026-08-19T23:59:59-04:00
Walmart,8079593,French's ketchup,2.97,2026-08-13T00:00:00-04:00,2026-08-19T23:59:59-04:00
Walmart,8079593,Cadbury Dairy Milk chocolate bars,2.62,2026-08-13T00:00:00-04:00,2026-08-19T23:59:59-04:00
Walmart,8079593,Astro yogurt tubs 750 g or iogo nanö Bubbles 4 x 100 g yogurt,3.27,2026-08-13T00:00:00-04:00,2026-08-19T23:59:59-04:00
Walmart,8079593,"Great Value frozen meat, seafood or appetizers value packs",9.98,2026-08-13T00:00:00-04:00,2026-08-19T23:59:59-04:00
Walmart,8079593,Natrel lactose free,5.96,2026-08-13T00:00:00-04:00,2026-08-19T23:59:59-04:00
Walmart,8079593,Natrel lactose free,5.96,2026-08-13T00:00:00-04:00,2026-08-19T23:59:59-04:00
Walmart,8079593,Dr. Oetker Giuseppe Pizzeria Thin Crust Frozen Pizza,5.84,2026-08-13T00:00:00-04:00,2026-08-19T23:59:59-04:00
Walmart,8079593,Pearl Milling Company pancake mix,3.97,2026-08-13T00:00:00-04:00,2026-08-19T23:59:59-04:00
Walmart,8079593,Campbell's soup,1.77,2026-08-13T00:00:00-04:00,2026-08-19T23:59:59-04:00
Walmart,8079593,Michelina's frozen entrees,1.37,2026-08-13T00:00:00-04:00,2026-08-19T23:59:59-04:00
Walmart,8079593,Cadbury Dairy Milk chocolate bars,2.62,2026-08-13T00:00:00-04:00,2026-08-19T23:59:59-04:00
Walmart,8079593,Bush's beans,1.84,2026-08-13T00:00:00-04:00,2026-08-19T23:59:59-04:00
Walmart,8079593,Stretch denim,16.0,2026-08-13T00:00:00-04:00,2026-08-19T23:59:59-04:00
Walmart,8079593,Nestlé Chocolate Pieces,3.98,2026-08-13T00:00:00-04:00,2026-08-19T23:59:59-04:00
Walmart,8079593,Pearl Milling Company Syrup,3.97,2026-08-13T00:00:00-04:00,2026-08-19T23:59:59-04:00
Walmart,8079593,French's ketchup,2.97,2026-08-13T00:00:00-04:00,2026-08-19T23:59:59-04:00
Walmart,8079593,Sour Patch Kids candy,3.98,2026-08-13T00:00:00-04:00,2026-08-19T23:59:59-04:00
Walmart,8079593,Astro yogurt tubs 750 g,3.27,2026-08-13T00:00:00-04:00,2026-08-19T23:59:59-04:00
Walmart,8079593,Kids' or toddlers' licensed athletic shoes,29.97,2026-08-13T00:00:00-04:00,2026-08-19T23:59:59-04:00
Walmart,8079593,Kids' indoor/outdoor slippers,18.0,2026-08-13T00:00:00-04:00,2026-08-19T23:59:59-04:00
Walmart,8079593,George Kids' fashion boots,29.0,2026-08-13T00:00:00-04:00,2026-08-19T23:59:59-04:00
Walmart,8079593,neatfreak! basic hangers,2.97,2026-08-13T00:00:00-04:00,2026-08-19T23:59:59-04:00
Walmart,8079593,Our Finest entrees,3.97,2026-08-13T00:00:00-04:00,2026-08-19T23:59:59-04:00
Walmart,8079593,Sterilite storage tote,8.47,2026-08-13T00:00:00-04:00,2026-08-19T23:59:59-04:00
Walmart,8079593,Tide Simply laundry detergent,7.97,2026-08-13T00:00:00-04:00,2026-08-19T23:59:59-04:00
Walmart,8079593,Crayola Clicks mechanical coloured pencils,9.97,2026-08-13T00:00:00-04:00,2026-08-19T23:59:59-04:00
Walmart,8079593,Sharpie bullet-tip creative markers 5-pack.,10.98,2026-08-13T00:00:00-04:00,2026-08-19T23:59:59-04:00
Walmart,8079593,Crayola 64ct Crayons or Crayola 20ct washable Super Tips markers,2.0,2026-08-13T00:00:00-04:00,2026-08-19T23:59:59-04:00
Walmart,8079593,Colgate Maxfresh 3 x 150 mL or Total 3 x 120 mL toothpaste or 360 Advanced toothbrushes 2-pack,7.97,2026-08-13T00:00:00-04:00,2026-08-19T23:59:59-04:00
Walmart,8079593,Huggies superpack diapers,26.98,2026-08-13T00:00:00-04:00,2026-08-19T23:59:59-04:00
Walmart,8079593,Pampers EasyUps training underwear,36.94,2026-08-13T00:00:00-04:00,2026-08-19T23:59:59-04:00
Walmart,8079593,Scopes Outlast mouthwash 1L,5.97,2026-08-13T00:00:00-04:00,2026-08-19T23:59:59-04:00
Walmart,8079593,Dove Men+Care Ted Lasso deodorant 107 g or body wash 532 mL,8.96,2026-08-13T00:00:00-04:00,2026-08-19T23:59:59-04:00
Walmart,8079593,Similac 360 Total Care step 1 powder infant formula,59.98,2026-08-13T00:00:00-04:00,2026-08-19T23:59:59-04:00
Walmart,8079593,Enfamil A+ NeuroPro,65.47,2026-08-13T00:00:00-04:00,2026-08-19T23:59:59-04:00
Walmart,8079593,Buckley's Complete syrup,15.17,2026-08-13T00:00:00-04:00,2026-08-19T23:59:59-04:00
Walmart,8079593,Nivea roll-on deodorant 50 mL,3.28,2026-08-13T00:00:00-04:00,2026-08-19T23:59:59-04:00
Walmart,8079593,Irish Spring body wash,3.97,2026-08-13T00:00:00-04:00,2026-08-19T23:59:59-04:00
Walmart,8079593,Crest 3D White Advanced toothpaste 135 mL,5.97,2026-08-13T00:00:00-04:00,2026-08-19T23:59:59-04:00
Walmart,8079593,Crest Gum Detoxify toothpaste,6.97,2026-08-13T00:00:00-04:00,2026-08-19T23:59:59-04:00
Walmart,8079593,KPop Demon Hunters notebooks,7.97,2026-08-13T00:00:00-04:00,2026-08-19T23:59:59-04:00
Walmart,8079593,Royal & Langnickel Essentials paint set,7.97,2026-08-13T00:00:00-04:00,2026-08-19T23:59:59-04:00
Walmart,8079593,Math Roller Addition stamps,12.97,2026-08-13T00:00:00-04:00,2026-08-19T23:59:59-04:00
Walmart,8079593,Uni Posca PC-5M water-based paint markers,23.44,2026-08-13T00:00:00-04:00,2026-08-19T23:59:59-04:00
Walmart,8079593,Hello Hobby stretched canvases,16.97,2026-08-13T00:00:00-04:00,2026-08-19T23:59:59-04:00
Walmart,8079593,3M Command value packs,11.97,2026-08-13T00:00:00-04:00,2026-08-19T23:59:59-04:00
Walmart,8079593,Math Roller Symbols Addition stamps,12.97,2026-08-13T00:00:00-04:00,2026-08-19T23:59:59-04:00
Walmart,8079593,Stamp 'N Stick DIY kit or Math Roller Addition or Symbols Addition stamps,12.97,2026-08-13T00:00:00-04:00,2026-08-19T23:59:59-04:00
Walmart,8079593,Royal & Langnickel Essentials paint set,7.97,2026-08-13T00:00:00-04:00,2026-08-19T23:59:59-04:00
Walmart,8079593,Hello Hobby stretched canvases,16.97,2026-08-13T00:00:00-04:00,2026-08-19T23:59:59-04:00
Walmart,8079593,Heys licensed backpack,16.97,2026-08-13T00:00:00-04:00,2026-08-19T23:59:59-04:00
Walmart,8079593,Skross backpack,34.97,2026-08-13T00:00:00-04:00,2026-08-19T23:59:59-04:00
Walmart,8079593,Skross backpack,34.97,2026-08-13T00:00:00-04:00,2026-08-19T23:59:59-04:00
Walmart,8079593,Steve Madden backpack,34.97,2026-08-13T00:00:00-04:00,2026-08-19T23:59:59-04:00
Walmart,8079593,Sistema food storage containers,9.97,2026-08-13T00:00:00-04:00,2026-08-19T23:59:59-04:00
Walmart,8079593,Starfrit Lock & Lock Easy Match food storage containers,6.97,2026-08-13T00:00:00-04:00,2026-08-19T23:59:59-04:00
Walmart,8079593,Licensed lunch bag,11.97,2026-08-13T00:00:00-04:00,2026-08-19T23:59:59-04:00
Walmart,8079593,Arctic Zone Uptown tote lunch bag,14.97,2026-08-13T00:00:00-04:00,2026-08-19T23:59:59-04:00
Walmart,8079593,Great Value zipper seal freezer bags,4.94,2026-08-13T00:00:00-04:00,2026-08-19T23:59:59-04:00
Walmart,8079593,Super Sticky notes,3.66,2026-08-13T00:00:00-04:00,2026-08-19T23:59:59-04:00
Walmart,8079593,Dry-erase markers,5.48,2026-08-13T00:00:00-04:00,2026-08-19T23:59:59-04:00
Walmart,8079593,Licensed Backpack and Lunch Bag Set,19.97,2026-08-13T00:00:00-04:00,2026-08-19T23:59:59-04:00
Walmart,8079593,Solo 4 wireless headphones,169.94,2026-08-13T00:00:00-04:00,2026-08-19T23:59:59-04:00
Walmart,8079593,"55"" 4K UHD QLED Roku TV",398.0,2026-08-13T00:00:00-04:00,2026-08-19T23:59:59-04:00
Walmart,8079593,Dry-erase markers,5.48,2026-08-13T00:00:00-04:00,2026-08-19T23:59:59-04:00
Walmart,8079593,Licensed lunch bag,11.97,2026-08-13T00:00:00-04:00,2026-08-19T23:59:59-04:00
Walmart,8079593,Licensed hoodie,20.0,2026-08-13T00:00:00-04:00,2026-08-19T23:59:59-04:00
Walmart,8079593,4'x6' Washable Rug,49.96,2026-08-13T00:00:00-04:00,2026-08-19T23:59:59-04:00
Walmart,8079593,Dome lunchbag,15.97,2026-08-13T00:00:00-04:00,2026-08-19T23:59:59-04:00
Walmart,8079593,Kid's licensed graphic tee,10.0,2026-08-13T00:00:00-04:00,2026-08-19T23:59:59-04:00
Walmart,8079593,Arctic Zone Uptown tote lunch bag,14.97,2026-08-13T00:00:00-04:00,2026-08-19T23:59:59-04:00
Walmart,8079593,TAL 24-oz. stainless steel 2-in-l straw and chug water bottle,18.98,2026-08-13T00:00:00-04:00,2026-08-19T23:59:59-04:00
Walmart,8079593,Nature's Path Organic Heritage flakes eco pack cereal,9.42,2026-08-13T00:00:00-04:00,2026-08-19T23:59:59-04:00
Walmart,8079593,Yop strawberry banana,5.76,2026-08-13T00:00:00-04:00,2026-08-19T23:59:59-04:00
Walmart,8079593,Natrel vanilla coffee creamer,6.88,2026-08-13T00:00:00-04:00,2026-08-19T23:59:59-04:00
Walmart,8079593,Oasis ready-to-drink smoothies,6.98,2026-08-13T00:00:00-04:00,2026-08-19T23:59:59-04:00
Walmart,8079593,Kids' or toddlers' licensed athletic shoes,29.97,2026-08-13T00:00:00-04:00,2026-08-19T23:59:59-04:00
Walmart,8079593,Kids' licensed graphic tee,10.0,2026-08-13T00:00:00-04:00,2026-08-19T23:59:59-04:00
Walmart,8079593,Nature's Path Love Crunch organic protein chocolate and almond butter or strawberry cheesecake granola,5.98,2026-08-13T00:00:00-04:00,2026-08-19T23:59:59-04:00
Walmart,8079593,Starfrit Lock&Lock Easy Match food storage containers,6.97,2026-08-13T00:00:00-04:00,2026-08-19T23:59:59-04:00
Walmart,8079593,Oasis beverages or juice boxes,3.47,2026-08-13T00:00:00-04:00,2026-08-19T23:59:59-04:00
Walmart,8079593,Nature's Path EnviroKidz Organic Koala Crisp or Honey'D corn flakes,9.42,2026-08-13T00:00:00-04:00,2026-08-19T23:59:59-04:00
Walmart,8079593,Natrel lactose free butter,6.57,2026-08-13T00:00:00-04:00,2026-08-19T23:59:59-04:00
Walmart,8079593,Hellmann's mayonnaise type dressing 325 mL - 340 mL,3.77,2026-08-13T00:00:00-04:00,2026-08-19T23:59:59-04:00
Walmart,8079593,Healthy Choice Gourmet Steamers frozen entrees,4.97,2026-08-13T00:00:00-04:00,2026-08-19T23:59:59-04:00
Walmart,8079593,Healthy Choice Simply Steamers frozen entrees,4.97,2026-08-13T00:00:00-04:00,2026-08-19T23:59:59-04:00
Walmart,8079593,Swanson fettuccini Alfredo or cheesy rice with broccoli & chicken frozen entrees,4.97,2026-08-13T00:00:00-04:00,2026-08-19T23:59:59-04:00
Walmart,8079593,Swanson lasagna or sweet & sour chicken frozen entrees,4.97,2026-08-13T00:00:00-04:00,2026-08-19T23:59:59-04:00
Walmart,8079593,Hellmann's mayonnaise type dressing 325 mL - 340 mL,3.77,2026-08-13T00:00:00-04:00,2026-08-19T23:59:59-04:00
Walmart,8079593,Sistema food storage containers,9.97,2026-08-13T00:00:00-04:00,2026-08-19T23:59:59-04:00
Walmart,8079593,10-OZ. Scented candles,14.97,2026-08-13T00:00:00-04:00,2026-08-19T23:59:59-04:00
Walmart,8079593,Great Value sandwich bags,2.74,2026-08-13T00:00:00-04:00,2026-08-19T23:59:59-04:00
Walmart,8079593,3-Piece quick-up camping combo,99.98,2026-08-13T00:00:00-04:00,2026-08-19T23:59:59-04:00
Walmart,8079593,PAW Patrol: The Dino Movie vehicles,19.97,2026-08-13T00:00:00-04:00,2026-08-19T23:59:59-04:00
Walmart,8079593,Nespresso Vertuo Pop coffee and espresso maker by Breville,89.0,2026-08-13T00:00:00-04:00,2026-08-19T23:59:59-04:00
Walmart,8079593,PAW Patrol Roaring Rhubarb figure,39.97,2026-08-13T00:00:00-04:00,2026-08-19T23:59:59-04:00
Walmart,8079593,Disney Junior a Story portable storage playset,29.97,2026-08-13T00:00:00-04:00,2026-08-19T23:59:59-04:00
Walmart,8079593,Kids' or toddlers' licensed athletic shoes,29.97,2026-08-13T00:00:00-04:00,2026-08-19T23:59:59-04:00
Walmart,8079593,Mainstays 6-cube storage organizer,39.97,2026-08-13T00:00:00-04:00,2026-08-19T23:59:59-04:00
Walmart,8079593,Sterilite wheeled under-bed tote,26.97,2026-08-13T00:00:00-04:00,2026-08-19T23:59:59-04:00
Walmart,8079593,Sterilite 3-drawer wide cart,39.97,2026-08-13T00:00:00-04:00,2026-08-19T23:59:59-04:00
Walmart,8079593,Sterilite rectangular open laundry hamper,9.97,2026-08-13T00:00:00-04:00,2026-08-19T23:59:59-04:00
Walmart,8079593,Sterilite 3-drawer medium cart,21.97,2026-08-13T00:00:00-04:00,2026-08-19T23:59:59-04:00
Walmart,8079593,Tide Simply laundry detergent,7.97,2026-08-13T00:00:00-04:00,2026-08-19T23:59:59-04:00
Walmart,8079593,Lysol disinfecting wipes 75s,5.47,2026-08-13T00:00:00-04:00,2026-08-19T23:59:59-04:00
Walmart,8079593,Lysol all-purpose cleaner 950 mL,5.47,2026-08-13T00:00:00-04:00,2026-08-19T23:59:59-04:00
Walmart,8079593,OxiClean stain remover powder,10.97,2026-08-13T00:00:00-04:00,2026-08-19T23:59:59-04:00
Walmart,8079593,Oxiclean Stain Remover Powder,10.97,2026-08-13T00:00:00-04:00,2026-08-19T23:59:59-04:00
Walmart,8079593,Great Value 2-ply facial tissues,7.94,2026-08-13T00:00:00-04:00,2026-08-19T23:59:59-04:00
Walmart,8079593,Lysol wipes 75s - 84s,5.47,2026-08-13T00:00:00-04:00,2026-08-19T23:59:59-04:00
Walmart,8079593,Lysol all-purpose cleaner,5.47,2026-08-13T00:00:00-04:00,2026-08-19T23:59:59-04:00
Walmart,8079593,Lysol multi-surface pours,3.97,2026-08-13T00:00:00-04:00,2026-08-19T23:59:59-04:00
Walmart,8079593,Black & White bathroom tissue or paper towel,4.94,2026-08-13T00:00:00-04:00,2026-08-19T23:59:59-04:00
Walmart,8079593,Parent's Choice Wipes,19.94,2026-08-13T00:00:00-04:00,2026-08-19T23:59:59-04:00
Walmart,8079593,Similac Pro-Advance step 1 ready-to-feed bottles,59.98,2026-08-13T00:00:00-04:00,2026-08-19T23:59:59-04:00
Walmart,8079593,Momcozy Portable Milk Warmer,99.97,2026-08-13T00:00:00-04:00,2026-08-19T23:59:59-04:00
Walmart,8079593,Parent's Choice training pants,24.94,2026-08-13T00:00:00-04:00,2026-08-19T23:59:59-04:00
Walmart,8079593,Kendamil organic powder infant formula,49.97,2026-08-13T00:00:00-04:00,2026-08-19T23:59:59-04:00
Walmart,8079593,Medela Pump In Style hands-free breast pump,198.0,2026-08-13T00:00:00-04:00,2026-08-19T23:59:59-04:00
Walmart,8079593,Clek Fllo convertible slim car seat with extended rear-facing,424.0,2026-08-13T00:00:00-04:00,2026-08-19T23:59:59-04:00
Walmart,8079593,Kendamil ready-to-feed infant formula,29.97,2026-08-13T00:00:00-04:00,2026-08-19T23:59:59-04:00
Walmart,8079593,Dr. Brown's anti-colic Options+ narrow baby bottles 4-pack,29.97,2026-08-13T00:00:00-04:00,2026-08-19T23:59:59-04:00
Walmart,8079593,Love Child Organics Fruit Purees,1.97,2026-08-13T00:00:00-04:00,2026-08-19T23:59:59-04:00
Walmart,8079593,Parent's Choice organic baby food purée,1.17,2026-08-13T00:00:00-04:00,2026-08-19T23:59:59-04:00
Walmart,8079593,Parent's Choice Gentle+ iron-fortified infant formula powder,26.94,2026-08-13T00:00:00-04:00,2026-08-19T23:59:59-04:00
Walmart,8079593,Evenflo Revolve180 LiteMax NXT rotational infant car seat with SensorySoothe,299.97,2026-08-13T00:00:00-04:00,2026-08-19T23:59:59-04:00
Walmart,8079593,Parent's Choice training pants,24.94,2026-08-13T00:00:00-04:00,2026-08-19T23:59:59-04:00
Walmart,8079593,Spark Create Imagine activity centre,69.97,2026-08-13T00:00:00-04:00,2026-08-19T23:59:59-04:00
Walmart,8079593,Pedialyte Electrolyte Oral Rehydration Solution,8.97,2026-08-13T00:00:00-04:00,2026-08-19T23:59:59-04:00
Walmart,8079593,Love Child Organics,1.97,2026-08-13T00:00:00-04:00,2026-08-19T23:59:59-04:00
Walmart,8079593,Dr. Brown's anti-colic Options+ narrow baby bottles 4-pack,29.97,2026-08-13T00:00:00-04:00,2026-08-19T23:59:59-04:00
Walmart,8079593,Venus ComfortGlide women's 8 razor blade refills,29.97,2026-08-13T00:00:00-04:00,2026-08-19T23:59:59-04:00
Walmart,8079593,Mighty Patch 24s,12.67,2026-08-13T00:00:00-04:00,2026-08-19T23:59:59-04:00
Walmart,8079593,Sensodyne Clinical White Enamel Strengthening,7.97,2026-08-13T00:00:00-04:00,2026-08-19T23:59:59-04:00
Walmart,8079593,L'Oréal Paris Hair Expertise conditioner,5.98,2026-08-13T00:00:00-04:00,2026-08-19T23:59:59-04:00
Walmart,8079593,Garnier Pimple Patch 22s,11.62,2026-08-13T00:00:00-04:00,2026-08-19T23:59:59-04:00
Walmart,8079593,St. Ives body lotion,4.97,2026-08-13T00:00:00-04:00,2026-08-19T23:59:59-04:00
Walmart,8079593,Suave body wash,3.97,2026-08-13T00:00:00-04:00,2026-08-19T23:59:59-04:00
Walmart,8079593,Hello Daise body mist fragrance,6.96,2026-08-13T00:00:00-04:00,2026-08-19T23:59:59-04:00
Walmart,8079593,Sensodyne or Pronamel toothpaste,4.94,2026-08-13T00:00:00-04:00,2026-08-19T23:59:59-04:00
Walmart,8079593,Clairol Nice N Easy Permanent Hair Colour Dye,7.98,2026-08-13T00:00:00-04:00,2026-08-19T23:59:59-04:00
Walmart,8079593,Garnier Fructis shampoo,3.98,2026-08-13T00:00:00-04:00,2026-08-19T23:59:59-04:00
Walmart,8079593,Athena Club full body dry spray deodorant,15.97,2026-08-13T00:00:00-04:00,2026-08-19T23:59:59-04:00
Walmart,8079593,L. Ultra Thin Overnight Pads 36s,12.47,2026-08-13T00:00:00-04:00,2026-08-19T23:59:59-04:00
Walmart,8079593,Nivea Real Madrid Value Pack,17.97,2026-08-13T00:00:00-04:00,2026-08-19T23:59:59-04:00
Walmart,8079593,Sensodyne Clinical Repair Toothpaste,7.97,2026-08-13T00:00:00-04:00,2026-08-19T23:59:59-04:00
Walmart,8079593,Sensodyne Toothpaste,4.94,2026-08-13T00:00:00-04:00,2026-08-19T23:59:59-04:00
Walmart,8079593,L'Oréal Paris Hair Expertise shampoo,5.98,2026-08-13T00:00:00-04:00,2026-08-19T23:59:59-04:00
Walmart,8079593,St. Ives body lotion,4.97,2026-08-13T00:00:00-04:00,2026-08-19T23:59:59-04:00
Walmart,8079593,Secret antiperspirant 73 g,4.97,2026-08-13T00:00:00-04:00,2026-08-19T23:59:59-04:00
Walmart,8079593,Suave body wash or deodorant,3.97,2026-08-13T00:00:00-04:00,2026-08-19T23:59:59-04:00
Walmart,8079593,Athena Club full body dry spray deodorant,15.97,2026-08-13T00:00:00-04:00,2026-08-19T23:59:59-04:00
Walmart,8079593,Clairol Nice n Easy Permanent Hair Color,7.98,2026-08-13T00:00:00-04:00,2026-08-19T23:59:59-04:00
Walmart,8079593,Hello Daise body mist fragrance,6.96,2026-08-13T00:00:00-04:00,2026-08-19T23:59:59-04:00
Walmart,8079593,Kraft Dinner Cheesy Ramen,3.47,2026-08-13T00:00:00-04:00,2026-08-19T23:59:59-04:00
Walmart,8079593,Kraft Dinner macaroni and cheese,1.67,2026-08-13T00:00:00-04:00,2026-08-19T23:59:59-04:00
Walmart,8079593,Kraft Dinner White Cheddar Macaroni and Cheese,2.27,2026-08-13T00:00:00-04:00,2026-08-19T23:59:59-04:00
Walmart,8079593,Huggies Snug & Dry ultra value pack diapers,44.94,2026-08-13T00:00:00-04:00,2026-08-19T23:59:59-04:00
Walmart,8079593,Huggies 10x or 11x Wipes,19.77,2026-08-13T00:00:00-04:00,2026-08-19T23:59:59-04:00
Walmart,8079593,Huggies Pull Ups Super Pack Training Pants,28.78,2026-08-13T00:00:00-04:00,2026-08-19T23:59:59-04:00
Walmart,8079593,Goodnites Value Pack Nighttime Underwear,38.97,2026-08-13T00:00:00-04:00,2026-08-19T23:59:59-04:00
Walmart,8079593,Huggies Superpack Diapers,26.98,2026-08-13T00:00:00-04:00,2026-08-19T23:59:59-04:00
Walmart,8079593,Samsung Galaxy A17 128 GB unlocked phone,219.98,2026-08-13T00:00:00-04:00,2026-08-19T23:59:59-04:00
Walmart,8079593,"onn. 11"" tablet (2026)",199.98,2026-08-13T00:00:00-04:00,2026-08-19T23:59:59-04:00
Walmart,8079593,"onn. 8"" tablet (2026)",169.98,2026-08-13T00:00:00-04:00,2026-08-19T23:59:59-04:00
Walmart,8079593,Crayola Ultra-Clean washable broad line markers,5.97,2026-08-13T00:00:00-04:00,2026-08-19T23:59:59-04:00
Walmart,8079593,Paper Mate InkJoy gel pens 14-pack,15.98,2026-08-13T00:00:00-04:00,2026-08-19T23:59:59-04:00
Walmart,8079593,KPop Demon Hunters pencil cases,7.97,2026-08-13T00:00:00-04:00,2026-08-19T23:59:59-04:00
Walmart,8079593,Crayola 64ct Crayons or Crayola 20ct washable Super Tips markers,2.0,2026-08-13T00:00:00-04:00,2026-08-19T23:59:59-04:00
Walmart,8079593,Licensed pencil boxes,11.98,2026-08-13T00:00:00-04:00,2026-08-19T23:59:59-04:00
Walmart,8079593,"KPop Demon Hunters pencil cases, notebooks or journals",7.97,2026-08-13T00:00:00-04:00,2026-08-19T23:59:59-04:00
Walmart,8079593,Crayola Clicks retractable markers,9.97,2026-08-13T00:00:00-04:00,2026-08-19T23:59:59-04:00
Walmart,8079593,"KPop Demon Hunters pencil cases, notebooks or journals",7.97,2026-08-13T00:00:00-04:00,2026-08-19T23:59:59-04:00
Walmart,8079593,Paper Mate Flair! felt-tip pens,15.98,2026-08-13T00:00:00-04:00,2026-08-19T23:59:59-04:00
Walmart,8079593,Hello Kitty creativity case,12.97,2026-08-13T00:00:00-04:00,2026-08-19T23:59:59-04:00
Walmart,8079593,KPop Demon Hunters pens,12.97,2026-08-13T00:00:00-04:00,2026-08-19T23:59:59-04:00
Walmart,8079593,"Bestier 49.2"" high LED storage platform bed frame",128.99,2026-08-13T00:00:00-04:00,2026-08-19T23:59:59-04:00
Walmart,8079593,"Lecuneey 10"" gel memory foam mattress",158.99,2026-08-13T00:00:00-04:00,2026-08-19T23:59:59-04:00
Walmart,8079593,"Auusda Laptop, Win 11 Pro 15.6"" 3050E CPU Home Computer, 16GB RAM 512GB SSD storage",369.99,2026-08-13T00:00:00-04:00,2026-08-19T23:59:59-04:00
Walmart,8079593,"Bestier 42"" LED gaming desk",79.99,2026-08-13T00:00:00-04:00,2026-08-19T23:59:59-04:00
Walmart,8079593,Pillows 2-pack,29.99,2026-08-13T00:00:00-04:00,2026-08-19T23:59:59-04:00
Walmart,8079593,Zevia Orange Creamsicle soda,6.48,2026-08-13T00:00:00-04:00,2026-08-19T23:59:59-04:00
Walmart,8079593,Fuze mango & pineapple iced tea,7.47,2026-08-13T00:00:00-04:00,2026-08-19T23:59:59-04:00
Walmart,8079593,VUSIGN magnetic dry-erase whiteboard,27.99,2026-08-13T00:00:00-04:00,2026-08-19T23:59:59-04:00
Walmart,8079593,Zevia Strawberry Lemon Burst soda,6.48,2026-08-13T00:00:00-04:00,2026-08-19T23:59:59-04:00
Walmart,8079593,Fuze iced tea,7.47,2026-08-13T00:00:00-04:00,2026-08-19T23:59:59-04:00
Walmart,8079593,Natrel chocolate milk,6.46,2026-08-13T00:00:00-04:00,2026-08-19T23:59:59-04:00
Walmart,8079593,Natrel lactose free ice cream,5.48,2026-08-13T00:00:00-04:00,2026-08-19T23:59:59-04:00
Walmart,8079593,Dairy Milk Mini chocolate bars,5.98,2026-08-13T00:00:00-04:00,2026-08-19T23:59:59-04:00
Walmart,8079593,Kinder Chocolate,1.98,2026-08-13T00:00:00-04:00,2026-08-19T23:59:59-04:00
Walmart,8079593,Natrel raspberry ice cream mochi 6-pack or lactose free ice cream,5.48,2026-08-13T00:00:00-04:00,2026-08-19T23:59:59-04:00
Walmart,8079593,Fuze iced tea,7.47,2026-08-13T00:00:00-04:00,2026-08-19T23:59:59-04:00
Walmart,8079593,Active noise cancelling over-ear headphones,36.99,2026-08-13T00:00:00-04:00,2026-08-19T23:59:59-04:00
Walmart,8079593,Kinder Chocolate 6-pack or Kinder Surprises 3-pack,5.48,2026-08-13T00:00:00-04:00,2026-08-19T23:59:59-04:00
Walmart,8079593,Cadbury Caramilk Snack-Size bars,3.18,2026-08-13T00:00:00-04:00,2026-08-19T23:59:59-04:00
Walmart,8079593,SKIMI hair dryer and hot styling brush set,45.99,2026-08-13T00:00:00-04:00,2026-08-19T23:59:59-04:00
Walmart,8079593,Reese's Minis Peanut Butter Cups candy,4.48,2026-08-13T00:00:00-04:00,2026-08-19T23:59:59-04:00
Walmart,8079593,Nutella hazelnut or peanut,8.47,2026-08-13T00:00:00-04:00,2026-08-19T23:59:59-04:00
Walmart,8079593,Nutella B-ready bars,10.47,2026-08-13T00:00:00-04:00,2026-08-19T23:59:59-04:00
Walmart,8079593,Reese's Big Cup stuffed with Pieces King,2.18,2026-08-13T00:00:00-04:00,2026-08-19T23:59:59-04:00
Walmart,8079593,Kinder Chocolate 6-pack or Kinder Surprise' 3-pack,5.48,2026-08-13T00:00:00-04:00,2026-08-19T23:59:59-04:00
Walmart,8079593,Nutella biscuits,6.67,2026-08-13T00:00:00-04:00,2026-08-19T23:59:59-04:00
Walmart,8079593,Reese's Pieces candy,4.48,2026-08-13T00:00:00-04:00,2026-08-19T23:59:59-04:00
Walmart,8079593,CoolHut high-back ergonomic office chair,137.99,2026-08-13T00:00:00-04:00,2026-08-19T23:59:59-04:00
Walmart,8079593,Ktaxon 4-drawer dresser,100.99,2026-08-13T00:00:00-04:00,2026-08-19T23:59:59-04:00
Walmart,8079593,Gyrocopters J30 electric scooter,239.96,2026-08-13T00:00:00-04:00,2026-08-19T23:59:59-04:00
Walmart,8079593,"Pentantan 6-qt. air fryer, 8-in-1 electric hot oven with digital LED touchscreen, visible window, 1500 W",71.99,2026-08-13T00:00:00-04:00,2026-08-19T23:59:59-04:00
Walmart,8079593,IMgadgets adjustable standing electric desk,109.96,2026-08-13T00:00:00-04:00,2026-08-19T23:59:59-04:00
Walmart,8079593,"Acer Chromebook 315 15.6"" FHD",279.99,2026-08-13T00:00:00-04:00,2026-08-19T23:59:59-04:00
Walmart,8079593,"SKYWORTH 40"" QLED Smart TV, FHD Compatible with Google TV",259.99,2026-08-13T00:00:00-04:00,2026-08-19T23:59:59-04:00
Walmart,8079593,"PhiloDeco tower fan for home, 40"" silent bladeless fan",84.99,2026-08-13T00:00:00-04:00,2026-08-19T23:59:59-04:00
Walmart,8079593,Joyway 5-piece hardshell spinner luggage set,139.99,2026-08-13T00:00:00-04:00,2026-08-19T23:59:59-04:00
Walmart,8079593,Tylenol Dual Action Acetaminophen + Ibuprofen,14.77,2026-08-13T00:00:00-04:00,2026-08-19T23:59:59-04:00
Walmart,8079593,Tylenol Muscle & Body,20.67,2026-08-13T00:00:00-04:00,2026-08-19T23:59:59-04:00
Walmart,8079593,Children's Tylenol Dye Free Chewables,9.24,2026-08-13T00:00:00-04:00,2026-08-19T23:59:59-04:00
Walmart,8079593,Tylenol Extra Strength liquid gels,7.47,2026-08-13T00:00:00-04:00,2026-08-19T23:59:59-04:00
Walmart,8079593,Tylenol Extra Strength Liquid Gels,15.78,2026-08-13T00:00:00-04:00,2026-08-19T23:59:59-04:00
Walmart,8079593,Tylenol Dual Action Acetaminophen + Ibuprofen,8.77,2026-08-13T00:00:00-04:00,2026-08-19T23:59:59-04:00
Walmart,8079593,Tylenol Extra Strength,16.34,2026-08-13T00:00:00-04:00,2026-08-19T23:59:59-04:00
Walmart,8079593,Tylenol Extra Strength,16.34,2026-08-13T00:00:00-04:00,2026-08-19T23:59:59-04:00
Walmart,8079593,Tylenol Muscle & Body or Arthritis pain relief,20.67,2026-08-13T00:00:00-04:00,2026-08-19T23:59:59-04:00
Walmart,8079593,Precise Pain Relief Cream,16.34,2026-08-13T00:00:00-04:00,2026-08-19T23:59:59-04:00
Walmart,8079593,Pen-Gear pencil cases,7.0,2026-08-13T00:00:00-04:00,2026-08-19T23:59:59-04:00
Walmart,8079593,Selected stationery,3.0,2026-08-13T00:00:00-04:00,2026-08-19T23:59:59-04:00
Walmart,8079593,Selected stationery,2.0,2026-08-13T00:00:00-04:00,2026-08-19T23:59:59-04:00
Walmart,8079593,Pen+Gear report cover,0.22,2026-08-13T00:00:00-04:00,2026-08-19T23:59:59-04:00
Walmart,8079593,Wood pencils,1.0,2026-08-13T00:00:00-04:00,2026-08-19T23:59:59-04:00
Walmart,8079593,Pen+Gear report cover,0.22,2026-08-13T00:00:00-04:00,2026-08-19T23:59:59-04:00
Walmart,8079593,Kpop Demon Hunters Pencils Cases,7.97,2026-08-13T00:00:00-04:00,2026-08-19T23:59:59-04:00
Walmart,8079593,"KPop Demon Hunters pencil cases, notebook or journals",7.97,2026-08-13T00:00:00-04:00,2026-08-19T23:59:59-04:00
Walmart,8079593,Pen+Gear binders,4.97,2026-08-13T00:00:00-04:00,2026-08-19T23:59:59-04:00
Walmart,8079593,Pen+Gear pencil cases,7.0,2026-08-13T00:00:00-04:00,2026-08-19T23:59:59-04:00
Walmart,8079593,AirPods Pro 3,279.0,2026-08-13T00:00:00-04:00,2026-08-19T23:59:59-04:00
Walmart,8079593,"iPad Air 11"" Wi-Fi 128GB (M4)",849.0,2026-08-13T00:00:00-04:00,2026-08-19T23:59:59-04:00
Walmart,8079593,Jetstream backpacks,19.97,2026-08-13T00:00:00-04:00,2026-08-19T23:59:59-04:00
Walmart,8079593,"Chromebook 311 11.6"" laptop",269.98,2026-08-13T00:00:00-04:00,2026-08-19T23:59:59-04:00
Walmart,8079593,EPSON EcoTank ET-2803 wireless printer,199.98,2026-08-13T00:00:00-04:00,2026-08-19T23:59:59-04:00
Walmart,8079593,Heys backpack,16.97,2026-08-13T00:00:00-04:00,2026-08-19T23:59:59-04:00
Walmart,8079593,4-Piece backpack set,16.97,2026-08-13T00:00:00-04:00,2026-08-19T23:59:59-04:00
Walmart,8079593,"TUCCI Italy SportSurge 17.3"" laptop backpack",61.99,2026-08-13T00:00:00-04:00,2026-08-19T23:59:59-04:00
Walmart,8079593,"TUCCI Italy CityRider 17.7"" backpack",60.0,2026-08-13T00:00:00-04:00,2026-08-19T23:59:59-04:00
Walmart,8079593,"HP 17.3"" Full HD 17-cn3012Ca laptop",699.98,2026-08-13T00:00:00-04:00,2026-08-19T23:59:59-04:00
Walmart,8079593,"Dell 16"" Entertainment laptop",898.0,2026-08-13T00:00:00-04:00,2026-08-19T23:59:59-04:00
Walmart,8079593,"16"" OmniBook 5 laptop",899.98,2026-08-13T00:00:00-04:00,2026-08-19T23:59:59-04:00
Walmart,8079593,"15.6"" Aspire Lite FHD IPS laptop",399.98,2026-08-13T00:00:00-04:00,2026-08-19T23:59:59-04:00
Walmart,8079593,onn. wireless mouse and keyboard combo,19.98,2026-08-13T00:00:00-04:00,2026-08-19T23:59:59-04:00
Walmart,8079593,"27"" FHD IPS monitor",129.98,2026-08-13T00:00:00-04:00,2026-08-19T23:59:59-04:00
Walmart,8079593,"Gateway (by Acer) laptop 14""",349.98,2026-08-13T00:00:00-04:00,2026-08-19T23:59:59-04:00
Walmart,8079593,Scosche 20W USB-C wall charger,24.98,2026-08-13T00:00:00-04:00,2026-08-19T23:59:59-04:00
Walmart,8079593,"ASUS Chromebook laptop 14""",279.98,2026-08-13T00:00:00-04:00,2026-08-19T23:59:59-04:00
Walmart,8079593,"21.5"" FHD monitor",89.98,2026-08-13T00:00:00-04:00,2026-08-19T23:59:59-04:00
Walmart,8079593,JLAB GO Wireless Bluetooth mouse,12.98,2026-08-13T00:00:00-04:00,2026-08-19T23:59:59-04:00
Walmart,8079593,HP DeskJet 2942 all-in-one printer,49.98,2026-08-13T00:00:00-04:00,2026-08-19T23:59:59-04:00
Walmart,8079593,Logitech wireless mouse,19.98,2026-08-13T00:00:00-04:00,2026-08-19T23:59:59-04:00
Walmart,8079593,HP Envy 6152E all-in-one printer,79.98,2026-08-13T00:00:00-04:00,2026-08-19T23:59:59-04:00
Walmart,8079593,HP DeskJet 2942 all-in-one printer,49.98,2026-08-13T00:00:00-04:00,2026-08-19T23:59:59-04:00
Walmart,8079593,Canon PIXMA TR4725 inkjet printer,59.98,2026-08-13T00:00:00-04:00,2026-08-19T23:59:59-04:00
Walmart,8079593,Expo dry erase markers 8-pack,11.48,2026-08-13T00:00:00-04:00,2026-08-19T23:59:59-04:00
Walmart,8079593,Pen+Gear scientific calculator,14.98,2026-08-13T00:00:00-04:00,2026-08-19T23:59:59-04:00
Walmart,8079593,Selected padlocks,9.97,2026-08-13T00:00:00-04:00,2026-08-19T23:59:59-04:00
Walmart,8079593,Sharpie original 12-pack or Mystic Gems fine-point 14-pack permanent markers,7.98,2026-08-13T00:00:00-04:00,2026-08-19T23:59:59-04:00
Walmart,8079593,Nature's Path EnviroKidz Organic Koala Crisp or Honey'D corn flakes,9.42,2026-08-13T00:00:00-04:00,2026-08-19T23:59:59-04:00
Walmart,8079593,Hellmann's real mayonnaise 710-890 mL,6.47,2026-08-13T00:00:00-04:00,2026-08-19T23:59:59-04:00
Walmart,8079593,Healthy Choice Simply Steamers frozen entrees,4.97,2026-08-13T00:00:00-04:00,2026-08-19T23:59:59-04:00
Walmart,8079593,Pogo Original,12.97,2026-08-13T00:00:00-04:00,2026-08-19T23:59:59-04:00
Walmart,8079593,Premier Protein cafe latte shakes,33.97,2026-08-13T00:00:00-04:00,2026-08-19T23:59:59-04:00
Walmart,8079593,Premier Protein Al'mazing vanilla non-dairy shakes,12.97,2026-08-13T00:00:00-04:00,2026-08-19T23:59:59-04:00
Walmart,8079593,Vega Protein & Supergreens plant-based powder,21.97,2026-08-13T00:00:00-04:00,2026-08-19T23:59:59-04:00
Walmart,8079593,Vega protein Made Simple protein powder,19.97,2026-08-13T00:00:00-04:00,2026-08-19T23:59:59-04:00
Walmart,8079593,"24"" Rock Creek mountain bike",148.0,2026-08-13T00:00:00-04:00,2026-08-19T23:59:59-04:00
Walmart,8079593,Huffy Capitol cruiser bike,198.0,2026-08-13T00:00:00-04:00,2026-08-19T23:59:59-04:00
Walmart,8079593,Hyper 37 V folding electric scooter,298.0,2026-08-13T00:00:00-04:00,2026-08-19T23:59:59-04:00
Walmart,8079593,Gyrocopters PixAl Electric foldable dual rider cargo bike,399.96,2026-08-13T00:00:00-04:00,2026-08-19T23:59:59-04:00
Walmart,8079593,Hot Wheels Barbie Jammer electric scooter,148.0,2026-08-13T00:00:00-04:00,2026-08-19T23:59:59-04:00
Walmart,8079593,Gyrocopters J30 electric scooter,239.96,2026-08-13T00:00:00-04:00,2026-08-19T23:59:59-04:00
Walmart,8079593,Huffy Capitol cruiser bike,198.0,2026-08-13T00:00:00-04:00,2026-08-19T23:59:59-04:00
Walmart,8079593,Hot Wheels electric scooter,148.0,2026-08-13T00:00:00-04:00,2026-08-19T23:59:59-04:00
Walmart,8079593,Diet Coca-Cola Pop,8.28,2026-08-13T00:00:00-04:00,2026-08-19T23:59:59-04:00
Walmart,8079593,Fanta Orange Pop,3.97,2026-08-13T00:00:00-04:00,2026-08-19T23:59:59-04:00
Walmart,8079593,Coca-Cola Pop,2.87,2026-08-13T00:00:00-04:00,2026-08-19T23:59:59-04:00
Walmart,8079593,Coca-Cola Pop,8.28,2026-08-13T00:00:00-04:00,2026-08-19T23:59:59-04:00
Walmart,8079593,Fanta Orange zero sugar Pop,8.28,2026-08-13T00:00:00-04:00,2026-08-19T23:59:59-04:00
Walmart,8079593,Coke Zero Pop,2.87,2026-08-13T00:00:00-04:00,2026-08-19T23:59:59-04:00
Walmart,8079593,Christie Chips Ahoy! Mini Cookies Snak Paks,2.48,2026-08-13T00:00:00-04:00,2026-08-19T23:59:59-04:00
Walmart,8079593,Christie Chips Ahoy! Mini cookies 200 g,2.48,2026-08-13T00:00:00-04:00,2026-08-19T23:59:59-04:00
Walmart,8079593,RITZ Drizzled minis,4.98,2026-08-13T00:00:00-04:00,2026-08-19T23:59:59-04:00
Walmart,8079593,OREO Bubble Tea cookies,2.98,2026-08-13T00:00:00-04:00,2026-08-19T23:59:59-04:00
Walmart,8079593,"NEXPOW Electric Pressure Washer, 4000PSI Max 2.6 GPM Power Washer with 30 ft Hose, 4 Different Pressure Tips, Foam Cannon, Perfect for Cars, Patios",150.99,2026-08-13T00:00:00-04:00,2026-08-19T23:59:59-04:00
Walmart,8079593,"Queen Bed Frame, GELBIY Queen Size Platform Bed with Fabric Upholstered Headboard, Black, No Box Spring Needed",159.88,2026-08-13T00:00:00-04:00,2026-08-19T23:59:59-04:00
Walmart,8079593,"NEXPOW Electric Pressure Washer, 4000PSI Max 2.6 GPM Power Washer with 30 ft Hose, 4 Different Pressure Tips, Foam Cannon, Perfect for Cars, Patios",150.99,2026-08-13T00:00:00-04:00,2026-08-19T23:59:59-04:00
Walmart,8079593,"Queen Bed Frame, GELBIY Queen Size Platform Bed with Fabric Upholstered Headboard, Black, No Box Spring Needed",159.88,2026-08-13T00:00:00-04:00,2026-08-19T23:59:59-04:00
Walmart,8079593,"PowerSmart Portable Gas Powered Generator 3600W, CO Detect USB Output, Low Noise for Camping & Home",413.99,2026-08-13T00:00:00-04:00,2026-08-19T23:59:59-04:00
Walmart,8079593,"GE 14,000 BTU ASHRAE Portable Air Conditioner with Cooling & Heating functions - APSA13YBMW",579.0,2026-08-13T00:00:00-04:00,2026-08-19T23:59:59-04:00
Walmart,8079593,"VEAT00L F11 Android 13 Tablet 2026, 6GB(4+2) RAM, 64GB ROM, 128GB Expand, Quad-Core Processor up to 2.0 GHz, Dual Camera, WiFi, BT, 6000mAh with Fast Charge, 1280x800 HD Touch Screen",152.99,2026-08-13T00:00:00-04:00,2026-08-19T23:59:59-04:00
Walmart,8079593,"Greenworks 80V 17"" Brushless Cordless Push Lawn Mower, 2.0 Ah Battery and Charger Included [75+ Compatible Tools]",424.99,2026-08-13T00:00:00-04:00,2026-08-19T23:59:59-04:00
Walmart,8079593,"Acer Chromebook 315, 15.6"" HD Laptop in Silver, Powered by Intel Pentium N6000 4 Core, 4GBLPDDR4X, 128GB eMMC, Chrome OS, with Protective Sleeve",339.99,2026-08-13T00:00:00-04:00,2026-08-19T23:59:59-04:00
Walmart,8079593,"VEAT00L F11 Android 13 Tablet 2026, 6GB(4+2) RAM, 64GB ROM, 128GB Expand, Quad-Core Processor up to 2.0 GHz, Dual Camera, WiFi, BT, 6000mAh with Fast Charge, 1280x800 HD Touch Screen",152.99,2026-08-13T00:00:00-04:00,2026-08-19T23:59:59-04:00
Walmart,8079593,Restored Samsung Galaxy S23 Ultra 256GB Unlocked Smartphone Like New,519.99,2026-08-13T00:00:00-04:00,2026-08-19T23:59:59-04:00
Walmart,8079593,Restored Samsung Galaxy S23 Ultra 256GB Unlocked Smartphone Like New,519.99,2026-08-13T00:00:00-04:00,2026-08-19T23:59:59-04:00
Walmart,8079593,"ZDZA Electric Bike 26"", 1000W Peak Motor E-Mountain Bike, 35KM/H 36V 10.4AH Removable Ebike for Adults, 7 Speed Electric Bicycle UL2849",483.99,2026-08-13T00:00:00-04:00,2026-08-19T23:59:59-04:00
Walmart,8079593,5-Pack School Uniform Tagless Polo Tshirt for Little Boys & Big Boys,57.99,2026-08-13T00:00:00-04:00,2026-08-19T23:59:59-04:00
Atlantic Superstore,8073975,CHAYOTE SQUASH,1.75,2026-08-13T00:00:00-04:00,2026-08-19T23:59:59-04:00
Atlantic Superstore,8073975,"CHRISTIE RITZ DRIZZLED MINIS OR RITZ MINIS SNAK PAKS, 226/280 G",6.49,2026-08-13T00:00:00-04:00,2026-08-19T23:59:59-04:00
Atlantic Superstore,8073975,AFRICAN VIOLET,9.0,2026-08-13T00:00:00-04:00,2026-08-19T23:59:59-04:00
Atlantic Superstore,8073975,"KRAFT SALAD DRESSING, 425 ML",4.0,2026-08-13T00:00:00-04:00,2026-08-19T23:59:59-04:00
Atlantic Superstore,8073975,"BEN'S ORIGINAL™ BISTRO EXPRESS™, 240-250 g",10.5,2026-08-13T00:00:00-04:00,2026-08-19T23:59:59-04:00
Atlantic Superstore,8073975,PC® FISH FILLETS 500-680 G OR EL MONTEREY TAQUITOS OR QUESADILLAS 565-595 G,12.0,2026-08-13T00:00:00-04:00,2026-08-19T23:59:59-04:00
Atlantic Superstore,8073975,"DARE REALFRUIT GUMMIES, 180 G",2.5,2026-08-13T00:00:00-04:00,2026-08-19T23:59:59-04:00
Atlantic Superstore,8073975,"SANPELLEGRINO NATURALI, LIGHT OR CIAO! SPARKLING FRUIT BEVERAGES , 6X330 ML",6.49,2026-08-13T00:00:00-04:00,2026-08-19T23:59:59-04:00
Atlantic Superstore,8073975,"SOFTSOAP OR IRISH SPRING BODY WASH, 591 ML OR BAR SOAP, 6X104 G",4.5,2026-08-13T00:00:00-04:00,2026-08-19T23:59:59-04:00
Atlantic Superstore,8073975,PC® BLACK SABLE GRAPES,4.5,2026-08-13T00:00:00-04:00,2026-08-19T23:59:59-04:00
Atlantic Superstore,8073975,"IÖGO CREAMY YOGURT, 2 KG",11.0,2026-08-13T00:00:00-04:00,2026-08-19T23:59:59-04:00
Atlantic Superstore,8073975,"PC® THE DECADENT® CHOCOLATE CHIPS OR CHUNKS, 226-300 G",6.0,2026-08-13T00:00:00-04:00,2026-08-19T23:59:59-04:00
Atlantic Superstore,8073975,"PRINGLES PARTY STACK POTATO CHIPS, 179/203 G OR MINGLES, 155 G",2.99,2026-08-13T00:00:00-04:00,2026-08-19T23:59:59-04:00
Atlantic Superstore,8073975,"NO NAME® WIENERS, 450 G",3.0,2026-08-13T00:00:00-04:00,2026-08-19T23:59:59-04:00
Atlantic Superstore,8073975,"KELLOGG'S RXBAR OR RXBAR BARS, 208/260 G",10.0,2026-08-13T00:00:00-04:00,2026-08-19T23:59:59-04:00
Atlantic Superstore,8073975,"NO NAME® INSTANT NOODLE SOUP CUPS, 65 G",1.0,2026-08-13T00:00:00-04:00,2026-08-19T23:59:59-04:00
Atlantic Superstore,8073975,"iÖGO CREAMY, 0% OR LACTOSE-FREE YOGURT, 16 X 100 G",9.0,2026-08-13T00:00:00-04:00,2026-08-19T23:59:59-04:00
Atlantic Superstore,8073975,"DARE REAL FRUIT PLANT BASED GUMMIES, 50'S, 600 G",11.0,2026-08-13T00:00:00-04:00,2026-08-19T23:59:59-04:00
Atlantic Superstore,8073975,"OLYMPIC KREMA YOGURT, 650 g",6.0,2026-08-13T00:00:00-04:00,2026-08-19T23:59:59-04:00
Atlantic Superstore,8073975,"PROMISE GLUTEN-FREE LOAF, BUNS OR ROLLS, 260-480 G",7.5,2026-08-13T00:00:00-04:00,2026-08-19T23:59:59-04:00
Atlantic Superstore,8073975,"FEVER-TREE BEVERAGES, 8X150 ML",10.5,2026-08-13T00:00:00-04:00,2026-08-19T23:59:59-04:00
Atlantic Superstore,8073975,"HEINEKEN 0.0%, 6X330 ML",9.99,2026-08-13T00:00:00-04:00,2026-08-19T23:59:59-04:00
Atlantic Superstore,8073975,"NO NAME® HAMBURGER OR HOT DOG BUNS, 344/360 G",3.0,2026-08-13T00:00:00-04:00,2026-08-19T23:59:59-04:00
Atlantic Superstore,8073975,"BATISTE DRY SHAMPOO, 200 ML",9.0,2026-08-13T00:00:00-04:00,2026-08-19T23:59:59-04:00
Atlantic Superstore,8073975,PAPAYA,2.5,2026-08-13T00:00:00-04:00,2026-08-19T23:59:59-04:00
Atlantic Superstore,8073975,"FARMER'S MARKET™ BLUE PLUMS, 1.5 L",8.0,2026-08-13T00:00:00-04:00,2026-08-19T23:59:59-04:00
Atlantic Superstore,8073975,"NIVEA BODY WASH 500 ML, DEODORANT ROLL-ON 50 ML, ANTIPERSPIRANT 51/52 G OR SPRAY 150 ML",3.29,2026-08-13T00:00:00-04:00,2026-08-19T23:59:59-04:00
Atlantic Superstore,8073975,"GENERAL MILLS JUMBO CEREAL, 816 G-1.3 KG",9.99,2026-08-13T00:00:00-04:00,2026-08-19T23:59:59-04:00
Atlantic Superstore,8073975,GREEN SWEET PEPPERS,3.0,2026-08-13T00:00:00-04:00,2026-08-19T23:59:59-04:00
Atlantic Superstore,8073975,CHOSEN FOODS PURE AVOCADO OIL OR FILIPPO BERIO EXTRA VIRGIN OLIVE OIL 750 ML,14.0,2026-08-13T00:00:00-04:00,2026-08-19T23:59:59-04:00
Atlantic Superstore,8073975,"IN-STORE PREPARED BBQ CHICKEN OR PULLED PORK SLIDERS, 695-900 G",16.0,2026-08-13T00:00:00-04:00,2026-08-19T23:59:59-04:00
Atlantic Superstore,8073975,GOLD SEAL SALMON FLAVOURS 80 G OR NO NAME® FRUIT 398 ML,2.5,2026-08-13T00:00:00-04:00,2026-08-19T23:59:59-04:00
Atlantic Superstore,8073975,"SURAJ® NAAN FLATBREADS, 10'S",4.0,2026-08-13T00:00:00-04:00,2026-08-19T23:59:59-04:00
Atlantic Superstore,8073975,"PC® PACIFIC LARGE WHITE SHRIMP, 31-40 PER LB, 400 G",8.0,2026-08-13T00:00:00-04:00,2026-08-19T23:59:59-04:00
Atlantic Superstore,8073975,CELERY STALKS,3.0,2026-08-13T00:00:00-04:00,2026-08-19T23:59:59-04:00
Atlantic Superstore,8073975,"GOOD START BABY FORMULA POWDER STAGE 1 OR 2, 900 G",33.0,2026-08-13T00:00:00-04:00,2026-08-19T23:59:59-04:00
Atlantic Superstore,8073975,"HEIWA SANUKI-STYLE UDON, 1.25 KG",4.99,2026-08-13T00:00:00-04:00,2026-08-19T23:59:59-04:00
Atlantic Superstore,8073975,NATIVE BODY LOTIONS,16.0,2026-08-13T00:00:00-04:00,2026-08-19T23:59:59-04:00
Atlantic Superstore,8073975,"GREEN GIANT VEGETABLES, 341/398 ML",6.0,2026-08-13T00:00:00-04:00,2026-08-19T23:59:59-04:00
Atlantic Superstore,8073975,"HUGGIES LITTLE SNUGGLERS, LITTLE MOVERS, OVERNIGHTS OR SKIN ESSENTIALS SUPER BIG PACK DIAPERS, SIZE N-7, 36-96'S",28.0,2026-08-13T00:00:00-04:00,2026-08-19T23:59:59-04:00
Atlantic Superstore,8073975,"SEAQUEST® WHOLE TILAPIA, 1.36 KG OR WHOLE POMPANO, 800 G",9.0,2026-08-13T00:00:00-04:00,2026-08-19T23:59:59-04:00
Atlantic Superstore,8073975,"NO NAME® PURE WHITE VINEGAR, 4 L",2.25,2026-08-13T00:00:00-04:00,2026-08-19T23:59:59-04:00
Atlantic Superstore,8073975,"MINUTE RICE PREMIUM LONG GRAIN OR WHOLE GRAIN BROWN RICE, 1.2/1.4 KG",7.5,2026-08-13T00:00:00-04:00,2026-08-19T23:59:59-04:00
Atlantic Superstore,8073975,SWEET BICOLOUR CORN,3.0,2026-08-13T00:00:00-04:00,2026-08-19T23:59:59-04:00
Atlantic Superstore,8073975,"BROOKE BOND RED LABEL TEA, 900 G",10.0,2026-08-13T00:00:00-04:00,2026-08-19T23:59:59-04:00
Atlantic Superstore,8073975,"GATORADE SPORTS DRINK, 6X591 ML",13.0,2026-08-13T00:00:00-04:00,2026-08-19T23:59:59-04:00
Atlantic Superstore,8073975,"SILK NON-DAIRY BEVERAGES, 1.74-1.89 L",6.5,2026-08-13T00:00:00-04:00,2026-08-19T23:59:59-04:00
Atlantic Superstore,8073975,"PC® ORGANICS PLANT-BASED PUFFS, 142 G",3.5,2026-08-13T00:00:00-04:00,2026-08-19T23:59:59-04:00
Atlantic Superstore,8073975,"NUTELLA HAZELNUT SPREAD WITH COCOA OR PEANUT SPREAD WITH COCOA, 375 G",7.5,2026-08-13T00:00:00-04:00,2026-08-19T23:59:59-04:00
Atlantic Superstore,8073975,"NO NAME® DISINFECTING WIPES, 35'S",2.5,2026-08-13T00:00:00-04:00,2026-08-19T23:59:59-04:00
Atlantic Superstore,8073975,PC® EXTRA LARGE GREEN OR RED SEEDLESS GRAPES,4.5,2026-08-13T00:00:00-04:00,2026-08-19T23:59:59-04:00
Atlantic Superstore,8073975,"NO NAME BAGELS, 450-510 G",2.5,2026-08-13T00:00:00-04:00,2026-08-19T23:59:59-04:00
Atlantic Superstore,8073975,"ASTRO BALKAN YOGURT, 750 G",4.0,2026-08-13T00:00:00-04:00,2026-08-19T23:59:59-04:00
Atlantic Superstore,8073975,"SENSIBLE PORTIONS, 120-142 G",3.5,2026-08-13T00:00:00-04:00,2026-08-19T23:59:59-04:00
Atlantic Superstore,8073975,"NO NAME® GARLIC SAUSAGE COIL, 750 G",9.0,2026-08-13T00:00:00-04:00,2026-08-19T23:59:59-04:00
Atlantic Superstore,8073975,"PC® LEMONADE, 1.89 L",3.0,2026-08-13T00:00:00-04:00,2026-08-19T23:59:59-04:00
Atlantic Superstore,8073975,"HUMPTY DUMPTY SNACKS 250-290 G, OLD DUTCH POTATO CHIPS 200/235 G OR RESTAURANTE TORTILLA CHIPS 275/290 G",7.0,2026-08-13T00:00:00-04:00,2026-08-19T23:59:59-04:00
Atlantic Superstore,8073975,"COCA-COLA OR CANADA DRY SOFT DRINKS, 6X710 ML",14.0,2026-08-13T00:00:00-04:00,2026-08-19T23:59:59-04:00
Atlantic Superstore,8073975,"FARMER'S MARKET™ MINI CUCUMBERS, 6'S",3.0,2026-08-13T00:00:00-04:00,2026-08-19T23:59:59-04:00
Atlantic Superstore,8073975,"PC® BURGERS, 568 G",12.0,2026-08-13T00:00:00-04:00,2026-08-19T23:59:59-04:00
Atlantic Superstore,8073975,"BARILLA PASTA, 340/410 G",4.98,2026-08-13T00:00:00-04:00,2026-08-19T23:59:59-04:00
Atlantic Superstore,8073975,"BICK'S PICKLES, 1 L OR HEINZ PICNIC PACK, 1,125 ML OR PC® SPLENDIDO OLIVE, OIL 500 ML",5.0,2026-08-13T00:00:00-04:00,2026-08-19T23:59:59-04:00
Atlantic Superstore,8073975,"PC® FROZEN VEGETABLES, 350-750 G OR CAVENDISH FARMS® FROZEN POTATOES OR ONION RINGS, 400-750 G",3.0,2026-08-13T00:00:00-04:00,2026-08-19T23:59:59-04:00
Atlantic Superstore,8073975,CANTALOUPE,4.0,2026-08-13T00:00:00-04:00,2026-08-19T23:59:59-04:00
Atlantic Superstore,8073975,"NEW ZEALAND LAMB LOIN CHOPS, 350 G",15.0,2026-08-13T00:00:00-04:00,2026-08-19T23:59:59-04:00
Atlantic Superstore,8073975,"LISTERINE MULTI- BENEFITS, 1 L OR CLASSIC, 1.5 L MOUTHWASH",8.0,2026-08-13T00:00:00-04:00,2026-08-19T23:59:59-04:00
Atlantic Superstore,8073975,"PILLER'S PIZZA TOPPINGS, 175 G",6.0,2026-08-13T00:00:00-04:00,2026-08-19T23:59:59-04:00
Atlantic Superstore,8073975,"BRITANNIA GOOD DAY OR FIFTY FIFTY COOKIES, 231/372 G",2.5,2026-08-13T00:00:00-04:00,2026-08-19T23:59:59-04:00
Atlantic Superstore,8073975,"NO NAME® EXTRA THICK CUT BACON, 1 KG",9.0,2026-08-13T00:00:00-04:00,2026-08-19T23:59:59-04:00
Atlantic Superstore,8073975,"THERABREATH ORAL RINSE, 473 ML",11.0,2026-08-13T00:00:00-04:00,2026-08-19T23:59:59-04:00
Atlantic Superstore,8073975,"PC 1X BABY WIPES, 100'S",2.0,2026-08-13T00:00:00-04:00,2026-08-19T23:59:59-04:00
Atlantic Superstore,8073975,FARM FRESH FLOWERS,10.0,2026-08-13T00:00:00-04:00,2026-08-19T23:59:59-04:00
Atlantic Superstore,8073975,"UFC COCONUT WATER, 1 L",3.5,2026-08-13T00:00:00-04:00,2026-08-19T23:59:59-04:00
Atlantic Superstore,8073975,BENTGO KIDS LUNCH,25.0,2026-08-13T00:00:00-04:00,2026-08-19T23:59:59-04:00
Atlantic Superstore,8073975,"PC® 100% PURE MAPLE SYRUP AMBER, 500 ML",12.49,2026-08-13T00:00:00-04:00,2026-08-19T23:59:59-04:00
Atlantic Superstore,8073975,"AROY-D COCONUT MILK, 400 ML",2.0,2026-08-13T00:00:00-04:00,2026-08-19T23:59:59-04:00
Atlantic Superstore,8073975,EXTRA LEAN GROUND BEEF BŒUF HACHÉ EXTRA-MAIGRE,11.0,2026-08-13T00:00:00-04:00,2026-08-19T23:59:59-04:00
Atlantic Superstore,8073975,"FARMER'S MARKET™ WHITE POTATOES, 10 LB BAG",5.99,2026-08-13T00:00:00-04:00,2026-08-19T23:59:59-04:00
Atlantic Superstore,8073975,"ALLEN'S*, ARIZONA*, DEL MONTE* OR OASIS JUICE, COCKTAILS, NECTARS OR ICED TEA, 8X200 ML",4.49,2026-08-13T00:00:00-04:00,2026-08-19T23:59:59-04:00
Atlantic Superstore,8073975,"PC® FROZEN FRUIT, 300-600 G OR NO NAME™ WHIPPED TOPPING, 1 L",4.5,2026-08-13T00:00:00-04:00,2026-08-19T23:59:59-04:00
Atlantic Superstore,8073975,"PILLER'S KOLBASSA, 250/375 G OR BALDERSON CHEDDAR, 250-280 G OR GOUDA, 170-200 G",6.0,2026-08-13T00:00:00-04:00,2026-08-19T23:59:59-04:00
Atlantic Superstore,8073975,"SURATI SNACKS, 250/341 G",2.0,2026-08-13T00:00:00-04:00,2026-08-19T23:59:59-04:00
Atlantic Superstore,8073975,EVERYDAY ESSENTIALS™ COMFORTERS,20.0,2026-08-13T00:00:00-04:00,2026-08-19T23:59:59-04:00
Atlantic Superstore,8073975,"DURACELL BATTERIES, AA8 OR AAA4",11.0,2026-08-13T00:00:00-04:00,2026-08-19T23:59:59-04:00
Atlantic Superstore,8073975,"GERBER ORGANIC PURÉE OR MEALTIME BABY FOOD, 99 G-162 ML",9.0,2026-08-13T00:00:00-04:00,2026-08-19T23:59:59-04:00
Atlantic Superstore,8073975,MERANGUE CLEAR SHEET PROTECTORS 40 PACK OR 2-POCKET PORTFOLIO,1.5,2026-08-13T00:00:00-04:00,2026-08-19T23:59:59-04:00
Atlantic Superstore,8073975,"TYLENOL TABLETS, CAPLETS OR GELCAPS, 60-150'S",15.0,2026-08-13T00:00:00-04:00,2026-08-19T23:59:59-04:00
Atlantic Superstore,8073975,NO NAME® OR HALAL CHICKEN DRUMSTICKS,2.99,2026-08-13T00:00:00-04:00,2026-08-19T23:59:59-04:00
Atlantic Superstore,8073975,"LIBERTÉ MÉDITERRANÉE®, 500 g",3.25,2026-08-13T00:00:00-04:00,2026-08-19T23:59:59-04:00
Atlantic Superstore,8073975,CAULIFLOWER,5.0,2026-08-13T00:00:00-04:00,2026-08-19T23:59:59-04:00
Atlantic Superstore,8073975,"NO NAME® POTATO CHIPS, 200 G",1.99,2026-08-13T00:00:00-04:00,2026-08-19T23:59:59-04:00
Atlantic Superstore,8073975,"YOPLAIT® SOURCE PROTEIN®, 650 G",5.5,2026-08-13T00:00:00-04:00,2026-08-19T23:59:59-04:00
Atlantic Superstore,8073975,"NO NAME® JAM, 500 ML OR PEANUT BUTTER, 1 KG",5.5,2026-08-13T00:00:00-04:00,2026-08-19T23:59:59-04:00
Atlantic Superstore,8073975,"SIGGI'S HIGH PROTEIN SKYR YOGURT, 4 x 100 g",5.0,2026-08-13T00:00:00-04:00,2026-08-19T23:59:59-04:00
Atlantic Superstore,8073975,"BEAR FRUIT ROLLS, NON GMO VERIFIED, 100 G OR NAKD BARS, 4X35 G",5.0,2026-08-13T00:00:00-04:00,2026-08-19T23:59:59-04:00
Atlantic Superstore,8073975,"YOPLAIT® SOURCE®, 630 g",4.0,2026-08-13T00:00:00-04:00,2026-08-19T23:59:59-04:00
Atlantic Superstore,8073975,"RASPBERRIES, 6 OZ",4.0,2026-08-13T00:00:00-04:00,2026-08-19T23:59:59-04:00
Atlantic Superstore,8073975,"NESTLÉ CERELAC BABY CEREAL, 400 G",9.5,2026-08-13T00:00:00-04:00,2026-08-19T23:59:59-04:00
Atlantic Superstore,8073975,"NO NAME® ENGLISH MUFFINS, 342 G",2.5,2026-08-13T00:00:00-04:00,2026-08-19T23:59:59-04:00
Atlantic Superstore,8073975,"NO NAME® NATURALLY IMPERFECT™ SWEET PEPPERS, 2.5 LB",6.0,2026-08-13T00:00:00-04:00,2026-08-19T23:59:59-04:00
Atlantic Superstore,8073975,"TIDE LIQUID, 887 ML-1L, PODS, 9/16'S, DOWNY FABRIC SOFTENER 780 ML- 1.31 L OR SCENT BOOSTERS, 141 G OR BOUNCE DRYER SHEETS, 40/80'S",5.0,2026-08-13T00:00:00-04:00,2026-08-19T23:59:59-04:00
Atlantic Superstore,8073975,"DAIYA DAIRY-FREE PIZZA OR FLATBLREADS, 316-550 G",11.5,2026-08-13T00:00:00-04:00,2026-08-19T23:59:59-04:00
Atlantic Superstore,8073975,"CARBONAUT FROZEN BREADS, 550 G",9.0,2026-08-13T00:00:00-04:00,2026-08-19T23:59:59-04:00
Atlantic Superstore,8073975,"LECLERC GO PURE, 140-175 G OR MUFFIN MAX, 223 G BARS",3.5,2026-08-13T00:00:00-04:00,2026-08-19T23:59:59-04:00
Atlantic Superstore,8073975,"ACTIVIA PROBIOTIC YOGURT DRINK, 8X93 ML OR OASIS SMOOTHIES, 4X300 ML",7.0,2026-08-13T00:00:00-04:00,2026-08-19T23:59:59-04:00
Atlantic Superstore,8073975,"NATURE CLEAN LAUNDRY LIQUID, 3 L",12.0,2026-08-13T00:00:00-04:00,2026-08-19T23:59:59-04:00
Atlantic Superstore,8073975,"PC® DE-ALCOHOLIZED WINE, 750 ML",7.5,2026-08-13T00:00:00-04:00,2026-08-19T23:59:59-04:00
Atlantic Superstore,8073975,"NANAK DESI GHEE, 800 G",13.0,2026-08-13T00:00:00-04:00,2026-08-19T23:59:59-04:00
Atlantic Superstore,8073975,"BLACK DIAMOND CHEESE STICKS OR CHEESTRINGS, 252/336 G",5.97,2026-08-13T00:00:00-04:00,2026-08-19T23:59:59-04:00
Atlantic Superstore,8073975,"PC® ORGANICS BUTTER, 250 G",6.5,2026-08-13T00:00:00-04:00,2026-08-19T23:59:59-04:00
Atlantic Superstore,8073975,"NO NAME® FREEZER BAGS, 30-40'S",5.5,2026-08-13T00:00:00-04:00,2026-08-19T23:59:59-04:00
Atlantic Superstore,8073975,WATERMELON QUARTERS,1.25,2026-08-13T00:00:00-04:00,2026-08-19T23:59:59-04:00
Atlantic Superstore,8073975,GREEN ONIONS,1.5,2026-08-13T00:00:00-04:00,2026-08-19T23:59:59-04:00
Atlantic Superstore,8073975,"KODIAK POWER CAKES, 510-621 G",6.5,2026-08-13T00:00:00-04:00,2026-08-19T23:59:59-04:00
Atlantic Superstore,8073975,"DANONE ACTIVIA, 8X100 G, TROPICANA FRUIT BEVERAGES, 1.36 L OR PURE LEAF ICED TEA, 1.75 L",4.49,2026-08-13T00:00:00-04:00,2026-08-19T23:59:59-04:00
Atlantic Superstore,8073975,DONUT PEACHES,5.0,2026-08-13T00:00:00-04:00,2026-08-19T23:59:59-04:00
Atlantic Superstore,8073975,PC® PLUMCOTS,5.0,2026-08-13T00:00:00-04:00,2026-08-19T23:59:59-04:00
Atlantic Superstore,8073975,"NO NAME® CORN SYRUP, 1 L OR 100% WHOLE GRAIN OATS, 2.25 KG",6.0,2026-08-13T00:00:00-04:00,2026-08-19T23:59:59-04:00
Atlantic Superstore,8073975,"PEACE TEA OR FUZE ICED TEA, 12X341 ML",8.99,2026-08-13T00:00:00-04:00,2026-08-19T23:59:59-04:00
Atlantic Superstore,8073975,"NO NAME® MUSHROOMS, 284 ML",1.5,2026-08-13T00:00:00-04:00,2026-08-19T23:59:59-04:00
Atlantic Superstore,8073975,"BEN'S ORIGINAL RICE, 1.6 KG",10.0,2026-08-13T00:00:00-04:00,2026-08-19T23:59:59-04:00
Atlantic Superstore,8073975,"JACK LINK'S MEAT SNACKS, 230 G",14.99,2026-08-13T00:00:00-04:00,2026-08-19T23:59:59-04:00
Atlantic Superstore,8073975,"NO NAME® SYRUP, 750 ML OR PANCAKE MIX, 905 G",3.25,2026-08-13T00:00:00-04:00,2026-08-19T23:59:59-04:00
Atlantic Superstore,8073975,MELI LUNCH,5.0,2026-08-13T00:00:00-04:00,2026-08-19T23:59:59-04:00
Atlantic Superstore,8073975,"PC® NUTRITION FIRST® DOG FOOD, 2 KG",10.0,2026-08-13T00:00:00-04:00,2026-08-19T23:59:59-04:00
Atlantic Superstore,8073975,"BEN'S ORIGINAL™ STREET FOOD RICE, 255 g",9.0,2026-08-13T00:00:00-04:00,2026-08-19T23:59:59-04:00
Atlantic Superstore,8073975,"NO NAME® TORTILLA CHIPS, 200 G",2.5,2026-08-13T00:00:00-04:00,2026-08-19T23:59:59-04:00
Atlantic Superstore,8073975,"JOHNSON'S AND JONSON'S, 800 ML OR ATTITUDE, 473 ML BABY NEEDS",4.5,2026-08-13T00:00:00-04:00,2026-08-19T23:59:59-04:00
Atlantic Superstore,8073975,"LEAN GROUND PORK, 450 G",4.5,2026-08-13T00:00:00-04:00,2026-08-19T23:59:59-04:00
Atlantic Superstore,8073975,"PC® BABY WIPES, 768/1200'S",20.0,2026-08-13T00:00:00-04:00,2026-08-19T23:59:59-04:00
Atlantic Superstore,8073975,"ROOSTER® MEDIUM GRAIN SUSHI RICE, 2.27 KG",5.49,2026-08-13T00:00:00-04:00,2026-08-19T23:59:59-04:00
Atlantic Superstore,8073975,"18 PIECE KOREAN CHICKEN STRIPS, 595 G",16.0,2026-08-13T00:00:00-04:00,2026-08-19T23:59:59-04:00
Atlantic Superstore,8073975,"ROOSTER® TOFU, 454 G",4.0,2026-08-13T00:00:00-04:00,2026-08-19T23:59:59-04:00
Atlantic Superstore,8073975,"GARNIER FRUCTIS SHAMPOO OR CONDITIONER, 334-384 ML",4.0,2026-08-13T00:00:00-04:00,2026-08-19T23:59:59-04:00
Atlantic Superstore,8073975,"ENFAMIL A + NEUROPRO OR GENTLEASE POWDER REFILLS, 862/890 G",65.5,2026-08-13T00:00:00-04:00,2026-08-19T23:59:59-04:00
Atlantic Superstore,8073975,"PERONI NON-ALCOHOLIC BEER, 6X330 ML",10.99,2026-08-13T00:00:00-04:00,2026-08-19T23:59:59-04:00
Atlantic Superstore,8073975,"FARMER'S MARKET™ AVOCADO BAG, 5'S",5.0,2026-08-13T00:00:00-04:00,2026-08-19T23:59:59-04:00
Atlantic Superstore,8073975,FRESH MSC HADDOCK FILLETS,11.0,2026-08-13T00:00:00-04:00,2026-08-19T23:59:59-04:00
Atlantic Superstore,8073975,"MOM'S BEST BAGUETTE CRISPS, 120 G OR PRESIDENT RONDELÉ SPREADABLE CHEESE, 125 G",4.0,2026-08-13T00:00:00-04:00,2026-08-19T23:59:59-04:00
Atlantic Superstore,8073975,"ENFAMIL A+ NEUROPRO OR GENTLEASE BABY FORMULA POWDER TUBS 0-12 MONTHS, 553/587 G",50.0,2026-08-13T00:00:00-04:00,2026-08-19T23:59:59-04:00
Atlantic Superstore,8073975,"GLAD OUTDOOR BAGS, 24-40'S",10.0,2026-08-13T00:00:00-04:00,2026-08-19T23:59:59-04:00
Atlantic Superstore,8073975,"PILLSBURY TOASTER STRUDEL OR SCRAMBLES, 204-326G, KELLOGG'S EGGO WAFFLES OR THICK AND FLUFFY, 8'S",3.49,2026-08-13T00:00:00-04:00,2026-08-19T23:59:59-04:00
Atlantic Superstore,8073975,"O'FOOD GOCHUJANG CHILI SAUCE, 215 G",5.99,2026-08-13T00:00:00-04:00,2026-08-19T23:59:59-04:00
Atlantic Superstore,8073975,"VACHON SNACK CAKES OR PASTRIES, 250-336 G",2.85,2026-08-13T00:00:00-04:00,2026-08-19T23:59:59-04:00
Atlantic Superstore,8073975,"IVORY BAR SOAP, 10X90 G OR BODY WASH, 621 ML",5.0,2026-08-13T00:00:00-04:00,2026-08-19T23:59:59-04:00
Atlantic Superstore,8073975,"WHISKAS MEATY SELECTIONS OR PERFECT PORTIONS WET CAT FOOD, 900 G/1.2 KG",15.99,2026-08-13T00:00:00-04:00,2026-08-19T23:59:59-04:00
Atlantic Superstore,8073975,"NO NAME® CRISPY SOUTHERN-STYLE CHICKEN, 1 KG",18.0,2026-08-13T00:00:00-04:00,2026-08-19T23:59:59-04:00
Atlantic Superstore,8073975,"PC* SHREDDED CHEESE OR CRUMBLED FETA, 250-320 G OR BLACK DIAMOND CHEESE BARS OR SHREDDED CHEESE, 300-400G",6.5,2026-08-13T00:00:00-04:00,2026-08-19T23:59:59-04:00
Atlantic Superstore,8073975,"AMARA ORGANIC SMOOTHIE MELTS OR FRUIT BITES, 23 G",5.5,2026-08-13T00:00:00-04:00,2026-08-19T23:59:59-04:00
Atlantic Superstore,8073975,"SUFRA HALAL LEAN GROUND BEEF, 454 G",9.0,2026-08-13T00:00:00-04:00,2026-08-19T23:59:59-04:00
Atlantic Superstore,8073975,"ROOSTER® LIQUID HONEY, 1 KG",9.0,2026-08-13T00:00:00-04:00,2026-08-19T23:59:59-04:00
Atlantic Superstore,8073975,CARNATIONS BUNCH BOUQUET D'ŒILLETS,10.0,2026-08-13T00:00:00-04:00,2026-08-19T23:59:59-04:00
Atlantic Superstore,8073975,"PC® NAAN DIPPERS, 200 G OR FONTAINE SANTÉ HUMMUS, 260/283 G",7.0,2026-08-13T00:00:00-04:00,2026-08-19T23:59:59-04:00
Atlantic Superstore,8073975,LIFE AT HOME™ CUSHION,15.0,2026-08-13T00:00:00-04:00,2026-08-19T23:59:59-04:00
Atlantic Superstore,8073975,"PC® BLUE MENU CHICKEN THIGHS, 8'S",15.0,2026-08-13T00:00:00-04:00,2026-08-19T23:59:59-04:00
Atlantic Superstore,8073975,"CARDINAL ROADHOUSE SMASH OR ANGUS BEEF BURGERS OR MAPLE WHISKY RIBBER, 852-912 G",18.0,2026-08-13T00:00:00-04:00,2026-08-19T23:59:59-04:00
Atlantic Superstore,8073975,"LA COSTEÑA CHIPOTLE PEPPERS IN ADOBO SAUCE, 186 ML",3.0,2026-08-13T00:00:00-04:00,2026-08-19T23:59:59-04:00
Atlantic Superstore,8073975,"FARMER'S MARKET™ COOKIES, 12'S",6.5,2026-08-13T00:00:00-04:00,2026-08-19T23:59:59-04:00
Atlantic Superstore,8073975,BABY BOK CHOY OR SHANGHAI BOK CHOY,2.88,2026-08-13T00:00:00-04:00,2026-08-19T23:59:59-04:00
Atlantic Superstore,8073975,"SENSODYNE OR PRONAMEL TOOTHPASTE, 75 ML",7.5,2026-08-13T00:00:00-04:00,2026-08-19T23:59:59-04:00
Atlantic Superstore,8073975,"TILDA PURE BASMATI RICE, 10 LB",12.99,2026-08-13T00:00:00-04:00,2026-08-19T23:59:59-04:00
Atlantic Superstore,8073975,"PRETZELS, 2'S",3.5,2026-08-13T00:00:00-04:00,2026-08-19T23:59:59-04:00
Atlantic Superstore,8073975,"BAGELS 6'S OR MINI BAGELS, 8'S",7.0,2026-08-13T00:00:00-04:00,2026-08-19T23:59:59-04:00
Atlantic Superstore,8073975,"SKINNYPOP POPCORN, 125/150 G",3.0,2026-08-13T00:00:00-04:00,2026-08-19T23:59:59-04:00
Atlantic Superstore,8073975,"JUMBO HAMBURGER OR HOT DOG BUNS, 8'S OR BRIOCHE HAMBURGER BUNS, 6'S",3.5,2026-08-13T00:00:00-04:00,2026-08-19T23:59:59-04:00
Atlantic Superstore,8073975,"CASHMERE BATHROOM, 24= TISSUE 12 DOUBLE ROLLS, SPONGETOWELS PAPER TOWELS, 3=6 ROLLS OR SCOTTIES FACIAL TISSUE, 6'S",7.0,2026-08-13T00:00:00-04:00,2026-08-19T23:59:59-04:00
Atlantic Superstore,8073975,"BEN'S ORIGINAL™ STREET FOOD NOODLES, 250 g",9.0,2026-08-13T00:00:00-04:00,2026-08-19T23:59:59-04:00
Atlantic Superstore,8073975,"NO NAME® BEEF BURGERS, 1.36 KG",20.0,2026-08-13T00:00:00-04:00,2026-08-19T23:59:59-04:00
Atlantic Superstore,8073975,"IÖGO NANÖ DRINKABLE YOGURT, 6 X 93 ML",4.0,2026-08-13T00:00:00-04:00,2026-08-19T23:59:59-04:00
Atlantic Superstore,8073975,"BEN'S ORIGINAL™ CUPS, 82g",6.0,2026-08-13T00:00:00-04:00,2026-08-19T23:59:59-04:00
Atlantic Superstore,8073975,"GLAD CLING WRAP, 60 M",4.0,2026-08-13T00:00:00-04:00,2026-08-19T23:59:59-04:00
Atlantic Superstore,8073975,"PC® SOFT DRINKS, 2 L",0.99,2026-08-13T00:00:00-04:00,2026-08-19T23:59:59-04:00
Atlantic Superstore,8073975,ROMAINE LETTUCE,3.0,2026-08-13T00:00:00-04:00,2026-08-19T23:59:59-04:00
Atlantic Superstore,8073975,"SUFRA® HALAL BONELESS SKINLESS, CHICKEN BREAST, 7'S, UP TO 1 KG",30.0,2026-08-13T00:00:00-04:00,2026-08-19T23:59:59-04:00
Atlantic Superstore,8073975,"CANON CALCULATOR, F-605G",13.0,2026-08-13T00:00:00-04:00,2026-08-19T23:59:59-04:00
Atlantic Superstore,8073975,"QUEEN ST. BAKERY FROZEN BREADS OR ENGLISH MUFFINS, 464-520 G",8.5,2026-08-13T00:00:00-04:00,2026-08-19T23:59:59-04:00
Atlantic Superstore,8073975,"NO NAME® NATURALLY IMPERFECT™ TOMATOES, 2.5 LB",6.0,2026-08-13T00:00:00-04:00,2026-08-19T23:59:59-04:00
Atlantic Superstore,8073975,"MICHELOB 0.0% NON-ALCOHOLIC BEER, 6X355 ML",10.99,2026-08-13T00:00:00-04:00,2026-08-19T23:59:59-04:00
Atlantic Superstore,8073975,CILANTRO,1.25,2026-08-13T00:00:00-04:00,2026-08-19T23:59:59-04:00
Atlantic Superstore,8073975,"OLYMPIC ORGANIC YOGURT, 650 G",5.5,2026-08-13T00:00:00-04:00,2026-08-19T23:59:59-04:00
Atlantic Superstore,8073975,GÖT2B HAIR STYLING,8.0,2026-08-13T00:00:00-04:00,2026-08-19T23:59:59-04:00
Atlantic Superstore,8073975,CLIF KID ORGANIC ZBAR ENERGY SNACK BARS 180 G OR CLIF MINIS SNACK-SIZE ENERGY BARS 5X28 G,3.5,2026-08-13T00:00:00-04:00,2026-08-19T23:59:59-04:00
Atlantic Superstore,8073975,BUSH'S BAKED BEANS 398 ML OR CHEF WOO CUPS 71 G,2.25,2026-08-13T00:00:00-04:00,2026-08-19T23:59:59-04:00
Atlantic Superstore,8073975,"IÖGO NANÖ YOGURT WITH FLAVOURED PEARLS, 4 X 100 G",4.0,2026-08-13T00:00:00-04:00,2026-08-19T23:59:59-04:00
Atlantic Superstore,8073975,"YOPLAIT TUBES®, 8 X 56 G, YOPLAIT MINIGO®, 6 X 60 G,",4.0,2026-08-13T00:00:00-04:00,2026-08-19T23:59:59-04:00
Atlantic Superstore,8073975,"NO NAME® POTATOES OR VEGETABLES, 341-540 ML",5.0,2026-08-13T00:00:00-04:00,2026-08-19T23:59:59-04:00
Atlantic Superstore,8073975,BUNCHED BEETS,4.0,2026-08-13T00:00:00-04:00,2026-08-19T23:59:59-04:00
Atlantic Superstore,8073975,BULL'S-EYE BBQ SAUCE 425 ML OR DIANA SAUCE 500 ML,4.0,2026-08-13T00:00:00-04:00,2026-08-19T23:59:59-04:00
Atlantic Superstore,8073975,IÖGO NANO DRINKS 6X93 ML OR BUBBLES 4X100 G,4.0,2026-08-13T00:00:00-04:00,2026-08-19T23:59:59-04:00
Atlantic Superstore,8073975,"ADVIL COUGH COLD PRODUCT, 12-40%, BUCKLEY'S®, 48'S OR SYRUP, 250 ML",18.0,2026-08-13T00:00:00-04:00,2026-08-19T23:59:59-04:00
Atlantic Superstore,8073975,"NO NAME® NATURALLY IMPERFECT™ LIMES, 680 G",4.0,2026-08-13T00:00:00-04:00,2026-08-19T23:59:59-04:00
Atlantic Superstore,8073975,"MAPLE LEAF NATURAL SELECTIONS OR SCHNEIDERS SLICED MEATS, 150-175 G",7.0,2026-08-13T00:00:00-04:00,2026-08-19T23:59:59-04:00
Atlantic Superstore,8073975,NO NAME® FOIL,3.0,2026-08-13T00:00:00-04:00,2026-08-19T23:59:59-04:00
Atlantic Superstore,8073975,EVERYDAY ESSENTIALS™ METAL BAKEWARE,7.0,2026-08-13T00:00:00-04:00,2026-08-19T23:59:59-04:00
Atlantic Superstore,8073975,"JORDANS MORNING CRISP CEREAL, GRANOLA OR MUESLI, 325-400 G",6.0,2026-08-13T00:00:00-04:00,2026-08-19T23:59:59-04:00
Atlantic Superstore,8073975,"PC® OR BLUE MENU® FROZEN ENTRÉES, 212-365 G",3.5,2026-08-13T00:00:00-04:00,2026-08-19T23:59:59-04:00
Atlantic Superstore,8073975,"NO NAME® RICE CRACKERS, 100 G",1.5,2026-08-13T00:00:00-04:00,2026-08-19T23:59:59-04:00
Atlantic Superstore,8073975,ALWAYS DISCREET UNDERWEAR OR PADS,19.0,2026-08-13T00:00:00-04:00,2026-08-19T23:59:59-04:00
Atlantic Superstore,8073975,"PEPSI SOFT DRINKS, 12X355 ML",17.0,2026-08-13T00:00:00-04:00,2026-08-19T23:59:59-04:00
Atlantic Superstore,8073975,"CADBURY DAIRY MILK, CARAMILK OR FAMILY BARS CHOCOLATE BARS, 80-105 G",6.0,2026-08-13T00:00:00-04:00,2026-08-19T23:59:59-04:00
Atlantic Superstore,8073975,"KETTLE BRAND POTATO CHIPS, 156/198 G",3.5,2026-08-13T00:00:00-04:00,2026-08-19T23:59:59-04:00
Atlantic Superstore,8073975,POMEGRANATE,3.5,2026-08-13T00:00:00-04:00,2026-08-19T23:59:59-04:00
Atlantic Superstore,8073975,BEEF CROSS RIB STEAK OR ROAST,7.88,2026-08-13T00:00:00-04:00,2026-08-19T23:59:59-04:00
Atlantic Superstore,8073975,"KURKURE SNACKS, 115 G",1.5,2026-08-13T00:00:00-04:00,2026-08-19T23:59:59-04:00
Atlantic Superstore,8073975,"HUGGIES PULL-UPS OR PAMPERS EASY UPS TRAINING PANTS, 2T-7T, 58-112'S",37.0,2026-08-13T00:00:00-04:00,2026-08-19T23:59:59-04:00
Atlantic Superstore,8073975,"CHAPMAN'S MARKDALE CREAMERY ICE CREAM, 2 L OR COLLECTION NOVELTIES, 8'S",4.0,2026-08-13T00:00:00-04:00,2026-08-19T23:59:59-04:00
Atlantic Superstore,8073975,NICE'N EASY OR NATURAL INSTINCTS HAIR COLOUR,8.0,2026-08-13T00:00:00-04:00,2026-08-19T23:59:59-04:00
Atlantic Superstore,8073975,"BETTY CROCKER OR MOTT'S FRUIT SENSATIONS FRUIT SNACKS OR GENERAL MILLS OR NATURE VALLEY GRANOLA BARS OR TREATS BARS, 120-226 G",2.5,2026-08-13T00:00:00-04:00,2026-08-19T23:59:59-04:00
Atlantic Superstore,8073975,PC® 5 L STAINLESS STEEL PEDAL WASTEBASKET,10.0,2026-08-13T00:00:00-04:00,2026-08-19T23:59:59-04:00
Atlantic Superstore,8073975,"PC® KETTLE COOKED OR RIPPLED KETTLE POTATO CHIPS, 200 G",2.5,2026-08-13T00:00:00-04:00,2026-08-19T23:59:59-04:00
Atlantic Superstore,8073975,QUEST PROTEIN CHIPS,4.0,2026-08-13T00:00:00-04:00,2026-08-19T23:59:59-04:00
Atlantic Superstore,8073975,"SOFTSOAP LIQUID HAND SOAP REFILL, 1.47 L",4.5,2026-08-13T00:00:00-04:00,2026-08-19T23:59:59-04:00
Atlantic Superstore,8073975,"MR. NOODLES INSTANT RAMEN NOODLES, 85 G",2.25,2026-08-13T00:00:00-04:00,2026-08-19T23:59:59-04:00
Atlantic Superstore,8073975,LIPTON SOUP MIX 94-145 G/2X83 G OR KNORR SOUP MIX 56 G,2.75,2026-08-13T00:00:00-04:00,2026-08-19T23:59:59-04:00
Atlantic Superstore,8073975,"KOOL-AID JAMMERS, 10X180 ML",8.0,2026-08-13T00:00:00-04:00,2026-08-19T23:59:59-04:00
Atlantic Superstore,8073975,"FARMER'S MARKET™ PEACHES, 3 L OR NECTARINES, 2L",5.5,2026-08-13T00:00:00-04:00,2026-08-19T23:59:59-04:00
Atlantic Superstore,8073975,"GUINNESS 0 NON-ALCOHOLIC DRAUGHT BEER, 4X440 ML",10.99,2026-08-13T00:00:00-04:00,2026-08-19T23:59:59-04:00
Atlantic Superstore,8073975,"PC® DISH DETERGENT, 638-739 ML",2.0,2026-08-13T00:00:00-04:00,2026-08-19T23:59:59-04:00
Atlantic Superstore,8073975,"QUAKER MUFFIN OR COOKIE MIX, 750-900 G",6.66,2026-08-13T00:00:00-04:00,2026-08-19T23:59:59-04:00
Atlantic Superstore,8073975,"DILL CUCUMBERS OR GREEN ZUCCHINI, 3 L",7.5,2026-08-13T00:00:00-04:00,2026-08-19T23:59:59-04:00
Atlantic Superstore,8073975,"GENERAL MILLS RETAIL SIZE PREMIUM CHEX CEREAL, 340-360 G",9.0,2026-08-13T00:00:00-04:00,2026-08-19T23:59:59-04:00
Atlantic Superstore,8073975,"NO NAME™ EGG NOODLES, 340 G",3.0,2026-08-13T00:00:00-04:00,2026-08-19T23:59:59-04:00
Atlantic Superstore,8073975,"CHRISTIE WHEAT THINS, 175/180 G, GOOD THINS RICE CRACKERS, 100 G OR TRISCUIT CRACKERS, 185/200 G",1.88,2026-08-13T00:00:00-04:00,2026-08-19T23:59:59-04:00
Atlantic Superstore,8073975,"NO NAME® PITAS, 250 G",1.75,2026-08-13T00:00:00-04:00,2026-08-19T23:59:59-04:00
Atlantic Superstore,8073975,"NESTLÉ CHOCOLATE TABLETS, 95-105 G",1.75,2026-08-13T00:00:00-04:00,2026-08-19T23:59:59-04:00
Atlantic Superstore,8073975,"IöGO NANO CREAMY YOGURT POUCH, 4 X 90 G",4.0,2026-08-13T00:00:00-04:00,2026-08-19T23:59:59-04:00
Atlantic Superstore,8073975,"MCCAIN PIZZA POCKETS, 540/600 G",7.0,2026-08-13T00:00:00-04:00,2026-08-19T23:59:59-04:00
Atlantic Superstore,8073975,"KIND BREAKFAST OR HEALTHY GRAIN BARS, 175-200 G",4.5,2026-08-13T00:00:00-04:00,2026-08-19T23:59:59-04:00
Atlantic Superstore,8073975,"BLUE GRAPES, 2 L",6.0,2026-08-13T00:00:00-04:00,2026-08-19T23:59:59-04:00
Atlantic Superstore,8073975,"FARMER'S MARKET™ YELLOW ONIONS, 3 LB",3.49,2026-08-13T00:00:00-04:00,2026-08-19T23:59:59-04:00
Atlantic Superstore,8073975,"NO NAME® COOKED HAM, 375 G",5.0,2026-08-13T00:00:00-04:00,2026-08-19T23:59:59-04:00
Atlantic Superstore,8073975,"MONSTER ENERGY DRINKS, 444-473 ML",7.0,2026-08-13T00:00:00-04:00,2026-08-19T23:59:59-04:00
Atlantic Superstore,8073975,"NO NAME® NATURALLY IMPERFECT™ CARROTS, 5 LB",3.5,2026-08-13T00:00:00-04:00,2026-08-19T23:59:59-04:00
Atlantic Superstore,8073975,"NESTEA ICED TEA, 1.89 L",3.5,2026-08-13T00:00:00-04:00,2026-08-19T23:59:59-04:00
Atlantic Superstore,8073975,"NO NAME® CHICKEN WINGS, 908 G",14.0,2026-08-13T00:00:00-04:00,2026-08-19T23:59:59-04:00
Atlantic Superstore,8073975,"PC® ORGANICS BLACK, GREEN OR RED SEEDLESS GRAPES, 907 G",10.0,2026-08-13T00:00:00-04:00,2026-08-19T23:59:59-04:00
Atlantic Superstore,8073975,"KELLOGG'S RAISIN BRAN, ALL BRAN, CRISPIX, FUN PAC, MINI WHEATS, MUSLIX, SPECIAL K, OR VECTOR PREMIUM CEREAL, 210-525 G",4.5,2026-08-13T00:00:00-04:00,2026-08-19T23:59:59-04:00
Atlantic Superstore,8073975,"NO NAME® BREAD, 520 G",2.89,2026-08-13T00:00:00-04:00,2026-08-19T23:59:59-04:00
Atlantic Superstore,8073975,"PACIFIC FOODS BROTH OR SOUP, 946 ML/1 L",7.25,2026-08-13T00:00:00-04:00,2026-08-19T23:59:59-04:00
Atlantic Superstore,8073975,"POWERADE SPORTS DRINK, 24X591 ML",24.99,2026-08-13T00:00:00-04:00,2026-08-19T23:59:59-04:00
Atlantic Superstore,8073975,"YUMI MORNING OATS, 264 G",5.0,2026-08-13T00:00:00-04:00,2026-08-19T23:59:59-04:00
Atlantic Superstore,8073975,"FRANK'S REDHOT SAUCE OR STRUB'S PICKLES, 1 L",5.5,2026-08-13T00:00:00-04:00,2026-08-19T23:59:59-04:00
Atlantic Superstore,8073975,"NO NAME® CHEESECAKE, 510 G",6.5,2026-08-13T00:00:00-04:00,2026-08-19T23:59:59-04:00
Atlantic Superstore,8073975,"DR. OETKER GIUSEPPE PIZZERIA RISING CRUST OR THIN CRUST PIZZA, 501-740 G",5.0,2026-08-13T00:00:00-04:00,2026-08-19T23:59:59-04:00
Atlantic Superstore,8073975,"SPICE IT UP ENTRÉES, 800 G",20.0,2026-08-13T00:00:00-04:00,2026-08-19T23:59:59-04:00
Atlantic Superstore,8073975,"ATLANTIC CHOICE PORK SAUSAGE, 375/500 G",7.0,2026-08-13T00:00:00-04:00,2026-08-19T23:59:59-04:00
Atlantic Superstore,8073975,"PANTENE SHAMPOO OR CONDITIONER, 476-530 ML",8.0,2026-08-13T00:00:00-04:00,2026-08-19T23:59:59-04:00
Atlantic Superstore,8073975,"COLGATE MULTIPACK TOOTHPASTE, 3X90/120/150 ML OR PREMIUM, 2'S TOOTHBRUSH, 1 EA.",9.5,2026-08-13T00:00:00-04:00,2026-08-19T23:59:59-04:00
Atlantic Superstore,8073975,"MAPLE LEAF BACON OR SCHNEIDERS BACON, 65-375 G",5.49,2026-08-13T00:00:00-04:00,2026-08-19T23:59:59-04:00
Atlantic Superstore,8073975,"PC® SMOKED SALMON, 150 G",11.5,2026-08-13T00:00:00-04:00,2026-08-19T23:59:59-04:00
Atlantic Superstore,8073975,"BETTY CROCKER CAKE MIX, 375-404 G OR FROSTING, 340-450 G",2.0,2026-08-13T00:00:00-04:00,2026-08-19T23:59:59-04:00
Atlantic Superstore,8073975,"SUNRISE LARGE WAX BOLOGNA, 2 KG",18.0,2026-08-13T00:00:00-04:00,2026-08-19T23:59:59-04:00
Atlantic Superstore,8073975,"BULLDOG MEN'S SKIN CARE, 30-300 ML OR RAZORS, 2/4'S",5.99,2026-08-13T00:00:00-04:00,2026-08-19T23:59:59-04:00
Atlantic Superstore,8073975,SHARPIE HIGHLIGHTER,2.0,2026-08-13T00:00:00-04:00,2026-08-19T23:59:59-04:00
Atlantic Superstore,8073975,LIFE AT HOME™ BACKREST,20.0,2026-08-13T00:00:00-04:00,2026-08-19T23:59:59-04:00
Atlantic Superstore,8073975,"FARMER'S MARKET™ LOAF CAKE, , 344-400 G",5.0,2026-08-13T00:00:00-04:00,2026-08-19T23:59:59-04:00
Atlantic Superstore,8073975,"NO NAME® SALSA, 430 ML OR REFRIED BEANS, 398 ML",5.0,2026-08-13T00:00:00-04:00,2026-08-19T23:59:59-04:00
Atlantic Superstore,8073975,"BELLA CASARA BURRATA, 250 G",14.0,2026-08-13T00:00:00-04:00,2026-08-19T23:59:59-04:00
Atlantic Superstore,8073975,"ZEN GOURMET ENTREES, 450 G",14.0,2026-08-13T00:00:00-04:00,2026-08-19T23:59:59-04:00
Atlantic Superstore,8073975,"PAMPERS SWADDLERS OR CRUISERS 360° ULTRA VALUE PACK DIAPERS, SIZES 3-7, 92-192'S",45.0,2026-08-13T00:00:00-04:00,2026-08-19T23:59:59-04:00
Atlantic Superstore,8073975,"INDOMIE INSTANT NOODLES, 5'S, 400-423 G OR CROSS TURTLE CHIPS, 100 G",3.99,2026-08-13T00:00:00-04:00,2026-08-19T23:59:59-04:00
Atlantic Superstore,8073975,TOMATOES ON THE VINE,1.5,2026-08-13T00:00:00-04:00,2026-08-19T23:59:59-04:00
Atlantic Superstore,8073975,ENGLISH CUCUMBERS,1.0,2026-08-13T00:00:00-04:00,2026-08-19T23:59:59-04:00
Atlantic Superstore,8073975,"U BY KOTEX LINERS, 80-129'S, PADS, 24-44'S OR TAMPONS, 30-32'S",11.0,2026-08-13T00:00:00-04:00,2026-08-19T23:59:59-04:00
Atlantic Superstore,8073975,"ZABIHA HALAL OR MAPLE LODGE FARMS CHICKEN WIENERS, 450 G",2.0,2026-08-13T00:00:00-04:00,2026-08-19T23:59:59-04:00
Atlantic Superstore,8073975,PC® SIGNATURE GIFT BOUQUET,26.0,2026-08-13T00:00:00-04:00,2026-08-19T23:59:59-04:00
Atlantic Superstore,8073975,ROYAL GALA APPLES,2.99,2026-08-13T00:00:00-04:00,2026-08-19T23:59:59-04:00
Atlantic Superstore,8073975,"BOLTHOUSE FARMS SMOOTHIES ON JUICE, 946 ML",3.5,2026-08-13T00:00:00-04:00,2026-08-19T23:59:59-04:00
Atlantic Superstore,8073975,"PC® NATURAL SPRING WATER, 24X500 ML",7.0,2026-08-13T00:00:00-04:00,2026-08-19T23:59:59-04:00
Atlantic Superstore,8073975,"BRAR'S MALAI PANEER, 375 G",5.99,2026-08-13T00:00:00-04:00,2026-08-19T23:59:59-04:00
Atlantic Superstore,8073975,"ZINDA COUSCOUS, 907 G",3.0,2026-08-13T00:00:00-04:00,2026-08-19T23:59:59-04:00
Atlantic Superstore,8073975,"HELLMANN'S MAYONNAISE OR MAYONNAISE TYPE DRESSING, 710-890 ML",6.0,2026-08-13T00:00:00-04:00,2026-08-19T23:59:59-04:00
Atlantic Superstore,8073975,"TAZO TEA 20'S, TETLEY TEA, 60/72'S OR LAVAZZA NESPRESSO COMPATIBLE CAPSULES, 10'S",5.5,2026-08-13T00:00:00-04:00,2026-08-19T23:59:59-04:00
Atlantic Superstore,8073975,"PAMPERS SWADDLERS, CRUISERS 360° OR BABY DRY DIAPERS, SIZE N - 127 - 174'S",35.0,2026-08-13T00:00:00-04:00,2026-08-19T23:59:59-04:00
Atlantic Superstore,8073975,"DABUR JUICE NECTAR, 1 L",3.5,2026-08-13T00:00:00-04:00,2026-08-19T23:59:59-04:00
Atlantic Superstore,8073975,"CRISPY COOKIES, 350G",4.0,2026-08-13T00:00:00-04:00,2026-08-19T23:59:59-04:00
Atlantic Superstore,8073975,"GLAD INDOOR BAGS, 12-52'S",8.0,2026-08-13T00:00:00-04:00,2026-08-19T23:59:59-04:00
Atlantic Superstore,8073975,EGGPLANT,3.0,2026-08-13T00:00:00-04:00,2026-08-19T23:59:59-04:00
Atlantic Superstore,8073975,"PC® ROAST AND GROUND, 875/930 G OR WHOLE BEAN COFFEE, 820/907 G",18.0,2026-08-13T00:00:00-04:00,2026-08-19T23:59:59-04:00
Atlantic Superstore,8073975,GRENADE PROTEIN BARS,3.5,2026-08-13T00:00:00-04:00,2026-08-19T23:59:59-04:00
Atlantic Superstore,8073975,"GOODNITES OR PAMPERS NINJAMAS NIGHTTIME UNDERWEAR, SIZES XS-XXL, 24-44'S",27.0,2026-08-13T00:00:00-04:00,2026-08-19T23:59:59-04:00
Atlantic Superstore,8073975,"STRUDEL OR TURNOVERS, 4'S",5.0,2026-08-13T00:00:00-04:00,2026-08-19T23:59:59-04:00
Atlantic Superstore,8073975,"PC® SMOKIES™, 1 KG",12.0,2026-08-13T00:00:00-04:00,2026-08-19T23:59:59-04:00
Atlantic Superstore,8073975,PC® THE DECADENT™ MUFFINS 360 G,5.0,2026-08-13T00:00:00-04:00,2026-08-19T23:59:59-04:00
Atlantic Superstore,8073975,PC® ORANGE JUICE 2.5 L OR YOPLAIT CREAMY OR SOURCE YOGURT 16 X 100 G,6.5,2026-08-13T00:00:00-04:00,2026-08-19T23:59:59-04:00
Atlantic Superstore,8073975,"CANADIAN COVE FRESH PEI MUSSELS, 907 G",6.5,2026-08-13T00:00:00-04:00,2026-08-19T23:59:59-04:00
Atlantic Superstore,8073975,"QUE PASA ORGANIC TORTILLA CHIPS, 300/350 G",3.0,2026-08-13T00:00:00-04:00,2026-08-19T23:59:59-04:00
Atlantic Superstore,8073975,"HERON POINT WILD CAUGHT CRAB MEAT READY TO EAT, 170 G OR PMC SWIMMING CRAB, WILD CAUGHT, RAW 680 G",9.0,2026-08-13T00:00:00-04:00,2026-08-19T23:59:59-04:00
Atlantic Superstore,8073975,"WONDER OR D'ITALIANO BREAD OR BUNS, 420-675 G",7.0,2026-08-13T00:00:00-04:00,2026-08-19T23:59:59-04:00
Atlantic Superstore,8073975,EVERYDAY ESSENTIALS™ COOKWARE,8.0,2026-08-13T00:00:00-04:00,2026-08-19T23:59:59-04:00
Atlantic Superstore,8073975,"PC® DIPS OR HUMMUS, 454 G",7.0,2026-08-13T00:00:00-04:00,2026-08-19T23:59:59-04:00
Atlantic Superstore,8073975,"PARLE-G ORIGINAL BISCUITS, 300 G Or HIDE & SEEK FAB COOKIES, 85 G",1.0,2026-08-13T00:00:00-04:00,2026-08-19T23:59:59-04:00
Atlantic Superstore,8073975,"HYDRO SILK SENSITIVE, TOUCH-UP RAZOR OR XTREME SENSITIVE SKIN DISPOSABLE RAZORS, 2-41's",5.72,2026-08-13T00:00:00-04:00,2026-08-19T23:59:59-04:00
Atlantic Superstore,8073975,"PC® ESSUIE-TOUT TOWEL, 12 ROLLS",24.99,2026-08-13T00:00:00-04:00,2026-08-19T23:59:59-04:00
Atlantic Superstore,8073975,KEURIG K-ICED COFFEE MAKER,120.0,2026-08-13T00:00:00-04:00,2026-08-19T23:59:59-04:00
Atlantic Superstore,8073975,"KNORR CHICKEN BOUILLON, 1 KG",10.99,2026-08-13T00:00:00-04:00,2026-08-19T23:59:59-04:00
Atlantic Superstore,8073975,"PC® TWO PACK DESSERTS OR PIZZA DOUGH FROZEN, 114-560 G",4.0,2026-08-13T00:00:00-04:00,2026-08-19T23:59:59-04:00
Atlantic Superstore,8073975,STRIPLOIN STEAK,15.0,2026-08-13T00:00:00-04:00,2026-08-19T23:59:59-04:00
Atlantic Superstore,8073975,"LIBERTÉ MEDITERRANÉE, 500 G OR 4 X 100 G",3.25,2026-08-13T00:00:00-04:00,2026-08-19T23:59:59-04:00
Atlantic Superstore,8073975,"PC® TORTILLA CHIPS, 320-350 G",2.5,2026-08-13T00:00:00-04:00,2026-08-19T23:59:59-04:00
No Frills,8073811,"CAVENDISH FARMS CLASSIC FRIES, 800 g",2.25,2026-08-13T00:00:00-04:00,2026-08-19T23:59:59-04:00
No Frills,8073811,"PEDIGREE WET DOG FOOD, 375 G",1.75,2026-08-13T00:00:00-04:00,2026-08-19T23:59:59-04:00
No Frills,8073811,"WHITE POTATOES, 10 LB BAG",3.99,2026-08-13T00:00:00-04:00,2026-08-19T23:59:59-04:00
No Frills,8073811,"NO NAME® GROUND COFFEE 907 g or KRISPY KREME, DONUT HOUSE or TIMOTHY'S COFFEE PODS 30's",15.0,2026-08-13T00:00:00-04:00,2026-08-19T23:59:59-04:00
No Frills,8073811,"CHRISTIE TRISCUITS, GOOD THINS OR WHEAT THINS CRACKERS, 100 - 200 G",1.88,2026-08-13T00:00:00-04:00,2026-08-19T23:59:59-04:00
No Frills,8073811,"NO NAME® PLASTIC WRAP, 60 m",4.0,2026-08-13T00:00:00-04:00,2026-08-19T23:59:59-04:00
No Frills,8073811,"ZIGGY'S® MOZZARELLA BALL, 340 g, PC® DOUBLE BRIE or CAMEMBERT, 165-200 g",6.0,2026-08-13T00:00:00-04:00,2026-08-19T23:59:59-04:00
No Frills,8073811,"FARMER'S MARKET™ SWEET CORN, PKG OF 5 or FARMER'S MARKET™ SWEET PEPPERS, PKG OF 4",4.99,2026-08-13T00:00:00-04:00,2026-08-19T23:59:59-04:00
No Frills,8073811,TOMATOES ON THE VINE,1.99,2026-08-13T00:00:00-04:00,2026-08-19T23:59:59-04:00
No Frills,8073811,"NO NAME® SANDWICH BAGS, 100's",2.0,2026-08-13T00:00:00-04:00,2026-08-19T23:59:59-04:00
No Frills,8073811,"KOOL-AID JAMMERS, 10x180 mL or MiO, CRYSTAL LIGHT, or KOOL-AID LIQUID WATER ENHANCERS, 48 mL/24-56 g",3.0,2026-08-13T00:00:00-04:00,2026-08-19T23:59:59-04:00
No Frills,8073811,"CLIF ZBAR, 5X36 G OR CLIF ENERGY MINIS, 5X28 G",3.5,2026-08-13T00:00:00-04:00,2026-08-19T23:59:59-04:00
No Frills,8073811,CAULIFLOWER,3.99,2026-08-13T00:00:00-04:00,2026-08-19T23:59:59-04:00
No Frills,8073811,"RED BARON CLASSIC CRUST PIZZA, 584-665 G",4.0,2026-08-13T00:00:00-04:00,2026-08-19T23:59:59-04:00
No Frills,8073811,"NO NAME® LAUNDRY DETERGENT, 4.43 L, FABRIC SOFTENER, 3.5 L OR DRYER SHEETS, 200'S",8.0,2026-08-13T00:00:00-04:00,2026-08-19T23:59:59-04:00
No Frills,8073811,"NONGSHIM SHIN OR PREMIUM NOODLES, 388-548 G",7.5,2026-08-13T00:00:00-04:00,2026-08-19T23:59:59-04:00
No Frills,8073811,"NO NAME® DISINFECTANT WIPES, 75'S",3.0,2026-08-13T00:00:00-04:00,2026-08-19T23:59:59-04:00
No Frills,8073811,"PC® BLUE MENU® MARGARINE, 907 g",5.0,2026-08-13T00:00:00-04:00,2026-08-19T23:59:59-04:00
No Frills,8073811,"UNICO TOMATO PASTE 156 mL, PIZZA SAUCE 213 mL or OLIVES 200 mL",1.0,2026-08-13T00:00:00-04:00,2026-08-19T23:59:59-04:00
No Frills,8073811,"NO NAME® NAPKINS, 500'S",5.49,2026-08-13T00:00:00-04:00,2026-08-19T23:59:59-04:00
No Frills,8073811,"NONGSHIM SHRIMP CHIPS, 45 G",1.25,2026-08-13T00:00:00-04:00,2026-08-19T23:59:59-04:00
No Frills,8073811,"NESTLE KIT KAT, AERO OR CRUNCH TABLETS, 95 - 105 G",1.75,2026-08-13T00:00:00-04:00,2026-08-19T23:59:59-04:00
No Frills,8073811,"NO NAME® RED PLASTIC PARTY CUPS, 50'S",5.0,2026-08-13T00:00:00-04:00,2026-08-19T23:59:59-04:00
No Frills,8073811,"TIDE LIQUID, 3.46/3.9 L, PODS OR FLINGS, 45-76'S LAUNDRY DETERGENT",19.99,2026-08-13T00:00:00-04:00,2026-08-19T23:59:59-04:00
No Frills,8073811,"NANAK TANDOORI PANEER POPPERS, 454 G",6.99,2026-08-13T00:00:00-04:00,2026-08-19T23:59:59-04:00
No Frills,8073811,"NO NAME® ALUMINUM FOIL, 100 ft",5.0,2026-08-13T00:00:00-04:00,2026-08-19T23:59:59-04:00
No Frills,8073811,ROYALE BATHROOM TISSUE 8=16 rolls or FACIAL TISSUE 6x100 sheets,5.0,2026-08-13T00:00:00-04:00,2026-08-19T23:59:59-04:00
No Frills,8073811,"LA GRILLE SEASONING OR CLUB HOUSE BLENDS, 120-248 G",4.5,2026-08-13T00:00:00-04:00,2026-08-19T23:59:59-04:00
No Frills,8073811,"CHEEMO PEROGIES, 745/907 G",3.0,2026-08-13T00:00:00-04:00,2026-08-19T23:59:59-04:00
No Frills,8073811,GREEN ONIONS,1.29,2026-08-13T00:00:00-04:00,2026-08-19T23:59:59-04:00
No Frills,8073811,"PALM CORNED BEEF, 326 G",5.99,2026-08-13T00:00:00-04:00,2026-08-19T23:59:59-04:00
No Frills,8073811,"SCHNEIDERS LUNCHMATE LUNCH KITS or STACKERS, 75-120 G",2.5,2026-08-13T00:00:00-04:00,2026-08-19T23:59:59-04:00
No Frills,8073811,"KELLOGG'S EGGO WAFFLES, PANCAKES OR FRENCH TOAST STICKS, 270-360 g",3.5,2026-08-13T00:00:00-04:00,2026-08-19T23:59:59-04:00
No Frills,8073811,"NO NAME® PURE WHITE VINEGAR, 4 L",2.79,2026-08-13T00:00:00-04:00,2026-08-19T23:59:59-04:00
No Frills,8073811,BERNARDIN REGULAR MOUTH SNAP LIDS 12's,6.0,2026-08-13T00:00:00-04:00,2026-08-19T23:59:59-04:00
No Frills,8073811,"BERNARDIN WIDE MOUTH SNAP LIDS, 12's",7.99,2026-08-13T00:00:00-04:00,2026-08-19T23:59:59-04:00
No Frills,8073811,"KD PROTEIN+, 175 G",2.5,2026-08-13T00:00:00-04:00,2026-08-19T23:59:59-04:00
No Frills,8073811,GREEN OR RED SEEDLESS RAISINS,3.99,2026-08-13T00:00:00-04:00,2026-08-19T23:59:59-04:00
No Frills,8073811,"SEAQUEST® SEAFOOD MEDLEY, 340 G",5.5,2026-08-13T00:00:00-04:00,2026-08-19T23:59:59-04:00
No Frills,8073811,"CATELLI PROTEIN+ PASTA, 340 G",3.0,2026-08-13T00:00:00-04:00,2026-08-19T23:59:59-04:00
No Frills,8073811,"EXCEL OR DOUBLEMINT GUM, 3X18 PIECES",3.5,2026-08-13T00:00:00-04:00,2026-08-19T23:59:59-04:00
No Frills,8073811,"SURAJ® NAAN, 5'S",2.29,2026-08-13T00:00:00-04:00,2026-08-19T23:59:59-04:00
No Frills,8073811,"KRAFT SINGLES, 410 G",4.0,2026-08-13T00:00:00-04:00,2026-08-19T23:59:59-04:00
No Frills,8073811,"HEINZ PICNIC PACK, 3x375 mL",5.0,2026-08-13T00:00:00-04:00,2026-08-19T23:59:59-04:00
No Frills,8073811,"HERSHEY'S CHOCOLATE POUCHES, 160-235 G",4.5,2026-08-13T00:00:00-04:00,2026-08-19T23:59:59-04:00
No Frills,8073811,"GATORADE SPORT DRINKS, 6X591 ML/8X355 ML OR POWDERS, 10PK/560 G",6.25,2026-08-13T00:00:00-04:00,2026-08-19T23:59:59-04:00
No Frills,8073811,"NESTLÉ CONFECTIONERY FROZEN DESSERT, 1.5 L OR NOVELTIES, 4-10'S",5.0,2026-08-13T00:00:00-04:00,2026-08-19T23:59:59-04:00
No Frills,8073811,"MCCAIN PIZZA POCKETS, 540/600 G",6.5,2026-08-13T00:00:00-04:00,2026-08-19T23:59:59-04:00
No Frills,8073811,"NO NAME® COMPOSTABLE KITCHEN BAGS, 20'S",5.0,2026-08-13T00:00:00-04:00,2026-08-19T23:59:59-04:00
No Frills,8073811,"MOTT'S CLAMATO or OCEAN SPRAY CRANBERRY COCKTAIL, 1.89 L",3.5,2026-08-13T00:00:00-04:00,2026-08-19T23:59:59-04:00
No Frills,8073811,GREEN PEPPERS,1.99,2026-08-13T00:00:00-04:00,2026-08-19T23:59:59-04:00
No Frills,8073811,JALAPENO PEPPERS,3.99,2026-08-13T00:00:00-04:00,2026-08-19T23:59:59-04:00
No Frills,8073811,"WINDSOR COARSE PICKING SALT, 1.36 KG",3.0,2026-08-13T00:00:00-04:00,2026-08-19T23:59:59-04:00
No Frills,8073811,"BERNARDIN STANDARD MASON JARS, 12x1L",20.0,2026-08-13T00:00:00-04:00,2026-08-19T23:59:59-04:00
No Frills,8073811,"BERNARDIN DECORATIVE WIDE MOUTH MASON JAR, 12x1 L",20.0,2026-08-13T00:00:00-04:00,2026-08-19T23:59:59-04:00
No Frills,8073811,"CLUB HOUSE PICKLING SPICE, 110 g",4.49,2026-08-13T00:00:00-04:00,2026-08-19T23:59:59-04:00
No Frills,8073811,"FARMER'S MARKET™ KIWI, 2 LB",6.99,2026-08-13T00:00:00-04:00,2026-08-19T23:59:59-04:00
No Frills,8073811,"MADEGOOD GRANOLA BARS, CRISPY OR CRUNCHY SQUARES, SOFT BAKED MINI COOKIES, GRANOLA BITES OR OAT BARS, 110-150 G",2.25,2026-08-13T00:00:00-04:00,2026-08-19T23:59:59-04:00
No Frills,8073811,"AASHIRVAAD WHOLE WHEAT FLOUR, 9.07 KG",13.0,2026-08-13T00:00:00-04:00,2026-08-19T23:59:59-04:00
No Frills,8073811,"GROUND CHICKEN, 454 G",3.0,2026-08-13T00:00:00-04:00,2026-08-19T23:59:59-04:00
No Frills,8073811,NO NAME® WHOLE CHICKEN,2.99,2026-08-13T00:00:00-04:00,2026-08-19T23:59:59-04:00
No Frills,8073811,"ROMAINE HEARTS, PKG OF 3 OR AVOCADOS, PKG OF 5",4.99,2026-08-13T00:00:00-04:00,2026-08-19T23:59:59-04:00
No Frills,8073811,EVERYDAY ESSENTIALS™ 3 PIECE KNIFE SET,7.0,2026-08-13T00:00:00-04:00,2026-08-19T23:59:59-04:00
No Frills,8073811,"MAPLE LEAF PRIME DRUMSTICKS, UP TO 843 G",6.0,2026-08-13T00:00:00-04:00,2026-08-19T23:59:59-04:00
No Frills,8073811,BROCCOLI CROWNS,2.49,2026-08-13T00:00:00-04:00,2026-08-19T23:59:59-04:00
No Frills,8073811,"REALEMON LEMON JUICE, 945 ml",3.5,2026-08-13T00:00:00-04:00,2026-08-19T23:59:59-04:00
No Frills,8073811,"DILL CUCUMBERS, 3 L",5.99,2026-08-13T00:00:00-04:00,2026-08-19T23:59:59-04:00
No Frills,8073811,EGGPLANT,1.99,2026-08-13T00:00:00-04:00,2026-08-19T23:59:59-04:00
No Frills,8073811,"NO NAME® RAINBOW BAKING CUPS, 50'S",2.0,2026-08-13T00:00:00-04:00,2026-08-19T23:59:59-04:00
No Frills,8073811,"PHILADELPHIA CREAM CHEESE PRODUCT, 227 / 250G",3.99,2026-08-13T00:00:00-04:00,2026-08-19T23:59:59-04:00
No Frills,8073811,"MINUTE MAID ZERO SUGAR BEVERAGES, 1.54 L OR FUZE ICED TEA, 1.75 L",3.75,2026-08-13T00:00:00-04:00,2026-08-19T23:59:59-04:00
No Frills,8073811,"YOPLAIT YOP DRINKABLE YOGURT, 200 ML",0.97,2026-08-13T00:00:00-04:00,2026-08-19T23:59:59-04:00
No Frills,8073811,"UNICO BEANS OR TOMATOES, 540/796 G",1.5,2026-08-13T00:00:00-04:00,2026-08-19T23:59:59-04:00
No Frills,8073811,SWEET POTATOES,1.79,2026-08-13T00:00:00-04:00,2026-08-19T23:59:59-04:00
No Frills,8073811,"JELL-O DESSERTS, 4X89-113 G",3.25,2026-08-13T00:00:00-04:00,2026-08-19T23:59:59-04:00
No Frills,8073811,"TINA'S BURRITO, 113 G",1.0,2026-08-13T00:00:00-04:00,2026-08-19T23:59:59-04:00
No Frills,8073811,"EAT SMART SWEET KALE OR TAYLOR FARMS SALAD KITS, 292-383 G",4.99,2026-08-13T00:00:00-04:00,2026-08-19T23:59:59-04:00
No Frills,8073811,"CLIF BARS, 5PK, 340 G",8.0,2026-08-13T00:00:00-04:00,2026-08-19T23:59:59-04:00
No Frills,8073811,"FINISH DISHWASHER TABS, 60-105'S",21.0,2026-08-13T00:00:00-04:00,2026-08-19T23:59:59-04:00
No Frills,8073811,"MAPLE LEAF FLAKED MEAT, 156 G OR HOLIDAY LUNCHEON MEAT, 340 G",2.0,2026-08-13T00:00:00-04:00,2026-08-19T23:59:59-04:00
No Frills,8073811,"ETNICO CHICKEN GIZZARDS, HEARTS or LIVER, UP TO 609 G",9.0,2026-08-13T00:00:00-04:00,2026-08-19T23:59:59-04:00
No Frills,8073811,"LIPTON OR KNORR SOUP MIX, 113-338 G",3.0,2026-08-13T00:00:00-04:00,2026-08-19T23:59:59-04:00
No Frills,8073811,"OIKOS GREEK YOGURT, 4X100 G",3.75,2026-08-13T00:00:00-04:00,2026-08-19T23:59:59-04:00
No Frills,8073811,RUTABAGAS,0.99,2026-08-13T00:00:00-04:00,2026-08-19T23:59:59-04:00
No Frills,8073811,"OCEAN'S WHITE TUNA, 170 G",3.0,2026-08-13T00:00:00-04:00,2026-08-19T23:59:59-04:00
No Frills,8073811,"DAIYA GLUTEN FREE & DAIRY FREE FROZEN PIZZA, 363-550 G",8.0,2026-08-13T00:00:00-04:00,2026-08-19T23:59:59-04:00
No Frills,8073811,"HIGH LINER FAMILY FISH, 315-700 G",6.0,2026-08-13T00:00:00-04:00,2026-08-19T23:59:59-04:00
No Frills,8073811,"ACE BISTRO LOAF, 545-640 G",4.0,2026-08-13T00:00:00-04:00,2026-08-19T23:59:59-04:00
No Frills,8073811,"NO NAME® REGULAR BLEACH, 2.4 L",3.5,2026-08-13T00:00:00-04:00,2026-08-19T23:59:59-04:00
No Frills,8073811,"MARCANGELO SOUVLAKI KABOBS, 480/640 G",13.99,2026-08-13T00:00:00-04:00,2026-08-19T23:59:59-04:00
No Frills,8073811,FLEECY FABRIC SOFTENER 3.5 L OR DRYER SHEETS 200'S,10.0,2026-08-13T00:00:00-04:00,2026-08-19T23:59:59-04:00
No Frills,8073811,"LECLERC CÉLÉBRATION COOKIES, 200/240 G",3.0,2026-08-13T00:00:00-04:00,2026-08-19T23:59:59-04:00
No Frills,8073811,"NO NAME® NATURALLY IMPERFECT™ MINI CUCUMBERS, 2 LB BAG",4.0,2026-08-13T00:00:00-04:00,2026-08-19T23:59:59-04:00
No Frills,8073811,STEELHEAD TROUT FILLET,10.0,2026-08-13T00:00:00-04:00,2026-08-19T23:59:59-04:00
No Frills,8073811,"VALENTINA HOT SAUCE, 370 ML",1.99,2026-08-13T00:00:00-04:00,2026-08-19T23:59:59-04:00
No Frills,8073811,"BIBIGO MANDU OR MINI WONTONS, 680 G",7.5,2026-08-13T00:00:00-04:00,2026-08-19T23:59:59-04:00
No Frills,8073811,"MARZETTI DIPS, 340 G",4.0,2026-08-13T00:00:00-04:00,2026-08-19T23:59:59-04:00
No Frills,8073811,"STOK COLD BREW COFFEE, 1.42 L OR STARBUCKS ICED COFFEE, COLD BREW OR ICED ESPRESSO, 1.18 L OR 1.42 L",7.29,2026-08-13T00:00:00-04:00,2026-08-19T23:59:59-04:00
No Frills,8073811,"KICKING HORSE ORGANIC GROUND COFFEE, 284 G",11.0,2026-08-13T00:00:00-04:00,2026-08-19T23:59:59-04:00
No Frills,8073811,"EARTH'S OWN BARISTA, 946 ML",4.5,2026-08-13T00:00:00-04:00,2026-08-19T23:59:59-04:00
No Frills,8073811,"GREEN GIANT VEGETABLES, 283-750 G",3.5,2026-08-13T00:00:00-04:00,2026-08-19T23:59:59-04:00
No Frills,8073811,"KRAFT DINNER RAMEN, 95/97 G",2.5,2026-08-13T00:00:00-04:00,2026-08-19T23:59:59-04:00
No Frills,8073811,"LA FOURNÉE DORÉE BRIOCHE BREAD, 500 G",5.0,2026-08-13T00:00:00-04:00,2026-08-19T23:59:59-04:00
No Frills,8073811,"WHITE POTATOES, 10 LB BAG",3.99,2026-08-13T00:00:00-04:00,2026-08-19T23:59:59-04:00
No Frills,8073811,"BIBIGO STEAMED DUMPLINGS, 187 G",4.49,2026-08-13T00:00:00-04:00,2026-08-19T23:59:59-04:00
No Frills,8073811,"PC® MINI MUFFINS, 12'S",4.0,2026-08-13T00:00:00-04:00,2026-08-19T23:59:59-04:00
No Frills,8073811,"CAMPBELL'S CONDENSED SOUP, 284 ML",1.29,2026-08-13T00:00:00-04:00,2026-08-19T23:59:59-04:00
No Frills,8073811,PAPAYA,1.99,2026-08-13T00:00:00-04:00,2026-08-19T23:59:59-04:00
No Frills,8073811,"NO NAME® AIR FRYER LINERS ROUND OR SQUARE, 30'S",2.5,2026-08-13T00:00:00-04:00,2026-08-19T23:59:59-04:00
No Frills,8073811,"BECEL MARGARINE, 637/800 G",6.99,2026-08-13T00:00:00-04:00,2026-08-19T23:59:59-04:00
No Frills,8073811,"CHEEZ-IT CRACKERS, 191/200 G",2.0,2026-08-13T00:00:00-04:00,2026-08-19T23:59:59-04:00
No Frills,8073811,"PC® BLUE MENU® OR THICK AND JUICY™ 4 PACK BURGERS, 568 G",10.0,2026-08-13T00:00:00-04:00,2026-08-19T23:59:59-04:00
No Frills,8073811,"ZUKES DOG TREATS, 170 G",8.0,2026-08-13T00:00:00-04:00,2026-08-19T23:59:59-04:00
No Frills,8073811,"BREYERS CREAMERY STYLE ICE CREAM, 1.41 L",4.5,2026-08-13T00:00:00-04:00,2026-08-19T23:59:59-04:00
No Frills,8073811,"SEAQUEST® RAW OR COOKED SHRIMP, 36-55 PER LB, 300 G, SHRIMP RING, 227G OR BAY SCALLOP, 400 G",5.5,2026-08-13T00:00:00-04:00,2026-08-19T23:59:59-04:00
No Frills,8073811,"PC® YARD WASTE PAPER BAGS, 5's",2.0,2026-08-13T00:00:00-04:00,2026-08-19T23:59:59-04:00
No Frills,8073811,"FARMER'S MARKET® YELLOW NECTARINES, 2 L or PEACHES, 3 L",6.99,2026-08-13T00:00:00-04:00,2026-08-19T23:59:59-04:00
No Frills,8073811,"BOLTHOUSE FARMS SMOOTHIES OR JUICE, 946 ML",3.5,2026-08-13T00:00:00-04:00,2026-08-19T23:59:59-04:00
No Frills,8073811,"BEYOND MEAT PLANT-BASED BURGERS, 678 g",16.99,2026-08-13T00:00:00-04:00,2026-08-19T23:59:59-04:00
No Frills,8073811,"MARZETTI DIPS, 340 g",4.0,2026-08-13T00:00:00-04:00,2026-08-19T23:59:59-04:00
No Frills,8073811,"FARMER'S MARKET™ CARROTS, 3 LB BAG",3.49,2026-08-13T00:00:00-04:00,2026-08-19T23:59:59-04:00
No Frills,8073811,"BASA STEAKS, 1 KG",8.0,2026-08-13T00:00:00-04:00,2026-08-19T23:59:59-04:00
No Frills,8073811,PC® FROZEN FRUIT 300-600 g or CHAPMAN'S PREMIUM ICE CREAM 2 L,5.5,2026-08-13T00:00:00-04:00,2026-08-19T23:59:59-04:00
No Frills,8073811,"ORVILLE REDENBACHER MICROWAVE POPCORN, 385-492 g or KERNEL JAR, 850 g",4.0,2026-08-13T00:00:00-04:00,2026-08-19T23:59:59-04:00
No Frills,8073811,"ROOSTER® MEDIUM GRAIN SUSHI RICE, 2.27 KG",5.5,2026-08-13T00:00:00-04:00,2026-08-19T23:59:59-04:00
No Frills,8073811,"PC® BLUE MENU SPARKLING WATER 1 L, PEACE TEA ICED TEA 695 ml, NESTLÉ or MARS CHOCOLATE SINGLES 41-60 g or SKITTLES CANDY 51-61 g",1.0,2026-08-13T00:00:00-04:00,2026-08-19T23:59:59-04:00
No Frills,8073811,"SMUCKER'S UNCRUSTABLES SANDWICHES, 4x58 g",4.75,2026-08-13T00:00:00-04:00,2026-08-19T23:59:59-04:00
No Frills,8073811,"KELLOGG'S RICE KRISPIES, 154-198 g, POP TARTS, 384 g, SPECIAL K, 125 g or NUTRI-GRAIN, 295 g BARS",3.0,2026-08-13T00:00:00-04:00,2026-08-19T23:59:59-04:00
No Frills,8073811,"NANAK DAHI, 750 G",2.99,2026-08-13T00:00:00-04:00,2026-08-19T23:59:59-04:00
No Frills,8073811,"CHAPMAN'S SUPER PREMIUM PLUS ICE CREAM, 500 mL",3.99,2026-08-13T00:00:00-04:00,2026-08-19T23:59:59-04:00
No Frills,8073811,"KELLOGG'S CEREAL, 250-355 G",3.5,2026-08-13T00:00:00-04:00,2026-08-19T23:59:59-04:00
No Frills,8073811,"FARMER'S MARKET™ LEMON, 2 LB BAG OR ORANGES, 3 LB BAG",4.99,2026-08-13T00:00:00-04:00,2026-08-19T23:59:59-04:00
No Frills,8073811,"NO NAME® WHITE BAKING CUPS, 50's",2.0,2026-08-13T00:00:00-04:00,2026-08-19T23:59:59-04:00
No Frills,8073811,"PC® WHOLE CREMINI OR WHITE MUSHROOMS, 227 G",2.49,2026-08-13T00:00:00-04:00,2026-08-19T23:59:59-04:00
No Frills,8073811,KALE,1.99,2026-08-13T00:00:00-04:00,2026-08-19T23:59:59-04:00
No Frills,8073811,OKRA,3.99,2026-08-13T00:00:00-04:00,2026-08-19T23:59:59-04:00
No Frills,8073811,"FARMER'S MARKET™ GRAPE TOMATOES, 283 G",2.99,2026-08-13T00:00:00-04:00,2026-08-19T23:59:59-04:00
No Frills,8073811,"NO NAME® POTATO CHIPS, 200 G",1.5,2026-08-13T00:00:00-04:00,2026-08-19T23:59:59-04:00
No Frills,8073811,"PC® ORGANICS KEFIR, 1 L",6.0,2026-08-13T00:00:00-04:00,2026-08-19T23:59:59-04:00
No Frills,8073811,PINEAPPLE,5.99,2026-08-13T00:00:00-04:00,2026-08-19T23:59:59-04:00
No Frills,8073811,"NESQUIK SYRUP, 510/700 ML OR POWDER, 540 G",5.0,2026-08-13T00:00:00-04:00,2026-08-19T23:59:59-04:00
No Frills,8073811,"FARMER'S MARKET™ MCINTOSH, SPARTAN APPLES, 4 LB BAG OR STRAWBERRIES, 1 LB CLAMSHELL",4.99,2026-08-13T00:00:00-04:00,2026-08-19T23:59:59-04:00
No Frills,8073811,"NO NAME® PAPER TOWELS, 6=12 ROLLS",7.0,2026-08-13T00:00:00-04:00,2026-08-19T23:59:59-04:00
No Frills,8073811,"BUBLY OR MONTELLIER SPARKLING WATER, 10/12x355 ML",6.5,2026-08-13T00:00:00-04:00,2026-08-19T23:59:59-04:00
No Frills,8073811,"NO NAME® CHEESE BARS, 700 G",8.79,2026-08-13T00:00:00-04:00,2026-08-19T23:59:59-04:00
No Frills,8073811,"KIND HEALTHY GRAINS BARS, 175 G OR BREAKFAST BARS, 200 G",4.0,2026-08-13T00:00:00-04:00,2026-08-19T23:59:59-04:00
No Frills,8073811,"PC® ROAST AND GROUND COFFEE 800-930 g, WHOLE BEAN COFFEE 820/907 g or PODS 30's",20.0,2026-08-13T00:00:00-04:00,2026-08-19T23:59:59-04:00
No Frills,8073811,"SCHNEIDERS PEPPERETTES, 250-375 g",6.5,2026-08-13T00:00:00-04:00,2026-08-19T23:59:59-04:00
No Frills,8073811,"MARS CHOCOLATE BAG, 155-170 g",4.79,2026-08-13T00:00:00-04:00,2026-08-19T23:59:59-04:00
No Frills,8073811,"PC® ORGANICS POUCHES, 128 mL, BABY BELLIES SNACKS, 8/12 g, COLGATE or CREST TOOTHPASTE, 50-100 mL or MANUAL TOOTHBRUSH, 1 EA",1.0,2026-08-13T00:00:00-04:00,2026-08-19T23:59:59-04:00
No Frills,8073811,"UNICO OLIVES, PEPPER RINGS, PEPERONCINI OR CAPERS, 125-750 ML",2.99,2026-08-13T00:00:00-04:00,2026-08-19T23:59:59-04:00
No Frills,8073811,ROBIN HOOD FLOUR 2/2.5 kg or FIVE ROSES FLOUR 2.5 kg,5.5,2026-08-13T00:00:00-04:00,2026-08-19T23:59:59-04:00
No Frills,8073811,"TILDA BASMATI RICE, 4.54 KG",12.99,2026-08-13T00:00:00-04:00,2026-08-19T23:59:59-04:00
No Frills,8073811,"SISTEMA STARTER KIT, 6 pieces",12.0,2026-08-13T00:00:00-04:00,2026-08-19T23:59:59-04:00
No Frills,8073811,"PURINA BEGGIN STRIPS DOG TREATS, 170 g",3.0,2026-08-13T00:00:00-04:00,2026-08-19T23:59:59-04:00
No Frills,8073811,"SUFRA® HALAL CHICKEN BREASTS, up to 645 g",14.0,2026-08-13T00:00:00-04:00,2026-08-19T23:59:59-04:00
No Frills,8073811,NO NAME® FOOD STORAGE CONTAINERS,3.0,2026-08-13T00:00:00-04:00,2026-08-19T23:59:59-04:00
No Frills,8073811,"NO NAME® NATURALLY IMPERFECT™ MIXED PEPPERS, 2.5 LB BAG",6.0,2026-08-13T00:00:00-04:00,2026-08-19T23:59:59-04:00
No Frills,8073811,BABY BOK CHOY OR SHANGHAI BOK CHOI,1.99,2026-08-13T00:00:00-04:00,2026-08-19T23:59:59-04:00
No Frills,8073811,NO NAME® LUNCH PAPER PLATES 40's,5.0,2026-08-13T00:00:00-04:00,2026-08-19T23:59:59-04:00
No Frills,8073811,"DARE VIVA PUFFS, WAGON WHEELS, ULTIMATE OR BEAR PAWS COOKIES, 168-360 G",2.5,2026-08-13T00:00:00-04:00,2026-08-19T23:59:59-04:00
No Frills,8073811,"SWISS CHALET OR MONTANA'S ROCKY MTN PORK RIBS, 600/650 G",8.99,2026-08-13T00:00:00-04:00,2026-08-19T23:59:59-04:00
No Frills,8073811,"OLIVIERI SKILLET GNOCCHI, 280/300 G",4.0,2026-08-13T00:00:00-04:00,2026-08-19T23:59:59-04:00
No Frills,8073811,"HIGH LINER PAN-SEAR or BATTERED FISH FILLETS, 454 - 909 g",11.0,2026-08-13T00:00:00-04:00,2026-08-19T23:59:59-04:00
No Frills,8073811,"FIELD TOMATOES, 3L",6.99,2026-08-13T00:00:00-04:00,2026-08-19T23:59:59-04:00
No Frills,8073811,"TOSTITOS or DORITOS TORTILLA CHIPS, 210-295 g",4.0,2026-08-13T00:00:00-04:00,2026-08-19T23:59:59-04:00
No Frills,8073811,"WINDEX GLASS CLEANER 765 mL, SCRUBBING BUBBLES, 946/950 mL or FANTASTIK, 650 mL",4.5,2026-08-13T00:00:00-04:00,2026-08-19T23:59:59-04:00
No Frills,8073811,"LAVAZZA CREMA E GUSTO, QUALITA ORO or QUALITA ROSSA GROUND COFFEE, 250 g",6.0,2026-08-13T00:00:00-04:00,2026-08-19T23:59:59-04:00
No Frills,8073811,FRUITS AND VEGETABLES,4.5,2026-08-13T00:00:00-04:00,2026-08-19T23:59:59-04:00
No Frills,8073811,"EVERYDAY ESSENTIALS™ 12"" SKILLET",8.0,2026-08-13T00:00:00-04:00,2026-08-19T23:59:59-04:00
No Frills,8073811,PLANTAINS,1.29,2026-08-13T00:00:00-04:00,2026-08-19T23:59:59-04:00
No Frills,8073811,PORK BELLY PORTIONS,4.89,2026-08-13T00:00:00-04:00,2026-08-19T23:59:59-04:00
No Frills,8073811,"VH COOKING or DIPPING SAUCE, 341-380 mL",3.0,2026-08-13T00:00:00-04:00,2026-08-19T23:59:59-04:00
No Frills,8073811,"NANAK PANEER, 341 G",4.49,2026-08-13T00:00:00-04:00,2026-08-19T23:59:59-04:00
No Frills,8073811,"COUNTRY HARVEST BREAD, 600 g",3.5,2026-08-13T00:00:00-04:00,2026-08-19T23:59:59-04:00
No Frills,8073811,BLACK DIAMOND CHEESTRINGS or SNACKS 252/336 g or CRACKER BARREL CHEESE SHREDS 320 g,6.0,2026-08-13T00:00:00-04:00,2026-08-19T23:59:59-04:00
No Frills,8073811,"WHOLE SEEDLESS WATERMELON, 9 LB AVERAGE",6.99,2026-08-13T00:00:00-04:00,2026-08-19T23:59:59-04:00
No Frills,8073811,"SAPUTO RICOTTA, FETA, BOCCONCINI, MOZZARELLA OR SHREDDED CHEESE, 125-500 G",5.0,2026-08-13T00:00:00-04:00,2026-08-19T23:59:59-04:00
No Frills,8073811,"NO NAME® CORN, 341/398 ML",1.25,2026-08-13T00:00:00-04:00,2026-08-19T23:59:59-04:00
No Frills,8073811,"NO NAME® BATHROOM TISSUE, 12-24 rolls",6.5,2026-08-13T00:00:00-04:00,2026-08-19T23:59:59-04:00
No Frills,8073811,"PC® BLUE MENU® BEANS, PEAS or LENTILS, 900 g",3.99,2026-08-13T00:00:00-04:00,2026-08-19T23:59:59-04:00
No Frills,8073811,BLUEBERRIES,2.44,2026-08-13T00:00:00-04:00,2026-08-19T23:59:59-04:00
Sobeys,8072139,Extra Large Green or Red Seedless Grapes,3.99,2026-08-13T00:00:00-04:00,2026-08-19T22:59:59-04:00
Sobeys,8072139,Fresh Boneless Inside Round Oven Roast or Family Size Marinating Steaks,12.99,2026-08-13T00:00:00-04:00,2026-08-19T22:59:59-04:00
Sobeys,8072139,Fresh Boneless Striploin Premium Oven Roast or Family Size Grilling Steaks,28.99,2026-08-13T00:00:00-04:00,2026-08-19T22:59:59-04:00
Sobeys,8072139,Premium Frozen Dessert or Real Dairy Ice Cream,4.94,2026-08-13T00:00:00-04:00,2026-08-19T22:59:59-04:00
Sobeys,8072139,Family Size Cereal,4.87,2026-08-13T00:00:00-04:00,2026-08-19T22:59:59-04:00
Sobeys,8072139,"COMPLIMENTS Baby Spinach, Baby Arugula or Spring Mix",4.99,2026-08-13T00:00:00-04:00,2026-08-19T22:59:59-04:00
Sobeys,8072139,"ROYAL ASIA Wonton Soup, Shrimp Toast, Wontons or Prawn Dumplings",9.88,2026-08-13T00:00:00-04:00,2026-08-19T22:59:59-04:00
Sobeys,8072139,"Ristorante, Casa Di Mama Pizza or Giuseppe Garlic Fingers",3.47,2026-08-13T00:00:00-04:00,2026-08-19T22:59:59-04:00
Sobeys,8072139,Fresh Boneless Top Sirloin Premium Oven Roast or Family Size Steaks,8.88,2026-08-13T00:00:00-04:00,2026-08-19T22:59:59-04:00
Sobeys,8072139,Bacon,4.99,2026-08-13T00:00:00-04:00,2026-08-19T22:59:59-04:00
Sobeys,8072139,"Pub Style Breaded Chicken Strips, Nuggets, Burgers, Fries, Popcorn Chicken or Chicken Wings",6.0,2026-08-13T00:00:00-04:00,2026-08-19T22:59:59-04:00
Sobeys,8072139,Butter,4.88,2026-08-13T00:00:00-04:00,2026-08-19T22:59:59-04:00
Sobeys,8072139,Pasta Sauce,2.97,2026-08-13T00:00:00-04:00,2026-08-19T22:59:59-04:00
Sobeys,8072139,Samosas,7.0,2026-08-13T00:00:00-04:00,2026-08-19T22:59:59-04:00
Sobeys,8072139,Green or Wax Beans,1.99,2026-08-13T00:00:00-04:00,2026-08-19T22:59:59-04:00
Sobeys,8072139,Potato Chips,7.0,2026-08-13T00:00:00-04:00,2026-08-19T22:59:59-04:00
Sobeys,8072139,Specialty Tea Canisters,3.99,2026-08-13T00:00:00-04:00,2026-08-19T22:59:59-04:00
Sobeys,8072139,Fresh Pork Side Ribs,4.99,2026-08-13T00:00:00-04:00,2026-08-19T22:59:59-04:00
Sobeys,8072139,Whole Bean Coffee,28.99,2026-08-13T00:00:00-04:00,2026-08-19T22:59:59-04:00
Sobeys,8072139,Non-Alcoholic Ginger Beer,8.49,2026-08-13T00:00:00-04:00,2026-08-19T22:59:59-04:00
Sobeys,8072139,Candy,9.49,2026-08-13T00:00:00-04:00,2026-08-19T22:59:59-04:00
Sobeys,8072139,ODD COOKIE,7.99,2026-08-13T00:00:00-04:00,2026-08-19T22:59:59-04:00
Sobeys,8072139,COMPLIMENTS Apple Juice,3.5,2026-08-13T00:00:00-04:00,2026-08-19T22:59:59-04:00
Sobeys,8072139,Roast & Ground Coffee,13.99,2026-08-13T00:00:00-04:00,2026-08-19T22:59:59-04:00
Sobeys,8072139,Tablet Bars,2.99,2026-08-13T00:00:00-04:00,2026-08-19T22:59:59-04:00
Sobeys,8072139,Wafers or Turnovers,7.0,2026-08-13T00:00:00-04:00,2026-08-19T22:59:59-04:00
Sobeys,8072139,"Premium, Stuffed, CARDINAL ROADHOUSE or BELMONT Burgers",15.99,2026-08-13T00:00:00-04:00,2026-08-19T22:59:59-04:00
Sobeys,8072139,Snack Kits or Lunchmate Stackers,3.5,2026-08-13T00:00:00-04:00,2026-08-19T22:59:59-04:00
Sobeys,8072139,Vegetable Cocktail,4.99,2026-08-13T00:00:00-04:00,2026-08-19T22:59:59-04:00
Sobeys,8072139,Classic Water Crackers,3.29,2026-08-13T00:00:00-04:00,2026-08-19T22:59:59-04:00
Sobeys,8072139,Lean Ground Lamb,6.0,2026-08-13T00:00:00-04:00,2026-08-19T22:59:59-04:00
Sobeys,8072139,COMPLIMENTS Crab or Lobster Flavoured Alaskan Pollock,2.99,2026-08-13T00:00:00-04:00,2026-08-19T22:59:59-04:00
Sobeys,8072139,Plant-Based Burgers or Simulated Beef,19.99,2026-08-13T00:00:00-04:00,2026-08-19T22:59:59-04:00
Sobeys,8072139,In-Store Plain or Marinated Raw Shrimp Skewers,1.25,2026-08-13T00:00:00-04:00,2026-08-19T22:59:59-04:00
Sobeys,8072139,COMPLIMENTS Atlantic Salmon Burgers,9.99,2026-08-13T00:00:00-04:00,2026-08-19T22:59:59-04:00
Sobeys,8072139,Pacific White Shrimp,19.0,2026-08-13T00:00:00-04:00,2026-08-19T22:59:59-04:00
Sobeys,8072139,Gourmet Cookies,7.49,2026-08-13T00:00:00-04:00,2026-08-19T22:59:59-04:00
Sobeys,8072139,COMPLIMENTS Clementines,4.99,2026-08-13T00:00:00-04:00,2026-08-19T22:59:59-04:00
Sobeys,8072139,DEMPSTER'S Holsum White or Whole Wheat Bread,2.99,2026-08-13T00:00:00-04:00,2026-08-19T22:59:59-04:00
Sobeys,8072139,Whipping Cream,3.99,2026-08-13T00:00:00-04:00,2026-08-19T22:59:59-04:00
Sobeys,8072139,Topped Hummus,4.49,2026-08-13T00:00:00-04:00,2026-08-19T22:59:59-04:00
Sobeys,8072139,Kitchen Bags,7.99,2026-08-13T00:00:00-04:00,2026-08-19T22:59:59-04:00
Sobeys,8072139,COMPLIMENTS Liquid Dish Detergent,2.79,2026-08-13T00:00:00-04:00,2026-08-19T22:59:59-04:00
Sobeys,8072139,Raisin Bread,4.99,2026-08-13T00:00:00-04:00,2026-08-19T22:59:59-04:00
Sobeys,8072139,Pasta Sauce,7.99,2026-08-13T00:00:00-04:00,2026-08-19T22:59:59-04:00
Sobeys,8072139,COMPLIMENTS Sour Cream,2.49,2026-08-13T00:00:00-04:00,2026-08-19T22:59:59-04:00
Sobeys,8072139,Bathroom Tissue,10.99,2026-08-13T00:00:00-04:00,2026-08-19T22:59:59-04:00
Sobeys,8072139,Boomchickapop,5.99,2026-08-13T00:00:00-04:00,2026-08-19T22:59:59-04:00
Sobeys,8072139,Figs,5.0,2026-08-13T00:00:00-04:00,2026-08-19T22:59:59-04:00
Sobeys,8072139,Fresh Boneless Skinless Chicken Breast or Thigh Kabobs with Vegetables,9.99,2026-08-13T00:00:00-04:00,2026-08-19T22:59:59-04:00
Sobeys,8072139,Swaddlers,28.99,2026-08-13T00:00:00-04:00,2026-08-19T22:59:59-04:00
Sobeys,8072139,Toothpaste,1.99,2026-08-13T00:00:00-04:00,2026-08-19T22:59:59-04:00
Sobeys,8072139,COMPLIMENTS Multi-Surface Cleaner,3.49,2026-08-13T00:00:00-04:00,2026-08-19T22:59:59-04:00
Sobeys,8072139,COMPLIMENTS Tablet Bars,3.79,2026-08-13T00:00:00-04:00,2026-08-19T22:59:59-04:00
Sobeys,8072139,Canned Coffee,1.18,2026-08-13T00:00:00-04:00,2026-08-19T22:59:59-04:00
Sobeys,8072139,NONGSHIM Noodles,5.48,2026-08-13T00:00:00-04:00,2026-08-19T22:59:59-04:00
Sobeys,8072139,Sunflower and Matricaria Bouquet,21.99,2026-08-13T00:00:00-04:00,2026-08-19T22:59:59-04:00
Sobeys,8072139,TIDY CATS Lightweight Cat Litter,21.99,2026-08-13T00:00:00-04:00,2026-08-19T22:59:59-04:00
Sobeys,8072139,KNORR Rice & Pasta Cups,2.99,2026-08-13T00:00:00-04:00,2026-08-19T22:59:59-04:00
Sobeys,8072139,HOSTESS Snacks,2.99,2026-08-13T00:00:00-04:00,2026-08-19T22:59:59-04:00
Sobeys,8072139,COMPLIMENTS Salads,6.99,2026-08-13T00:00:00-04:00,2026-08-19T22:59:59-04:00
Sobeys,8072139,Ramune Soda,2.78,2026-08-13T00:00:00-04:00,2026-08-19T22:59:59-04:00
Sobeys,8072139,Jumbo Carrots,1.48,2026-08-13T00:00:00-04:00,2026-08-19T22:59:59-04:00
Sobeys,8072139,COMPLIMENTS NATURALLY SIMPLE Black Tiger Shrimp in Ring with Sauce,24.99,2026-08-13T00:00:00-04:00,2026-08-19T22:59:59-04:00
Sobeys,8072139,Fresh Beef Kebabs with Vegetables,17.99,2026-08-13T00:00:00-04:00,2026-08-19T22:59:59-04:00
Sobeys,8072139,Assorted Kits,4.0,2026-08-13T00:00:00-04:00,2026-08-19T22:59:59-04:00
Sobeys,8072139,Daikon or Lo Bok,2.0,2026-08-13T00:00:00-04:00,2026-08-19T22:59:59-04:00
Sobeys,8072139,2-Pack Mini Croissant Breakfast Sandwiches,6.99,2026-08-13T00:00:00-04:00,2026-08-19T22:59:59-04:00
Sobeys,8072139,COMPLIMENTS Large Omega-3 Eggs,5.49,2026-08-13T00:00:00-04:00,2026-08-19T22:59:59-04:00
Sobeys,8072139,Cheese 740 g or Shreds 590 g,9.97,2026-08-13T00:00:00-04:00,2026-08-19T22:59:59-04:00
Sobeys,8072139,KRAFT Singles,4.99,2026-08-13T00:00:00-04:00,2026-08-19T22:59:59-04:00
Sobeys,8072139,Maya Mangoes,3.99,2026-08-13T00:00:00-04:00,2026-08-19T22:59:59-04:00
Sobeys,8072139,King Size Bars,1.99,2026-08-13T00:00:00-04:00,2026-08-19T22:59:59-04:00
Sobeys,8072139,COMPLIMENTS or LECLERC Celebration Cookies selected,2.99,2026-08-13T00:00:00-04:00,2026-08-19T22:59:59-04:00
Sobeys,8072139,COMPLIMENTS Extra Large Cooked Shrimp in Ring with Sauce,9.99,2026-08-13T00:00:00-04:00,2026-08-19T22:59:59-04:00
Sobeys,8072139,Salad Dressing,2.99,2026-08-13T00:00:00-04:00,2026-08-19T22:59:59-04:00
Sobeys,8072139,Liquid Laundry,17.99,2026-08-13T00:00:00-04:00,2026-08-19T22:59:59-04:00
Sobeys,8072139,From Atlantic Canada Fresh Wild Haddock Fillets,13.99,2026-08-13T00:00:00-04:00,2026-08-19T22:59:59-04:00
Sobeys,8072139,Cauliflower,2.99,2026-08-13T00:00:00-04:00,2026-08-19T22:59:59-04:00
Sobeys,8072139,Assorted Canned Fruit,5.0,2026-08-13T00:00:00-04:00,2026-08-19T22:59:59-04:00
Sobeys,8072139,"Shampoo, Conditioner or Stylers",4.99,2026-08-13T00:00:00-04:00,2026-08-19T22:59:59-04:00
Sobeys,8072139,Cranberry Cocktails,3.99,2026-08-13T00:00:00-04:00,2026-08-19T22:59:59-04:00
Sobeys,8072139,Fresh Extra Lean Ground Beef,8.99,2026-08-13T00:00:00-04:00,2026-08-19T22:59:59-04:00
Sobeys,8072139,Fresh Boneless Pork Loin Centre and Rib Combo Chops,3.99,2026-08-13T00:00:00-04:00,2026-08-19T22:59:59-04:00
Sobeys,8072139,Bologna,3.99,2026-08-13T00:00:00-04:00,2026-08-19T22:59:59-04:00
Sobeys,8072139,Organic Cat Grass,6.99,2026-08-13T00:00:00-04:00,2026-08-19T22:59:59-04:00
Sobeys,8072139,Chopped or Leaf Salad Kits,5.5,2026-08-13T00:00:00-04:00,2026-08-19T22:59:59-04:00
Sobeys,8072139,Mango,13.99,2026-08-13T00:00:00-04:00,2026-08-19T22:59:59-04:00
Sobeys,8072139,Iceberg or Boston Lettuce,2.99,2026-08-13T00:00:00-04:00,2026-08-19T22:59:59-04:00
Sobeys,8072139,Prepared Fresh Daily Fruit or Vegetable Carousel,25.0,2026-08-13T00:00:00-04:00,2026-08-19T22:59:59-04:00
Sobeys,8072139,Mini Danish,3.99,2026-08-13T00:00:00-04:00,2026-08-19T22:59:59-04:00
Sobeys,8072139,Cheese Bread,6.79,2026-08-13T00:00:00-04:00,2026-08-19T22:59:59-04:00
Sobeys,8072139,CHEETOS,9.0,2026-08-13T00:00:00-04:00,2026-08-19T22:59:59-04:00
Sobeys,8072139,Cranberry Cocktail,6.49,2026-08-13T00:00:00-04:00,2026-08-19T22:59:59-04:00
Sobeys,8072139,Multipacks,10.29,2026-08-13T00:00:00-04:00,2026-08-19T22:59:59-04:00
Sobeys,8072139,COMPLIMENTS Deluxe Mixed Nuts or Cashews,23.99,2026-08-13T00:00:00-04:00,2026-08-19T22:59:59-04:00
Sobeys,8072139,Frappuccino or Doubleshot Coffee Drinks,7.0,2026-08-13T00:00:00-04:00,2026-08-19T22:59:59-04:00
Sobeys,8072139,Chips,7.99,2026-08-13T00:00:00-04:00,2026-08-19T22:59:59-04:00
Sobeys,8072139,Coffee-Mate Creamers,5.49,2026-08-13T00:00:00-04:00,2026-08-19T22:59:59-04:00
Sobeys,8072139,Organic Lemonade,4.99,2026-08-13T00:00:00-04:00,2026-08-19T22:59:59-04:00
Sobeys,8072139,Skyr Yogurt,6.99,2026-08-13T00:00:00-04:00,2026-08-19T22:59:59-04:00
Sobeys,8072139,DINNER,7.49,2026-08-13T00:00:00-04:00,2026-08-19T22:59:59-04:00
Sobeys,8072139,CREAM OF WHEAT,4.49,2026-08-13T00:00:00-04:00,2026-08-19T22:59:59-04:00
Sobeys,8072139,Gluten-Free Bread or Buns,9.99,2026-08-13T00:00:00-04:00,2026-08-19T22:59:59-04:00
Sobeys,8072139,COMPLIMENTS Avocado Oil,9.99,2026-08-13T00:00:00-04:00,2026-08-19T22:59:59-04:00
Sobeys,8072139,Optic White Toothpaste or Toothbrushes,5.49,2026-08-13T00:00:00-04:00,2026-08-19T22:59:59-04:00
Sobeys,8072139,Premium Baby Snacks,4.89,2026-08-13T00:00:00-04:00,2026-08-19T22:59:59-04:00
Sobeys,8072139,JOHNSON'S Baby Shampoo or Lotion,6.99,2026-08-13T00:00:00-04:00,2026-08-19T22:59:59-04:00
Sobeys,8072139,COMPLIMENTS Parchment Paper,2.0,2026-08-13T00:00:00-04:00,2026-08-19T22:59:59-04:00
Sobeys,8072139,Baby Wipes,15.99,2026-08-13T00:00:00-04:00,2026-08-19T22:59:59-04:00
Sobeys,8072139,Fabric Spray or Fresheners,7.99,2026-08-13T00:00:00-04:00,2026-08-19T22:59:59-04:00
Sobeys,8072139,Asian Pears,1.77,2026-08-13T00:00:00-04:00,2026-08-19T22:59:59-04:00
Sobeys,8072139,Pocky Biscuit Sticks,3.98,2026-08-13T00:00:00-04:00,2026-08-19T22:59:59-04:00
Sobeys,8072139,Mayonnaise,6.48,2026-08-13T00:00:00-04:00,2026-08-19T22:59:59-04:00
Sobeys,8072139,Hoisin Sauce,3.48,2026-08-13T00:00:00-04:00,2026-08-19T22:59:59-04:00
Sobeys,8072139,PANACHE Flattened Chicken,5.88,2026-08-13T00:00:00-04:00,2026-08-19T22:59:59-04:00
Sobeys,8072139,EIGHT TREASURES Sweetened Condensed Milk,3.28,2026-08-13T00:00:00-04:00,2026-08-19T22:59:59-04:00
Sobeys,8072139,HAMBURGER HELPER or TUNA HELPER,2.99,2026-08-13T00:00:00-04:00,2026-08-19T22:59:59-04:00
Sobeys,8072139,Single Serve Coffee Pods,16.49,2026-08-13T00:00:00-04:00,2026-08-19T22:59:59-04:00
Sobeys,8072139,STARBURST Sparkling Water,3.0,2026-08-13T00:00:00-04:00,2026-08-19T22:59:59-04:00
Sobeys,8072139,COMPLIMENTS Zero Sugar Drinks,2.99,2026-08-13T00:00:00-04:00,2026-08-19T22:59:59-04:00
Sobeys,8072139,COMPLIMENTS Texas Toast or Garlic Parmesan Breadsticks,5.99,2026-08-13T00:00:00-04:00,2026-08-19T22:59:59-04:00
Sobeys,8072139,COMPLIMENTS Large Cooked Shrimp in Ring with Sauce,21.99,2026-08-13T00:00:00-04:00,2026-08-19T22:59:59-04:00
Sobeys,8072139,THE LAUGHING COW,4.99,2026-08-13T00:00:00-04:00,2026-08-19T22:59:59-04:00
Sobeys,8072139,COMPLIMENTS Asian Inspired Entrées,5.99,2026-08-13T00:00:00-04:00,2026-08-19T22:59:59-04:00
Sobeys,8072139,Tree-Ripened Yellow Flesh Peaches - Peach Fest,3.99,2026-08-13T00:00:00-04:00,2026-08-19T22:59:59-04:00
Sobeys,8072139,Canadian Grown Peaches - Peach Fest,5.49,2026-08-13T00:00:00-04:00,2026-08-19T22:59:59-04:00
Sobeys,8072139,Tree-Ripened Organic Peaches - Peach Fest,5.77,2026-08-13T00:00:00-04:00,2026-08-19T22:59:59-04:00
Sobeys,8072139,Mini Danish - Peach Fest,3.99,2026-08-13T00:00:00-04:00,2026-08-19T22:59:59-04:00
Sobeys,8072139,Pre-Ripened White Flesh Peaches - Peach Fest,4.77,2026-08-13T00:00:00-04:00,2026-08-19T22:59:59-04:00
Sobeys,8072139,Small Bar Cakes - Peach Fest,7.99,2026-08-13T00:00:00-04:00,2026-08-19T22:59:59-04:00
Sobeys,8072139,Fresh Pork Tenderloin Kabobs with Vegetables,5.99,2026-08-13T00:00:00-04:00,2026-08-19T22:59:59-04:00
Sobeys,8072139,COMPLIMENTS ORGANIC Baby Pouches,1.49,2026-08-13T00:00:00-04:00,2026-08-19T22:59:59-04:00
Sobeys,8072139,ENFAMIL A+ Formula A+ Powder,52.99,2026-08-13T00:00:00-04:00,2026-08-19T22:59:59-04:00
Sobeys,8072139,BABY GOURMET Organic Baby Food Pouches or Jars,2.0,2026-08-13T00:00:00-04:00,2026-08-19T22:59:59-04:00
Sobeys,8072139,Organic Yerba Mate Non Sparkling Beverages,7.0,2026-08-13T00:00:00-04:00,2026-08-19T22:59:59-04:00
Sobeys,8072139,CHUNKY Soups,7.0,2026-08-13T00:00:00-04:00,2026-08-19T22:59:59-04:00
Sobeys,8072139,LIBERTÉ Méditerranée Yogurt,3.99,2026-08-13T00:00:00-04:00,2026-08-19T22:59:59-04:00
Sobeys,8072139,Bagged Chocolate,5.29,2026-08-13T00:00:00-04:00,2026-08-19T22:59:59-04:00
Sobeys,8072139,Dinner Kits,3.99,2026-08-13T00:00:00-04:00,2026-08-19T22:59:59-04:00
Sobeys,8072139,Singles,1.11,2026-08-13T00:00:00-04:00,2026-08-19T22:59:59-04:00
Sobeys,8072139,"Crunchy, Lunch Box or Trail Mix Granola Bars or Fruit Snacks or Gushers",2.99,2026-08-13T00:00:00-04:00,2026-08-19T22:59:59-04:00
Sobeys,8072139,Non-Alcoholic Beer,18.99,2026-08-13T00:00:00-04:00,2026-08-19T22:59:59-04:00
Sobeys,8072139,Super Premium Plus Ice Cream,8.0,2026-08-13T00:00:00-04:00,2026-08-19T22:59:59-04:00
Sobeys,8072139,Energy Drinks,18.99,2026-08-13T00:00:00-04:00,2026-08-19T22:59:59-04:00
Sobeys,8072139,Premium Potatoes,9.0,2026-08-13T00:00:00-04:00,2026-08-19T22:59:59-04:00
Sobeys,8072139,Core Kits,4.99,2026-08-13T00:00:00-04:00,2026-08-19T22:59:59-04:00
Sobeys,8072139,Smartwater,6.0,2026-08-13T00:00:00-04:00,2026-08-19T22:59:59-04:00
Sobeys,8072139,Frozen Meals,5.0,2026-08-13T00:00:00-04:00,2026-08-19T22:59:59-04:00
Sobeys,8072139,DINNER Ramen,3.49,2026-08-13T00:00:00-04:00,2026-08-19T22:59:59-04:00
Sobeys,8072139,Perogies,3.0,2026-08-13T00:00:00-04:00,2026-08-19T22:59:59-04:00
Sobeys,8072139,Peanut Butter,5.99,2026-08-13T00:00:00-04:00,2026-08-19T22:59:59-04:00
Sobeys,8072139,Ice Cream,6.0,2026-08-13T00:00:00-04:00,2026-08-19T22:59:59-04:00
Sobeys,8072139,Riserva Pasta Sauce,3.99,2026-08-13T00:00:00-04:00,2026-08-19T22:59:59-04:00
Sobeys,8072139,Juice or Drink Boxes,3.99,2026-08-13T00:00:00-04:00,2026-08-19T22:59:59-04:00
Sobeys,8072139,Singles Process Cheese Product,9.99,2026-08-13T00:00:00-04:00,2026-08-19T22:59:59-04:00
Sobeys,8072139,BBQ Sauce,3.79,2026-08-13T00:00:00-04:00,2026-08-19T22:59:59-04:00
Sobeys,8072139,Flavoured Tuna,1.99,2026-08-13T00:00:00-04:00,2026-08-19T22:59:59-04:00
Sobeys,8072139,Pudding,5.0,2026-08-13T00:00:00-04:00,2026-08-19T22:59:59-04:00
Sobeys,8072139,Smart,3.49,2026-08-13T00:00:00-04:00,2026-08-19T22:59:59-04:00
Sobeys,8072139,Original or Swiss-Style or L'EXTRA Brie or Double Crème Brie,3.99,2026-08-13T00:00:00-04:00,2026-08-19T22:59:59-04:00
Sobeys,8072139,KERRYGOLD Dubliner or Reserve Cheddar,8.49,2026-08-13T00:00:00-04:00,2026-08-19T22:59:59-04:00
Sobeys,8072139,KELLOGG'S Town House Crackers,3.0,2026-08-13T00:00:00-04:00,2026-08-19T22:59:59-04:00
Sobeys,8072139,Town House Crackers,3.0,2026-08-13T00:00:00-04:00,2026-08-19T22:59:59-04:00
Sobeys,8072139,"OKA Classique, Original, Mushrooms & Truffle or Apple",9.99,2026-08-13T00:00:00-04:00,2026-08-19T22:59:59-04:00
Sobeys,8072139,Bouillon Cubes,2.99,2026-08-13T00:00:00-04:00,2026-08-19T22:59:59-04:00
Sobeys,8072139,Baked Beans,2.49,2026-08-13T00:00:00-04:00,2026-08-19T22:59:59-04:00
Sobeys,8072139,EGGO Waffles,2.99,2026-08-13T00:00:00-04:00,2026-08-19T22:59:59-04:00
Sobeys,8072139,Ice Cream or Novelties,9.99,2026-08-13T00:00:00-04:00,2026-08-19T22:59:59-04:00
Sobeys,8072139,Organic Juice,3.99,2026-08-13T00:00:00-04:00,2026-08-19T22:59:59-04:00
Sobeys,8072139,Keurig K-Cup® Pods,24.99,2026-08-13T00:00:00-04:00,2026-08-19T22:59:59-04:00
Sobeys,8072139,INTERNATIONAL DELIGHT,3.99,2026-08-13T00:00:00-04:00,2026-08-19T22:59:59-04:00
Sobeys,8072139,Snacking or Mini Crackers,7.0,2026-08-13T00:00:00-04:00,2026-08-19T22:59:59-04:00
Sobeys,8072139,Oreo Cookies,9.99,2026-08-13T00:00:00-04:00,2026-08-19T22:59:59-04:00
Sobeys,8072139,Keurig K-Cup® Pods,13.99,2026-08-13T00:00:00-04:00,2026-08-19T22:59:59-04:00
Sobeys,8072139,Pure Basmati Rice,12.99,2026-08-13T00:00:00-04:00,2026-08-19T22:59:59-04:00
Sobeys,8072139,Marinated Fresh Atlantic Salmon Fillets,14.99,2026-08-13T00:00:00-04:00,2026-08-19T22:59:59-04:00
Sobeys,8072139,Brussels Sprouts,2.99,2026-08-13T00:00:00-04:00,2026-08-19T22:59:59-04:00
Sobeys,8072139,Mini Rose In Self Watering Pot,8.99,2026-08-13T00:00:00-04:00,2026-08-19T22:59:59-04:00
Sobeys,8072139,COMPLIMENTS Soda Crackers,3.99,2026-08-13T00:00:00-04:00,2026-08-19T22:59:59-04:00
Sobeys,8072139,COMPLIMENTS Traditional Crust Pizza,5.99,2026-08-13T00:00:00-04:00,2026-08-19T22:59:59-04:00
Sobeys,8072139,Veggie Deli Slices,4.0,2026-08-13T00:00:00-04:00,2026-08-19T22:59:59-04:00
Sobeys,8072139,Soft Drinks,1.25,2026-08-13T00:00:00-04:00,2026-08-19T22:59:59-04:00
Sobeys,8072139,4-Pack Mixed Deli Meat Subs,15.99,2026-08-13T00:00:00-04:00,2026-08-19T22:59:59-04:00
Sobeys,8072139,Hickory Sticks,9.0,2026-08-13T00:00:00-04:00,2026-08-19T22:59:59-04:00
Sobeys,8072139,COMPLIMENTS Frozt Bite'z,4.49,2026-08-13T00:00:00-04:00,2026-08-19T22:59:59-04:00
Sobeys,8072139,Chocolate Bars,4.49,2026-08-13T00:00:00-04:00,2026-08-19T22:59:59-04:00
Sobeys,8072139,Creamy Yogurt,11.49,2026-08-13T00:00:00-04:00,2026-08-19T22:59:59-04:00
Sobeys,8072139,COMPLIMENTS MOXii Ice Pops,4.99,2026-08-13T00:00:00-04:00,2026-08-19T22:59:59-04:00
Sobeys,8072139,Salami,1.19,2026-08-13T00:00:00-04:00,2026-08-19T22:59:59-04:00
Sobeys,8072139,Crispbread,3.99,2026-08-13T00:00:00-04:00,2026-08-19T22:59:59-04:00
Sobeys,8072139,COMPLIMENTS Coconut,3.49,2026-08-13T00:00:00-04:00,2026-08-19T22:59:59-04:00
Sobeys,8072139,Deep'n Delicious Cakes,6.79,2026-08-13T00:00:00-04:00,2026-08-19T22:59:59-04:00
Sobeys,8072139,COMPLIMENTS Shreds,5.99,2026-08-13T00:00:00-04:00,2026-08-19T22:59:59-04:00
Sobeys,8072139,COMPLIMENTS Grain Breads,3.49,2026-08-13T00:00:00-04:00,2026-08-19T22:59:59-04:00
Sobeys,8072139,TRUVIA Sweetener,9.99,2026-08-13T00:00:00-04:00,2026-08-19T22:59:59-04:00
Sobeys,8072139,Corn Medley or Seasoned Bean Salad,5.0,2026-08-13T00:00:00-04:00,2026-08-19T22:59:59-04:00
Sobeys,8072139,Sunflower Seeds,2.48,2026-08-13T00:00:00-04:00,2026-08-19T22:59:59-04:00
Sobeys,8072139,Mini Cookies,7.0,2026-08-13T00:00:00-04:00,2026-08-19T22:59:59-04:00
Sobeys,8072139,Side Dishes,10.0,2026-08-13T00:00:00-04:00,2026-08-19T22:59:59-04:00
Sobeys,8072139,"Fresh Boneless Pork Loin Centre Stir-Fry Strips, Schnitzel or Cutlets",6.49,2026-08-13T00:00:00-04:00,2026-08-19T22:59:59-04:00
Sobeys,8072139,FOCO Coconut Water,2.98,2026-08-13T00:00:00-04:00,2026-08-19T22:59:59-04:00
Sobeys,8072139,Frozen Entrees,6.49,2026-08-13T00:00:00-04:00,2026-08-19T22:59:59-04:00
Sobeys,8072139,GENERAL MILLS Family Size Cereal,4.87,2026-08-13T00:00:00-04:00,2026-08-19T22:59:59-04:00
Sobeys,8072139,Pacific White Shrimp,23.0,2026-08-13T00:00:00-04:00,2026-08-19T22:59:59-04:00
Sobeys,8072139,"COMPLIMENTS Smoked Atlantic Salmon, Steelhead or Gravlax",11.99,2026-08-13T00:00:00-04:00,2026-08-19T22:59:59-04:00
Sobeys,8072139,Grade A Duck,5.88,2026-08-13T00:00:00-04:00,2026-08-19T22:59:59-04:00
Sobeys,8072139,Sharoni Persimmons,9.99,2026-08-13T00:00:00-04:00,2026-08-19T22:59:59-04:00
Sobeys,8072139,Hot or Mild Pepper Rings,3.49,2026-08-13T00:00:00-04:00,2026-08-19T22:59:59-04:00
Sobeys,8072139,Canadian Grown Peaches,5.49,2026-08-13T00:00:00-04:00,2026-08-19T22:59:59-04:00
Sobeys,8072139,COMPLIMENTS Natural Ingredients Sliced Meats,6.99,2026-08-13T00:00:00-04:00,2026-08-19T22:59:59-04:00
Sobeys,8072139,Bok Choy or Flat Cabbage,1.28,2026-08-13T00:00:00-04:00,2026-08-19T22:59:59-04:00
Sobeys,8072139,Assorted Kits,4.0,2026-08-13T00:00:00-04:00,2026-08-19T22:59:59-04:00
Sobeys,8072139,Blue Plums,8.88,2026-08-13T00:00:00-04:00,2026-08-19T22:59:59-04:00
Sobeys,8072139,Crispcotti Peach and Pecan Crackers - Peach Fest,8.49,2026-08-13T00:00:00-04:00,2026-08-19T22:59:59-04:00
Sobeys,8072139,SpaghettiOs,5.0,2026-08-13T00:00:00-04:00,2026-08-19T22:59:59-04:00
Sobeys,8072139,Go Pure Bars,2.69,2026-08-13T00:00:00-04:00,2026-08-19T22:59:59-04:00
Sobeys,8072139,Tortilla Chips,3.99,2026-08-13T00:00:00-04:00,2026-08-19T22:59:59-04:00
Sobeys,8072139,Lip Ba,4.99,2026-08-13T00:00:00-04:00,2026-08-19T22:59:59-04:00
Sobeys,8072139,Ice Pops,7.99,2026-08-13T00:00:00-04:00,2026-08-19T22:59:59-04:00
Sobeys,8072139,"GoActive, Organic or New Gut Healthy Cereal",7.49,2026-08-13T00:00:00-04:00,2026-08-19T22:59:59-04:00
Sobeys,8072139,COMPLIMENTS Breakfast or Dinner Pork Sausages,5.99,2026-08-13T00:00:00-04:00,2026-08-19T22:59:59-04:00
Sobeys,8072139,Excellence Bars,4.99,2026-08-13T00:00:00-04:00,2026-08-19T22:59:59-04:00
Sobeys,8072139,Sparkling Water,7.49,2026-08-13T00:00:00-04:00,2026-08-19T22:59:59-04:00
Sobeys,8072139,Snackers,7.29,2026-08-13T00:00:00-04:00,2026-08-19T22:59:59-04:00
Sobeys,8072139,Methi,5.0,2026-08-13T00:00:00-04:00,2026-08-19T22:59:59-04:00
Sobeys,8072139,Parkside Bouquet,24.99,2026-08-13T00:00:00-04:00,2026-08-19T22:59:59-04:00
Sobeys,8072139,Dinner Kits,3.99,2026-08-13T00:00:00-04:00,2026-08-19T22:59:59-04:00
Sobeys,8072139,Organic Green or Red Seedless Grapes,4.49,2026-08-13T00:00:00-04:00,2026-08-19T22:59:59-04:00
Sobeys,8072139,Lettuce Blends,4.49,2026-08-13T00:00:00-04:00,2026-08-19T22:59:59-04:00
Sobeys,8072139,Watermelon,7.99,2026-08-13T00:00:00-04:00,2026-08-19T22:59:59-04:00
Sobeys,8072139,"Plant-Based Burgers, Nuggets, Meatballs or Beef Crumbles",8.99,2026-08-13T00:00:00-04:00,2026-08-19T22:59:59-04:00
Sobeys,8072139,Bulk Navel Oranges,2.0,2026-08-13T00:00:00-04:00,2026-08-19T22:59:59-04:00
Sobeys,8072139,Wipes,3.99,2026-08-13T00:00:00-04:00,2026-08-19T22:59:59-04:00
Sobeys,8072139,Small Bar Cakes - Peach Fest,7.99,2026-08-13T00:00:00-04:00,2026-08-19T22:59:59-04:00
Sobeys,8072139,"Strudel Fingers, Turnovers or Mini Strudel - Peach Fest",3.99,2026-08-13T00:00:00-04:00,2026-08-19T22:59:59-04:00
Sobeys,8072139,Cheestrings,3.99,2026-08-13T00:00:00-04:00,2026-08-19T22:59:59-04:00
Sobeys,8072139,ONE Dog Food,15.99,2026-08-13T00:00:00-04:00,2026-08-19T22:59:59-04:00
Sobeys,8072139,Toddler,2.99,2026-08-13T00:00:00-04:00,2026-08-19T22:59:59-04:00
Sobeys,8072139,COMPLIMENTS Regular Wieners,7.49,2026-08-13T00:00:00-04:00,2026-08-19T22:59:59-04:00
Sobeys,8072139,ORGANIC Roasted Chestnuts,1.48,2026-08-13T00:00:00-04:00,2026-08-19T22:59:59-04:00
Sobeys,8072139,Peach Jam - Peach Fest,6.99,2026-08-13T00:00:00-04:00,2026-08-19T22:59:59-04:00
Sobeys,8072139,Cookies,3.79,2026-08-13T00:00:00-04:00,2026-08-19T22:59:59-04:00
Sobeys,8072139,Baby Broccoli,6.99,2026-08-13T00:00:00-04:00,2026-08-19T22:59:59-04:00
Sobeys,8072139,Cookies 300-400 g or WALKER'S Shortbread,5.0,2026-08-13T00:00:00-04:00,2026-08-19T22:59:59-04:00
Sobeys,8072139,Organic Oat Milk,5.49,2026-08-13T00:00:00-04:00,2026-08-19T22:59:59-04:00
Sobeys,8072139,Tree-Ripened Organic Nectarines,5.77,2026-08-13T00:00:00-04:00,2026-08-19T22:59:59-04:00
Sobeys,8072139,Shampoo or Conditioner,9.49,2026-08-13T00:00:00-04:00,2026-08-19T22:59:59-04:00
Sobeys,8072139,Honey Pomelos,4.0,2026-08-13T00:00:00-04:00,2026-08-19T22:59:59-04:00
Sobeys,8072139,Boston Dessert Cake,9.99,2026-08-13T00:00:00-04:00,2026-08-19T22:59:59-04:00
Sobeys,8072139,Planked Atlantic Salmon applewood orange or hickory maple,7.99,2026-08-13T00:00:00-04:00,2026-08-19T22:59:59-04:00
Sobeys,8072139,"Cake, Cookie or Bisquick Mix",4.49,2026-08-13T00:00:00-04:00,2026-08-19T22:59:59-04:00
Sobeys,8072139,Antiperspirant or Deodorant,7.99,2026-08-13T00:00:00-04:00,2026-08-19T22:59:59-04:00
Sobeys,8072139,Noodles,5.78,2026-08-13T00:00:00-04:00,2026-08-19T22:59:59-04:00
Sobeys,8072139,LÄRABAR,4.0,2026-08-13T00:00:00-04:00,2026-08-19T22:59:59-04:00
Sobeys,8072139,Macaroni & Cheese,10.0,2026-08-13T00:00:00-04:00,2026-08-19T22:59:59-04:00
Sobeys,8072139,Laundry Disinfectant,8.49,2026-08-13T00:00:00-04:00,2026-08-19T22:59:59-04:00
Sobeys,8072139,"Shampoo, Conditioner or Stylers",7.99,2026-08-13T00:00:00-04:00,2026-08-19T22:59:59-04:00
Sobeys,8072139,Max,9.99,2026-08-13T00:00:00-04:00,2026-08-19T22:59:59-04:00
Sobeys,8072139,COMPLIMENTS Ready To Eat Popcorn,3.99,2026-08-13T00:00:00-04:00,2026-08-19T22:59:59-04:00
Sobeys,8072139,"Gourmet Gnocchi, Risotto or Penne Pasta Meals",7.49,2026-08-13T00:00:00-04:00,2026-08-19T22:59:59-04:00
Sobeys,8072139,COMPLIMENTS Cooked Shrimp in Ring with Sauce,7.99,2026-08-13T00:00:00-04:00,2026-08-19T22:59:59-04:00
Sobeys,8072139,Yellow Corn,0.77,2026-08-13T00:00:00-04:00,2026-08-19T22:59:59-04:00
Sobeys,8072139,COMPLIMENTS Stuffed Chicken Cutlettes,4.99,2026-08-13T00:00:00-04:00,2026-08-19T22:59:59-04:00
Sobeys,8072139,Banana-Based Frozen Dessert,12.0,2026-08-13T00:00:00-04:00,2026-08-19T22:59:59-04:00
Sobeys,8072139,Ultra Soft Tissues,8.99,2026-08-13T00:00:00-04:00,2026-08-19T22:59:59-04:00
Sobeys,8072139,Taquitos,13.49,2026-08-13T00:00:00-04:00,2026-08-19T22:59:59-04:00
Sobeys,8072139,ALLEN'S Juice,3.99,2026-08-13T00:00:00-04:00,2026-08-19T22:59:59-04:00
Sobeys,8072139,Pro,3.49,2026-08-13T00:00:00-04:00,2026-08-19T22:59:59-04:00
Sobeys,8072139,COMPLIMENTS Baked Beans,1.79,2026-08-13T00:00:00-04:00,2026-08-19T22:59:59-04:00
Sobeys,8072139,Apple Sticks,5.99,2026-08-13T00:00:00-04:00,2026-08-19T22:59:59-04:00
Sobeys,8072139,PURINA ONE Cat Food,11.99,2026-08-13T00:00:00-04:00,2026-08-19T22:59:59-04:00
Sobeys,8072139,COMPLIMENTS Syrup,3.99,2026-08-13T00:00:00-04:00,2026-08-19T22:59:59-04:00
Sobeys,8072139,Organic Fruit Bars,6.99,2026-08-13T00:00:00-04:00,2026-08-19T22:59:59-04:00
Sobeys,8072139,Beans in Tomato Sauce or Maple Style,1.99,2026-08-13T00:00:00-04:00,2026-08-19T22:59:59-04:00
Sobeys,8072139,Marshmallows,2.99,2026-08-13T00:00:00-04:00,2026-08-19T22:59:59-04:00
Sobeys,8072139,COMPLIMENTS Bagels,3.0,2026-08-13T00:00:00-04:00,2026-08-19T22:59:59-04:00
Sobeys,8072139,La Grille Seasonings or Spice Blends,5.99,2026-08-13T00:00:00-04:00,2026-08-19T22:59:59-04:00
Sobeys,8072139,Diaper Cream,13.99,2026-08-13T00:00:00-04:00,2026-08-19T22:59:59-04:00
Sobeys,8072139,Honeycrisp Apples,3.99,2026-08-13T00:00:00-04:00,2026-08-19T22:59:59-04:00
Sobeys,8072139,COMPLIMENTS Rainbow Peppers,4.99,2026-08-13T00:00:00-04:00,2026-08-19T22:59:59-04:00
Sobeys,8072139,COMPLIMENTS Family Size Fresh Pasta,9.99,2026-08-13T00:00:00-04:00,2026-08-19T22:59:59-04:00
Sobeys,8072139,COMPLIMENTS ORGANIC Portabella Mushroom Caps,5.88,2026-08-13T00:00:00-04:00,2026-08-19T22:59:59-04:00
Sobeys,8072139,Cheese or Jalapeño Cheese Bagels,3.99,2026-08-13T00:00:00-04:00,2026-08-19T22:59:59-04:00
Sobeys,8072139,Crafty Radler Zero Alcohol Beer,13.99,2026-08-13T00:00:00-04:00,2026-08-19T22:59:59-04:00
Sobeys,8072139,Builders Protein Bars,5.5,2026-08-13T00:00:00-04:00,2026-08-19T22:59:59-04:00
Sobeys,8072139,COMPLIMENTS Chocolate Chips,14.99,2026-08-13T00:00:00-04:00,2026-08-19T22:59:59-04:00
Sobeys,8072139,Ultimates Tavern Style Battered Cod Fillets,24.0,2026-08-13T00:00:00-04:00,2026-08-19T22:59:59-04:00
Sobeys,8072139,Bathroom Tissue,7.49,2026-08-13T00:00:00-04:00,2026-08-19T22:59:59-04:00
Sobeys,8072139,Coffee,12.99,2026-08-13T00:00:00-04:00,2026-08-19T22:59:59-04:00
Sobeys,8072139,Frozen Vegetables or Valley Selections,7.0,2026-08-13T00:00:00-04:00,2026-08-19T22:59:59-04:00
Sobeys,8072139,NATUREGG Egg Whites,9.99,2026-08-13T00:00:00-04:00,2026-08-19T22:59:59-04:00
Sobeys,8072139,COMPLIMENTS Raw Shrimp,6.99,2026-08-13T00:00:00-04:00,2026-08-19T22:59:59-04:00
Sobeys,8072139,Gelatin Dessert or Parfaits,10.0,2026-08-13T00:00:00-04:00,2026-08-19T22:59:59-04:00
Sobeys,8072139,COMPLIMENTS Bologna,1.99,2026-08-13T00:00:00-04:00,2026-08-19T22:59:59-04:00
Sobeys,8072139,Kolbassa Coil,2.99,2026-08-13T00:00:00-04:00,2026-08-19T22:59:59-04:00
Sobeys,8072139,Cheesecakes,14.99,2026-08-13T00:00:00-04:00,2026-08-19T22:59:59-04:00
Sobeys,8072139,"Nut, Honey & Fruit Bars",4.99,2026-08-13T00:00:00-04:00,2026-08-19T22:59:59-04:00
Sobeys,8072139,Mini Croissants,2.99,2026-08-13T00:00:00-04:00,2026-08-19T22:59:59-04:00
Sobeys,8072139,DUNKAROOS,4.49,2026-08-13T00:00:00-04:00,2026-08-19T22:59:59-04:00
Sobeys,8072139,Organic Juice,5.99,2026-08-13T00:00:00-04:00,2026-08-19T22:59:59-04:00
Sobeys,8072139,Blueberries,4.99,2026-08-13T00:00:00-04:00,2026-08-19T22:59:59-04:00
Sobeys,8072139,COMPLIMENTS Extra Lean Ground Chicken or Extra Lean Minced Turkey,6.0,2026-08-13T00:00:00-04:00,2026-08-19T22:59:59-04:00
Sobeys,8072139,Fresh Skinless Atlantic Salmon Fillets,35.0,2026-08-13T00:00:00-04:00,2026-08-19T22:59:59-04:00
Sobeys,8072139,"Feta, Halloumi, Bocconcini",6.99,2026-08-13T00:00:00-04:00,2026-08-19T22:59:59-04:00
Sobeys,8072139,Protein Bagels,5.49,2026-08-13T00:00:00-04:00,2026-08-19T22:59:59-04:00
Sobeys,8072139,Savoury Rice Thins,4.0,2026-08-13T00:00:00-04:00,2026-08-19T22:59:59-04:00
Sobeys,8072139,NeuroPro Formula Refill,68.99,2026-08-13T00:00:00-04:00,2026-08-19T22:59:59-04:00
Sobeys,8072139,Pink Salmon,4.49,2026-08-13T00:00:00-04:00,2026-08-19T22:59:59-04:00
Sobeys,8072139,Sauces,3.98,2026-08-13T00:00:00-04:00,2026-08-19T22:59:59-04:00
Sobeys,8072139,Cat Food,7.49,2026-08-13T00:00:00-04:00,2026-08-19T22:59:59-04:00
Sobeys,8072139,COMPLIMENTS Cooked Shrimp in Bag with Cocktail Sauce,14.99,2026-08-13T00:00:00-04:00,2026-08-19T22:59:59-04:00
Sobeys,8072139,Bars or Minis,6.0,2026-08-13T00:00:00-04:00,2026-08-19T22:59:59-04:00
Sobeys,8072139,Cream Cheese Product,4.99,2026-08-13T00:00:00-04:00,2026-08-19T22:59:59-04:00
Sobeys,8072139,DANINO,3.99,2026-08-13T00:00:00-04:00,2026-08-19T22:59:59-04:00
Sobeys,8072139,COMPLIMENTS Mega Mix Candy,8.99,2026-08-13T00:00:00-04:00,2026-08-19T22:59:59-04:00
Sobeys,8072139,Yop Drinkable Yogurt,5.0,2026-08-13T00:00:00-04:00,2026-08-19T22:59:59-04:00
Sobeys,8072139,Philadelphia Dips,5.49,2026-08-13T00:00:00-04:00,2026-08-19T22:59:59-04:00
Sobeys,8072139,"Burger Binders, Seasonings or Spices",10.49,2026-08-13T00:00:00-04:00,2026-08-19T22:59:59-04:00
Sobeys,8072139,Jam,4.99,2026-08-13T00:00:00-04:00,2026-08-19T22:59:59-04:00
Sobeys,8072139,Vector Granola,4.99,2026-08-13T00:00:00-04:00,2026-08-19T22:59:59-04:00
Sobeys,8072139,COMPLIMENTS Skipjack Tuna,1.69,2026-08-13T00:00:00-04:00,2026-08-19T22:59:59-04:00
Sobeys,8072139,Deodorant,7.99,2026-08-13T00:00:00-04:00,2026-08-19T22:59:59-04:00
Sobeys,8072139,BILLY BEE Natural Honey,11.28,2026-08-13T00:00:00-04:00,2026-08-19T22:59:59-04:00
Sobeys,8072139,COMPLIMENTS Aerosol Whip Cream,4.49,2026-08-13T00:00:00-04:00,2026-08-19T22:59:59-04:00
Sobeys,8072139,Peach Nectar - Peach Fest,2.49,2026-08-13T00:00:00-04:00,2026-08-19T22:59:59-04:00
Sobeys,8072139,"Prepared In-store Cooked or Raw, Plain or Marinated Shrimp Grillers",6.99,2026-08-13T00:00:00-04:00,2026-08-19T22:59:59-04:00
Sobeys,8072139,Cheese Sticks,5.99,2026-08-13T00:00:00-04:00,2026-08-19T22:59:59-04:00
Sobeys,8072139,COMPLIMENTS Crispy Rice Squares,2.49,2026-08-13T00:00:00-04:00,2026-08-19T22:59:59-04:00
Sobeys,8072139,"COMPLIMENTS NATURALLY SIMPLE Tilapia, Basa or Pollock Fillets",4.99,2026-08-13T00:00:00-04:00,2026-08-19T22:59:59-04:00
