merchant,flyer_id,name,price,valid_from,valid_to
Walmart,8141631,hydraSense Dual Action eye drops,19.97,2026-09-24T00:00:00-04:00,2026-09-30T23:59:59-04:00
Walmart,8141631,Great Value bacon,5.47,2026-09-24T00:00:00-04:00,2026-09-30T23:59:59-04:00
Walmart,8141631,Alcan aluminum foil 60' or 100' or Reynolds compostable parchment paper 75',6.98,2026-09-24T00:00:00-04:00,2026-09-30T23:59:59-04:00
Walmart,8141631,0.9-cu. ft. Microwave,159.97,2026-09-24T00:00:00-04:00,2026-09-30T23:59:59-04:00
Walmart,8141631,Sally Hansen Miracle Gel nail polish,10.96,2026-09-24T00:00:00-04:00,2026-09-30T23:59:59-04:00
Walmart,8141631,Serveware,16.97,2026-09-24T00:00:00-04:00,2026-09-30T23:59:59-04:00
Walmart,8141631,"The Little Potato Co. red, yellow or trio potatoes",2.98,2026-09-24T00:00:00-04:00,2026-09-30T23:59:59-04:00
Walmart,8141631,Dr. Scholl's insoles,17.77,2026-09-24T00:00:00-04:00,2026-09-30T23:59:59-04:00
Walmart,8141631,Aussie shampoo or conditioner,8.97,2026-09-24T00:00:00-04:00,2026-09-30T23:59:59-04:00
Walmart,8141631,Maynards chews,2.48,2026-09-24T00:00:00-04:00,2026-09-30T23:59:59-04:00
Walmart,8141631,Enfamil A + NeuroPro or NeuroPro Gentlease ready-to-feed formula,87.97,2026-09-24T00:00:00-04:00,2026-09-30T23:59:59-04:00
Walmart,8141631,Huggies mega colossal or super econo pack diapers,34.97,2026-09-24T00:00:00-04:00,2026-09-30T23:59:59-04:00
Walmart,8141631,Q-tips cotton swabs,3.97,2026-09-24T00:00:00-04:00,2026-09-30T23:59:59-04:00
Walmart,8141631,H&H mango bites,6.98,2026-09-24T00:00:00-04:00,2026-09-30T23:59:59-04:00
Walmart,8141631,Oîkos Greek yogurt 12-pack,9.47,2026-09-24T00:00:00-04:00,2026-09-30T23:59:59-04:00
Walmart,8141631,Harvest tabletop decor,4.97,2026-09-24T00:00:00-04:00,2026-09-30T23:59:59-04:00
Walmart,8141631,Canada Dry Ginger Ale or Ginger Ale Zero Sugar,6.94,2026-09-24T00:00:00-04:00,2026-09-30T23:59:59-04:00
Walmart,8141631,"FIXTEC Home Repair Tool Set with 234 Pcs, Carrying Case, FHTK234",49.98,2026-09-24T00:00:00-04:00,2026-09-30T23:59:59-04:00
Walmart,8141631,Rascals easy clean wipes,16.88,2026-09-24T00:00:00-04:00,2026-09-30T23:59:59-04:00
Walmart,8141631,Red cabbage,0.98,2026-09-24T00:00:00-04:00,2026-09-30T23:59:59-04:00
Walmart,8141631,Nivea moisturizing cream,13.98,2026-09-24T00:00:00-04:00,2026-09-30T23:59:59-04:00
Walmart,8141631,3' Animated doll Halloween decor,79.98,2026-09-24T00:00:00-04:00,2026-09-30T23:59:59-04:00
Walmart,8141631,Bath rug,21.97,2026-09-24T00:00:00-04:00,2026-09-30T23:59:59-04:00
Walmart,8141631,Water filter pitcher,19.97,2026-09-24T00:00:00-04:00,2026-09-30T23:59:59-04:00
Walmart,8141631,Panda oyster sauce 510 g or Lee Kum Kee hoisin sauce 443 mL,2.98,2026-09-24T00:00:00-04:00,2026-09-30T23:59:59-04:00
Walmart,8141631,Method all purpose cleaner,4.97,2026-09-24T00:00:00-04:00,2026-09-30T23:59:59-04:00
Walmart,8141631,KitchenAid 2-Speed hand blender or 3.5-cup chopper,49.98,2026-09-24T00:00:00-04:00,2026-09-30T23:59:59-04:00
Walmart,8141631,Starbucks by Nespresso Colombia 57 g ground coffee,10.28,2026-09-24T00:00:00-04:00,2026-09-30T23:59:59-04:00
Walmart,8141631,Licensed stick lamp,39.97,2026-09-24T00:00:00-04:00,2026-09-30T23:59:59-04:00
Walmart,8141631,L'Oréal Paris Revitalift Triple Power LZR Melasyl Age-Correcting creamy serum,39.96,2026-09-24T00:00:00-04:00,2026-09-30T23:59:59-04:00
Walmart,8141631,Dr. Scholl's insoles,17.77,2026-09-24T00:00:00-04:00,2026-09-30T23:59:59-04:00
Walmart,8141631,Pie pumpkin,2.94,2026-09-24T00:00:00-04:00,2026-09-30T23:59:59-04:00
Walmart,8141631,Your Fresh Market™ beef stir fry strips,15.39,2026-09-24T00:00:00-04:00,2026-09-30T23:59:59-04:00
Walmart,8141631,McCafé K-Cup 30s,22.86,2026-09-24T00:00:00-04:00,2026-09-30T23:59:59-04:00
Walmart,8141631,Reunion lava or lava custard mooncakes,16.98,2026-09-24T00:00:00-04:00,2026-09-30T23:59:59-04:00
Walmart,8141631,Tide Simply detergent,11.97,2026-09-24T00:00:00-04:00,2026-09-30T23:59:59-04:00
Walmart,8141631,Tena Super briefs 26s or overnight underwear 18s,28.97,2026-09-24T00:00:00-04:00,2026-09-30T23:59:59-04:00
Walmart,8141631,Avengers: Endgame Thor vs. Chutari Set,64.86,2026-09-24T00:00:00-04:00,2026-09-30T23:59:59-04:00
Walmart,8141631,Downy fabric softener 138 - 190 loads or Downy fabric rinse 90 loads,15.97,2026-09-24T00:00:00-04:00,2026-09-30T23:59:59-04:00
Walmart,8141631,"IMFIT Walking Pad Max Treadmill for Home & Office | Under Desk Walking Pad with 3-Level Vibration Recovery | Quiet Motor Walking Pad for Daily Cardio, Fitness, Calories Burn, Glutes, Core, Legs",169.96,2026-09-24T00:00:00-04:00,2026-09-30T23:59:59-04:00
Walmart,8141631,Starfrit Pull-chopper or onion chopper,15.97,2026-09-24T00:00:00-04:00,2026-09-30T23:59:59-04:00
Walmart,8141631,Great Value whipped topping 1 L,3.27,2026-09-24T00:00:00-04:00,2026-09-30T23:59:59-04:00
Walmart,8141631,Downy or Gain fabric softener 138 - 190 loads or Downy fabric rinse 90 loads,15.97,2026-09-24T00:00:00-04:00,2026-09-30T23:59:59-04:00
Walmart,8141631,Canon PowerShot G7 X Mark III Digital Camera (Black) - 3637C001,1894.99,2026-09-24T00:00:00-04:00,2026-09-30T23:59:59-04:00
Walmart,8141631,"7.2-qt. Dutch oven with lid or 12.6"" wok with lid",19.97,2026-09-24T00:00:00-04:00,2026-09-30T23:59:59-04:00
Walmart,8141631,Compound Kings Butter Cloudz raspberry-scented slime,12.98,2026-09-24T00:00:00-04:00,2026-09-30T23:59:59-04:00
Walmart,8141631,"Silk almond, coconut, soy or protein plant-based beverage",3.98,2026-09-24T00:00:00-04:00,2026-09-30T23:59:59-04:00
Walmart,8141631,International Delight 946ml or cold foam edition pumpkin spice,5.78,2026-09-24T00:00:00-04:00,2026-09-30T23:59:59-04:00
Walmart,8141631,"Upgo Adjustable Dumbbells, 55lbs Free Weight Set with Connector, 5 in1 Dumbbells Set as Barbell, Kettlebells, Push up Stand, Fitness Exercises for Home Gym Suitable Men/Women",139.99,2026-09-24T00:00:00-04:00,2026-09-30T23:59:59-04:00
Walmart,8141631,"Upgo Adjustable Dumbbells, 55lbs Free Weight Set with Connector, 5 in1 Dumbbells Set as Barbell, Kettlebells, Push up Stand, Fitness Exercises for Home Gym Suitable Men/Women",139.99,2026-09-24T00:00:00-04:00,2026-09-30T23:59:59-04:00
Walmart,8141631,Shadow lights projector,24.98,2026-09-24T00:00:00-04:00,2026-09-30T23:59:59-04:00
Walmart,8141631,Harvest tabletop decor,4.97,2026-09-24T00:00:00-04:00,2026-09-30T23:59:59-04:00
Walmart,8141631,Classic board games,6.97,2026-09-24T00:00:00-04:00,2026-09-30T23:59:59-04:00
Walmart,8141631,Harvest tabletop decor,4.97,2026-09-24T00:00:00-04:00,2026-09-30T23:59:59-04:00
Walmart,8141631,Classic board games,6.97,2026-09-24T00:00:00-04:00,2026-09-30T23:59:59-04:00
Walmart,8141631,Halloween inflatables,59.98,2026-09-24T00:00:00-04:00,2026-09-30T23:59:59-04:00
Walmart,8141631,Halloween inflatables,59.98,2026-09-24T00:00:00-04:00,2026-09-30T23:59:59-04:00
Walmart,8141631,Great Value bacon,5.47,2026-09-24T00:00:00-04:00,2026-09-30T23:59:59-04:00
Walmart,8141631,0.7-cu. ft. Microwave,59.97,2026-09-24T00:00:00-04:00,2026-09-30T23:59:59-04:00
Walmart,8141631,Sensodyne toothpaste,6.97,2026-09-24T00:00:00-04:00,2026-09-30T23:59:59-04:00
Walmart,8141631,Great Value frozen Italian-style appetizer value bags,9.98,2026-09-24T00:00:00-04:00,2026-09-30T23:59:59-04:00
Walmart,8141631,Huron water pitcher or filters,34.97,2026-09-24T00:00:00-04:00,2026-09-30T23:59:59-04:00
Walmart,8141631,Evenflo Victory Plus jogging stroller travel system with LiteMax infant car seat,299.0,2026-09-24T00:00:00-04:00,2026-09-30T23:59:59-04:00
Walmart,8141631,Vagisil daily intimate wash,7.12,2026-09-24T00:00:00-04:00,2026-09-30T23:59:59-04:00
Walmart,8141631,MAINSTAYS™ Kids' rugs,49.96,2026-09-24T00:00:00-04:00,2026-09-30T23:59:59-04:00
Walmart,8141631,Abalone gift box,12.98,2026-09-24T00:00:00-04:00,2026-09-30T23:59:59-04:00
Walmart,8141631,Cascade ActionPacs dishwasher detergent,19.97,2026-09-24T00:00:00-04:00,2026-09-30T23:59:59-04:00
Walmart,8141631,Bed in a bag,49.97,2026-09-24T00:00:00-04:00,2026-09-30T23:59:59-04:00
Walmart,8141631,Sitara sliced okra,1.17,2026-09-24T00:00:00-04:00,2026-09-30T23:59:59-04:00
Walmart,8141631,Nongshim ramen noodles,4.44,2026-09-24T00:00:00-04:00,2026-09-30T23:59:59-04:00
Walmart,8141631,Starbucks liquid coffee enhancer 828 mL,6.98,2026-09-24T00:00:00-04:00,2026-09-30T23:59:59-04:00
Walmart,8141631,Toddlers' Hulk costume,32.98,2026-09-24T00:00:00-04:00,2026-09-30T23:59:59-04:00
Walmart,8141631,Silk almond,3.98,2026-09-24T00:00:00-04:00,2026-09-30T23:59:59-04:00
Walmart,8141631,Sakura sushi rice,12.98,2026-09-24T00:00:00-04:00,2026-09-30T23:59:59-04:00
Walmart,8141631,UFC coconut water 1 L or Kirin milk tea 1.5 L,2.98,2026-09-24T00:00:00-04:00,2026-09-30T23:59:59-04:00
Walmart,8141631,Dr. Melaxin TX cream 50 mL or Cemenrete Cyano Pink Spicule serum 30 mL,33.97,2026-09-24T00:00:00-04:00,2026-09-30T23:59:59-04:00
Walmart,8141631,Maynards chews,2.48,2026-09-24T00:00:00-04:00,2026-09-30T23:59:59-04:00
Walmart,8141631,"Great Value frozen Italian-style chicken and beef meatballs or meat, seafood or appetizer value bags",9.98,2026-09-24T00:00:00-04:00,2026-09-30T23:59:59-04:00
Walmart,8141631,Enfamil A+ NeuroPro or NeuroPro Gentlease ready-to-feed formula,87.97,2026-09-24T00:00:00-04:00,2026-09-30T23:59:59-04:00
Walmart,8141631,Caledon Farms dog treats,7.98,2026-09-24T00:00:00-04:00,2026-09-30T23:59:59-04:00
Walmart,8141631,Nestlé minis variety pack,19.97,2026-09-24T00:00:00-04:00,2026-09-30T23:59:59-04:00
Walmart,8141631,Irish Spring body wash,3.97,2026-09-24T00:00:00-04:00,2026-09-30T23:59:59-04:00
Walmart,8141631,Boka toothpaste,14.98,2026-09-24T00:00:00-04:00,2026-09-30T23:59:59-04:00
Walmart,8141631,Advil Liqui-Gels value pack,24.63,2026-09-24T00:00:00-04:00,2026-09-30T23:59:59-04:00
Walmart,8141631,VapoRub ointment 115 mL or NyQuil Cold & Flu 236 mL,9.97,2026-09-24T00:00:00-04:00,2026-09-30T23:59:59-04:00
Walmart,8141631,Canada Dry Ginger Ale mini cans,3.97,2026-09-24T00:00:00-04:00,2026-09-30T23:59:59-04:00
Walmart,8141631,Starbucks by Nespresso blonde espresso roast 53 g or Colombia 57 g ground coffee,10.28,2026-09-24T00:00:00-04:00,2026-09-30T23:59:59-04:00
Walmart,8141631,Guava,3.98,2026-09-24T00:00:00-04:00,2026-09-30T23:59:59-04:00
Walmart,8141631,Starbucks pumpkin spice coffee K-Cups,13.97,2026-09-24T00:00:00-04:00,2026-09-30T23:59:59-04:00
Walmart,8141631,Huron water pitcher or filters 5-pack,34.97,2026-09-24T00:00:00-04:00,2026-09-30T23:59:59-04:00
Walmart,8141631,Redpath sugar,2.77,2026-09-24T00:00:00-04:00,2026-09-30T23:59:59-04:00
Walmart,8141631,Great Value Sparkling Water,5.67,2026-09-24T00:00:00-04:00,2026-09-30T23:59:59-04:00
Walmart,8141631,Great Value lawn and leaf bags,6.87,2026-09-24T00:00:00-04:00,2026-09-30T23:59:59-04:00
Walmart,8141631,"Being shampoo, conditioner or hair treatments",7.97,2026-09-24T00:00:00-04:00,2026-09-30T23:59:59-04:00
Walmart,8141631,Dove x Crumbl body scrub,10.86,2026-09-24T00:00:00-04:00,2026-09-30T23:59:59-04:00
Walmart,8141631,Royale 2-ply bathroom tissue,19.96,2026-09-24T00:00:00-04:00,2026-09-30T23:59:59-04:00
Walmart,8141631,Bob's Red Mill chocolate cake mix,7.47,2026-09-24T00:00:00-04:00,2026-09-30T23:59:59-04:00
Walmart,8141631,Febreze bathroom or car air fresheners,3.77,2026-09-24T00:00:00-04:00,2026-09-30T23:59:59-04:00
Walmart,8141631,Tide Pods laundry detergent,28.97,2026-09-24T00:00:00-04:00,2026-09-30T23:59:59-04:00
Walmart,8141631,Mutti peeled 796 mL,3.97,2026-09-24T00:00:00-04:00,2026-09-30T23:59:59-04:00
Walmart,8141631,Sitara beans or peas,5.38,2026-09-24T00:00:00-04:00,2026-09-30T23:59:59-04:00
Walmart,8141631,Selected squash,0.97,2026-09-24T00:00:00-04:00,2026-09-30T23:59:59-04:00
Walmart,8141631,Gay Lea pumpkin spice whipped cream,3.47,2026-09-24T00:00:00-04:00,2026-09-30T23:59:59-04:00
Walmart,8141631,Gerber multigrain baby cereal,4.84,2026-09-24T00:00:00-04:00,2026-09-30T23:59:59-04:00
Walmart,8141631,Halloween inflatables,59.98,2026-09-24T00:00:00-04:00,2026-09-30T23:59:59-04:00
Walmart,8141631,Harvest tabletop decor,4.97,2026-09-24T00:00:00-04:00,2026-09-30T23:59:59-04:00
Walmart,8141631,Starbucks vanilla instant coffee,15.47,2026-09-24T00:00:00-04:00,2026-09-30T23:59:59-04:00
Walmart,8141631,Fabric shower curtain,28.68,2026-09-24T00:00:00-04:00,2026-09-30T23:59:59-04:00
Walmart,8141631,Canada Dry Cranberry Ginger Ale,6.94,2026-09-24T00:00:00-04:00,2026-09-30T23:59:59-04:00
Walmart,8141631,LEGO Friends Pet Accessories Van playset,24.86,2026-09-24T00:00:00-04:00,2026-09-30T23:59:59-04:00
Walmart,8141631,"18"" cat with pumpkin blow mould",39.98,2026-09-24T00:00:00-04:00,2026-09-30T23:59:59-04:00
Walmart,8141631,Jamieson omega-3 280s,19.77,2026-09-24T00:00:00-04:00,2026-09-30T23:59:59-04:00
Walmart,8141631,Equate incontinence underwear for men and women,13.98,2026-09-24T00:00:00-04:00,2026-09-30T23:59:59-04:00
Walmart,8141631,"Rain-X AdvantEdge 26"" wiper blade",24.97,2026-09-24T00:00:00-04:00,2026-09-30T23:59:59-04:00
Walmart,8141631,Bath towel,13.97,2026-09-24T00:00:00-04:00,2026-09-30T23:59:59-04:00
Walmart,8141631,"Essential 11"" non-stick fry pan",12.97,2026-09-24T00:00:00-04:00,2026-09-30T23:59:59-04:00
Walmart,8141631,SpotClean ProHeat portable deep cleaner,99.98,2026-09-24T00:00:00-04:00,2026-09-30T23:59:59-04:00
Walmart,8141631,Stoneware 12-piece dinnerware set,49.88,2026-09-24T00:00:00-04:00,2026-09-30T23:59:59-04:00
Walmart,8141631,"7.2-qt. Dutch oven with lid or 12.6"" wok with lid",19.97,2026-09-24T00:00:00-04:00,2026-09-30T23:59:59-04:00
Walmart,8141631,Edge full synthetic motor oil,54.88,2026-09-24T00:00:00-04:00,2026-09-30T23:59:59-04:00
Walmart,8141631,Classic board games,6.97,2026-09-24T00:00:00-04:00,2026-09-30T23:59:59-04:00
Walmart,8141631,Kids' licensed Halloween costumes,29.98,2026-09-24T00:00:00-04:00,2026-09-30T23:59:59-04:00
Walmart,8141631,"18"" Dog with pumpkin blow mould",39.98,2026-09-24T00:00:00-04:00,2026-09-30T23:59:59-04:00
Walmart,8141631,Kids' licensed Halloween costumes,29.98,2026-09-24T00:00:00-04:00,2026-09-30T23:59:59-04:00
Walmart,8141631,City Fries Food Truck,24.86,2026-09-24T00:00:00-04:00,2026-09-30T23:59:59-04:00
Walmart,8141631,3.5-cup chopper,49.98,2026-09-24T00:00:00-04:00,2026-09-30T23:59:59-04:00
Walmart,8141631,0.7-cu. ft. Microwave,59.97,2026-09-24T00:00:00-04:00,2026-09-30T23:59:59-04:00
Walmart,8141631,Parent's Choice wipes,19.94,2026-09-24T00:00:00-04:00,2026-09-30T23:59:59-04:00
Walmart,8141631,Jamieson calcium 120s or zinc 100s,9.97,2026-09-24T00:00:00-04:00,2026-09-30T23:59:59-04:00
Walmart,8141631,Advil pediatric drops 24 mL,9.17,2026-09-24T00:00:00-04:00,2026-09-30T23:59:59-04:00
Walmart,8141631,Canada Dry Cranberry Ginger Ale,5.88,2026-09-24T00:00:00-04:00,2026-09-30T23:59:59-04:00
Walmart,8141631,Sensodyne daily sensitivity or Brilliant Whitening toothpaste,4.94,2026-09-24T00:00:00-04:00,2026-09-30T23:59:59-04:00
Walmart,8141631,Bob's Red Mill super fine almond flour,17.97,2026-09-24T00:00:00-04:00,2026-09-30T23:59:59-04:00
Walmart,8141631,Starbucks liquid coffee enhancer,6.98,2026-09-24T00:00:00-04:00,2026-09-30T23:59:59-04:00
Walmart,8141631,Kool-Aid Jammers,2.97,2026-09-24T00:00:00-04:00,2026-09-30T23:59:59-04:00
Walmart,8141631,Sitara beans or peas,5.38,2026-09-24T00:00:00-04:00,2026-09-30T23:59:59-04:00
Walmart,8141631,Bulk Gala apples,1.28,2026-09-24T00:00:00-04:00,2026-09-30T23:59:59-04:00
Walmart,8141631,Green cabbage,0.98,2026-09-24T00:00:00-04:00,2026-09-30T23:59:59-04:00
Walmart,8141631,Gay Lea butter,4.97,2026-09-24T00:00:00-04:00,2026-09-30T23:59:59-04:00
Walmart,8141631,Your Fresh Market™ all-purpose potatoes or yellow onions,4.44,2026-09-24T00:00:00-04:00,2026-09-30T23:59:59-04:00
Walmart,8141631,Your Fresh Market™ all-purpose potatoes,4.44,2026-09-24T00:00:00-04:00,2026-09-30T23:59:59-04:00
Walmart,8141631,Dr. Oetker Ristorante frozen pizza,3.98,2026-09-24T00:00:00-04:00,2026-09-30T23:59:59-04:00
Walmart,8141631,Red cabbage,0.98,2026-09-24T00:00:00-04:00,2026-09-30T23:59:59-04:00
Walmart,8141631,Dr. Oetker Casa di Mama frozen pizza,3.98,2026-09-24T00:00:00-04:00,2026-09-30T23:59:59-04:00
Walmart,8141631,Friskies 156 g wet cat food singles,1.0,2026-09-24T00:00:00-04:00,2026-09-30T23:59:59-04:00
Walmart,8141631,"Armstrong cheese blocks, 400 g",4.98,2026-09-24T00:00:00-04:00,2026-09-30T23:59:59-04:00
Walmart,8141631,Carnation evaporated milk,1.74,2026-09-24T00:00:00-04:00,2026-09-30T23:59:59-04:00
Walmart,8141631,Red or green seedless grapes,3.84,2026-09-24T00:00:00-04:00,2026-09-30T23:59:59-04:00
Walmart,8141631,Tim Hortons ground coffee,22.86,2026-09-24T00:00:00-04:00,2026-09-30T23:59:59-04:00
Walmart,8141631,Friskies 156 g or Fancy Feast 85 g wet cat food singles,1.0,2026-09-24T00:00:00-04:00,2026-09-30T23:59:59-04:00
Walmart,8141631,Pie pumpkin,2.94,2026-09-24T00:00:00-04:00,2026-09-30T23:59:59-04:00
Walmart,8141631,McCafé K-Cup 30s,22.86,2026-09-24T00:00:00-04:00,2026-09-30T23:59:59-04:00
Walmart,8141631,"Armstrong cheese blocks, 400 g, shreds, 320 g or slices, 220 g - 240 g",4.98,2026-09-24T00:00:00-04:00,2026-09-30T23:59:59-04:00
Walmart,8141631,Australian Thomas Farms short cut lamb leg,5.97,2026-09-24T00:00:00-04:00,2026-09-30T23:59:59-04:00
Walmart,8141631,Red or green seedless grapes,3.84,2026-09-24T00:00:00-04:00,2026-09-30T23:59:59-04:00
Walmart,8141631,Cashmere bathroom tissue,10.97,2026-09-24T00:00:00-04:00,2026-09-30T23:59:59-04:00
Walmart,8141631,Maple Leaf fresh air-chilled boneless skinless chicken thighs 12-pack,7.75,2026-09-24T00:00:00-04:00,2026-09-30T23:59:59-04:00
Walmart,8141631,Oîkos Greek yogurt 12-pack,9.47,2026-09-24T00:00:00-04:00,2026-09-30T23:59:59-04:00
Walmart,8141631,Ruffles chips,3.27,2026-09-24T00:00:00-04:00,2026-09-30T23:59:59-04:00
Walmart,8141631,Ruffles chips,3.27,2026-09-24T00:00:00-04:00,2026-09-30T23:59:59-04:00
Walmart,8141631,Friskies 156 g or Fancy Feast 85 g wet cat food singles,1.0,2026-09-24T00:00:00-04:00,2026-09-30T23:59:59-04:00
Walmart,8141631,Great Value fully cooked beef meatballs,7.96,2026-09-24T00:00:00-04:00,2026-09-30T23:59:59-04:00
Walmart,8141631,Maple Leaf Natural Selections sliced deli meats,5.97,2026-09-24T00:00:00-04:00,2026-09-30T23:59:59-04:00
Walmart,8141631,Coca-Cola Pop,6.94,2026-09-24T00:00:00-04:00,2026-09-30T23:59:59-04:00
Walmart,8141631,Dr. Oetker Casa di Mama frozen pizza,3.98,2026-09-24T00:00:00-04:00,2026-09-30T23:59:59-04:00
Walmart,8141631,Ruffles chips,3.27,2026-09-24T00:00:00-04:00,2026-09-30T23:59:59-04:00
Walmart,8141631,Samyang Buldak spicy ramen,6.98,2026-09-24T00:00:00-04:00,2026-09-30T23:59:59-04:00
Walmart,8141631,Hair and body gift sets,14.94,2026-09-24T00:00:00-04:00,2026-09-30T23:59:59-04:00
Walmart,8141631,Canada Dry Ginger Ale Zero Sugar,2.48,2026-09-24T00:00:00-04:00,2026-09-30T23:59:59-04:00
Walmart,8141631,Sitara beans or peas,5.38,2026-09-24T00:00:00-04:00,2026-09-30T23:59:59-04:00
Walmart,8141631,Ashoka shredded coconut,3.27,2026-09-24T00:00:00-04:00,2026-09-30T23:59:59-04:00
Walmart,8141631,Campbell's Chunky soup,2.47,2026-09-24T00:00:00-04:00,2026-09-30T23:59:59-04:00
Walmart,8141631,Pillsbury Pizza Pops,2.94,2026-09-24T00:00:00-04:00,2026-09-30T23:59:59-04:00
Walmart,8141631,Lysol multi-surface cleaner,9.97,2026-09-24T00:00:00-04:00,2026-09-30T23:59:59-04:00
Walmart,8141631,Air Wick scented oil refills,10.97,2026-09-24T00:00:00-04:00,2026-09-30T23:59:59-04:00
Walmart,8141631,Glade scented 3-wick candle or PlugIns Scented Oil Plus air freshener starter kit,8.97,2026-09-24T00:00:00-04:00,2026-09-30T23:59:59-04:00
Walmart,8141631,Dabur mustard oil,7.98,2026-09-24T00:00:00-04:00,2026-09-30T23:59:59-04:00
Walmart,8141631,Weiman specialty cleaners,4.97,2026-09-24T00:00:00-04:00,2026-09-30T23:59:59-04:00
Walmart,8141631,Hans dahi natural yogurt,2.27,2026-09-24T00:00:00-04:00,2026-09-30T23:59:59-04:00
Walmart,8141631,White cauliflower,3.44,2026-09-24T00:00:00-04:00,2026-09-30T23:59:59-04:00
Walmart,8141631,Dawn dish soap,11.97,2026-09-24T00:00:00-04:00,2026-09-30T23:59:59-04:00
Walmart,8141631,PTI besan chickpea flour,4.88,2026-09-24T00:00:00-04:00,2026-09-30T23:59:59-04:00
Walmart,8141631,Sitara naan bites,3.67,2026-09-24T00:00:00-04:00,2026-09-30T23:59:59-04:00
Walmart,8141631,Sitara Atta whole wheat flour,9.94,2026-09-24T00:00:00-04:00,2026-09-30T23:59:59-04:00
Walmart,8141631,Begum basmati rice,9.94,2026-09-24T00:00:00-04:00,2026-09-30T23:59:59-04:00
Walmart,8141631,Verka brown cane sugar,5.24,2026-09-24T00:00:00-04:00,2026-09-30T23:59:59-04:00
Walmart,8141631,Sitara white or whole wheat roti,3.77,2026-09-24T00:00:00-04:00,2026-09-30T23:59:59-04:00
Walmart,8141631,Long squash,1.67,2026-09-24T00:00:00-04:00,2026-09-30T23:59:59-04:00
Walmart,8141631,Hans dahi natural yogurt,2.27,2026-09-24T00:00:00-04:00,2026-09-30T23:59:59-04:00
Walmart,8141631,Sitara beans or peas,5.38,2026-09-24T00:00:00-04:00,2026-09-30T23:59:59-04:00
Walmart,8141631,Hans dahi natural yogurt,2.27,2026-09-24T00:00:00-04:00,2026-09-30T23:59:59-04:00
Walmart,8141631,Sitara sliced okra,1.17,2026-09-24T00:00:00-04:00,2026-09-30T23:59:59-04:00
Walmart,8141631,Great Value lemon scented disinfecting wipes,4.27,2026-09-24T00:00:00-04:00,2026-09-30T23:59:59-04:00
Walmart,8141631,Guava,3.98,2026-09-24T00:00:00-04:00,2026-09-30T23:59:59-04:00
Walmart,8141631,Sitara white roti,3.77,2026-09-24T00:00:00-04:00,2026-09-30T23:59:59-04:00
Walmart,8141631,Guava,3.98,2026-09-24T00:00:00-04:00,2026-09-30T23:59:59-04:00
Walmart,8141631,Pooja coconut,1.89,2026-09-24T00:00:00-04:00,2026-09-30T23:59:59-04:00
Walmart,8141631,Campbell's Chunky soup,2.47,2026-09-24T00:00:00-04:00,2026-09-30T23:59:59-04:00
Walmart,8141631,Minute Rice,5.97,2026-09-24T00:00:00-04:00,2026-09-30T23:59:59-04:00
Walmart,8141631,Orville Redenbacher 492 g or Angie's BoomChickaPop 136 g popcorn,3.97,2026-09-24T00:00:00-04:00,2026-09-30T23:59:59-04:00
Walmart,8141631,Kellogg's Mini Wheats pumpkin spice cereal,3.97,2026-09-24T00:00:00-04:00,2026-09-30T23:59:59-04:00
Walmart,8141631,"Spa Sensations 8"" memory foam mattress",258.0,2026-09-24T00:00:00-04:00,2026-09-30T23:59:59-04:00
Walmart,8141631,OREO maple creme cookies,2.98,2026-09-24T00:00:00-04:00,2026-09-30T23:59:59-04:00
Walmart,8141631,Tim Hortons ground coffee,22.86,2026-09-24T00:00:00-04:00,2026-09-30T23:59:59-04:00
Walmart,8141631,Chef Boyardee pasta,1.64,2026-09-24T00:00:00-04:00,2026-09-30T23:59:59-04:00
Walmart,8141631,Dove beauty bar soap 6 x 106 g,8.86,2026-09-24T00:00:00-04:00,2026-09-30T23:59:59-04:00
Walmart,8141631,Dempster's grain bread,2.98,2026-09-24T00:00:00-04:00,2026-09-30T23:59:59-04:00
Walmart,8141631,Joe's Tasty Travels walnuts or raw cashews,4.97,2026-09-24T00:00:00-04:00,2026-09-30T23:59:59-04:00
Walmart,8141631,Your Fresh Market™ cookies,5.46,2026-09-24T00:00:00-04:00,2026-09-30T23:59:59-04:00
Walmart,8141631,General Mills Halloween Fruit Roll-Ups or Gushers,7.97,2026-09-24T00:00:00-04:00,2026-09-30T23:59:59-04:00
Walmart,8141631,Scent Theory hand sanitizer,6.42,2026-09-24T00:00:00-04:00,2026-09-30T23:59:59-04:00
Walmart,8141631,20-Piece flatware set,29.88,2026-09-24T00:00:00-04:00,2026-09-30T23:59:59-04:00
Walmart,8141631,Starbucks caramel coffee K-Cups,13.97,2026-09-24T00:00:00-04:00,2026-09-30T23:59:59-04:00
Walmart,8141631,Fabric adjustable swivel barstool,79.97,2026-09-24T00:00:00-04:00,2026-09-30T23:59:59-04:00
Walmart,8141631,Pepsi Pack,3.97,2026-09-24T00:00:00-04:00,2026-09-30T23:59:59-04:00
Walmart,8141631,SunChips,3.47,2026-09-24T00:00:00-04:00,2026-09-30T23:59:59-04:00
Walmart,8141631,Rascals nighttime underwear,25.88,2026-09-24T00:00:00-04:00,2026-09-30T23:59:59-04:00
Walmart,8141631,Verka paneer,5.17,2026-09-24T00:00:00-04:00,2026-09-30T23:59:59-04:00
Walmart,8141631,Nongshim ramen noodles 4-pack,4.44,2026-09-24T00:00:00-04:00,2026-09-30T23:59:59-04:00
Walmart,8141631,"TIDEA X5 Cordless Stick Vacuum Cleaner, 300W Brushless Motor, 40min Runtime, Lightweight with LED Display for Hardwood Floor, Carpet & Pet Hair",106.99,2026-09-24T00:00:00-04:00,2026-09-30T23:59:59-04:00
Walmart,8141631,Hard Candy Glass On Lock setting spray,9.96,2026-09-24T00:00:00-04:00,2026-09-30T23:59:59-04:00
Walmart,8141631,"Clouddwell 8ft x 4ft Heavy-Duty Metal Storage Shed with 3 Doors, Lockable Lean-To Design, Weatherproof for Garden & Tools (Black)",233.99,2026-09-24T00:00:00-04:00,2026-09-30T23:59:59-04:00
Walmart,8141631,Avengers: Doomsday Doctor Doom electronic roleplay mask,39.93,2026-09-24T00:00:00-04:00,2026-09-30T23:59:59-04:00
Walmart,8141631,"Gyrocopters Zeno 2.0 Electric Scooter | 32 km/h Max Speed | Up to 40 km Range | UL2272 Approved | 500W Motor (Peak Power) |Shock-Absorbing Adjustable Seat | Anti-Theft GPS | All-Terrain 14"" Tires",399.96,2026-09-24T00:00:00-04:00,2026-09-30T23:59:59-04:00
Walmart,8141631,Scotties 3-ply facial tissue,19.97,2026-09-24T00:00:00-04:00,2026-09-30T23:59:59-04:00
Walmart,8141631,Swiffer refills or Sweep + Mop starter kit,15.97,2026-09-24T00:00:00-04:00,2026-09-30T23:59:59-04:00
Walmart,8141631,Your Fresh Market™ all-purpose potatoes,4.44,2026-09-24T00:00:00-04:00,2026-09-30T23:59:59-04:00
Walmart,8141631,"Gyrocopters Zeno 2.0 Electric Scooter | 32 km/h Max Speed | Up to 40 km Range | UL2272 Approved | 500W Motor (Peak Power) |Shock-Absorbing Adjustable Seat | Anti-Theft GPS | All-Terrain 14"" Tires",399.96,2026-09-24T00:00:00-04:00,2026-09-30T23:59:59-04:00
Walmart,8141631,"Active Noise Cancelling Headphones, -45dB Bluetooth Headphones 5.4, 50H Playtime Earbuds, Bass Boosted by 90%, Clear Call with 4 Mics, Comfort Fit Over Ear Headphones for Travel Home Office PC Black",36.99,2026-09-24T00:00:00-04:00,2026-09-30T23:59:59-04:00
Walmart,8141631,Advil Liqui-Gels,13.83,2026-09-24T00:00:00-04:00,2026-09-30T23:59:59-04:00
Walmart,8141631,Hershey's Chipits baking chips,5.47,2026-09-24T00:00:00-04:00,2026-09-30T23:59:59-04:00
Walmart,8141631,Cotton percale sheet set,29.88,2026-09-24T00:00:00-04:00,2026-09-30T23:59:59-04:00
Walmart,8141631,"Clouddwell 8ft x 4ft Heavy-Duty Metal Storage Shed with 3 Doors, Lockable Lean-To Design, Weatherproof for Garden & Tools (Black)",233.99,2026-09-24T00:00:00-04:00,2026-09-30T23:59:59-04:00
Walmart,8141631,"Abba Patio 7 PCS Outdoor Dining Set w/ All-Weather Aluminum Table & Wicker Chairs for Patio, Backyard",554.99,2026-09-24T00:00:00-04:00,2026-09-30T23:59:59-04:00
Walmart,8141631,Scrubbing Bubbles bathroom cleaners,4.47,2026-09-24T00:00:00-04:00,2026-09-30T23:59:59-04:00
Walmart,8141631,Lysol Toilet bowl cleaner,6.97,2026-09-24T00:00:00-04:00,2026-09-30T23:59:59-04:00
Walmart,8141631,Tylenol eZ Tabs,16.34,2026-09-24T00:00:00-04:00,2026-09-30T23:59:59-04:00
Walmart,8141631,Starbucks pumpkin spice coffee K-Cups,10.97,2026-09-24T00:00:00-04:00,2026-09-30T23:59:59-04:00
Walmart,8141631,Baby Jogger City Go infant car seat,349.98,2026-09-24T00:00:00-04:00,2026-09-30T23:59:59-04:00
Walmart,8141631,"TIDEA X5 Cordless Stick Vacuum Cleaner, 300W Brushless Motor, 40min Runtime, Lightweight with LED Display for Hardwood Floor, Carpet & Pet Hair",106.99,2026-09-24T00:00:00-04:00,2026-09-30T23:59:59-04:00
Walmart,8141631,"Queen Mattress Lecuneey 10 Inch Memory Foam Mattress CertiPUR-US Certified Foam Bed Mattress in a Box, Breathable Comfort & Pressure Relief",179.99,2026-09-24T00:00:00-04:00,2026-09-30T23:59:59-04:00
Walmart,8141631,"Abba Patio 7 PCS Outdoor Dining Set w/ All-Weather Aluminum Table & Wicker Chairs for Patio, Backyard",554.99,2026-09-24T00:00:00-04:00,2026-09-30T23:59:59-04:00
Walmart,8141631,"Queen Mattress Lecuneey 10 Inch Memory Foam Mattress CertiPUR-US Certified Foam Bed Mattress in a Box, Breathable Comfort & Pressure Relief",179.99,2026-09-24T00:00:00-04:00,2026-09-30T23:59:59-04:00
Walmart,8141631,"FIXTEC Home Repair Tool Set with 234 Pcs, Carrying Case, FHTK234",49.98,2026-09-24T00:00:00-04:00,2026-09-30T23:59:59-04:00
Walmart,8141631,"Active Noise Cancelling Headphones, -45dB Bluetooth Headphones 5.4, 50H Playtime Earbuds, Bass Boosted by 90%, Clear Call with 4 Mics, Comfort Fit Over Ear Headphones for Travel Home Office PC Black",36.99,2026-09-24T00:00:00-04:00,2026-09-30T23:59:59-04:00
Walmart,8141631,Canon PowerShot G7 X Mark III Digital Camera (Black) - 3637C001,1894.99,2026-09-24T00:00:00-04:00,2026-09-30T23:59:59-04:00
Walmart,8141631,"ZDZA Electric Bike 26"", 1000W Peak Motor E-Mountain Bike, 35KM/H 36V 10.4AH Removable Ebike for Adults, 7 Speed Electric Bicycle UL2849",527.99,2026-09-24T00:00:00-04:00,2026-09-30T23:59:59-04:00
Walmart,8141631,"VEAT00L F11 Android 13 Tablet 2026, 6GB(4+2) RAM, 64GB ROM, 128GB Expand, Quad-Core Processor up to 2.0 GHz, Dual Camera, WiFi, BT, 6000mAh with Fast Charge, 1280x800 HD Touch Screen",145.99,2026-09-24T00:00:00-04:00,2026-09-30T23:59:59-04:00
Walmart,8141631,"VEAT00L F11 Android 13 Tablet 2026, 6GB(4+2) RAM, 64GB ROM, 128GB Expand, Quad-Core Processor up to 2.0 GHz, Dual Camera, WiFi, BT, 6000mAh with Fast Charge, 1280x800 HD Touch Screen",145.99,2026-09-24T00:00:00-04:00,2026-09-30T23:59:59-04:00
Walmart,8141631,"ZDZA Electric Bike 26"", 1000W Peak Motor E-Mountain Bike, 35KM/H 36V 10.4AH Removable Ebike for Adults, 7 Speed Electric Bicycle UL2849",527.99,2026-09-24T00:00:00-04:00,2026-09-30T23:59:59-04:00
Walmart,8141631,"IMFIT Walking Pad Max Treadmill for Home & Office | Under Desk Walking Pad with 3-Level Vibration Recovery | Quiet Motor Walking Pad for Daily Cardio, Fitness, Calories Burn, Glutes, Core, Legs",169.96,2026-09-24T00:00:00-04:00,2026-09-30T23:59:59-04:00
Walmart,8141631,Tena Super briefs 26s,28.97,2026-09-24T00:00:00-04:00,2026-09-30T23:59:59-04:00
Walmart,8141631,Tenderflake pie shells 340g-397g,3.27,2026-09-24T00:00:00-04:00,2026-09-30T23:59:59-04:00
Walmart,8141631,Christie RITZ crackers,2.78,2026-09-24T00:00:00-04:00,2026-09-30T23:59:59-04:00
Walmart,8141631,Revolution Nutrition Iso Whey protein powder,40.47,2026-09-24T00:00:00-04:00,2026-09-30T23:59:59-04:00
Walmart,8141631,Glade scented 3-wick candle or PlugIns Scented Oil Plus air freshener starter kit,8.97,2026-09-24T00:00:00-04:00,2026-09-30T23:59:59-04:00
Walmart,8141631,Sensodyne Clinical White,9.27,2026-09-24T00:00:00-04:00,2026-09-30T23:59:59-04:00
Walmart,8141631,Great Value boneless smoked ham,6.97,2026-09-24T00:00:00-04:00,2026-09-30T23:59:59-04:00
Walmart,8141631,Farmers 10% blend cream,3.48,2026-09-24T00:00:00-04:00,2026-09-30T23:59:59-04:00
Walmart,8141631,Kraft salad dressing,3.24,2026-09-24T00:00:00-04:00,2026-09-30T23:59:59-04:00
Walmart,8141631,De Wafelbakkers buttermilk or chocolate chip pancakes,6.96,2026-09-24T00:00:00-04:00,2026-09-30T23:59:59-04:00
Walmart,8141631,GuruNanda teeth whitening strips 7s or whitening mouthwash 591 mL,13.96,2026-09-24T00:00:00-04:00,2026-09-30T23:59:59-04:00
Walmart,8141631,PowerForce Turbo bagless upright vacuum Bissell,98.88,2026-09-24T00:00:00-04:00,2026-09-30T23:59:59-04:00
Walmart,8141631,GuruNanda whitening mouthwash 591 mL,13.96,2026-09-24T00:00:00-04:00,2026-09-30T23:59:59-04:00
Walmart,8141631,Maggi seasoning 800 mL,8.98,2026-09-24T00:00:00-04:00,2026-09-30T23:59:59-04:00
Walmart,8141631,Bear Paws cookies,2.28,2026-09-24T00:00:00-04:00,2026-09-30T23:59:59-04:00
Walmart,8141631,Vileda Punch scrub sponge,5.97,2026-09-24T00:00:00-04:00,2026-09-30T23:59:59-04:00
Walmart,8141631,Lemons,0.86,2026-09-24T00:00:00-04:00,2026-09-30T23:59:59-04:00
Walmart,8141631,Jamieson vitamins,16.47,2026-09-24T00:00:00-04:00,2026-09-30T23:59:59-04:00
Walmart,8141631,CeraVe lotion or foaming facial cleanser,17.97,2026-09-24T00:00:00-04:00,2026-09-30T23:59:59-04:00
Walmart,8141631,Revolution Nutrition Iso Whey protein powder,40.47,2026-09-24T00:00:00-04:00,2026-09-30T23:59:59-04:00
Walmart,8141631,Asian pears or Fuji apples,2.28,2026-09-24T00:00:00-04:00,2026-09-30T23:59:59-04:00
Walmart,8141631,GREAT VALUE FULLY COOKED CHICKEN BREAST STRIPS OR BEEF MEATBALLS,7.96,2026-09-24T00:00:00-04:00,2026-09-30T23:59:59-04:00
Walmart,8141631,Serveware,16.97,2026-09-24T00:00:00-04:00,2026-09-30T23:59:59-04:00
Walmart,8141631,Great Value Original wieners 24-pack,4.97,2026-09-24T00:00:00-04:00,2026-09-30T23:59:59-04:00
Walmart,8141631,Dao Xiang Cun nut mooncake,6.98,2026-09-24T00:00:00-04:00,2026-09-30T23:59:59-04:00
Walmart,8141631,Bulk Honeycrisp apples,2.98,2026-09-24T00:00:00-04:00,2026-09-30T23:59:59-04:00
Walmart,8141631,Arm & Hammer clumping cat litter,24.67,2026-09-24T00:00:00-04:00,2026-09-30T23:59:59-04:00
Walmart,8141631,Equate high protein meal replacement shakes,10.97,2026-09-24T00:00:00-04:00,2026-09-30T23:59:59-04:00
Walmart,8141631,Liberté Méditerranée yogurt tubs,3.47,2026-09-24T00:00:00-04:00,2026-09-30T23:59:59-04:00
Walmart,8141631,Pie pumpkin,2.44,2026-09-24T00:00:00-04:00,2026-09-30T23:59:59-04:00
Walmart,8141631,Wonder white or whole wheat bread,2.86,2026-09-24T00:00:00-04:00,2026-09-30T23:59:59-04:00
Walmart,8141631,Mutti Strained Tomatoes,3.97,2026-09-24T00:00:00-04:00,2026-09-30T23:59:59-04:00
Walmart,8141631,International Delight coffee creamer,6.46,2026-09-24T00:00:00-04:00,2026-09-30T23:59:59-04:00
Walmart,8141631,Hans dahi natural yogurt,2.27,2026-09-24T00:00:00-04:00,2026-09-30T23:59:59-04:00
Walmart,8141631,Betty Crocker pumpkin spice cookie mix or cake mix,3.97,2026-09-24T00:00:00-04:00,2026-09-30T23:59:59-04:00
Walmart,8141631,Tylenol Extra Strength,11.97,2026-09-24T00:00:00-04:00,2026-09-30T23:59:59-04:00
Walmart,8141631,Vileda H2prO flat mop and bucket system for multi-surface floor cleaning,49.96,2026-09-24T00:00:00-04:00,2026-09-30T23:59:59-04:00
Walmart,8141631,Chef Boyardee pasta,1.64,2026-09-24T00:00:00-04:00,2026-09-30T23:59:59-04:00
Walmart,8141631,MAINSTAYS 12-Cup coffee maker,19.98,2026-09-24T00:00:00-04:00,2026-09-30T23:59:59-04:00
Walmart,8141631,Starbucks liquid coffee enhancer,6.98,2026-09-24T00:00:00-04:00,2026-09-30T23:59:59-04:00
Walmart,8141631,Tylenol liquid gels,16.34,2026-09-24T00:00:00-04:00,2026-09-30T23:59:59-04:00
Walmart,8141631,Arm & Hammer clumping cat litter,24.67,2026-09-24T00:00:00-04:00,2026-09-30T23:59:59-04:00
Walmart,8141631,Dr. Oetker Ristorante frozen pizza,3.98,2026-09-24T00:00:00-04:00,2026-09-30T23:59:59-04:00
Walmart,8141631,Red or green seedless grapes,3.84,2026-09-24T00:00:00-04:00,2026-09-30T23:59:59-04:00
Walmart,8141631,"Ziploc snack, sandwich or freezer bags",4.48,2026-09-24T00:00:00-04:00,2026-09-30T23:59:59-04:00
Walmart,8141631,"Dove or Dove Men+Care shampoo, conditioner or styling products",4.97,2026-09-24T00:00:00-04:00,2026-09-30T23:59:59-04:00
Walmart,8141631,L'Oréal Paris Excellence hair colour,13.96,2026-09-24T00:00:00-04:00,2026-09-30T23:59:59-04:00
Walmart,8141631,Equate distilled water,1.24,2026-09-24T00:00:00-04:00,2026-09-30T23:59:59-04:00
Walmart,8141631,Sitara naan bites,3.67,2026-09-24T00:00:00-04:00,2026-09-30T23:59:59-04:00
Walmart,8141631,Samyang Buldak spicy ramen,6.98,2026-09-24T00:00:00-04:00,2026-09-30T23:59:59-04:00
Walmart,8141631,Gay Lea butter,4.97,2026-09-24T00:00:00-04:00,2026-09-30T23:59:59-04:00
Walmart,8141631,Tokimi egg yolk pastry gift box,12.98,2026-09-24T00:00:00-04:00,2026-09-30T23:59:59-04:00
Walmart,8141631,Lysol Toilet bowl cleaner,6.97,2026-09-24T00:00:00-04:00,2026-09-30T23:59:59-04:00
Walmart,8141631,Dove Men+Care Ted Lasso body wash 532 mL,8.96,2026-09-24T00:00:00-04:00,2026-09-30T23:59:59-04:00
Walmart,8141631,Glucerna meal replacement drinks,11.97,2026-09-24T00:00:00-04:00,2026-09-30T23:59:59-04:00
Walmart,8141631,Dao Xiang Cun old-fashioned mooncakes,9.98,2026-09-24T00:00:00-04:00,2026-09-30T23:59:59-04:00
Walmart,8141631,Dawn dish soap,11.97,2026-09-24T00:00:00-04:00,2026-09-30T23:59:59-04:00
Walmart,8141631,Aussie shampoo or conditioner,8.97,2026-09-24T00:00:00-04:00,2026-09-30T23:59:59-04:00
Walmart,8141631,Carnation evaporated milk,1.74,2026-09-24T00:00:00-04:00,2026-09-30T23:59:59-04:00
Walmart,8141631,De Wafelbakkers buttermilk or chocolate chip pancakes,6.96,2026-09-24T00:00:00-04:00,2026-09-30T23:59:59-04:00
Walmart,8141631,Tide Pods laundry detergent,28.97,2026-09-24T00:00:00-04:00,2026-09-30T23:59:59-04:00
Walmart,8141631,Webber Naturals magnesium or vitamins,11.97,2026-09-24T00:00:00-04:00,2026-09-30T23:59:59-04:00
Walmart,8141631,Pampers Easy Ups training pants,36.94,2026-09-24T00:00:00-04:00,2026-09-30T23:59:59-04:00
Walmart,8141631,Our Finest mini stroopwafels,3.97,2026-09-24T00:00:00-04:00,2026-09-30T23:59:59-04:00
Walmart,8141631,Skyn Selection condoms IOS,11.47,2026-09-24T00:00:00-04:00,2026-09-30T23:59:59-04:00
Walmart,8141631,Starbucks Verona ground coffee,30.97,2026-09-24T00:00:00-04:00,2026-09-30T23:59:59-04:00
Walmart,8141631,Equate high protein meal replacement shakes,10.97,2026-09-24T00:00:00-04:00,2026-09-30T23:59:59-04:00
Walmart,8141631,Advil Liqui-Gels value pack,24.63,2026-09-24T00:00:00-04:00,2026-09-30T23:59:59-04:00
Walmart,8141631,Tokimi roasted chestnuts,12.98,2026-09-24T00:00:00-04:00,2026-09-30T23:59:59-04:00
Walmart,8141631,Green Giant frozen vegetables,3.47,2026-09-24T00:00:00-04:00,2026-09-30T23:59:59-04:00
Walmart,8141631,Sitara Atta whole wheat flour,9.94,2026-09-24T00:00:00-04:00,2026-09-30T23:59:59-04:00
Walmart,8141631,Great Value Omega-3 large white eggs,6.27,2026-09-24T00:00:00-04:00,2026-09-30T23:59:59-04:00
Walmart,8141631,Sitara white or whole wheat roti,3.77,2026-09-24T00:00:00-04:00,2026-09-30T23:59:59-04:00
Walmart,8141631,Skyn Selection condoms 10s,11.47,2026-09-24T00:00:00-04:00,2026-09-30T23:59:59-04:00
Walmart,8141631,Cavendish Farms fries or onion rings,2.97,2026-09-24T00:00:00-04:00,2026-09-30T23:59:59-04:00
Walmart,8141631,L'oreal paris ever pure shampoo,11.98,2026-09-24T00:00:00-04:00,2026-09-30T23:59:59-04:00
Walmart,8141631,"Being shampoo, conditioner or hair treatments",7.97,2026-09-24T00:00:00-04:00,2026-09-30T23:59:59-04:00
Walmart,8141631,Polysporin antibiotic cream 30 g,11.77,2026-09-24T00:00:00-04:00,2026-09-30T23:59:59-04:00
Walmart,8141631,Bulk seedless oranges,2.47,2026-09-24T00:00:00-04:00,2026-09-30T23:59:59-04:00
Walmart,8141631,Pronamel toothpaste,6.97,2026-09-24T00:00:00-04:00,2026-09-30T23:59:59-04:00
Walmart,8141631,Scrubbing Bubbles bathroom cleaners,4.47,2026-09-24T00:00:00-04:00,2026-09-30T23:59:59-04:00
Walmart,8141631,Daise mystery dollface fragrance box,12.98,2026-09-24T00:00:00-04:00,2026-09-30T23:59:59-04:00
Walmart,8141631,Dragon fruit,2.28,2026-09-24T00:00:00-04:00,2026-09-30T23:59:59-04:00
Walmart,8141631,Canada Dry Ginger Ale or Ginger Ale Zero Sugar,6.94,2026-09-24T00:00:00-04:00,2026-09-30T23:59:59-04:00
Walmart,8141631,Downy fabric rinse 90 loads,15.97,2026-09-24T00:00:00-04:00,2026-09-30T23:59:59-04:00
Walmart,8141631,Webber Naturals magnesium or vitamins,11.97,2026-09-24T00:00:00-04:00,2026-09-30T23:59:59-04:00
Walmart,8141631,Starfrit 10-Cup rice cooker,29.97,2026-09-24T00:00:00-04:00,2026-09-30T23:59:59-04:00
Walmart,8141631,"16"" Black Panther bike",148.0,2026-09-24T00:00:00-04:00,2026-09-30T23:59:59-04:00
Walmart,8141631,Starbucks Pike Place coffee,14.47,2026-09-24T00:00:00-04:00,2026-09-30T23:59:59-04:00
Walmart,8141631,Dawn dish soap,11.97,2026-09-24T00:00:00-04:00,2026-09-30T23:59:59-04:00
Walmart,8141631,Cashmere bathroom tissue,10.97,2026-09-24T00:00:00-04:00,2026-09-30T23:59:59-04:00
Walmart,8141631,Pringles,2.47,2026-09-24T00:00:00-04:00,2026-09-30T23:59:59-04:00
Walmart,8141631,White cauliflower,3.44,2026-09-24T00:00:00-04:00,2026-09-30T23:59:59-04:00
Walmart,8141631,Cavendish Farms fries,2.97,2026-09-24T00:00:00-04:00,2026-09-30T23:59:59-04:00
Walmart,8141631,Pooja coconut,1.89,2026-09-24T00:00:00-04:00,2026-09-30T23:59:59-04:00
Walmart,8141631,Oasis orange juice,4.97,2026-09-24T00:00:00-04:00,2026-09-30T23:59:59-04:00
Walmart,8141631,Bounce sheets,5.97,2026-09-24T00:00:00-04:00,2026-09-30T23:59:59-04:00
Walmart,8141631,Great Value Sparkling Water,5.67,2026-09-24T00:00:00-04:00,2026-09-30T23:59:59-04:00
Walmart,8141631,Christie RITZ crackers,2.78,2026-09-24T00:00:00-04:00,2026-09-30T23:59:59-04:00
Walmart,8141631,Nongshim 4-pack or KSF 5-pack noodles,3.98,2026-09-24T00:00:00-04:00,2026-09-30T23:59:59-04:00
Walmart,8141631,Melona ice bars,4.98,2026-09-24T00:00:00-04:00,2026-09-30T23:59:59-04:00
Walmart,8141631,Alcan aluminum foil 60' or 100',6.98,2026-09-24T00:00:00-04:00,2026-09-30T23:59:59-04:00
Walmart,8141631,Band-Aid tie dye bandages 100s or Polysporin antibiotic cream 30 g,11.77,2026-09-24T00:00:00-04:00,2026-09-30T23:59:59-04:00
Walmart,8141631,Weiman specialty cleaners,4.97,2026-09-24T00:00:00-04:00,2026-09-30T23:59:59-04:00
Walmart,8141631,Dempster's grain bread,2.98,2026-09-24T00:00:00-04:00,2026-09-30T23:59:59-04:00
Walmart,8141631,Summer Fresh hummus or dips,4.78,2026-09-24T00:00:00-04:00,2026-09-30T23:59:59-04:00
Walmart,8141631,Minute Rice,5.97,2026-09-24T00:00:00-04:00,2026-09-30T23:59:59-04:00
Walmart,8141631,SKIN1004 Madagascar Centella light cleansing oil 200 mL,20.78,2026-09-24T00:00:00-04:00,2026-09-30T23:59:59-04:00
Walmart,8141631,"Starfrit Carbon steel 32 cm (12.5"") wok",19.97,2026-09-24T00:00:00-04:00,2026-09-30T23:59:59-04:00
Walmart,8141631,Nongshim 4-pack or KSF 5-pack noodles,3.98,2026-09-24T00:00:00-04:00,2026-09-30T23:59:59-04:00
Walmart,8141631,Finute shrimp chips,6.98,2026-09-24T00:00:00-04:00,2026-09-30T23:59:59-04:00
Walmart,8141631,Green Giant frozen vegetables,3.47,2026-09-24T00:00:00-04:00,2026-09-30T23:59:59-04:00
Walmart,8141631,Premier Protein shakes,11.67,2026-09-24T00:00:00-04:00,2026-09-30T23:59:59-04:00
Walmart,8141631,Halls large bag 80s,8.38,2026-09-24T00:00:00-04:00,2026-09-30T23:59:59-04:00
Walmart,8141631,Bear Paws cookies,2.28,2026-09-24T00:00:00-04:00,2026-09-30T23:59:59-04:00
Walmart,8141631,PTI besan chickpea flour,4.88,2026-09-24T00:00:00-04:00,2026-09-30T23:59:59-04:00
Walmart,8141631,Bob's Red Mill brownie 397 g baking mix,7.47,2026-09-24T00:00:00-04:00,2026-09-30T23:59:59-04:00
Walmart,8141631,Australian Thomas Farms short cut lamb leg,5.97,2026-09-24T00:00:00-04:00,2026-09-30T23:59:59-04:00
Walmart,8141631,Marvel Avengers Hulk Gamma Smash Fists,29.98,2026-09-24T00:00:00-04:00,2026-09-30T23:59:59-04:00
Walmart,8141631,Ferrero Rocher chocolate bars,4.98,2026-09-24T00:00:00-04:00,2026-09-30T23:59:59-04:00
Walmart,8141631,Great Value smoked sausages,9.97,2026-09-24T00:00:00-04:00,2026-09-30T23:59:59-04:00
Walmart,8141631,Cadbury treat-size chocolate bars,15.48,2026-09-24T00:00:00-04:00,2026-09-30T23:59:59-04:00
Walmart,8141631,"The Little Potato Co. red, yellow or trio potatoes",2.98,2026-09-24T00:00:00-04:00,2026-09-30T23:59:59-04:00
Walmart,8141631,Royale 2-ply bathroom tissue,19.96,2026-09-24T00:00:00-04:00,2026-09-30T23:59:59-04:00
Walmart,8141631,Crest toothpaste,3.97,2026-09-24T00:00:00-04:00,2026-09-30T23:59:59-04:00
Walmart,8141631,Sensodyne Clinical Repair Active White toothpaste,9.27,2026-09-24T00:00:00-04:00,2026-09-30T23:59:59-04:00
Walmart,8141631,Verka brown cane sugar,5.24,2026-09-24T00:00:00-04:00,2026-09-30T23:59:59-04:00
Walmart,8141631,CeraVe lotion or foaming facial cleanser,17.97,2026-09-24T00:00:00-04:00,2026-09-30T23:59:59-04:00
Walmart,8141631,Jamieson ashwagandha 60s or omega-3 280s,19.77,2026-09-24T00:00:00-04:00,2026-09-30T23:59:59-04:00
Walmart,8141631,6-qt. Slow cooker or griddle,34.98,2026-09-24T00:00:00-04:00,2026-09-30T23:59:59-04:00
Walmart,8141631,Leclerc Célébration maple crème cookies,3.98,2026-09-24T00:00:00-04:00,2026-09-30T23:59:59-04:00
Walmart,8141631,Cotton percale sheet set,29.88,2026-09-24T00:00:00-04:00,2026-09-30T23:59:59-04:00
Walmart,8141631,3-Minute Chow Mein 454 g,1.77,2026-09-24T00:00:00-04:00,2026-09-30T23:59:59-04:00
Walmart,8141631,Splenda sweetener packets 200s or granulated sweetener 275 g,11.97,2026-09-24T00:00:00-04:00,2026-09-30T23:59:59-04:00
Walmart,8141631,"Great Value ECO 10"" dinner plates 125s",17.93,2026-09-24T00:00:00-04:00,2026-09-30T23:59:59-04:00
Walmart,8141631,ChaCheer sunflower seeds,2.28,2026-09-24T00:00:00-04:00,2026-09-30T23:59:59-04:00
Walmart,8141631,Maple Leaf fresh air-chilled boneless skinless chicken thighs 12-pack,7.75,2026-09-24T00:00:00-04:00,2026-09-30T23:59:59-04:00
Walmart,8141631,Round Lab 1025 Dokdo cleanser,16.97,2026-09-24T00:00:00-04:00,2026-09-30T23:59:59-04:00
Walmart,8141631,Avengers: Doomsday Titan Series Doctor Doom figure with accessories,29.98,2026-09-24T00:00:00-04:00,2026-09-30T23:59:59-04:00
Walmart,8141631,Friskies 156 g wet cat food singles,1.0,2026-09-24T00:00:00-04:00,2026-09-30T23:59:59-04:00
Walmart,8141631,Kraft salad dressing,3.24,2026-09-24T00:00:00-04:00,2026-09-30T23:59:59-04:00
Walmart,8141631,Cheez-It crackers,1.97,2026-09-24T00:00:00-04:00,2026-09-30T23:59:59-04:00
Walmart,8141631,Febreze bathroom or car air fresheners,3.77,2026-09-24T00:00:00-04:00,2026-09-30T23:59:59-04:00
Walmart,8141631,Joe's Tasty Travels walnuts or raw cashews,4.97,2026-09-24T00:00:00-04:00,2026-09-30T23:59:59-04:00
Walmart,8141631,Long squash,1.67,2026-09-24T00:00:00-04:00,2026-09-30T23:59:59-04:00
Walmart,8141631,Philadelphia cream cheese,3.97,2026-09-24T00:00:00-04:00,2026-09-30T23:59:59-04:00
Walmart,8141631,International Delight coffee creamer,6.46,2026-09-24T00:00:00-04:00,2026-09-30T23:59:59-04:00
Walmart,8141631,Oasis orange juice,4.97,2026-09-24T00:00:00-04:00,2026-09-30T23:59:59-04:00
Walmart,8141631,Your Fresh Market™ yellow onions,3.24,2026-09-24T00:00:00-04:00,2026-09-30T23:59:59-04:00
Walmart,8141631,Summer Fresh hummus or dips,4.78,2026-09-24T00:00:00-04:00,2026-09-30T23:59:59-04:00
Walmart,8141631,L'Oréal Paris Excellence hair colour,13.96,2026-09-24T00:00:00-04:00,2026-09-30T23:59:59-04:00
Walmart,8141631,Huggies mega colossal or super econo pack diapers,34.97,2026-09-24T00:00:00-04:00,2026-09-30T23:59:59-04:00
Walmart,8141631,Sally Hansen Miracle Gel nail polish,10.96,2026-09-24T00:00:00-04:00,2026-09-30T23:59:59-04:00
Walmart,8141631,Kids' towels or bath rugs,9.97,2026-09-24T00:00:00-04:00,2026-09-30T23:59:59-04:00
Walmart,8141631,Splenda granulated sweetener 275 g,11.97,2026-09-24T00:00:00-04:00,2026-09-30T23:59:59-04:00
Walmart,8141631,Air Wick scented oil refills,10.97,2026-09-24T00:00:00-04:00,2026-09-30T23:59:59-04:00
Walmart,8141631,Red or green seedless grapes,3.84,2026-09-24T00:00:00-04:00,2026-09-30T23:59:59-04:00
Walmart,8141631,Ashoka shredded coconut,3.27,2026-09-24T00:00:00-04:00,2026-09-30T23:59:59-04:00
Walmart,8141631,International Delight 946 mL or cold foam 369 mL seasonal edition pumpkin spice,5.78,2026-09-24T00:00:00-04:00,2026-09-30T23:59:59-04:00
Walmart,8141631,Turtles Fall assorted,15.27,2026-09-24T00:00:00-04:00,2026-09-30T23:59:59-04:00
Walmart,8141631,Great Value pumpkin spice seasoning,4.47,2026-09-24T00:00:00-04:00,2026-09-30T23:59:59-04:00
Walmart,8141631,Campbell's Chunky soup,2.47,2026-09-24T00:00:00-04:00,2026-09-30T23:59:59-04:00
Walmart,8141631,Liberté Méditerranée yogurt tubs,3.47,2026-09-24T00:00:00-04:00,2026-09-30T23:59:59-04:00
Walmart,8141631,Boka toothpaste,14.98,2026-09-24T00:00:00-04:00,2026-09-30T23:59:59-04:00
Walmart,8141631,Caledon Farms dog treats,7.98,2026-09-24T00:00:00-04:00,2026-09-30T23:59:59-04:00
Walmart,8141631,Swiffer refills or Sweep + Mop starter kit,15.97,2026-09-24T00:00:00-04:00,2026-09-30T23:59:59-04:00
Walmart,8141631,"SheaMoisture styling products, treatments or detanglers",14.42,2026-09-24T00:00:00-04:00,2026-09-30T23:59:59-04:00
Walmart,8141631,Your Fresh Market™ all-purpose potatoes or yellow onions,4.44,2026-09-24T00:00:00-04:00,2026-09-30T23:59:59-04:00
Walmart,8141631,Hershey's chocolate variety pack,7.97,2026-09-24T00:00:00-04:00,2026-09-30T23:59:59-04:00
Walmart,8141631,Your Fresh Market™ muffins,5.78,2026-09-24T00:00:00-04:00,2026-09-30T23:59:59-04:00
Walmart,8141631,Olivieri fresh pasta,4.97,2026-09-24T00:00:00-04:00,2026-09-30T23:59:59-04:00
Walmart,8141631,6-qt. Slow cooker or griddle,34.98,2026-09-24T00:00:00-04:00,2026-09-30T23:59:59-04:00
Walmart,8141631,Comforter set,49.97,2026-09-24T00:00:00-04:00,2026-09-30T23:59:59-04:00
Walmart,8141631,VapoRub ointment 115 mL or NyQuil Cold & Flu 236 mL,9.97,2026-09-24T00:00:00-04:00,2026-09-30T23:59:59-04:00
Walmart,8141631,Bounty Select-A-Size paper towels,16.98,2026-09-24T00:00:00-04:00,2026-09-30T23:59:59-04:00
Walmart,8141631,Bounce dryer sheets,5.97,2026-09-24T00:00:00-04:00,2026-09-30T23:59:59-04:00
Walmart,8141631,Daise Body butter or scrub,9.96,2026-09-24T00:00:00-04:00,2026-09-30T23:59:59-04:00
Walmart,8141631,Pomelo,3.28,2026-09-24T00:00:00-04:00,2026-09-30T23:59:59-04:00
Walmart,8141631,Colgate Sensitive Pro-Relief 120 mL toothpaste,6.97,2026-09-24T00:00:00-04:00,2026-09-30T23:59:59-04:00
Walmart,8141631,Colgate Sensitive Pro-Relief 120 mL or Optic White Advanced 133 mL toothpaste or Extra Clean toothbrushes,6.97,2026-09-24T00:00:00-04:00,2026-09-30T23:59:59-04:00
Walmart,8141631,Cotton percale sheet set,29.88,2026-09-24T00:00:00-04:00,2026-09-30T23:59:59-04:00
Walmart,8141631,Haesong seaweed snack,9.98,2026-09-24T00:00:00-04:00,2026-09-30T23:59:59-04:00
Walmart,8141631,Lee Kum Kee chicken bouillon powder 1 kg,8.98,2026-09-24T00:00:00-04:00,2026-09-30T23:59:59-04:00
Walmart,8141631,Delicious Kitchen jasmine rice,14.88,2026-09-24T00:00:00-04:00,2026-09-30T23:59:59-04:00
Walmart,8141631,Tokimi noodles or Siwin dumplings,3.98,2026-09-24T00:00:00-04:00,2026-09-30T23:59:59-04:00
Walmart,8141631,O'Tasty dumplings,4.98,2026-09-24T00:00:00-04:00,2026-09-30T23:59:59-04:00
Walmart,8141631,Mooncake with two egg yolks and lotus seed,9.98,2026-09-24T00:00:00-04:00,2026-09-30T23:59:59-04:00
Walmart,8141631,Kadoya sesame oil 327 mL,5.98,2026-09-24T00:00:00-04:00,2026-09-30T23:59:59-04:00
Walmart,8141631,Melona ice bars,4.98,2026-09-24T00:00:00-04:00,2026-09-30T23:59:59-04:00
Walmart,8141631,Graco® Made2Grow 5-in-1 highchair,176.0,2026-09-24T00:00:00-04:00,2026-09-30T23:59:59-04:00
Walmart,8141631,"Momcozy new bottle washer, sterilizer and dryer BW04",338.0,2026-09-24T00:00:00-04:00,2026-09-30T23:59:59-04:00
Walmart,8141631,Thermos stainless steel sippy cup or straw cup,14.24,2026-09-24T00:00:00-04:00,2026-09-30T23:59:59-04:00
Walmart,8141631,Munchkin Miracle 360 toddler sippy cup,8.47,2026-09-24T00:00:00-04:00,2026-09-30T23:59:59-04:00
Walmart,8141631,Canada Dry Ginger Ale mini cans,3.97,2026-09-24T00:00:00-04:00,2026-09-30T23:59:59-04:00
Walmart,8141631,Biotène moisturizing mouthwash 473 mL,12.47,2026-09-24T00:00:00-04:00,2026-09-30T23:59:59-04:00
Walmart,8141631,Canada Dry Ginger Ale Zero Sugar,13.97,2026-09-24T00:00:00-04:00,2026-09-30T23:59:59-04:00
Walmart,8141631,Sensodyne Clinical White Stain Protector toothpaste,9.27,2026-09-24T00:00:00-04:00,2026-09-30T23:59:59-04:00
Walmart,8141631,Sensodyne Clinical Repair Deep Clean toothpaste,9.27,2026-09-24T00:00:00-04:00,2026-09-30T23:59:59-04:00
Walmart,8141631,Sensodyne Pronamel Kids Gentle Mint or Berry Twist toothpaste,4.94,2026-09-24T00:00:00-04:00,2026-09-30T23:59:59-04:00
Walmart,8141631,Starbucks Nespresso Vertuo pumpkin spice or Colombia coffee pods,12.97,2026-09-24T00:00:00-04:00,2026-09-30T23:59:59-04:00
Walmart,8141631,Starbucks True North ground coffee,14.47,2026-09-24T00:00:00-04:00,2026-09-30T23:59:59-04:00
Walmart,8141631,Starbucks Pike Place ground coffee,30.97,2026-09-24T00:00:00-04:00,2026-09-30T23:59:59-04:00
Walmart,8141631,Starbucks coffee K-Cup 24s,26.97,2026-09-24T00:00:00-04:00,2026-09-30T23:59:59-04:00
Walmart,8141631,Bob's Red Mill gluten free 1-to-1 flour,15.57,2026-09-24T00:00:00-04:00,2026-09-30T23:59:59-04:00
Walmart,8141631,Fantino & Mondello Italian charcuterie meats,5.97,2026-09-24T00:00:00-04:00,2026-09-30T23:59:59-04:00
Walmart,8141631,MAINSTAYS 5-Drawer dresser,79.97,2026-09-24T00:00:00-04:00,2026-09-30T23:59:59-04:00
Walmart,8141631,Children's Advil 100 mL,9.17,2026-09-24T00:00:00-04:00,2026-09-30T23:59:59-04:00
Walmart,8141631,Nivea moisturizing cream,13.98,2026-09-24T00:00:00-04:00,2026-09-30T23:59:59-04:00
Walmart,8141631,Canada Dry Ginger Ale or Ginger Ale Zero Sugar,2.48,2026-09-24T00:00:00-04:00,2026-09-30T23:59:59-04:00
Walmart,8141631,Your Fresh Market™ whole cremini mushrooms,2.44,2026-09-24T00:00:00-04:00,2026-09-30T23:59:59-04:00
Walmart,8141631,Scent Theory hand sanitizer,6.42,2026-09-24T00:00:00-04:00,2026-09-30T23:59:59-04:00
Walmart,8141631,Finute shrimp chips,6.98,2026-09-24T00:00:00-04:00,2026-09-30T23:59:59-04:00
Walmart,8141631,IAMS Proactive Health dry cat food,19.77,2026-09-24T00:00:00-04:00,2026-09-30T23:59:59-04:00
Walmart,8141631,Sensodyne or Pronamel toothbrushes,6.97,2026-09-24T00:00:00-04:00,2026-09-30T23:59:59-04:00
Walmart,8141631,Searay steaks,4.98,2026-09-24T00:00:00-04:00,2026-09-30T23:59:59-04:00
Walmart,8141631,Hair and body gift sets,14.94,2026-09-24T00:00:00-04:00,2026-09-30T23:59:59-04:00
Walmart,8141631,Naziba black truffle ham soda crackers,6.98,2026-09-24T00:00:00-04:00,2026-09-30T23:59:59-04:00
Walmart,8141631,"Dove shampoo, conditioner or styling products",4.97,2026-09-24T00:00:00-04:00,2026-09-30T23:59:59-04:00
Walmart,8141631,Lava lamp,22.97,2026-09-24T00:00:00-04:00,2026-09-30T23:59:59-04:00
Walmart,8141631,"Downy fabric softener 138 or 190 loads, in-wash scent beads 680 g or fabric rinse 90 loads",15.97,2026-09-24T00:00:00-04:00,2026-09-30T23:59:59-04:00
Walmart,8141631,Hostess Hershey's snack cakes,4.28,2026-09-24T00:00:00-04:00,2026-09-30T23:59:59-04:00
Walmart,8141631,Your Fresh Market™ coho salmon fillet,12.69,2026-09-24T00:00:00-04:00,2026-09-30T23:59:59-04:00
Walmart,8141631,Softsoap body wash,3.97,2026-09-24T00:00:00-04:00,2026-09-30T23:59:59-04:00
Walmart,8141631,Napa or flat cabbage,1.97,2026-09-24T00:00:00-04:00,2026-09-30T23:59:59-04:00
Walmart,8141631,Sunrise extra firm tofu,3.44,2026-09-24T00:00:00-04:00,2026-09-30T23:59:59-04:00
Walmart,8141631,Canada Dry Cranberry Ginger Ale or Ginger Ale Zero Sugar,6.94,2026-09-24T00:00:00-04:00,2026-09-30T23:59:59-04:00
Walmart,8141631,"SheaMoisture styling products, treatments or detanglers",14.42,2026-09-24T00:00:00-04:00,2026-09-30T23:59:59-04:00
Walmart,8141631,Eddoes,1.97,2026-09-24T00:00:00-04:00,2026-09-30T23:59:59-04:00
Walmart,8141631,ChaCha frozen dessert,6.98,2026-09-24T00:00:00-04:00,2026-09-30T23:59:59-04:00
Walmart,8141631,Searay Basa fillets,4.98,2026-09-24T00:00:00-04:00,2026-09-30T23:59:59-04:00
Walmart,8141631,Dao Xiang Cun jujube mooncake,6.98,2026-09-24T00:00:00-04:00,2026-09-30T23:59:59-04:00
Walmart,8141631,Scotties 2-ply or 3-ply facial tissue,19.97,2026-09-24T00:00:00-04:00,2026-09-30T23:59:59-04:00
Walmart,8141631,NYX Professional Makeup Wonder Snatch liquid concealer,8.96,2026-09-24T00:00:00-04:00,2026-09-30T23:59:59-04:00
Walmart,8141631,Johnsonville smoked sausages,6.97,2026-09-24T00:00:00-04:00,2026-09-30T23:59:59-04:00
Walmart,8141631,Mooncake with two egg yolks and lotus seed,9.98,2026-09-24T00:00:00-04:00,2026-09-30T23:59:59-04:00
Walmart,8141631,Purina ONE dry dog food,28.63,2026-09-24T00:00:00-04:00,2026-09-30T23:59:59-04:00
Walmart,8141631,Garnier Belle Color hair colour,6.97,2026-09-24T00:00:00-04:00,2026-09-30T23:59:59-04:00
Walmart,8141631,Cotton percale sheet set,29.88,2026-09-24T00:00:00-04:00,2026-09-30T23:59:59-04:00
Walmart,8141631,Starbucks caramel instant coffee,15.47,2026-09-24T00:00:00-04:00,2026-09-30T23:59:59-04:00
Walmart,8141631,Biotène toothpaste 100 mL or moisturizing mouthwash 473 mL,12.47,2026-09-24T00:00:00-04:00,2026-09-30T23:59:59-04:00
Walmart,8141631,Tokimi noodles or Siwin dumplings,3.98,2026-09-24T00:00:00-04:00,2026-09-30T23:59:59-04:00
Walmart,8141631,Panda oyster sauce 510 g or Lee Kum Kee hoisin sauce 443 mL,2.98,2026-09-24T00:00:00-04:00,2026-09-30T23:59:59-04:00
Walmart,8141631,ChaCha frozen dessert,6.98,2026-09-24T00:00:00-04:00,2026-09-30T23:59:59-04:00
Walmart,8141631,Kewpie mayonnaise 450 g,5.98,2026-09-24T00:00:00-04:00,2026-09-30T23:59:59-04:00
Walmart,8141631,Bulk jumbo carrots,1.44,2026-09-24T00:00:00-04:00,2026-09-30T23:59:59-04:00
Walmart,8141631,Pocky strawberry or chocolate biscuit sticks,3.98,2026-09-24T00:00:00-04:00,2026-09-30T23:59:59-04:00
Walmart,8141631,Great Value 12-oz. coffee cups,9.96,2026-09-24T00:00:00-04:00,2026-09-30T23:59:59-04:00
Walmart,8141631,Kopiko instant coffee 840 g or Trensité whole milk powder 500 g,8.98,2026-09-24T00:00:00-04:00,2026-09-30T23:59:59-04:00
Walmart,8141631,J-Basket bubble tea kit 285 g or Binggrae milk drink 6 x 200 mL,6.98,2026-09-24T00:00:00-04:00,2026-09-30T23:59:59-04:00
Walmart,8141631,Aquamar Surimi flakes or sticks,3.48,2026-09-24T00:00:00-04:00,2026-09-30T23:59:59-04:00
Walmart,8141631,Romaine lettuce hearts,4.97,2026-09-24T00:00:00-04:00,2026-09-30T23:59:59-04:00
Walmart,8141631,Crispy naan 5-pack.,2.18,2026-09-24T00:00:00-04:00,2026-09-30T23:59:59-04:00
Walmart,8141631,Your Fresh Market™ carrots,3.24,2026-09-24T00:00:00-04:00,2026-09-30T23:59:59-04:00
Walmart,8141631,Hostess Hershey's snack cakes,4.28,2026-09-24T00:00:00-04:00,2026-09-30T23:59:59-04:00
Walmart,8141631,Crispy naan,2.18,2026-09-24T00:00:00-04:00,2026-09-30T23:59:59-04:00
Walmart,8141631,IAMS Proactive Health dry cat food,19.77,2026-09-24T00:00:00-04:00,2026-09-30T23:59:59-04:00
Walmart,8141631,Kool-Aid Jammers,2.97,2026-09-24T00:00:00-04:00,2026-09-30T23:59:59-04:00
Walmart,8141631,"Graco 4Ever convertible car seat, 4-in-1 Baby to Big Kid car seat",379.97,2026-09-24T00:00:00-04:00,2026-09-30T23:59:59-04:00
Walmart,8141631,Rascals nighttime underwear,25.88,2026-09-24T00:00:00-04:00,2026-09-30T23:59:59-04:00
Walmart,8141631,Tide Pods laundry detergent,28.97,2026-09-24T00:00:00-04:00,2026-09-30T23:59:59-04:00
Walmart,8141631,Mr. Clean multi-surface cleaner,3.97,2026-09-24T00:00:00-04:00,2026-09-30T23:59:59-04:00
Walmart,8141631,Air Wick Freshmatic scented oil kit or refills,11.97,2026-09-24T00:00:00-04:00,2026-09-30T23:59:59-04:00
Walmart,8141631,"Ziploc snack, sandwich or freezer bags",4.48,2026-09-24T00:00:00-04:00,2026-09-30T23:59:59-04:00
Walmart,8141631,Tide Pods laundry detergent,28.97,2026-09-24T00:00:00-04:00,2026-09-30T23:59:59-04:00
Walmart,8141631,Mr. Clean multi-surface cleaner,3.97,2026-09-24T00:00:00-04:00,2026-09-30T23:59:59-04:00
Walmart,8141631,Scrubbing Bubbles bathroom cleaners,4.47,2026-09-24T00:00:00-04:00,2026-09-30T23:59:59-04:00
Walmart,8141631,Sensodyne Brilliant Whitening toothpaste,4.94,2026-09-24T00:00:00-04:00,2026-09-30T23:59:59-04:00
Walmart,8141631,Your Fresh Market™ stewing beef cubes,12.67,2026-09-24T00:00:00-04:00,2026-09-30T23:59:59-04:00
Walmart,8141631,Sensodyne or Pronamel toothbrushes,6.97,2026-09-24T00:00:00-04:00,2026-09-30T23:59:59-04:00
Walmart,8141631,Aquamar Surimi flakes or sticks,3.48,2026-09-24T00:00:00-04:00,2026-09-30T23:59:59-04:00
Walmart,8141631,Drinkware,8.97,2026-09-24T00:00:00-04:00,2026-09-30T23:59:59-04:00
Walmart,8141631,Bob's Red Mill gluten free all-purpose flour,7.47,2026-09-24T00:00:00-04:00,2026-09-30T23:59:59-04:00
Walmart,8141631,Gay Lea butter,4.97,2026-09-24T00:00:00-04:00,2026-09-30T23:59:59-04:00
Walmart,8141631,Crest toothpaste,3.97,2026-09-24T00:00:00-04:00,2026-09-30T23:59:59-04:00
Walmart,8141631,Kids' towels or bath rugs,9.97,2026-09-24T00:00:00-04:00,2026-09-30T23:59:59-04:00
Walmart,8141631,Mooncake with two egg yolks and lotus seed,9.98,2026-09-24T00:00:00-04:00,2026-09-30T23:59:59-04:00
Walmart,8141631,Vagisil daily intimate wash,7.12,2026-09-24T00:00:00-04:00,2026-09-30T23:59:59-04:00
Walmart,8141631,Sensodyne Pronamel Kids Gentle Mint or Berry Twist toothpaste,4.94,2026-09-24T00:00:00-04:00,2026-09-30T23:59:59-04:00
Walmart,8141631,Starbucks coffee K-Cup 24s,26.97,2026-09-24T00:00:00-04:00,2026-09-30T23:59:59-04:00
Walmart,8141631,Dabur mustard oil,7.98,2026-09-24T00:00:00-04:00,2026-09-30T23:59:59-04:00
Walmart,8141631,Begum basmati rice,9.94,2026-09-24T00:00:00-04:00,2026-09-30T23:59:59-04:00
Walmart,8141631,Our Finest appetizers or meatballs,12.84,2026-09-24T00:00:00-04:00,2026-09-30T23:59:59-04:00
Walmart,8141631,Betty Crocker pumpkin spice cookie mix or cake mix,3.97,2026-09-24T00:00:00-04:00,2026-09-30T23:59:59-04:00
Walmart,8141631,Hershey's Chipits baking chips,5.47,2026-09-24T00:00:00-04:00,2026-09-30T23:59:59-04:00
Walmart,8141631,Dove body wash 591 mL or beauty bar soap 6 x 106 g,8.86,2026-09-24T00:00:00-04:00,2026-09-30T23:59:59-04:00
Walmart,8141631,L'oreal paris ever pure shampoo or iron sleek conditioner,11.98,2026-09-24T00:00:00-04:00,2026-09-30T23:59:59-04:00
Walmart,8141631,Tide Simply detergent,11.97,2026-09-24T00:00:00-04:00,2026-09-30T23:59:59-04:00
Walmart,8141631,Cheez-It crackers,1.97,2026-09-24T00:00:00-04:00,2026-09-30T23:59:59-04:00
Walmart,8141631,Bob's Red Mill large flake nutritional yeast,9.97,2026-09-24T00:00:00-04:00,2026-09-30T23:59:59-04:00
Walmart,8141631,Wonder white or whole wheat bread,2.86,2026-09-24T00:00:00-04:00,2026-09-30T23:59:59-04:00
Walmart,8141631,Poise ultra thin moderate pads 60s or ultra thin with wings pads 66s,17.97,2026-09-24T00:00:00-04:00,2026-09-30T23:59:59-04:00
Walmart,8141631,Halls large bag 80s,8.38,2026-09-24T00:00:00-04:00,2026-09-30T23:59:59-04:00
Walmart,8141631,O'Tasty dumplings,4.98,2026-09-24T00:00:00-04:00,2026-09-30T23:59:59-04:00
Walmart,8141631,Bulk Gala apples,1.28,2026-09-24T00:00:00-04:00,2026-09-30T23:59:59-04:00
Walmart,8141631,SunChips or Smartfood,3.47,2026-09-24T00:00:00-04:00,2026-09-30T23:59:59-04:00
Walmart,8141631,Your Fresh Market™ apple pie,5.94,2026-09-24T00:00:00-04:00,2026-09-30T23:59:59-04:00
Walmart,8141631,Dove x Crumbl body scrub,10.86,2026-09-24T00:00:00-04:00,2026-09-30T23:59:59-04:00
Walmart,8141631,Your Fresh Market™ whole white or cremini mushrooms,2.44,2026-09-24T00:00:00-04:00,2026-09-30T23:59:59-04:00
Walmart,8141631,Pampers Easy Ups training pants,36.94,2026-09-24T00:00:00-04:00,2026-09-30T23:59:59-04:00
Walmart,8141631,Glucerna meal replacement drinks,11.97,2026-09-24T00:00:00-04:00,2026-09-30T23:59:59-04:00
Walmart,8141631,2.2-qt. Air fryer,39.98,2026-09-24T00:00:00-04:00,2026-09-30T23:59:59-04:00
Walmart,8141631,Air Wick Freshmatic scented oil kit or refills,11.97,2026-09-24T00:00:00-04:00,2026-09-30T23:59:59-04:00
Walmart,8141631,L'Oréal Paris Hair Expertise shampoo or conditioner,8.97,2026-09-24T00:00:00-04:00,2026-09-30T23:59:59-04:00
Walmart,8141631,NYX Professional Makeup Wonder Snatch liquid concealer,8.96,2026-09-24T00:00:00-04:00,2026-09-30T23:59:59-04:00
Walmart,8141631,Philips OneBlade Intimate handle shaver,29.96,2026-09-24T00:00:00-04:00,2026-09-30T23:59:59-04:00
Walmart,8141631,Mainstays Cotton percale sheet set,29.88,2026-09-24T00:00:00-04:00,2026-09-30T23:59:59-04:00
Walmart,8141631,Johnsonville smoked sausages,6.97,2026-09-24T00:00:00-04:00,2026-09-30T23:59:59-04:00
Walmart,8141631,Aroy-D coconut milk 400 mL,1.77,2026-09-24T00:00:00-04:00,2026-09-30T23:59:59-04:00
Walmart,8141631,Lysol multi-surface cleaner,9.97,2026-09-24T00:00:00-04:00,2026-09-30T23:59:59-04:00
Walmart,8141631,Club House sauces,0.98,2026-09-24T00:00:00-04:00,2026-09-30T23:59:59-04:00
Walmart,8141631,Gain laundry detergent,13.97,2026-09-24T00:00:00-04:00,2026-09-30T23:59:59-04:00
Walmart,8141631,Nerf Avengers: Doomsday Doctor Doom glow blaster,34.93,2026-09-24T00:00:00-04:00,2026-09-30T23:59:59-04:00
Walmart,8141631,Black Diamond cheese slices,3.47,2026-09-24T00:00:00-04:00,2026-09-30T23:59:59-04:00
Walmart,8141631,Gain laundry detergent,13.97,2026-09-24T00:00:00-04:00,2026-09-30T23:59:59-04:00
Walmart,8141631,"40"" 1080p FHD Roku Smart TV",194.0,2026-09-24T00:00:00-04:00,2026-09-30T23:59:59-04:00
Walmart,8141631,Green cabbage,0.98,2026-09-24T00:00:00-04:00,2026-09-30T23:59:59-04:00
Walmart,8141631,Method all purpose cleaner,4.97,2026-09-24T00:00:00-04:00,2026-09-30T23:59:59-04:00
Walmart,8141631,Poise ultra thin with wings pads 60s,17.97,2026-09-24T00:00:00-04:00,2026-09-30T23:59:59-04:00
Walmart,8141631,"Armstrong cheese blocks, 400 g",4.98,2026-09-24T00:00:00-04:00,2026-09-30T23:59:59-04:00
Walmart,8141631,Kraft Dinner,9.97,2026-09-24T00:00:00-04:00,2026-09-30T23:59:59-04:00
Walmart,8141631,Pringles,2.47,2026-09-24T00:00:00-04:00,2026-09-30T23:59:59-04:00
Walmart,8141631,Butterball boneless or stuffed turkey roast,17.97,2026-09-24T00:00:00-04:00,2026-09-30T23:59:59-04:00
Walmart,8141631,Dare Ultimate maple cream cookies,2.98,2026-09-24T00:00:00-04:00,2026-09-30T23:59:59-04:00
Walmart,8141631,Guava,3.98,2026-09-24T00:00:00-04:00,2026-09-30T23:59:59-04:00
Walmart,8141631,Dove Men+Care Ted Lasso deodorant 107 g,8.96,2026-09-24T00:00:00-04:00,2026-09-30T23:59:59-04:00
Walmart,8141631,Silent Hill: Townfall for PlayStation 5,69.96,2026-09-24T00:00:00-04:00,2026-09-30T23:59:59-04:00
Walmart,8141631,"Royal Chinet 10.38"" dinner plates",21.47,2026-09-24T00:00:00-04:00,2026-09-30T23:59:59-04:00
Walmart,8141631,Garnier Fructis shampoo 370 mL or conditioner 354 mL,3.98,2026-09-24T00:00:00-04:00,2026-09-30T23:59:59-04:00
Walmart,8141631,Swiffer Refills & Sweep + Mop Starter Kit,15.97,2026-09-24T00:00:00-04:00,2026-09-30T23:59:59-04:00
Walmart,8141631,Jamieson calcium 120s or zinc 100s,9.97,2026-09-24T00:00:00-04:00,2026-09-30T23:59:59-04:00
Walmart,8141631,Splenda Stevia monk fruit sweetener 540 g,11.97,2026-09-24T00:00:00-04:00,2026-09-30T23:59:59-04:00
Walmart,8141631,Maple Leaf fresh air-chilled boneless skinless chicken thighs 12-pack,7.75,2026-09-24T00:00:00-04:00,2026-09-30T23:59:59-04:00
Walmart,8141631,Ruffles chips,3.27,2026-09-24T00:00:00-04:00,2026-09-30T23:59:59-04:00
Walmart,8141631,Voltaren Emulgel Extra Strength 100 g or Back & Muscle pain 150 g,14.47,2026-09-24T00:00:00-04:00,2026-09-30T23:59:59-04:00
Walmart,8141631,Bob's Red Mill cornbread 368 g,7.47,2026-09-24T00:00:00-04:00,2026-09-30T23:59:59-04:00
Walmart,8141631,Starbucks Nespresso Vertuo pumpkin spice,12.97,2026-09-24T00:00:00-04:00,2026-09-30T23:59:59-04:00
Walmart,8141631,Bob's Red Mill chocolate or yellow cake mix,7.47,2026-09-24T00:00:00-04:00,2026-09-30T23:59:59-04:00
Walmart,8141631,Splenda Stevia sweetener packets 200s,11.97,2026-09-24T00:00:00-04:00,2026-09-30T23:59:59-04:00
Walmart,8141631,Haesong seaweed snack,9.98,2026-09-24T00:00:00-04:00,2026-09-30T23:59:59-04:00
Walmart,8141631,Philadelphia cream cheese,3.97,2026-09-24T00:00:00-04:00,2026-09-30T23:59:59-04:00
Walmart,8141631,Scrubbing Bubbles bathroom cleaners,4.47,2026-09-24T00:00:00-04:00,2026-09-30T23:59:59-04:00
Walmart,8141631,Our Finest mini stroopwafels,3.97,2026-09-24T00:00:00-04:00,2026-09-30T23:59:59-04:00
Walmart,8141631,Redpath sugar,2.77,2026-09-24T00:00:00-04:00,2026-09-30T23:59:59-04:00
Walmart,8141631,Dove dry spray or stick deodorant,7.86,2026-09-24T00:00:00-04:00,2026-09-30T23:59:59-04:00
Walmart,8141631,Vileda Punch scrub sponge,5.97,2026-09-24T00:00:00-04:00,2026-09-30T23:59:59-04:00
Walmart,8141631,Vileda EasyWring spin mop and bucket system,39.47,2026-09-24T00:00:00-04:00,2026-09-30T23:59:59-04:00
Walmart,8141631,L'Oréal Paris Hair Expertise shampoo,8.97,2026-09-24T00:00:00-04:00,2026-09-30T23:59:59-04:00
Walmart,8141631,Vanicream daily facial moisturizer,18.43,2026-09-24T00:00:00-04:00,2026-09-30T23:59:59-04:00
Walmart,8141631,Garnier Belle Color hair colour,6.97,2026-09-24T00:00:00-04:00,2026-09-30T23:59:59-04:00
Walmart,8141631,Dove x Crumb body wash,8.86,2026-09-24T00:00:00-04:00,2026-09-30T23:59:59-04:00
Walmart,8141631,Bounce dryer sheets,5.97,2026-09-24T00:00:00-04:00,2026-09-30T23:59:59-04:00
Walmart,8141631,Purina ONE dry dog food,28.63,2026-09-24T00:00:00-04:00,2026-09-30T23:59:59-04:00
Walmart,8141631,Reunion lava or lava custard mooncakes,16.98,2026-09-24T00:00:00-04:00,2026-09-30T23:59:59-04:00
Walmart,8141631,Tokimi butterfly crispy palmier gift box,12.98,2026-09-24T00:00:00-04:00,2026-09-30T23:59:59-04:00
Walmart,8141631,Drinkware,8.97,2026-09-24T00:00:00-04:00,2026-09-30T23:59:59-04:00
Walmart,8141631,General Mills Halloween Fruit Roll-Ups or Gushers,7.97,2026-09-24T00:00:00-04:00,2026-09-30T23:59:59-04:00
Walmart,8141631,Tide Simply laundry detergent,11.97,2026-09-24T00:00:00-04:00,2026-09-30T23:59:59-04:00
Walmart,8141631,Daise Body butter or scrub,9.96,2026-09-24T00:00:00-04:00,2026-09-30T23:59:59-04:00
Walmart,8141631,Golden Happiness bun,1.42,2026-09-24T00:00:00-04:00,2026-09-30T23:59:59-04:00
Walmart,8141631,Equate incontinence underwear for men and women,13.98,2026-09-24T00:00:00-04:00,2026-09-30T23:59:59-04:00
Walmart,8141631,Bounce sheets,5.97,2026-09-24T00:00:00-04:00,2026-09-30T23:59:59-04:00
Walmart,8141631,Becel margarine 637 g - 850 g,6.98,2026-09-24T00:00:00-04:00,2026-09-30T23:59:59-04:00
Walmart,8141631,Cotton percale sheet set,29.88,2026-09-24T00:00:00-04:00,2026-09-30T23:59:59-04:00
Walmart,8141631,Fleecy fabric softener,10.97,2026-09-24T00:00:00-04:00,2026-09-30T23:59:59-04:00
Walmart,8141631,MAINSTAYS 2.2-qt. Air fryer,39.98,2026-09-24T00:00:00-04:00,2026-09-30T23:59:59-04:00
Walmart,8141631,"Armstrong cheese blocks, 400 g, shreds, 320 g or slices, 220 g - 240 g",4.98,2026-09-24T00:00:00-04:00,2026-09-30T23:59:59-04:00
Walmart,8141631,Orville Redenbacher 492 g,3.97,2026-09-24T00:00:00-04:00,2026-09-30T23:59:59-04:00
Walmart,8141631,Cascade ActionPacs dishwasher detergent,19.97,2026-09-24T00:00:00-04:00,2026-09-30T23:59:59-04:00
Walmart,8141631,Sitara white roti,3.77,2026-09-24T00:00:00-04:00,2026-09-30T23:59:59-04:00
Walmart,8141631,Pillsbury pumpkin spice cookie dough,4.97,2026-09-24T00:00:00-04:00,2026-09-30T23:59:59-04:00
Walmart,8141631,Pillsbury Pizza Pops,2.94,2026-09-24T00:00:00-04:00,2026-09-30T23:59:59-04:00
Walmart,8141631,Tim Hortons pumpkin spice K-Cups,10.97,2026-09-24T00:00:00-04:00,2026-09-30T23:59:59-04:00
Walmart,8141631,Diaper Genie Essence diaper pail,49.94,2026-09-24T00:00:00-04:00,2026-09-30T23:59:59-04:00
Walmart,8141631,Your Fresh Market™ pie,5.94,2026-09-24T00:00:00-04:00,2026-09-30T23:59:59-04:00
Walmart,8141631,Munchkin Miracle 360 toddler sippy cup,8.47,2026-09-24T00:00:00-04:00,2026-09-30T23:59:59-04:00
Walmart,8141631,Safety 1st Turn and Go 360° rotating all-in-one convertible car seat,429.0,2026-09-24T00:00:00-04:00,2026-09-30T23:59:59-04:00
Walmart,8141631,Parent's Choice training pants,24.94,2026-09-24T00:00:00-04:00,2026-09-30T23:59:59-04:00
Walmart,8141631,Baby Jogger City Turn rotating convertible car seat,639.98,2026-09-24T00:00:00-04:00,2026-09-30T23:59:59-04:00
Walmart,8141631,Munchkin gentle transition cup,8.47,2026-09-24T00:00:00-04:00,2026-09-30T23:59:59-04:00
Walmart,8141631,Rascals premium superpack diapers,21.88,2026-09-24T00:00:00-04:00,2026-09-30T23:59:59-04:00
Walmart,8141631,Aleva Naturals newborn care set,25.47,2026-09-24T00:00:00-04:00,2026-09-30T23:59:59-04:00
Walmart,8141631,Gerber Puffs and Crunches baby and toddler snack,2.47,2026-09-24T00:00:00-04:00,2026-09-30T23:59:59-04:00
Walmart,8141631,Great Value maple creme cookies,2.78,2026-09-24T00:00:00-04:00,2026-09-30T23:59:59-04:00
Walmart,8141631,Jamieson vitamins,16.47,2026-09-24T00:00:00-04:00,2026-09-30T23:59:59-04:00
Walmart,8141631,Voltaren Emulgel Extra Strength 100 g or Back & Muscle pain 150 g,14.47,2026-09-24T00:00:00-04:00,2026-09-30T23:59:59-04:00
Walmart,8141631,Advil Liqui-Gels,13.83,2026-09-24T00:00:00-04:00,2026-09-30T23:59:59-04:00
Walmart,8141631,Garnier Fructis conditioner 354 mL,3.98,2026-09-24T00:00:00-04:00,2026-09-30T23:59:59-04:00
Walmart,8141631,Tylenol Extra Strength,11.97,2026-09-24T00:00:00-04:00,2026-09-30T23:59:59-04:00
Walmart,8141631,HALO® BassiNest Flex™ baby bassinet bedside sleeper,125.0,2026-09-24T00:00:00-04:00,2026-09-30T23:59:59-04:00
Walmart,8141631,Gerber Puffs and Crunches,2.47,2026-09-24T00:00:00-04:00,2026-09-30T23:59:59-04:00
Walmart,8141631,Dove dry spray or stick deodorant,7.86,2026-09-24T00:00:00-04:00,2026-09-30T23:59:59-04:00
Walmart,8141631,Tide Simply laundry detergent,11.97,2026-09-24T00:00:00-04:00,2026-09-30T23:59:59-04:00
Walmart,8141631,Club House sauces or gravy mixes,0.98,2026-09-24T00:00:00-04:00,2026-09-30T23:59:59-04:00
Walmart,8141631,Butterball boneless or stuffed turkey roast,17.97,2026-09-24T00:00:00-04:00,2026-09-30T23:59:59-04:00
Walmart,8141631,Kids' Captain America costume,29.98,2026-09-24T00:00:00-04:00,2026-09-30T23:59:59-04:00
Walmart,8141631,Our Finest appetizers or meatballs,12.84,2026-09-24T00:00:00-04:00,2026-09-30T23:59:59-04:00
Walmart,8141631,Evenflo Pivot Xpand Travel System w/LiteMax NXT rotational infant car seat,599.97,2026-09-24T00:00:00-04:00,2026-09-30T23:59:59-04:00
Walmart,8141631,Evenflo Balance+ wide neck glass bottles,36.97,2026-09-24T00:00:00-04:00,2026-09-30T23:59:59-04:00
Walmart,8141631,Gerber multigrain baby cereal,4.84,2026-09-24T00:00:00-04:00,2026-09-30T23:59:59-04:00
Walmart,8141631,Parent's Choice wipes,19.94,2026-09-24T00:00:00-04:00,2026-09-30T23:59:59-04:00
Walmart,8141631,"Safety 1st lift, lock and swing baby gate",59.97,2026-09-24T00:00:00-04:00,2026-09-30T23:59:59-04:00
Walmart,8141631,Thermos stainless steel sippy cup,14.24,2026-09-24T00:00:00-04:00,2026-09-30T23:59:59-04:00
Walmart,8141631,Munchkin gentle transition cup,8.47,2026-09-24T00:00:00-04:00,2026-09-30T23:59:59-04:00
Walmart,8141631,Rascals premium superpack diapers,21.88,2026-09-24T00:00:00-04:00,2026-09-30T23:59:59-04:00
Walmart,8141631,Parent's Choice training pants,24.94,2026-09-24T00:00:00-04:00,2026-09-30T23:59:59-04:00
Sobeys,8142835,Dragon Fruit,3.98,2026-09-24T00:00:00-04:00,2026-09-30T22:59:59-04:00
Sobeys,8142835,Energy Drinks,6.0,2026-09-24T00:00:00-04:00,2026-09-30T22:59:59-04:00
Sobeys,8142835,Regular Pumpkins,4.99,2026-09-24T00:00:00-04:00,2026-09-30T22:59:59-04:00
Sobeys,8142835,Fresh Pork Side Ribs,3.97,2026-09-24T00:00:00-04:00,2026-09-30T22:59:59-04:00
Sobeys,8142835,COMPLIMENTS Sparkling Water - Big Earn,4.99,2026-09-24T00:00:00-04:00,2026-09-30T22:59:59-04:00
Sobeys,8142835,COMPLIMENTS Squares - Big Earn,8.99,2026-09-24T00:00:00-04:00,2026-09-30T22:59:59-04:00
Sobeys,8142835,Cheeses - Big Earn,14.99,2026-09-24T00:00:00-04:00,2026-09-30T22:59:59-04:00
Sobeys,8142835,Simple Pleasures or Viva Puffs Cookies,7.0,2026-09-24T00:00:00-04:00,2026-09-30T22:59:59-04:00
Sobeys,8142835,Made In-Store Chicken Pot Pies,4.99,2026-09-24T00:00:00-04:00,2026-09-30T22:59:59-04:00
Sobeys,8142835,Cactus Pears,4.99,2026-09-24T00:00:00-04:00,2026-09-30T22:59:59-04:00
Sobeys,8142835,Seafood Appetizers,8.99,2026-09-24T00:00:00-04:00,2026-09-30T22:59:59-04:00
Sobeys,8142835,Gelato or Sorbetto,11.0,2026-09-24T00:00:00-04:00,2026-09-30T22:59:59-04:00
Sobeys,8142835,"PRINGLES 24 pk or RUFFLES, LAY'S, CHEETOS or OLD DUTCH Chips 40-45 pk",10.99,2026-09-24T00:00:00-04:00,2026-09-30T22:59:59-04:00
Sobeys,8142835,Whitening or Pronamel Toothpaste - Big Earn,5.99,2026-09-24T00:00:00-04:00,2026-09-30T22:59:59-04:00
Sobeys,8142835,COMPLIMENTS Pork Sausages - Big Earn,13.99,2026-09-24T00:00:00-04:00,2026-09-30T22:59:59-04:00
Sobeys,8142835,COMPLIMENTS Coconut - Big Earn,2.99,2026-09-24T00:00:00-04:00,2026-09-30T22:59:59-04:00
Sobeys,8142835,Jumbo Cereal,8.99,2026-09-24T00:00:00-04:00,2026-09-30T22:59:59-04:00
Sobeys,8142835,Quick & Easy Bacon,7.99,2026-09-24T00:00:00-04:00,2026-09-30T22:59:59-04:00
Sobeys,8142835,"Dill Pickle Pasta Salad, Greek Style Pasta with Feta Salad",1.99,2026-09-24T00:00:00-04:00,2026-09-30T22:59:59-04:00
Sobeys,8142835,NATURAL ONE Drinks,5.0,2026-09-24T00:00:00-04:00,2026-09-30T22:59:59-04:00
Sobeys,8142835,COMPLIMENTS Frozen Fruit Bars or Mini Novelties,5.49,2026-09-24T00:00:00-04:00,2026-09-30T22:59:59-04:00
Sobeys,8142835,Potstickers or Dumplings,4.98,2026-09-24T00:00:00-04:00,2026-09-30T22:59:59-04:00
Sobeys,8142835,Sausage Buns,3.99,2026-09-24T00:00:00-04:00,2026-09-30T22:59:59-04:00
Sobeys,8142835,Crackers,6.99,2026-09-24T00:00:00-04:00,2026-09-30T22:59:59-04:00
Sobeys,8142835,"Fresh Atlantic Salmon Roasts Stuffed with Coldwater Shrimp, Cheddar, Spinach and Bacon",12.99,2026-09-24T00:00:00-04:00,2026-09-30T22:59:59-04:00
Sobeys,8142835,Pods 16 pk or Dryer Sheets 120 pk,7.99,2026-09-24T00:00:00-04:00,2026-09-30T22:59:59-04:00
Sobeys,8142835,Alcohol-Free Beer,12.99,2026-09-24T00:00:00-04:00,2026-09-30T22:59:59-04:00
Sobeys,8142835,Bars - Big Earn,12.99,2026-09-24T00:00:00-04:00,2026-09-30T22:59:59-04:00
Sobeys,8142835,Mini Croissant Chicken Cranberry Salad Sandwiches - Big Earn,7.99,2026-09-24T00:00:00-04:00,2026-09-30T22:59:59-04:00
Sobeys,8142835,Orange-Fleshed Sweet Potatoes,1.44,2026-09-24T00:00:00-04:00,2026-09-30T22:59:59-04:00
Sobeys,8142835,"10"" Quiche - Big Earn",24.99,2026-09-24T00:00:00-04:00,2026-09-30T22:59:59-04:00
Sobeys,8142835,COMPLIMENTS Veggie Snax,3.49,2026-09-24T00:00:00-04:00,2026-09-30T22:59:59-04:00
Sobeys,8142835,ENSURE 6x235 mL or GLUCERNA 6x237 mL - Big Earn,12.99,2026-09-24T00:00:00-04:00,2026-09-30T22:59:59-04:00
Sobeys,8142835,Dish Detergent,3.49,2026-09-24T00:00:00-04:00,2026-09-30T22:59:59-04:00
Sobeys,8142835,Delectables Squeeze Up,11.49,2026-09-24T00:00:00-04:00,2026-09-30T22:59:59-04:00
Sobeys,8142835,Chocolate Squares - Big Earn,6.49,2026-09-24T00:00:00-04:00,2026-09-30T22:59:59-04:00
Sobeys,8142835,Clapp Pears - Big Earn,8.0,2026-09-24T00:00:00-04:00,2026-09-30T22:59:59-04:00
Sobeys,8142835,Prepared In-Store Cooked or Raw Garlic Shrimp Griller,6.99,2026-09-24T00:00:00-04:00,2026-09-30T22:59:59-04:00
Sobeys,8142835,Orange Juice,5.99,2026-09-24T00:00:00-04:00,2026-09-30T22:59:59-04:00
Sobeys,8142835,GoActive Cereal,7.49,2026-09-24T00:00:00-04:00,2026-09-30T22:59:59-04:00
Sobeys,8142835,COMPLIMENTS BALANCE Non-Hydrogenated or Olive Oil Margarine - Big Earn,5.99,2026-09-24T00:00:00-04:00,2026-09-30T22:59:59-04:00
Sobeys,8142835,Cashews,8.78,2026-09-24T00:00:00-04:00,2026-09-30T22:59:59-04:00
Sobeys,8142835,HUY FONG Sriracha Hot Chili Sauce,5.78,2026-09-24T00:00:00-04:00,2026-09-30T22:59:59-04:00
Sobeys,8142835,COMPLIMENTS Bologna,2.19,2026-09-24T00:00:00-04:00,2026-09-30T22:59:59-04:00
Sobeys,8142835,Family Size Cereal,5.99,2026-09-24T00:00:00-04:00,2026-09-30T22:59:59-04:00
Sobeys,8142835,Ultimates Tavern Battered Cod Fillets,24.0,2026-09-24T00:00:00-04:00,2026-09-30T22:59:59-04:00
Sobeys,8142835,Asian Inspired Entrees - Mid-Autumn festival,1.98,2026-09-24T00:00:00-04:00,2026-09-30T22:59:59-04:00
Sobeys,8142835,"COMPLIMENTS Premium or Stuffed, CARDINAL ROADHOUSE or BELMONT Burgers",15.99,2026-09-24T00:00:00-04:00,2026-09-30T22:59:59-04:00
Sobeys,8142835,3D White Whitening Mouthwash or Power Toothbrushes - Big Earn,9.99,2026-09-24T00:00:00-04:00,2026-09-30T22:59:59-04:00
Sobeys,8142835,AVEENO Body Lotion,11.99,2026-09-24T00:00:00-04:00,2026-09-30T22:59:59-04:00
Sobeys,8142835,COMPLIMENTS Crab or Lobster-Flavoured Alaskan Pollock,2.99,2026-09-24T00:00:00-04:00,2026-09-30T22:59:59-04:00
Sobeys,8142835,MEOW MIX Original Choice Dry Cat Food - Big Earn,6.99,2026-09-24T00:00:00-04:00,2026-09-30T22:59:59-04:00
Sobeys,8142835,"COMPLIMENTS 10"" Tortillas - Big Earn",3.99,2026-09-24T00:00:00-04:00,2026-09-30T22:59:59-04:00
Sobeys,8142835,Philadelphia Dips - Big Earn,4.99,2026-09-24T00:00:00-04:00,2026-09-30T22:59:59-04:00
Sobeys,8142835,MAGIC BAKING POWDER,6.99,2026-09-24T00:00:00-04:00,2026-09-30T22:59:59-04:00
Sobeys,8142835,Dumplings or Pork Buns - Mid-Autumn festival,3.48,2026-09-24T00:00:00-04:00,2026-09-30T22:59:59-04:00
Sobeys,8142835,Fruit Bowls or Gels,7.0,2026-09-24T00:00:00-04:00,2026-09-30T22:59:59-04:00
Sobeys,8142835,Juice or Punch,3.99,2026-09-24T00:00:00-04:00,2026-09-30T22:59:59-04:00
Sobeys,8142835,Candy,3.29,2026-09-24T00:00:00-04:00,2026-09-30T22:59:59-04:00
Sobeys,8142835,COMPLIMENTS Teas,3.5,2026-09-24T00:00:00-04:00,2026-09-30T22:59:59-04:00
Sobeys,8142835,Almond or Butter Tarts - Big Earn,5.99,2026-09-24T00:00:00-04:00,2026-09-30T22:59:59-04:00
Sobeys,8142835,Kolbassa Coil,2.99,2026-09-24T00:00:00-04:00,2026-09-30T22:59:59-04:00
Sobeys,8142835,"COMPLIMENTS 4 Pack Mini Hummus, Topped Hummus, Regular Hummus or Dips",3.99,2026-09-24T00:00:00-04:00,2026-09-30T22:59:59-04:00
Sobeys,8142835,Pads or Liners - Big Earn,15.0,2026-09-24T00:00:00-04:00,2026-09-30T22:59:59-04:00
Sobeys,8142835,Coho Salmon Fillets,12.99,2026-09-24T00:00:00-04:00,2026-09-30T22:59:59-04:00
Sobeys,8142835,Fresh Pork Hock - Mid-Autumn festival,3.99,2026-09-24T00:00:00-04:00,2026-09-30T22:59:59-04:00
Sobeys,8142835,Salad Dressing - Big Earn,4.99,2026-09-24T00:00:00-04:00,2026-09-30T22:59:59-04:00
Sobeys,8142835,Mayonnaise - Mid-Autumn festival,6.48,2026-09-24T00:00:00-04:00,2026-09-30T22:59:59-04:00
Sobeys,8142835,COMPLIMENTS Grape Tomatoes,2.99,2026-09-24T00:00:00-04:00,2026-09-30T22:59:59-04:00
Sobeys,8142835,Chocolate,5.99,2026-09-24T00:00:00-04:00,2026-09-30T22:59:59-04:00
Sobeys,8142835,JANES Pub Style Breaded Chicken & Wings,7.99,2026-09-24T00:00:00-04:00,2026-09-30T22:59:59-04:00
Sobeys,8142835,FOLGERS Roast & Ground Coffee,15.97,2026-09-24T00:00:00-04:00,2026-09-30T22:59:59-04:00
Sobeys,8142835,"Giuseppe Rising Crust, Thin Crust or Rip'n Share Pizza",4.94,2026-09-24T00:00:00-04:00,2026-09-30T22:59:59-04:00
Sobeys,8142835,Wieners,5.99,2026-09-24T00:00:00-04:00,2026-09-30T22:59:59-04:00
Sobeys,8142835,Extra Firm Tofu,3.49,2026-09-24T00:00:00-04:00,2026-09-30T22:59:59-04:00
Sobeys,8142835,"BETAGRO Chicken Karaage, Tulips or Katsu - Big Earn",13.99,2026-09-24T00:00:00-04:00,2026-09-30T22:59:59-04:00
Sobeys,8142835,THE LAUGHING COW,3.99,2026-09-24T00:00:00-04:00,2026-09-30T22:59:59-04:00
Sobeys,8142835,Fresh Boneless Pork Loin Centre and Rib Combo Chops,4.99,2026-09-24T00:00:00-04:00,2026-09-30T22:59:59-04:00
Sobeys,8142835,Protein Salad Kits,5.99,2026-09-24T00:00:00-04:00,2026-09-30T22:59:59-04:00
Sobeys,8142835,COMPLIMENTS Regular or Jumbo Wieners,2.99,2026-09-24T00:00:00-04:00,2026-09-30T22:59:59-04:00
Sobeys,8142835,COMPLIMENTS Thick Cut Bacon,14.99,2026-09-24T00:00:00-04:00,2026-09-30T22:59:59-04:00
Sobeys,8142835,Fresh Extra Lean Ground Beef,9.99,2026-09-24T00:00:00-04:00,2026-09-30T22:59:59-04:00
Sobeys,8142835,"Bang Bang Shrimp, Crab Rangoon, Tempura with Truffle Shrimp or Vietnamese Style Shrimp Spring Rolls",6.99,2026-09-24T00:00:00-04:00,2026-09-30T22:59:59-04:00
Sobeys,8142835,English Muffins,3.49,2026-09-24T00:00:00-04:00,2026-09-30T22:59:59-04:00
Sobeys,8142835,Flavoured Mustards 325 mL or COMPLIMENTS Tartar Sauce 250 mL,2.99,2026-09-24T00:00:00-04:00,2026-09-30T22:59:59-04:00
Sobeys,8142835,Dinner Kits,4.99,2026-09-24T00:00:00-04:00,2026-09-30T22:59:59-04:00
Sobeys,8142835,Creamy Sauce,2.99,2026-09-24T00:00:00-04:00,2026-09-30T22:59:59-04:00
Sobeys,8142835,CHRISTIE Family Size Cookies,5.99,2026-09-24T00:00:00-04:00,2026-09-30T22:59:59-04:00
Sobeys,8142835,Pop-Tarts,8.99,2026-09-24T00:00:00-04:00,2026-09-30T22:59:59-04:00
Sobeys,8142835,Bistro Express Rice,9.0,2026-09-24T00:00:00-04:00,2026-09-30T22:59:59-04:00
Sobeys,8142835,COMPLIMENTS Extra Virgin Olive Oil 500 mL or RedHot Sauce 680 mL,7.99,2026-09-24T00:00:00-04:00,2026-09-30T22:59:59-04:00
Sobeys,8142835,ONTARIO RAVIOLI Frozen Pasta,6.49,2026-09-24T00:00:00-04:00,2026-09-30T22:59:59-04:00
Sobeys,8142835,Jam - Big Earn,5.99,2026-09-24T00:00:00-04:00,2026-09-30T22:59:59-04:00
Sobeys,8142835,COMPLIMENTS Evaporated Milk - Big Earn,2.48,2026-09-24T00:00:00-04:00,2026-09-30T22:59:59-04:00
Sobeys,8142835,"Gala, Mcintosh, Gravenstein or Ginger Gold Apples",0.99,2026-09-24T00:00:00-04:00,2026-09-30T22:59:59-04:00
Sobeys,8142835,Fresh Boneless Top Sirloin Premium Oven Roast or Family Size Grilling Steaks,9.99,2026-09-24T00:00:00-04:00,2026-09-30T22:59:59-04:00
Sobeys,8142835,Bowl Noodle,12.99,2026-09-24T00:00:00-04:00,2026-09-30T22:59:59-04:00
Sobeys,8142835,"Premium or No Sugar Added Ice Cream, Frozen Yogurt or Sorbet",4.99,2026-09-24T00:00:00-04:00,2026-09-30T22:59:59-04:00
Sobeys,8142835,"Bathroom Tissue 24-48 or 12=48 rolls, 6=12 rolls or Facial Tissue 12 pk",11.99,2026-09-24T00:00:00-04:00,2026-09-30T22:59:59-04:00
Sobeys,8142835,Creamers 425 mL or Oikos Greek Yogurt 4 pk,3.49,2026-09-24T00:00:00-04:00,2026-09-30T22:59:59-04:00
Sobeys,8142835,BBQ Ribs - Big Earn,10.99,2026-09-24T00:00:00-04:00,2026-09-30T22:59:59-04:00
Sobeys,8142835,Wild Argentinian Shrimp,6.99,2026-09-24T00:00:00-04:00,2026-09-30T22:59:59-04:00
Sobeys,8142835,COMPLIMENTS Fresh AIR-CHILLED Boneless Skinless Chicken Breasts,5.99,2026-09-24T00:00:00-04:00,2026-09-30T22:59:59-04:00
Sobeys,8142835,Chocolates,13.99,2026-09-24T00:00:00-04:00,2026-09-30T22:59:59-04:00
Sobeys,8142835,COMPLIMENTS Cheese 400 g or Shreds 226-320 g,4.77,2026-09-24T00:00:00-04:00,2026-09-30T22:59:59-04:00
Sobeys,8142835,Potato,7.0,2026-09-24T00:00:00-04:00,2026-09-30T22:59:59-04:00
Sobeys,8142835,PEPPERIDGE FARM Goldfish Crackers or Crisps - Big Earn,2.0,2026-09-24T00:00:00-04:00,2026-09-30T22:59:59-04:00
Sobeys,8142835,Bulk Avocados,5.0,2026-09-24T00:00:00-04:00,2026-09-30T22:59:59-04:00
Sobeys,8142835,Frozen Entrées,1.29,2026-09-24T00:00:00-04:00,2026-09-30T22:59:59-04:00
Sobeys,8142835,MOOSEHEAD Light Lager - Big Earn,20.99,2026-09-24T00:00:00-04:00,2026-09-30T22:59:59-04:00
Sobeys,8142835,Fresh Atlantic Salmon Portions,4.99,2026-09-24T00:00:00-04:00,2026-09-30T22:59:59-04:00
Sobeys,8142835,STELLA ARTOIS Pilsner - Big Earn,17.49,2026-09-24T00:00:00-04:00,2026-09-30T22:59:59-04:00
Sobeys,8142835,COMPLIMENTS Frozen Fruit,4.99,2026-09-24T00:00:00-04:00,2026-09-30T22:59:59-04:00
Sobeys,8142835,Pasta,1.99,2026-09-24T00:00:00-04:00,2026-09-30T22:59:59-04:00
Sobeys,8142835,All Butter Croissants,7.0,2026-09-24T00:00:00-04:00,2026-09-30T22:59:59-04:00
Sobeys,8142835,Tequila Margarita - Big Earn,17.99,2026-09-24T00:00:00-04:00,2026-09-30T22:59:59-04:00
Sobeys,8142835,"KELLOGG'S Town House, Snap'd or Cheez-It Crackers - Big Earn",2.47,2026-09-24T00:00:00-04:00,2026-09-30T22:59:59-04:00
Sobeys,8142835,COMPLIMENTS Butter,4.99,2026-09-24T00:00:00-04:00,2026-09-30T22:59:59-04:00
Sobeys,8142835,COMPLIMENTS Honey,10.99,2026-09-24T00:00:00-04:00,2026-09-30T22:59:59-04:00
Sobeys,8142835,Cote des Rose - Big Earn,22.99,2026-09-24T00:00:00-04:00,2026-09-30T22:59:59-04:00
Sobeys,8142835,COMPLIMENTS Regular Wieners,3.0,2026-09-24T00:00:00-04:00,2026-09-30T22:59:59-04:00
Sobeys,8142835,DEMPSTER'S Holsum White or Whole Wheat Bread - Big Earn,2.99,2026-09-24T00:00:00-04:00,2026-09-30T22:59:59-04:00
Sobeys,8142835,Prosecco DOC - Big Earn,22.99,2026-09-24T00:00:00-04:00,2026-09-30T22:59:59-04:00
Sobeys,8142835,H&H Dried Fruits - Big Earn,4.99,2026-09-24T00:00:00-04:00,2026-09-30T22:59:59-04:00
Sobeys,8142835,Oven Easy or Family Skillet Meals - Big Earn,13.49,2026-09-24T00:00:00-04:00,2026-09-30T22:59:59-04:00
Sobeys,8142835,Team Pack - Big Earn,21.99,2026-09-24T00:00:00-04:00,2026-09-30T22:59:59-04:00
Sobeys,8142835,COMPLIMENTS Marshmallows - Big Earn,2.49,2026-09-24T00:00:00-04:00,2026-09-30T22:59:59-04:00
Sobeys,8142835,"Fresh, Never Frozen 100% Canadian Ground Beef Patties - Big Earn",10.99,2026-09-24T00:00:00-04:00,2026-09-30T22:59:59-04:00
Sobeys,8142835,Limes - Big Earn,3.99,2026-09-24T00:00:00-04:00,2026-09-30T22:59:59-04:00
Sobeys,8142835,COMPLIMENTS Caesar Salad Kit - Big Earn,4.99,2026-09-24T00:00:00-04:00,2026-09-30T22:59:59-04:00
Sobeys,8142835,Brussels Sprouts,2.99,2026-09-24T00:00:00-04:00,2026-09-30T22:59:59-04:00
Sobeys,8142835,Dragonfruit,3.98,2026-09-24T00:00:00-04:00,2026-09-30T22:59:59-04:00
Sobeys,8142835,COMPLIMENTS Baby-Cut Carrots,5.0,2026-09-24T00:00:00-04:00,2026-09-30T22:59:59-04:00
Sobeys,8142835,Carrots or COMPLIMENTS Onions,2.99,2026-09-24T00:00:00-04:00,2026-09-30T22:59:59-04:00
Sobeys,8142835,Plant-Based Shreds,8.99,2026-09-24T00:00:00-04:00,2026-09-30T22:59:59-04:00
Sobeys,8142835,Hothouse Tomatoes,2.99,2026-09-24T00:00:00-04:00,2026-09-30T22:59:59-04:00
Sobeys,8142835,Long Squash,1.99,2026-09-24T00:00:00-04:00,2026-09-30T22:59:59-04:00
Sobeys,8142835,Mini Seedless Cucumbers,2.99,2026-09-24T00:00:00-04:00,2026-09-30T22:59:59-04:00
Sobeys,8142835,COMPLIMENTS Raw Pumpkin Seeds 300 g or Roasted Sunflower Seeds 450 g,4.99,2026-09-24T00:00:00-04:00,2026-09-30T22:59:59-04:00
Sobeys,8142835,ZESPRI Green Kiwi,5.99,2026-09-24T00:00:00-04:00,2026-09-30T22:59:59-04:00
Sobeys,8142835,Pomegranates - Big Earn,3.99,2026-09-24T00:00:00-04:00,2026-09-30T22:59:59-04:00
Sobeys,8142835,Extra Large Red or Green Seedless Grapes,3.99,2026-09-24T00:00:00-04:00,2026-09-30T22:59:59-04:00
Sobeys,8142835,Blackberries,3.99,2026-09-24T00:00:00-04:00,2026-09-30T22:59:59-04:00
Sobeys,8142835,COMPLIMENTS ORGANIC Whole White or Cremini Mushrooms - Big Earn,2.99,2026-09-24T00:00:00-04:00,2026-09-30T22:59:59-04:00
Sobeys,8142835,Large Cantaloupe - Big Earn,3.99,2026-09-24T00:00:00-04:00,2026-09-30T22:59:59-04:00
Sobeys,8142835,Roasted Cashews - Big Earn,19.99,2026-09-24T00:00:00-04:00,2026-09-30T22:59:59-04:00
Sobeys,8142835,Asian Pears,1.88,2026-09-24T00:00:00-04:00,2026-09-30T22:59:59-04:00
Sobeys,8142835,Fresh Boneless Pork Loin Centre Cutlets or Schnitzel - Big Earn,5.99,2026-09-24T00:00:00-04:00,2026-09-30T22:59:59-04:00
Sobeys,8142835,Bacon Wrapped Scallops,10.99,2026-09-24T00:00:00-04:00,2026-09-30T22:59:59-04:00
Sobeys,8142835,"COMPLIMENTS Montreal Smoked Meat, Roast Beef or Pastrami",3.99,2026-09-24T00:00:00-04:00,2026-09-30T22:59:59-04:00
Sobeys,8142835,Protein Snack Boxes - Big Earn,4.99,2026-09-24T00:00:00-04:00,2026-09-30T22:59:59-04:00
Sobeys,8142835,"Homestyle Oat Bran, Mountain Grain, Good Haven or Low Fat Multigrain Bread",3.99,2026-09-24T00:00:00-04:00,2026-09-30T22:59:59-04:00
Sobeys,8142835,DAIRY Skyr Yogurt,4.99,2026-09-24T00:00:00-04:00,2026-09-30T22:59:59-04:00
Sobeys,8142835,COMPLIMENTS Ice Cream,4.99,2026-09-24T00:00:00-04:00,2026-09-30T22:59:59-04:00
Sobeys,8142835,Bars - Big Earn,2.29,2026-09-24T00:00:00-04:00,2026-09-30T22:59:59-04:00
Sobeys,8142835,COMPLIMENTS Aerosol Creamy Whipped Topping - Big Earn,4.49,2026-09-24T00:00:00-04:00,2026-09-30T22:59:59-04:00
Sobeys,8142835,Pizza Pockets - Big Earn,3.99,2026-09-24T00:00:00-04:00,2026-09-30T22:59:59-04:00
Sobeys,8142835,Krema or Organic Original Yogurt,5.49,2026-09-24T00:00:00-04:00,2026-09-30T22:59:59-04:00
Sobeys,8142835,Icelandic Style Skyr Yogurt,4.99,2026-09-24T00:00:00-04:00,2026-09-30T22:59:59-04:00
Sobeys,8142835,Eggo Waffles - Big Earn,5.99,2026-09-24T00:00:00-04:00,2026-09-30T22:59:59-04:00
Sobeys,8142835,Iced Coffee,7.99,2026-09-24T00:00:00-04:00,2026-09-30T22:59:59-04:00
Sobeys,8142835,Classic Crust or Pizza,6.99,2026-09-24T00:00:00-04:00,2026-09-30T22:59:59-04:00
Sobeys,8142835,Supreme Meat Alternatives - Big Earn,8.99,2026-09-24T00:00:00-04:00,2026-09-30T22:59:59-04:00
Sobeys,8142835,Regular Fries or Diced Hashbrowns,3.99,2026-09-24T00:00:00-04:00,2026-09-30T22:59:59-04:00
Sobeys,8142835,COMPLIMENTS Cream Cheese or Spread - Big Earn,3.49,2026-09-24T00:00:00-04:00,2026-09-30T22:59:59-04:00
Sobeys,8142835,COMPLIMENTS Strawberry or Raspberry Jam - Big Earn,9.99,2026-09-24T00:00:00-04:00,2026-09-30T22:59:59-04:00
Sobeys,8142835,Chips,3.49,2026-09-24T00:00:00-04:00,2026-09-30T22:59:59-04:00
Sobeys,8142835,FRITO-LAY Value Size Snacks,6.29,2026-09-24T00:00:00-04:00,2026-09-30T22:59:59-04:00
Sobeys,8142835,"Cellos 76-203 g, Mints 98 g or COMPLIMENTS Freeze-Dried Candy 68-100 g",5.49,2026-09-24T00:00:00-04:00,2026-09-30T22:59:59-04:00
Sobeys,8142835,GLAD Waste Bags,11.99,2026-09-24T00:00:00-04:00,2026-09-30T22:59:59-04:00
Sobeys,8142835,Organic Baby Cereal,6.99,2026-09-24T00:00:00-04:00,2026-09-30T22:59:59-04:00
Sobeys,8142835,"Shampoo, Conditioner or Stylers",9.99,2026-09-24T00:00:00-04:00,2026-09-30T22:59:59-04:00
Sobeys,8142835,Glass Cleaner Refill,10.49,2026-09-24T00:00:00-04:00,2026-09-30T22:59:59-04:00
Sobeys,8142835,Pads or Liners or Tampons - Big Earn,5.29,2026-09-24T00:00:00-04:00,2026-09-30T22:59:59-04:00
Sobeys,8142835,Next Test Strips - Big Earn,79.99,2026-09-24T00:00:00-04:00,2026-09-30T22:59:59-04:00
Sobeys,8142835,Napkins - Big Earn,2.99,2026-09-24T00:00:00-04:00,2026-09-30T22:59:59-04:00
Sobeys,8142835,CASHMERE Bathroom Tissue - Big Earn,23.99,2026-09-24T00:00:00-04:00,2026-09-30T22:59:59-04:00
Sobeys,8142835,Asian Pears - Mid-Autumn festival,1.88,2026-09-24T00:00:00-04:00,2026-09-30T22:59:59-04:00
Sobeys,8142835,Coconut Milk,2.98,2026-09-24T00:00:00-04:00,2026-09-30T22:59:59-04:00
Sobeys,8142835,MAZOLA Oil,7.88,2026-09-24T00:00:00-04:00,2026-09-30T22:59:59-04:00
Sobeys,8142835,Teriyaki Marinades or Sauces or Soy Sauce,3.98,2026-09-24T00:00:00-04:00,2026-09-30T22:59:59-04:00
Sobeys,8142835,Instant Noodles - Mid-Autumn festival,3.48,2026-09-24T00:00:00-04:00,2026-09-30T22:59:59-04:00
Sobeys,8142835,SWANSON Chicken Broth - Mid-Autumn festival,1.68,2026-09-24T00:00:00-04:00,2026-09-30T22:59:59-04:00
Sobeys,8142835,Noodles - Mid-Autumn festival,5.48,2026-09-24T00:00:00-04:00,2026-09-30T22:59:59-04:00
Sobeys,8142835,GLICO Pocky Biscuit Sticks,3.98,2026-09-24T00:00:00-04:00,2026-09-30T22:59:59-04:00
Sobeys,8142835,Coconut Water,2.98,2026-09-24T00:00:00-04:00,2026-09-30T22:59:59-04:00
Sobeys,8142835,Melona Ice Bars - Mid-Autumn festival,5.98,2026-09-24T00:00:00-04:00,2026-09-30T22:59:59-04:00
Sobeys,8142835,Oats,3.99,2026-09-24T00:00:00-04:00,2026-09-30T22:59:59-04:00
Sobeys,8142835,Bourbon and Brown Sugar Apple Stuffed Pork Tenderloin - Big Earn,6.99,2026-09-24T00:00:00-04:00,2026-09-30T22:59:59-04:00
Sobeys,8142835,COMPLIMENTS Frozen Pie Shells or Tart Shells,3.0,2026-09-24T00:00:00-04:00,2026-09-30T22:59:59-04:00
Sobeys,8142835,Apple Fritter Donuts - Big Earn,6.99,2026-09-24T00:00:00-04:00,2026-09-30T22:59:59-04:00
Sobeys,8142835,"Bagged McIntosh, Gravenstein or Paula Red Apples - Big Earn",5.99,2026-09-24T00:00:00-04:00,2026-09-30T22:59:59-04:00
Sobeys,8142835,Bistro Breads - Big Earn,5.99,2026-09-24T00:00:00-04:00,2026-09-30T22:59:59-04:00
Sobeys,8142835,Raisin Bread - Big Earn,4.99,2026-09-24T00:00:00-04:00,2026-09-30T22:59:59-04:00
Sobeys,8142835,COMPLIMENTS Reusable Produce Bags - Big Earn,4.99,2026-09-24T00:00:00-04:00,2026-09-30T22:59:59-04:00
Sobeys,8142835,Health Break or Smoothie - Big Earn,4.99,2026-09-24T00:00:00-04:00,2026-09-30T22:59:59-04:00
Sobeys,8142835,Sauerkraut,4.79,2026-09-24T00:00:00-04:00,2026-09-30T22:59:59-04:00
Sobeys,8142835,Gourmet Selection Gherkins,4.99,2026-09-24T00:00:00-04:00,2026-09-30T22:59:59-04:00
Sobeys,8142835,Chili Crisp Chicken Bowl,10.99,2026-09-24T00:00:00-04:00,2026-09-30T22:59:59-04:00
Sobeys,8142835,Chili Crisp Chicken Strips,2.69,2026-09-24T00:00:00-04:00,2026-09-30T22:59:59-04:00
Sobeys,8142835,Chicken Alfredo Chili Crust Flatbread or Selected Varieties - Big Earn,7.0,2026-09-24T00:00:00-04:00,2026-09-30T22:59:59-04:00
Sobeys,8142835,Chili Crisp Marinated Boneless Skinless Chicken Breast,6.99,2026-09-24T00:00:00-04:00,2026-09-30T22:59:59-04:00
Sobeys,8142835,Chili Crisp Popcorn Chicken Poutine,6.99,2026-09-24T00:00:00-04:00,2026-09-30T22:59:59-04:00
Sobeys,8142835,Chili Crisp Marinated Pork Tenderloin - Big Earn,6.99,2026-09-24T00:00:00-04:00,2026-09-30T22:59:59-04:00
Sobeys,8142835,Chili Crisp Chicken Caesar Wrap - Big Earn,6.99,2026-09-24T00:00:00-04:00,2026-09-30T22:59:59-04:00
Sobeys,8142835,Chili Crisp Whole Roasted Chicken,14.99,2026-09-24T00:00:00-04:00,2026-09-30T22:59:59-04:00
Sobeys,8142835,COMPLIMENTS Pure Pumpkin,4.99,2026-09-24T00:00:00-04:00,2026-09-30T22:59:59-04:00
Sobeys,8142835,COMPLIMENTS Sweetened Condensed Milk,3.99,2026-09-24T00:00:00-04:00,2026-09-30T22:59:59-04:00
Sobeys,8142835,COMPLIMENTS Cozy Coop Large White Eggs - Big Earn,4.99,2026-09-24T00:00:00-04:00,2026-09-30T22:59:59-04:00
Sobeys,8142835,COMPLIMENTS Chocolate Chips,4.99,2026-09-24T00:00:00-04:00,2026-09-30T22:59:59-04:00
Sobeys,8142835,COMPLIMENTS Crispy Rice Squares or Rainbow Sprinkle Crispy Rice Squares - Big Earn,7.99,2026-09-24T00:00:00-04:00,2026-09-30T22:59:59-04:00
Sobeys,8142835,BLUE BUFFALO Tastefuls Dry Cat Food - Big Earn,24.99,2026-09-24T00:00:00-04:00,2026-09-30T22:59:59-04:00
Sobeys,8142835,Authentic Italian Charcuterie Meats,6.99,2026-09-24T00:00:00-04:00,2026-09-30T22:59:59-04:00
Sobeys,8142835,Club Packs or Sliced Deli Meats,12.29,2026-09-24T00:00:00-04:00,2026-09-30T22:59:59-04:00
Sobeys,8142835,Ham Slices - Big Earn,5.99,2026-09-24T00:00:00-04:00,2026-09-30T22:59:59-04:00
Sobeys,8142835,Sunflower Fiesta Bouquet,14.99,2026-09-24T00:00:00-04:00,2026-09-30T22:59:59-04:00
Sobeys,8142835,Oven Roasted Turkey or Chicken,4.29,2026-09-24T00:00:00-04:00,2026-09-30T22:59:59-04:00
Sobeys,8142835,Fresh Boneless Pork Loin Schnitzel or Cutlets - Big Earn,5.99,2026-09-24T00:00:00-04:00,2026-09-30T22:59:59-04:00
Sobeys,8142835,Temptations Wacky Blasts Cluckin' Bacon Flavoured Cat Treats,3.29,2026-09-24T00:00:00-04:00,2026-09-30T22:59:59-04:00
Sobeys,8142835,Gala Apples,0.99,2026-09-24T00:00:00-04:00,2026-09-30T22:59:59-04:00
Sobeys,8142835,Apple Cider,5.99,2026-09-24T00:00:00-04:00,2026-09-30T22:59:59-04:00
Sobeys,8142835,"Ginger Gold, Gravenstein or McIntosh Apples",0.99,2026-09-24T00:00:00-04:00,2026-09-30T22:59:59-04:00
Sobeys,8142835,Hickory Sticks - Big Earn,9.0,2026-09-24T00:00:00-04:00,2026-09-30T22:59:59-04:00
Sobeys,8142835,GREENIES Cat Treats,6.99,2026-09-24T00:00:00-04:00,2026-09-30T22:59:59-04:00
Sobeys,8142835,Soft & Chewy Dog Treats,11.99,2026-09-24T00:00:00-04:00,2026-09-30T22:59:59-04:00
Sobeys,8142835,COMPLIMENTS Salsa - Big Earn,7.0,2026-09-24T00:00:00-04:00,2026-09-30T22:59:59-04:00
Sobeys,8142835,Fall Décor Potted Plants,7.99,2026-09-24T00:00:00-04:00,2026-09-30T22:59:59-04:00
Sobeys,8142835,QUAKER Cereal - Big Earn,4.49,2026-09-24T00:00:00-04:00,2026-09-30T22:59:59-04:00
Sobeys,8142835,Pumpkin Patch Bouquet - Big Earn,24.99,2026-09-24T00:00:00-04:00,2026-09-30T22:59:59-04:00
Sobeys,8142835,LAMB TONIGHT,12.99,2026-09-24T00:00:00-04:00,2026-09-30T22:59:59-04:00
Sobeys,8142835,"COMPLIMENTS Breaded or Battered Haddock or Pan Seared Haddock, Cod, Sole or Salmon Fillets - Big Earn",14.99,2026-09-24T00:00:00-04:00,2026-09-30T22:59:59-04:00
Sobeys,8142835,COMPLIMENTS Foil Wrap,2.0,2026-09-24T00:00:00-04:00,2026-09-30T22:59:59-04:00
Sobeys,8142835,Coleslaw,3.0,2026-09-24T00:00:00-04:00,2026-09-30T22:59:59-04:00
Sobeys,8142835,Dog Treats - Big Earn,6.99,2026-09-24T00:00:00-04:00,2026-09-30T22:59:59-04:00
Sobeys,8142835,COMPLIMENTS Cooked Shrimp in Bag with Cocktail Sauce - Big Earn,13.99,2026-09-24T00:00:00-04:00,2026-09-30T22:59:59-04:00
Sobeys,8142835,Body Wash or Hand Soap - Big Earn,5.99,2026-09-24T00:00:00-04:00,2026-09-30T22:59:59-04:00
Sobeys,8142835,COMPLIMENTS Sour Cream - Big Earn,3.99,2026-09-24T00:00:00-04:00,2026-09-30T22:59:59-04:00
Sobeys,8142835,COMPLIMENTS Dry Cured Salami - Big Earn,5.99,2026-09-24T00:00:00-04:00,2026-09-30T22:59:59-04:00
Sobeys,8142835,Gourmet Cookies - Big Earn,6.99,2026-09-24T00:00:00-04:00,2026-09-30T22:59:59-04:00
Sobeys,8142835,Tortilla Chips - Big Earn,9.0,2026-09-24T00:00:00-04:00,2026-09-30T22:59:59-04:00
Sobeys,8142835,COMPLIMENTS Goat Cheese - Big Earn,10.0,2026-09-24T00:00:00-04:00,2026-09-30T22:59:59-04:00
Sobeys,8142835,COMPLIMENTS Bone-In Ham Steaks - Big Earn,6.49,2026-09-24T00:00:00-04:00,2026-09-30T22:59:59-04:00
Sobeys,8142835,Fresh Whole Skinless Pork Belly,4.99,2026-09-24T00:00:00-04:00,2026-09-30T22:59:59-04:00
Sobeys,8142835,Fair Trade Marinated Honduras Cooked Shrimp,11.99,2026-09-24T00:00:00-04:00,2026-09-30T22:59:59-04:00
Sobeys,8142835,LOOP Shots - Big Earn,9.99,2026-09-24T00:00:00-04:00,2026-09-30T22:59:59-04:00
Sobeys,8142835,COMPLIMENTS Ice Cream,4.99,2026-09-24T00:00:00-04:00,2026-09-30T22:59:59-04:00
Sobeys,8142835,Apple - Big Earn,8.99,2026-09-24T00:00:00-04:00,2026-09-30T22:59:59-04:00
Sobeys,8142835,Gluten Free Baking Mixes,6.99,2026-09-24T00:00:00-04:00,2026-09-30T22:59:59-04:00
Sobeys,8142835,Baguettes,1.49,2026-09-24T00:00:00-04:00,2026-09-30T22:59:59-04:00
Sobeys,8142835,Rockets,5.49,2026-09-24T00:00:00-04:00,2026-09-30T22:59:59-04:00
Sobeys,8142835,Dog Treats - Big Earn,6.99,2026-09-24T00:00:00-04:00,2026-09-30T22:59:59-04:00
Sobeys,8142835,COMPLIMENTS Peanut Butter,2.99,2026-09-24T00:00:00-04:00,2026-09-30T22:59:59-04:00
Sobeys,8142835,SANTOSH GOLD Naan or Naan Bites,4.0,2026-09-24T00:00:00-04:00,2026-09-30T22:59:59-04:00
Sobeys,8142835,"Liquid Detergent 2.15-2.48 L, Pods or Flings! 25-48 pk, Liquid Detergent 4.25 L or Fabric Enhancers 598-694 g - Big Earn",14.99,2026-09-24T00:00:00-04:00,2026-09-30T22:59:59-04:00
Sobeys,8142835,STARBUCKS Roast & Ground Coffee - Big Earn,12.99,2026-09-24T00:00:00-04:00,2026-09-30T22:59:59-04:00
Sobeys,8142835,Breaded Buttermilk Chicken Breast Pieces or Zesty Breaded Chicken Breasts - Big Earn,14.99,2026-09-24T00:00:00-04:00,2026-09-30T22:59:59-04:00
Sobeys,8142835,Ready To Feed Infant Formula - Big Earn,55.99,2026-09-24T00:00:00-04:00,2026-09-30T22:59:59-04:00
Sobeys,8142835,Auto Dish Tabs - Big Earn,21.99,2026-09-24T00:00:00-04:00,2026-09-30T22:59:59-04:00
Sobeys,8142835,COMPLIMENTS Freezer Bags large 30 pk or medium 40 pk - Big Earn,5.99,2026-09-24T00:00:00-04:00,2026-09-30T22:59:59-04:00
Sobeys,8142835,Cleaner - Big Earn,5.99,2026-09-24T00:00:00-04:00,2026-09-30T22:59:59-04:00
Sobeys,8142835,"Breaded or Battered Haddock or Pollock, Butterfly or Popcorn Shrimp, Fish & Chips or Fish Cakes",7.99,2026-09-24T00:00:00-04:00,2026-09-30T22:59:59-04:00
Sobeys,8142835,COMPLIMENTS Pork Sausages,13.99,2026-09-24T00:00:00-04:00,2026-09-30T22:59:59-04:00
Sobeys,8142835,Kaiser Buns,3.99,2026-09-24T00:00:00-04:00,2026-09-30T22:59:59-04:00
Sobeys,8142835,Power Bowls - Big Earn,5.99,2026-09-24T00:00:00-04:00,2026-09-30T22:59:59-04:00
Sobeys,8142835,"Nut, Honey & Fruit Bars - Big Earn",4.99,2026-09-24T00:00:00-04:00,2026-09-30T22:59:59-04:00
Sobeys,8142835,MINUTE RICE 500-700 g or Rice 907 g,4.99,2026-09-24T00:00:00-04:00,2026-09-30T22:59:59-04:00
Sobeys,8142835,GATORADE Gatorlyte - Big Earn,5.5,2026-09-24T00:00:00-04:00,2026-09-30T22:59:59-04:00
Sobeys,8142835,BBQ Chicken Legs,9.99,2026-09-24T00:00:00-04:00,2026-09-30T22:59:59-04:00
Sobeys,8142835,BIG 8 Soft Drinks - Big Earn,5.99,2026-09-24T00:00:00-04:00,2026-09-30T22:59:59-04:00
Sobeys,8142835,Danish - Big Earn,3.99,2026-09-24T00:00:00-04:00,2026-09-30T22:59:59-04:00
Sobeys,8142835,SIMILAC 360 Total Care Ready To Use Infant Formula,69.99,2026-09-24T00:00:00-04:00,2026-09-30T22:59:59-04:00
Sobeys,8142835,Sandwich or Snack Bags,3.99,2026-09-24T00:00:00-04:00,2026-09-30T22:59:59-04:00
Sobeys,8142835,Buldak Spicy Noodles,8.28,2026-09-24T00:00:00-04:00,2026-09-30T22:59:59-04:00
Sobeys,8142835,"Strudel Fingers, Turnovers or Mini Strudel",3.49,2026-09-24T00:00:00-04:00,2026-09-30T22:59:59-04:00
Sobeys,8142835,Dried Fruit,9.99,2026-09-24T00:00:00-04:00,2026-09-30T22:59:59-04:00
Sobeys,8142835,COMPLIMENTS Sauerkraut,4.29,2026-09-24T00:00:00-04:00,2026-09-30T22:59:59-04:00
Sobeys,8142835,COMPLIMENTS Parchment Paper,2.0,2026-09-24T00:00:00-04:00,2026-09-30T22:59:59-04:00
Sobeys,8142835,Dry Dog Food - Big Earn,23.99,2026-09-24T00:00:00-04:00,2026-09-30T22:59:59-04:00
Sobeys,8142835,MILK-BONE Dipped Dog Treats,3.49,2026-09-24T00:00:00-04:00,2026-09-30T22:59:59-04:00
Sobeys,8142835,Baking Mixes - Big Earn,2.0,2026-09-24T00:00:00-04:00,2026-09-30T22:59:59-04:00
Sobeys,8142835,Soya Sauce - Mid-Autumn festival,2.98,2026-09-24T00:00:00-04:00,2026-09-30T22:59:59-04:00
Sobeys,8142835,COMPLIMENTS Fresh Whole Chicken - Big Earn,4.49,2026-09-24T00:00:00-04:00,2026-09-30T22:59:59-04:00
Sobeys,8142835,Family Size Cereal,5.99,2026-09-24T00:00:00-04:00,2026-09-30T22:59:59-04:00
Sobeys,8142835,Mac & Cheese - Big Earn,2.99,2026-09-24T00:00:00-04:00,2026-09-30T22:59:59-04:00
Sobeys,8142835,Jumbo Scallop Medallions,16.99,2026-09-24T00:00:00-04:00,2026-09-30T22:59:59-04:00
Sobeys,8142835,COMPLIMENTS Broth 900 mL or Onion Soup Mix 57 g,4.0,2026-09-24T00:00:00-04:00,2026-09-30T22:59:59-04:00
Sobeys,8142835,Cheese Slices - Big Earn,5.99,2026-09-24T00:00:00-04:00,2026-09-30T22:59:59-04:00
Sobeys,8142835,Water Enhancers - Big Earn,3.99,2026-09-24T00:00:00-04:00,2026-09-30T22:59:59-04:00
Sobeys,8142835,Pork Belly - Mid-Autumn festival,4.99,2026-09-24T00:00:00-04:00,2026-09-30T22:59:59-04:00
Sobeys,8142835,Assorted Calla Lily,11.0,2026-09-24T00:00:00-04:00,2026-09-30T22:59:59-04:00
Sobeys,8142835,EIGHT TREASURES Whole Pompano - Mid-Autumn festival,14.88,2026-09-24T00:00:00-04:00,2026-09-30T22:59:59-04:00
Sobeys,8142835,COMPLIMENTS Wild Bird Food - Big Earn,7.99,2026-09-24T00:00:00-04:00,2026-09-30T22:59:59-04:00
Sobeys,8142835,Body Wash,7.99,2026-09-24T00:00:00-04:00,2026-09-30T22:59:59-04:00
Atlantic Superstore,8144582,"NO NAME™ AIR FRYER LINERS, 30'S",5.0,2026-09-24T00:00:00-04:00,2026-09-30T23:59:59-04:00
Atlantic Superstore,8144582,HALLOWEEN PUMPKINS,4.0,2026-09-24T00:00:00-04:00,2026-09-30T23:59:59-04:00
Atlantic Superstore,8144582,"ITALPASTA PASTA, 900 G OR PRIMO PASTA SAUCE, 680 ML",5.0,2026-09-24T00:00:00-04:00,2026-09-30T23:59:59-04:00
Atlantic Superstore,8144582,"FARMER'S MARKET MUFFINS, 570-600 G",6.0,2026-09-24T00:00:00-04:00,2026-09-30T23:59:59-04:00
Atlantic Superstore,8144582,PURINA FANCY FEAST FRISKIES WET 85 G OR FRISKIES WET 156 G,0.9,2026-09-24T00:00:00-04:00,2026-09-30T23:59:59-04:00
Atlantic Superstore,8144582,"KELLOGG'S FAMILY SIZE CEREAL, 450 - 650 G",5.5,2026-09-24T00:00:00-04:00,2026-09-30T23:59:59-04:00
Atlantic Superstore,8144582,"THE SNACK FACTORY PRETZEL CRISPS, 240 G OR SNYDER'S TWISTED PRETZEL STICKS, 340 G",4.99,2026-09-24T00:00:00-04:00,2026-09-30T23:59:59-04:00
Atlantic Superstore,8144582,"QUAKER OATS, 900 G-1 KG OR INSTANT OATMEAL, 252-344 G",3.5,2026-09-24T00:00:00-04:00,2026-09-30T23:59:59-04:00
Atlantic Superstore,8144582,"RED BULL ENERGY DRINKS, 250 ML",2.5,2026-09-24T00:00:00-04:00,2026-09-30T23:59:59-04:00
Atlantic Superstore,8144582,EVERYDAY ESSENTIALS™ COOKWARE,9.0,2026-09-24T00:00:00-04:00,2026-09-30T23:59:59-04:00
Atlantic Superstore,8144582,"PC® BACON, 375 G",5.0,2026-09-24T00:00:00-04:00,2026-09-30T23:59:59-04:00
Atlantic Superstore,8144582,BRITA DENALI WATER PITCHERS,22.0,2026-09-24T00:00:00-04:00,2026-09-30T23:59:59-04:00
Atlantic Superstore,8144582,"LEE KUM KEE SOY SAUCE, 500 ML",2.48,2026-09-24T00:00:00-04:00,2026-09-30T23:59:59-04:00
Atlantic Superstore,8144582,"LOVE CHILD ORGANIC OATY CHOMPS OR SEA FRIENDS BABY SNACKS, 100-140 G",8.5,2026-09-24T00:00:00-04:00,2026-09-30T23:59:59-04:00
Atlantic Superstore,8144582,"PC DE-ALCOHOLIZED WINE, 750 ML",7.5,2026-09-24T00:00:00-04:00,2026-09-30T23:59:59-04:00
Atlantic Superstore,8144582,"CLOVER LEAF FLAKE OR FLAV TUNA, 85-170 G",1.5,2026-09-24T00:00:00-04:00,2026-09-30T23:59:59-04:00
Atlantic Superstore,8144582,FARMER'S MARKET™ YELLOW ONIONS OR CARROTS,2.0,2026-09-24T00:00:00-04:00,2026-09-30T23:59:59-04:00
Atlantic Superstore,8144582,FARMER'S MARKET™ ORANGES,4.0,2026-09-24T00:00:00-04:00,2026-09-30T23:59:59-04:00
Atlantic Superstore,8144582,PORK HOCKS,2.48,2026-09-24T00:00:00-04:00,2026-09-30T23:59:59-04:00
Atlantic Superstore,8144582,"ORION TURTLE CHIPS, 560 G OR CHOCOMONT MINI CHOCOLATE BISCUITS, 432 G",12.48,2026-09-24T00:00:00-04:00,2026-09-30T23:59:59-04:00
Atlantic Superstore,8144582,"BROOKE BOND RED LABEL TEA, 900 G",10.0,2026-09-24T00:00:00-04:00,2026-09-30T23:59:59-04:00
Atlantic Superstore,8144582,"ILLY GROUND COFFEE, 250 G",16.0,2026-09-24T00:00:00-04:00,2026-09-30T23:59:59-04:00
Atlantic Superstore,8144582,T&T SLICED ROLLS,13.88,2026-09-24T00:00:00-04:00,2026-09-30T23:59:59-04:00
Atlantic Superstore,8144582,"PC PACIFIC WHITE SHRIMP 31-40 PER LB, 400 G OR SEAQUEST TILAPIA OR POMPANO WHOLE FISH 800 G-1.36 KG",9.0,2026-09-24T00:00:00-04:00,2026-09-30T23:59:59-04:00
Atlantic Superstore,8144582,"SELSUN BLUE HAIR CARE, 300-325ML",12.0,2026-09-24T00:00:00-04:00,2026-09-30T23:59:59-04:00
Atlantic Superstore,8144582,GINGER ROOT,2.99,2026-09-24T00:00:00-04:00,2026-09-30T23:59:59-04:00
Atlantic Superstore,8144582,IN-STORE PREPARED CATERING SLIDERS OR LARGE SIDES,20.0,2026-09-24T00:00:00-04:00,2026-09-30T23:59:59-04:00
Atlantic Superstore,8144582,NIOXIN HAIR KITS,40.0,2026-09-24T00:00:00-04:00,2026-09-30T23:59:59-04:00
Atlantic Superstore,8144582,"GAY LEA REAL WHIPPED CREAM OR WHIPPED TOPPING, 255 G",4.5,2026-09-24T00:00:00-04:00,2026-09-30T23:59:59-04:00
Atlantic Superstore,8144582,"KOPIKO CANDY, 120 G",1.48,2026-09-24T00:00:00-04:00,2026-09-30T23:59:59-04:00
Atlantic Superstore,8144582,"KURKURE SNACKS, 115 G",1.5,2026-09-24T00:00:00-04:00,2026-09-30T23:59:59-04:00
Atlantic Superstore,8144582,"FARMER'S MARKET™ MANDARINS, 4 LB",8.0,2026-09-24T00:00:00-04:00,2026-09-30T23:59:59-04:00
Atlantic Superstore,8144582,PC® CRISPY ONIONS OR JALEPENOS 142-170 G OR MARINADES 350-375 ML,3.49,2026-09-24T00:00:00-04:00,2026-09-30T23:59:59-04:00
Atlantic Superstore,8144582,CANTALOUPE,4.5,2026-09-24T00:00:00-04:00,2026-09-30T23:59:59-04:00
Atlantic Superstore,8144582,"CAMPBELL'S CONDENSED SOUP, 284 ML",1.0,2026-09-24T00:00:00-04:00,2026-09-30T23:59:59-04:00
Atlantic Superstore,8144582,"POPPI SODA, 4X355 ML",10.0,2026-09-24T00:00:00-04:00,2026-09-30T23:59:59-04:00
Atlantic Superstore,8144582,JOE FRESH,29.0,2026-09-24T00:00:00-04:00,2026-09-30T23:59:59-04:00
Atlantic Superstore,8144582,"TWO GOOD™, 4 x 95 g",5.0,2026-09-24T00:00:00-04:00,2026-09-30T23:59:59-04:00
Atlantic Superstore,8144582,"NATURE CLEAN AUTOMATIC DISHWASHER PODS, 24'S",7.99,2026-09-24T00:00:00-04:00,2026-09-30T23:59:59-04:00
Atlantic Superstore,8144582,"OIKOS® PRO™, 300 ML",7.0,2026-09-24T00:00:00-04:00,2026-09-30T23:59:59-04:00
Atlantic Superstore,8144582,"MONSTER ENERGY® BEVERAGES†, 444-473 ML",7.0,2026-09-24T00:00:00-04:00,2026-09-30T23:59:59-04:00
Atlantic Superstore,8144582,"SOUR JUBE, 320 G",5.0,2026-09-24T00:00:00-04:00,2026-09-30T23:59:59-04:00
Atlantic Superstore,8144582,"O'TASTY FROZEN DUMPLINGS, 567 G",4.99,2026-09-24T00:00:00-04:00,2026-09-30T23:59:59-04:00
Atlantic Superstore,8144582,"MONSIEUR GUSTAV LE PAULIN, 190 g",6.5,2026-09-24T00:00:00-04:00,2026-09-30T23:59:59-04:00
Atlantic Superstore,8144582,"BRAR'S MALAI PANEER, 375 G OR KFI COOKING SAUCE, 375/395 ML",3.99,2026-09-24T00:00:00-04:00,2026-09-30T23:59:59-04:00
Atlantic Superstore,8144582,"COCON NATA DE COCO MIX PUDDING, 708 G",3.98,2026-09-24T00:00:00-04:00,2026-09-30T23:59:59-04:00
Atlantic Superstore,8144582,"STARBUCKS COFFEE ENHANCERS, 800/828 ML",7.0,2026-09-24T00:00:00-04:00,2026-09-30T23:59:59-04:00
Atlantic Superstore,8144582,"PC® CHEESECAKE, 600 G",12.0,2026-09-24T00:00:00-04:00,2026-09-30T23:59:59-04:00
Atlantic Superstore,8144582,"ACTIVIA®, 12 X 100 G",7.75,2026-09-24T00:00:00-04:00,2026-09-30T23:59:59-04:00
Atlantic Superstore,8144582,"COCA-COLA® BEVERAGES, 12x355 mL",17.0,2026-09-24T00:00:00-04:00,2026-09-30T23:59:59-04:00
Atlantic Superstore,8144582,"STOK®, 1.42 L",8.5,2026-09-24T00:00:00-04:00,2026-09-30T23:59:59-04:00
Atlantic Superstore,8144582,"E.D. SMITH PURE PUMPKIN, 796 ML OR PIE FILLING, 504/540 ML",6.0,2026-09-24T00:00:00-04:00,2026-09-30T23:59:59-04:00
Atlantic Superstore,8144582,KIDDICARE ECONO PACK DIAPERS,24.88,2026-09-24T00:00:00-04:00,2026-09-30T23:59:59-04:00
Atlantic Superstore,8144582,"SIMILAC PRO-ADVANCE STEP 1 & 2 OR TOTAL COMFORT BABY FORMULA POWDER TUBS, 837/859 G",50.0,2026-09-24T00:00:00-04:00,2026-09-30T23:59:59-04:00
Atlantic Superstore,8144582,CLOROX BLEACH 2.4 L OR PINE-SOL CLEANERS 1.4 L,4.5,2026-09-24T00:00:00-04:00,2026-09-30T23:59:59-04:00
Atlantic Superstore,8144582,"SNACKISH HIGH PROTEIN POTATO CHIPS, 142 G",5.5,2026-09-24T00:00:00-04:00,2026-09-30T23:59:59-04:00
Atlantic Superstore,8144582,"FRITOS CORN CHIPS, 340 G",2.5,2026-09-24T00:00:00-04:00,2026-09-30T23:59:59-04:00
Atlantic Superstore,8144582,"ROYALE TOILET PAPER, 8=16 ROLLS",5.0,2026-09-24T00:00:00-04:00,2026-09-30T23:59:59-04:00
Atlantic Superstore,8144582,TOP SIRLOIN STEAK,18.0,2026-09-24T00:00:00-04:00,2026-09-30T23:59:59-04:00
Atlantic Superstore,8144582,"PC® OR BLUE MENU® LASAGNA OR MAC & CHEESE, 2/2.27 KG",14.0,2026-09-24T00:00:00-04:00,2026-09-30T23:59:59-04:00
Atlantic Superstore,8144582,"PC® THE DECADENT™ COOKIE, 280/300 G",4.5,2026-09-24T00:00:00-04:00,2026-09-30T23:59:59-04:00
Atlantic Superstore,8144582,"ROOSTER® THAI SWEET RICE, 2 KG OR MEDIUM GRAIN SUSHI RICE, 2.27 KG",5.88,2026-09-24T00:00:00-04:00,2026-09-30T23:59:59-04:00
Atlantic Superstore,8144582,BREYERS CLASSIC FROZEN DESSERT 1.41 L OR CHAPMAN'S SUPER PREMIUM PLUS ICE CREAM 500 ML,4.0,2026-09-24T00:00:00-04:00,2026-09-30T23:59:59-04:00
Atlantic Superstore,8144582,"CAKELET, 442/456 G",15.0,2026-09-24T00:00:00-04:00,2026-09-30T23:59:59-04:00
Atlantic Superstore,8144582,"HOT CROSS BUNS, 8'S",4.0,2026-09-24T00:00:00-04:00,2026-09-30T23:59:59-04:00
Atlantic Superstore,8144582,"AVOCADO BAG, 5'S",4.5,2026-09-24T00:00:00-04:00,2026-09-30T23:59:59-04:00
Atlantic Superstore,8144582,"FRESH ATLANTIC SALMON PORTIONS, PLAIN OR MARINATED, 100 G",5.0,2026-09-24T00:00:00-04:00,2026-09-30T23:59:59-04:00
Atlantic Superstore,8144582,EVERYDAY ESSENTIALS™ METAL BAKEWARE,7.0,2026-09-24T00:00:00-04:00,2026-09-30T23:59:59-04:00
Atlantic Superstore,8144582,ICEBERG LETTUCE,2.5,2026-09-24T00:00:00-04:00,2026-09-30T23:59:59-04:00
Atlantic Superstore,8144582,"JUMPING BEAN WHOLE BEAN COFFEE OR COFFEE PODS, 454 G/20'S",16.0,2026-09-24T00:00:00-04:00,2026-09-30T23:59:59-04:00
Atlantic Superstore,8144582,LIFE AT HOME™ 6' FAUX TREES,90.0,2026-09-24T00:00:00-04:00,2026-09-30T23:59:59-04:00
Atlantic Superstore,8144582,"OKA, 190 G",6.5,2026-09-24T00:00:00-04:00,2026-09-30T23:59:59-04:00
Atlantic Superstore,8144582,"PC® PEI MUSSELS IN CREAMY WHITE WINE SAUCE, 907 G OR BLUE MENU™ WILD ARGENTINIAN SCALLOPS, 80-150/LB, 400 G",12.0,2026-09-24T00:00:00-04:00,2026-09-30T23:59:59-04:00
Atlantic Superstore,8144582,"KUHNE SELECTION GOURMET GHERKINS, PICKLED ONIONS OR RED BABY BEETS, 500 ML",5.0,2026-09-24T00:00:00-04:00,2026-09-30T23:59:59-04:00
Atlantic Superstore,8144582,"NO NAME® EVAPORATED MILK, 354 ML",1.25,2026-09-24T00:00:00-04:00,2026-09-30T23:59:59-04:00
Atlantic Superstore,8144582,"BAKEN-ETS PORK RINDS, 70 G",2.68,2026-09-24T00:00:00-04:00,2026-09-30T23:59:59-04:00
Atlantic Superstore,8144582,"UNBLANCHED RAW ROASTED ALMONDS, 200 G",9.0,2026-09-24T00:00:00-04:00,2026-09-30T23:59:59-04:00
Atlantic Superstore,8144582,"ACORN, BUTTERCUP, BUTTERNUT OR SPAGHETTI SQUASH",1.5,2026-09-24T00:00:00-04:00,2026-09-30T23:59:59-04:00
Atlantic Superstore,8144582,"PC® BUTTER QUARTERS, 454 G",7.0,2026-09-24T00:00:00-04:00,2026-09-30T23:59:59-04:00
Atlantic Superstore,8144582,"DR. OETKER MOUSSE OR SHIRRIFF PIE FILLING OR DESSERT MIX, 28-164 G",5.0,2026-09-24T00:00:00-04:00,2026-09-30T23:59:59-04:00
Atlantic Superstore,8144582,"CORONA CERO 0.0% ALCOHOL-FREE BEER, 6X330 ML",10.99,2026-09-24T00:00:00-04:00,2026-09-30T23:59:59-04:00
Atlantic Superstore,8144582,"DARE BRETON OR VINTA CRACKERS, 132-225 G, VEGGIE CRISPS, 100 G, GRISSOL MELBA OR CANAPÉ TOAST, 150-200 G OR BAGUETTES, 120/130 G",3.0,2026-09-24T00:00:00-04:00,2026-09-30T23:59:59-04:00
Atlantic Superstore,8144582,"CAMPBELL'S SPAGHETTIOS, 425 ML OR NO NAME® BEANS 540 ML,",1.5,2026-09-24T00:00:00-04:00,2026-09-30T23:59:59-04:00
Atlantic Superstore,8144582,"CHOCOLATY MACAROONS, 260 G",6.0,2026-09-24T00:00:00-04:00,2026-09-30T23:59:59-04:00
Atlantic Superstore,8144582,BROCCOLI CROWNS,2.5,2026-09-24T00:00:00-04:00,2026-09-30T23:59:59-04:00
Atlantic Superstore,8144582,"SANTOSH NAAN, 500 G",2.5,2026-09-24T00:00:00-04:00,2026-09-30T23:59:59-04:00
Atlantic Superstore,8144582,"COTTONELLE FRESH CARE FLUSHABLE WET WIPES, 168'S",12.0,2026-09-24T00:00:00-04:00,2026-09-30T23:59:59-04:00
Atlantic Superstore,8144582,"POWERADE® BEVERAGES, 710 ML",2.5,2026-09-24T00:00:00-04:00,2026-09-30T23:59:59-04:00
Atlantic Superstore,8144582,"LIBERTÉ MÉDITERRANÉE, 500/4X100 G OR KOZY SHACK RICE PUDDING, 624 G/4X113 G",4.0,2026-09-24T00:00:00-04:00,2026-09-30T23:59:59-04:00
Atlantic Superstore,8144582,"PC MINI JAMAICAN BEEF PATTIES OR CHICKEN EMPANADAS, 480 G",9.0,2026-09-24T00:00:00-04:00,2026-09-30T23:59:59-04:00
Atlantic Superstore,8144582,"LIBERTÉ GREEK YOGURT, 650-750 G, MÉDITERRANÉE YOGURT, 900 G",7.99,2026-09-24T00:00:00-04:00,2026-09-30T23:59:59-04:00
Atlantic Superstore,8144582,"MONSIEUR GUSTAV DOUBLE CRÈME CAMEMBERT CHEESE, 125 G",6.0,2026-09-24T00:00:00-04:00,2026-09-30T23:59:59-04:00
Atlantic Superstore,8144582,"NABOB ROAST AND GROUND COFFEE, 915/930 G",20.0,2026-09-24T00:00:00-04:00,2026-09-30T23:59:59-04:00
Atlantic Superstore,8144582,L'EXTRA BRIE,3.5,2026-09-24T00:00:00-04:00,2026-09-30T23:59:59-04:00
Atlantic Superstore,8144582,"PILLER'S SLICED DELI MEAT, 125-200 G",5.0,2026-09-24T00:00:00-04:00,2026-09-30T23:59:59-04:00
Atlantic Superstore,8144582,"RAW PECAN HALVES, 210 G",9.0,2026-09-24T00:00:00-04:00,2026-09-30T23:59:59-04:00
Atlantic Superstore,8144582,"ROBERTSON'S MINCEMEAT, 635 ML",11.0,2026-09-24T00:00:00-04:00,2026-09-30T23:59:59-04:00
Atlantic Superstore,8144582,"DEMPSTER'S WHITE OR 100% WHOLE WHEAT BREAD, 675 G",3.29,2026-09-24T00:00:00-04:00,2026-09-30T23:59:59-04:00
Atlantic Superstore,8144582,"LECLERC GO PURE OR MUFFIN MAX BARS, 140-223 G",3.5,2026-09-24T00:00:00-04:00,2026-09-30T23:59:59-04:00
Atlantic Superstore,8144582,"SURAJ® DRY BEANS, LENTILS OR CHICKPEAS, 1.8/1.81 KG",5.0,2026-09-24T00:00:00-04:00,2026-09-30T23:59:59-04:00
Atlantic Superstore,8144582,"LAUNDRY LIQUID FRAGRANCE FREE, 3 L",13.99,2026-09-24T00:00:00-04:00,2026-09-30T23:59:59-04:00
Atlantic Superstore,8144582,"CORE POWER® HIGH PROTEIN MILK SHAKE, 414 ML",4.99,2026-09-24T00:00:00-04:00,2026-09-30T23:59:59-04:00
Atlantic Superstore,8144582,"DAN-D PAK CASHEWS, 500 G",8.48,2026-09-24T00:00:00-04:00,2026-09-30T23:59:59-04:00
Atlantic Superstore,8144582,"POPCORNERS, 142 G",3.5,2026-09-24T00:00:00-04:00,2026-09-30T23:59:59-04:00
Atlantic Superstore,8144582,"PC® SOFT DRINKS, 12X355 ML",6.75,2026-09-24T00:00:00-04:00,2026-09-30T23:59:59-04:00
Atlantic Superstore,8144582,"NO NAME® CREAM CHEESE, 227/250 G",2.98,2026-09-24T00:00:00-04:00,2026-09-30T23:59:59-04:00
Atlantic Superstore,8144582,"BRITANNIA GOOD DAY, 231 G OR FIRST FIFTY COOKIES, 372 G",2.5,2026-09-24T00:00:00-04:00,2026-09-30T23:59:59-04:00
Atlantic Superstore,8144582,"PC® CHEDDAR PORTIONS, 20 PIECE, 420 G",14.0,2026-09-24T00:00:00-04:00,2026-09-30T23:59:59-04:00
Atlantic Superstore,8144582,"PC® DIPS OR HUMMUS, 454 G",6.5,2026-09-24T00:00:00-04:00,2026-09-30T23:59:59-04:00
Atlantic Superstore,8144582,PAPAYA,2.48,2026-09-24T00:00:00-04:00,2026-09-30T23:59:59-04:00
Atlantic Superstore,8144582,"PEDIGREE WET DOG FOOD, 100 G OR WHISKAS WET CAT FOOD, 85 G",0.75,2026-09-24T00:00:00-04:00,2026-09-30T23:59:59-04:00
Atlantic Superstore,8144582,"TACO BELL TACO DINNER KITS, 260 - 420 G, TACO BELL CREAMY SAUCE 354 ML",10.0,2026-09-24T00:00:00-04:00,2026-09-30T23:59:59-04:00
Atlantic Superstore,8144582,"SIMPLY ORANGE JUICE, 1.36 L OR APPLE OR CRANBERRY COCKTAIL, 1.54 L OR LEMONADE, 2.25 L",6.0,2026-09-24T00:00:00-04:00,2026-09-30T23:59:59-04:00
Atlantic Superstore,8144582,"NATIVE BODY WASHER, 532 ML",10.0,2026-09-24T00:00:00-04:00,2026-09-30T23:59:59-04:00
Atlantic Superstore,8144582,"BETTY CROCKER FROSTING, 340-450 G OR SUPER MOIST CAKE MIX, 375-404 G",2.0,2026-09-24T00:00:00-04:00,2026-09-30T23:59:59-04:00
Atlantic Superstore,8144582,"SCHNEIDERS PEPPERETTES SAUSAGE SNACKS, 225-375 G",6.0,2026-09-24T00:00:00-04:00,2026-09-30T23:59:59-04:00
Atlantic Superstore,8144582,"INTERNATIONAL DELIGHT COFFEE ENHANCER, 946 ML OR COLD FOAM, 369/396 G",6.25,2026-09-24T00:00:00-04:00,2026-09-30T23:59:59-04:00
Atlantic Superstore,8144582,"NO NAME® CHUNK OR FLAKED LIGHT TUNA, 170 G",1.5,2026-09-24T00:00:00-04:00,2026-09-30T23:59:59-04:00
Atlantic Superstore,8144582,"PC® OUTDOOR FALL MUMS, 9.5 INCH",8.48,2026-09-24T00:00:00-04:00,2026-09-30T23:59:59-04:00
Atlantic Superstore,8144582,"TIDE LIQUID, 887 ML - 1 L PODS, 9/16'S, DOWNY FABRIC SOFTENER, 780 ML - 3 L OR SCENT BOOSTERS, 141 G OR BOUNCE DRYER SHEETS, 40/80'S",5.0,2026-09-24T00:00:00-04:00,2026-09-30T23:59:59-04:00
Atlantic Superstore,8144582,"DELECTABLES SQUEEZE UPS, 10'S",11.0,2026-09-24T00:00:00-04:00,2026-09-30T23:59:59-04:00
Atlantic Superstore,8144582,PC® PORTION PREPPERS,10.0,2026-09-24T00:00:00-04:00,2026-09-30T23:59:59-04:00
Atlantic Superstore,8144582,"NO NAME® FLOUR, 10 KG",10.0,2026-09-24T00:00:00-04:00,2026-09-30T23:59:59-04:00
Atlantic Superstore,8144582,"KNORR BOUILLON CUBES, 63/72 G",2.98,2026-09-24T00:00:00-04:00,2026-09-30T23:59:59-04:00
Atlantic Superstore,8144582,WHITE PUMMELO,4.0,2026-09-24T00:00:00-04:00,2026-09-30T23:59:59-04:00
Atlantic Superstore,8144582,"L'ORÉAL PREFERENCE, FERIA OR GARNIER OLIA HAIR COLOUR",12.0,2026-09-24T00:00:00-04:00,2026-09-30T23:59:59-04:00
Atlantic Superstore,8144582,ROMA TOMATOES,2.0,2026-09-24T00:00:00-04:00,2026-09-30T23:59:59-04:00
Atlantic Superstore,8144582,HARVEST CRACKERS,12.0,2026-09-24T00:00:00-04:00,2026-09-30T23:59:59-04:00
Atlantic Superstore,8144582,"MCCAFÉ® K-CUP PODS, 24-30'S",23.0,2026-09-24T00:00:00-04:00,2026-09-30T23:59:59-04:00
Atlantic Superstore,8144582,"DAIYA DAIRY FREE CHEESE, 170-227 G OR GUSTA VEGGIE BURGERS, 300 G",10.0,2026-09-24T00:00:00-04:00,2026-09-30T23:59:59-04:00
Atlantic Superstore,8144582,"CAFÉ AGGA NESPRESSO COMPATIBLE CAPSULES, 10'S",6.0,2026-09-24T00:00:00-04:00,2026-09-30T23:59:59-04:00
Atlantic Superstore,8144582,"M&M'S®, MALTESERS OR MARS CHOCOLATE CANDIES, 165-170 G",6.0,2026-09-24T00:00:00-04:00,2026-09-30T23:59:59-04:00
Atlantic Superstore,8144582,"PC® PACIFIC WHITE SHRIMP PLATTER WITH MILD COCKTAIL SAUCE, 568 G",19.0,2026-09-24T00:00:00-04:00,2026-09-30T23:59:59-04:00
Atlantic Superstore,8144582,"NONG SHIM NOODLE SOUP, 480-508 G",4.88,2026-09-24T00:00:00-04:00,2026-09-30T23:59:59-04:00
Atlantic Superstore,8144582,"PC® BUTTER PUFF OR PHYLLO PASTRY, 450/454 G",5.5,2026-09-24T00:00:00-04:00,2026-09-30T23:59:59-04:00
Atlantic Superstore,8144582,"CRAVE FROZEN MEALS, 200-340 G OR KRAFT DINNER FROZEN ENTRÉES, 340 G",12.0,2026-09-24T00:00:00-04:00,2026-09-30T23:59:59-04:00
Atlantic Superstore,8144582,"EVERYDAY ESSENTIALS™ SCENTED CANDLES, 18 OZ",6.0,2026-09-24T00:00:00-04:00,2026-09-30T23:59:59-04:00
Atlantic Superstore,8144582,"RUBICON JUICE DRINK, 1 L",2.0,2026-09-24T00:00:00-04:00,2026-09-30T23:59:59-04:00
Atlantic Superstore,8144582,"SANPELLEGRINO OR MAISON PERRIER SPARKLING WATER, 6X500 ML/8X330 ML OR CHIC NON- ALCOHOLIC SPARKLING BEVERAGE, 4X250 ML",6.99,2026-09-24T00:00:00-04:00,2026-09-30T23:59:59-04:00
Atlantic Superstore,8144582,OKA,3.5,2026-09-24T00:00:00-04:00,2026-09-30T23:59:59-04:00
Atlantic Superstore,8144582,"TACO BELL SEASONING, 28 G",4.98,2026-09-24T00:00:00-04:00,2026-09-30T23:59:59-04:00
Atlantic Superstore,8144582,"BRITANNIA RUSK, 550/560 G",5.0,2026-09-24T00:00:00-04:00,2026-09-30T23:59:59-04:00
Atlantic Superstore,8144582,"CHRISTIE CRACKERS, 162-304 G",3.75,2026-09-24T00:00:00-04:00,2026-09-30T23:59:59-04:00
Atlantic Superstore,8144582,"DARE VEGGIE CRISPS, 100 G",2.5,2026-09-24T00:00:00-04:00,2026-09-30T23:59:59-04:00
Atlantic Superstore,8144582,LIFE AT HOME™ CERAMIC VASES WITH HANDLE,15.0,2026-09-24T00:00:00-04:00,2026-09-30T23:59:59-04:00
Atlantic Superstore,8144582,MONSIEUR GUSTAV LE PAULIN,3.5,2026-09-24T00:00:00-04:00,2026-09-30T23:59:59-04:00
Atlantic Superstore,8144582,"PC® NATURAL SPRING WATER, 24X500 ML",3.0,2026-09-24T00:00:00-04:00,2026-09-30T23:59:59-04:00
Atlantic Superstore,8144582,"TETLEY TEA, 20/24'S",3.5,2026-09-24T00:00:00-04:00,2026-09-30T23:59:59-04:00
Atlantic Superstore,8144582,"ZAVIDA WHOLE BEAN COFFEE, 700 G",23.0,2026-09-24T00:00:00-04:00,2026-09-30T23:59:59-04:00
Atlantic Superstore,8144582,"OASIS HEALTH BREAK OR SMOOTHIES, 1.6 L",4.5,2026-09-24T00:00:00-04:00,2026-09-30T23:59:59-04:00
Atlantic Superstore,8144582,"PEDIGREE DENTASTIX, 504-670 G OR GREENIES DENTAL TREATS, 170-227 G",10.0,2026-09-24T00:00:00-04:00,2026-09-30T23:59:59-04:00
Atlantic Superstore,8144582,"PC® BONELESS, SKINLESS CHICKEN BREAST, 5'S, UP TO 1.10 KG",21.0,2026-09-24T00:00:00-04:00,2026-09-30T23:59:59-04:00
Atlantic Superstore,8144582,"SENSODYNE OR PRONAMEL VALUE SIZE TOOTHPASTE, 110/135 ML",6.5,2026-09-24T00:00:00-04:00,2026-09-30T23:59:59-04:00
Atlantic Superstore,8144582,"FARMER'S MARKET™ GRAPE TOMATO, 283 G",2.97,2026-09-24T00:00:00-04:00,2026-09-30T23:59:59-04:00
Atlantic Superstore,8144582,"PC® BACON-WRAPPED STUFFED JALAPEÑO PEPPERS OR CHEESE STICKS, 225-454 G",9.0,2026-09-24T00:00:00-04:00,2026-09-30T23:59:59-04:00
Atlantic Superstore,8144582,"BRAR'S SHER DESI STYLE DURUM FLOUR, 20 LB OR DAAWAT TRADITIONAL BASMATI RICE, 4 KG",12.99,2026-09-24T00:00:00-04:00,2026-09-30T23:59:59-04:00
Atlantic Superstore,8144582,"MR. BROWN ICED COFFEE, 240 ML",1.28,2026-09-24T00:00:00-04:00,2026-09-30T23:59:59-04:00
Atlantic Superstore,8144582,"SIMPLE JOY SLICED LOAF CAKES TRIO, 532 G",6.5,2026-09-24T00:00:00-04:00,2026-09-30T23:59:59-04:00
Atlantic Superstore,8144582,LIQUID I.V. HYDRATION MULTIPLIER SACHETS,27.0,2026-09-24T00:00:00-04:00,2026-09-30T23:59:59-04:00
Atlantic Superstore,8144582,"PURINA ONE DRY DOG OR PUPPY FOOD, 6-7 KG",32.0,2026-09-24T00:00:00-04:00,2026-09-30T23:59:59-04:00
Atlantic Superstore,8144582,"NATURE VALLEY SWEET & SALTY GRANOLA BARS, 160-175 G",2.5,2026-09-24T00:00:00-04:00,2026-09-30T23:59:59-04:00
Atlantic Superstore,8144582,"PINTY'S CHICKEN, 600-950 G",15.0,2026-09-24T00:00:00-04:00,2026-09-30T23:59:59-04:00
Atlantic Superstore,8144582,"NATURSOURCE NUTS, 450-600G",15.0,2026-09-24T00:00:00-04:00,2026-09-30T23:59:59-04:00
Atlantic Superstore,8144582,MEDIUM GROUND BEEF,5.77,2026-09-24T00:00:00-04:00,2026-09-30T23:59:59-04:00
Atlantic Superstore,8144582,CHINESE JUMBO CARROT,2.0,2026-09-24T00:00:00-04:00,2026-09-30T23:59:59-04:00
Atlantic Superstore,8144582,HALLOWEEN INFLATABLES,45.0,2026-09-24T00:00:00-04:00,2026-09-30T23:59:59-04:00
Atlantic Superstore,8144582,"PC® ORGANICS CREMINI OR WHITE MUSHROOMS, 227 G",2.97,2026-09-24T00:00:00-04:00,2026-09-30T23:59:59-04:00
Atlantic Superstore,8144582,"BEETS, 10 LB",6.0,2026-09-24T00:00:00-04:00,2026-09-30T23:59:59-04:00
Atlantic Superstore,8144582,"MILK CHOCOLATE COVERED ALMONDS, 240 G",9.0,2026-09-24T00:00:00-04:00,2026-09-30T23:59:59-04:00
Atlantic Superstore,8144582,"GREENHOUSE EXTRA LARGE RED, YELLOW OR ORANGE PEPPERS",2.99,2026-09-24T00:00:00-04:00,2026-09-30T23:59:59-04:00
Atlantic Superstore,8144582,"DAVIDS TEA, 12'S OR TETLEY TEA, 80'S",8.0,2026-09-24T00:00:00-04:00,2026-09-30T23:59:59-04:00
Atlantic Superstore,8144582,"NO NAME® ALL-PURPOSE OR WHOLE WHEAT FLOUR, 2.5 KG",3.0,2026-09-24T00:00:00-04:00,2026-09-30T23:59:59-04:00
Atlantic Superstore,8144582,"MONSIEUR GUSTAV GOUDA CHEESE, 170 g",7.0,2026-09-24T00:00:00-04:00,2026-09-30T23:59:59-04:00
Atlantic Superstore,8144582,"KRAFT PEANUT BUTTER, 750 G/1 KG",5.97,2026-09-24T00:00:00-04:00,2026-09-30T23:59:59-04:00
Atlantic Superstore,8144582,"CLUB HOUSE SPICES, ONE STEP SEASONING OR LA GRILLE SEASONING, 13-248 G",5.5,2026-09-24T00:00:00-04:00,2026-09-30T23:59:59-04:00
Atlantic Superstore,8144582,"CLUB HOUSE OR KNORR DRY SAUCES GRAVY MIX, 17-41 G",1.5,2026-09-24T00:00:00-04:00,2026-09-30T23:59:59-04:00
Atlantic Superstore,8144582,"AMY'S BURRITO, 156-170 G",5.0,2026-09-24T00:00:00-04:00,2026-09-30T23:59:59-04:00
Atlantic Superstore,8144582,"PALMOLIVE, 591/828 ML",2.0,2026-09-24T00:00:00-04:00,2026-09-30T23:59:59-04:00
Atlantic Superstore,8144582,PC® SPLENDIDO EXTRA VIRGIN OLIVE OIL 1 L OR NO NAME® CANOLA VEGETABLES OIL 3 L,11.0,2026-09-24T00:00:00-04:00,2026-09-30T23:59:59-04:00
Atlantic Superstore,8144582,"CHRIS BROTHERS BOLOGNA, 1.5 KG",8.0,2026-09-24T00:00:00-04:00,2026-09-30T23:59:59-04:00
Atlantic Superstore,8144582,BLACK AND DECKER 12 CUP COFFEE MAKER,50.0,2026-09-24T00:00:00-04:00,2026-09-30T23:59:59-04:00
Atlantic Superstore,8144582,"HUGGIES 16X BABY WIPES, 960-1152'S",26.0,2026-09-24T00:00:00-04:00,2026-09-30T23:59:59-04:00
Atlantic Superstore,8144582,"TACO BELL MENU DINNER KITS, 401-, 642 G",7.0,2026-09-24T00:00:00-04:00,2026-09-30T23:59:59-04:00
Atlantic Superstore,8144582,"DARE BEAR PAWS, 168- 210 G, WAGON WHEELS, 315/360 G, WHIPPETS, 250-290 G, ULTIMATE OR VIVA PUFFS COOKIES, 290/300 G",3.5,2026-09-24T00:00:00-04:00,2026-09-30T23:59:59-04:00
Atlantic Superstore,8144582,"TENDERFLAKE PURE LARD, 454 G OR FLEISCHMANN'S YEAST, 113 G OR BREAD BOOSTER, 100 G",4.99,2026-09-24T00:00:00-04:00,2026-09-30T23:59:59-04:00
Atlantic Superstore,8144582,"BEN'S ORIGINAL BISTRO EXPRESS RICE, 240-250 G",9.0,2026-09-24T00:00:00-04:00,2026-09-30T23:59:59-04:00
Atlantic Superstore,8144582,"T&T VEGETABLE SPRING ROLLS, 500 G",6.0,2026-09-24T00:00:00-04:00,2026-09-30T23:59:59-04:00
Atlantic Superstore,8144582,"YOPLAIT® SOURCE PROTEIN YOGURT, 650 G",6.0,2026-09-24T00:00:00-04:00,2026-09-30T23:59:59-04:00
Atlantic Superstore,8144582,"NO NAME® SOUR CREAM, 500 ML",6.0,2026-09-24T00:00:00-04:00,2026-09-30T23:59:59-04:00
Atlantic Superstore,8144582,"CANADA DRY® BEVERAGES, 6X710 ML",14.0,2026-09-24T00:00:00-04:00,2026-09-30T23:59:59-04:00
Atlantic Superstore,8144582,"YOPLAIT TUBES® YOGURT, 8 X 56 G",4.0,2026-09-24T00:00:00-04:00,2026-09-30T23:59:59-04:00
Atlantic Superstore,8144582,WHOLE PINEAPPLE,6.5,2026-09-24T00:00:00-04:00,2026-09-30T23:59:59-04:00
Atlantic Superstore,8144582,"RIBENA CONCENTRATED BLACKCURRANT BEVERAGE, 850 ML OR ROOSTER® LIQUID HONEY, 1 KG",8.98,2026-09-24T00:00:00-04:00,2026-09-30T23:59:59-04:00
Atlantic Superstore,8144582,CAULIFLOWER,4.0,2026-09-24T00:00:00-04:00,2026-09-30T23:59:59-04:00
Atlantic Superstore,8144582,"NO NAME® WHIPPED TOPPING ,1 L OR PIE SHELLS, 380 G",4.5,2026-09-24T00:00:00-04:00,2026-09-30T23:59:59-04:00
Atlantic Superstore,8144582,"LAVAZZA WHOLE BEAN COFFEE, 1 KG",26.0,2026-09-24T00:00:00-04:00,2026-09-30T23:59:59-04:00
Atlantic Superstore,8144582,"NO NAME® NATURALLY IMPERFECT™ APPLES, 6 LB",7.0,2026-09-24T00:00:00-04:00,2026-09-30T23:59:59-04:00
Atlantic Superstore,8144582,NEW ZEALAND BONE-IN LAMB LEG,8.5,2026-09-24T00:00:00-04:00,2026-09-30T23:59:59-04:00
Atlantic Superstore,8144582,"NO NAME® WHOLE PITTED DATES CLUB, 1 KG OR MAGIC BAKING POWDER, 225/450 G",7.5,2026-09-24T00:00:00-04:00,2026-09-30T23:59:59-04:00
Atlantic Superstore,8144582,DURACELL BATTERIES AA16/AAA12,16.0,2026-09-24T00:00:00-04:00,2026-09-30T23:59:59-04:00
Atlantic Superstore,8144582,"UNI-EAGLE SRIRACHA SAUCE, 815 G",4.88,2026-09-24T00:00:00-04:00,2026-09-30T23:59:59-04:00
Atlantic Superstore,8144582,"DOVE SHAMPOO OR CONDITIONER, 355 ML, HAIRSPRAY OR DRY SHAMPOO, 198-273 ML, 142-198 G",5.0,2026-09-24T00:00:00-04:00,2026-09-30T23:59:59-04:00
Atlantic Superstore,8144582,"KIKKOMAN SOY SAUCE, 1 L",5.88,2026-09-24T00:00:00-04:00,2026-09-30T23:59:59-04:00
Atlantic Superstore,8144582,"HEINZ KETCHUP, 750 ML-1 L, MAYONNAISE, 675 ML OR KRAFT MIRACLE WHIP, 650/890 ML",5.0,2026-09-24T00:00:00-04:00,2026-09-30T23:59:59-04:00
Atlantic Superstore,8144582,"ACTIVIA PROBIOTIC YOGURT, 650 G",3.5,2026-09-24T00:00:00-04:00,2026-09-30T23:59:59-04:00
Atlantic Superstore,8144582,"DAIRY ISLE BUTTER, 454 G",4.98,2026-09-24T00:00:00-04:00,2026-09-30T23:59:59-04:00
Atlantic Superstore,8144582,HALLOWEEN STRING LIGHTS,7.0,2026-09-24T00:00:00-04:00,2026-09-30T23:59:59-04:00
Atlantic Superstore,8144582,"CINNAMON RAISIN BREAD, 468 G OR MINI CROISSANTS, 10'S",4.0,2026-09-24T00:00:00-04:00,2026-09-30T23:59:59-04:00
Atlantic Superstore,8144582,"MARCANGELO SOUVLAKI KABOBS, 480/640 G",9.0,2026-09-24T00:00:00-04:00,2026-09-30T23:59:59-04:00
Atlantic Superstore,8144582,"LANTIC GRANULATED SUGAR, 2 KG",2.0,2026-09-24T00:00:00-04:00,2026-09-30T23:59:59-04:00
Atlantic Superstore,8144582,"D'ITALIANO OR WONDER BREAD OR BUNS, 356-675 G",6.5,2026-09-24T00:00:00-04:00,2026-09-30T23:59:59-04:00
Atlantic Superstore,8144582,"NESCAFÉ ESPRESSO COFFEE CONCENTRATE, 500 ML",6.0,2026-09-24T00:00:00-04:00,2026-09-30T23:59:59-04:00
Atlantic Superstore,8144582,"ROYAL NUTS NUT MIXES, 250-350 G",12.0,2026-09-24T00:00:00-04:00,2026-09-30T23:59:59-04:00
Atlantic Superstore,8144582,"GUMMI BEARS, 280 G",5.0,2026-09-24T00:00:00-04:00,2026-09-30T23:59:59-04:00
Atlantic Superstore,8144582,"NO NAME® 1 PLY NAPKINS, 500'S",6.0,2026-09-24T00:00:00-04:00,2026-09-30T23:59:59-04:00
Atlantic Superstore,8144582,"PC® SPRING ROLLS OR SAUSAGE ROLLS, 500/574 G",9.0,2026-09-24T00:00:00-04:00,2026-09-30T23:59:59-04:00
Atlantic Superstore,8144582,"TACO BELL SAUCE, 207 ML",7.0,2026-09-24T00:00:00-04:00,2026-09-30T23:59:59-04:00
Atlantic Superstore,8144582,"LARGE VEGETABLE OR FRUIT PLATTER, 1.34-1.87 KG",26.0,2026-09-24T00:00:00-04:00,2026-09-30T23:59:59-04:00
Atlantic Superstore,8144582,"O'FOOD GOCHUJANG PASTE, 500 G",5.0,2026-09-24T00:00:00-04:00,2026-09-30T23:59:59-04:00
Atlantic Superstore,8144582,"SUMM! SPRING ROLLS AND DUMPLINGS, 250-350 G",5.0,2026-09-24T00:00:00-04:00,2026-09-30T23:59:59-04:00
Atlantic Superstore,8144582,PC® BUTTER INFUSED TURKEY OR BUTTERBALL TURKEY,1.99,2026-09-24T00:00:00-04:00,2026-09-30T23:59:59-04:00
Atlantic Superstore,8144582,"18 PIECE KOREAN CHICKEN STRIPS, 595 G",16.0,2026-09-24T00:00:00-04:00,2026-09-30T23:59:59-04:00
Atlantic Superstore,8144582,NUTRIBULLET MAGIC BULLET 17 PIECE BLENDER,50.0,2026-09-24T00:00:00-04:00,2026-09-30T23:59:59-04:00
Atlantic Superstore,8144582,"OLD SPICE DEODORANT, 73-144 G, SECRET DEODORANT, 68-116 G OR GILLETTE DEODORANT, 108 G",7.5,2026-09-24T00:00:00-04:00,2026-09-30T23:59:59-04:00
Atlantic Superstore,8144582,"BALDERSON CHEDDAR, GOUDA OR HAVARTI, 170-280 G",8.0,2026-09-24T00:00:00-04:00,2026-09-30T23:59:59-04:00
Atlantic Superstore,8144582,"ROOSTER® TOFU, 454 G",4.88,2026-09-24T00:00:00-04:00,2026-09-30T23:59:59-04:00
Atlantic Superstore,8144582,"PC® ORGANICS FROZEN VEGETABLES, 300-500 G",4.5,2026-09-24T00:00:00-04:00,2026-09-30T23:59:59-04:00
Atlantic Superstore,8144582,HONEYCRISP ORCHARD APPLES,1.99,2026-09-24T00:00:00-04:00,2026-09-30T23:59:59-04:00
Atlantic Superstore,8144582,"KELLOGG'S JUMBO CEREAL, 700 G-1.05 KG",9.0,2026-09-24T00:00:00-04:00,2026-09-30T23:59:59-04:00
Atlantic Superstore,8144582,"T&T COCONUT MILK, 398 ML",1.88,2026-09-24T00:00:00-04:00,2026-09-30T23:59:59-04:00
Atlantic Superstore,8144582,"CREAM OF WHEAT INSTANT OR RICH IN 3 MINUTES HOT CEREAL, 336-800 G",4.0,2026-09-24T00:00:00-04:00,2026-09-30T23:59:59-04:00
Atlantic Superstore,8144582,"GENERAL MILLS NATURE VALLEY PROTEIN GRANOLA POUCHES, 310-312 G OR CHEX PREMIUM CEREAL, 340-360 G",4.5,2026-09-24T00:00:00-04:00,2026-09-30T23:59:59-04:00
Atlantic Superstore,8144582,"Q-TIPS COTTON SWABS, 300-500'S",4.5,2026-09-24T00:00:00-04:00,2026-09-30T23:59:59-04:00
Atlantic Superstore,8144582,"CAVENDISH FARMS FRIES, WEDGES, HASH BROWNS, POTATO TOTS OR ONION RINGS, 400-750 G",3.0,2026-09-24T00:00:00-04:00,2026-09-30T23:59:59-04:00
Atlantic Superstore,8144582,"GUACAMOLE, 255 G OR PICO DE GALLO SALSA, 187 G",6.0,2026-09-24T00:00:00-04:00,2026-09-30T23:59:59-04:00
Atlantic Superstore,8144582,LESLEY STOWE RAINCOAST CRISPS 150 G OR WILDLY DELICIOUS JELLY 185 ML,6.0,2026-09-24T00:00:00-04:00,2026-09-30T23:59:59-04:00
Atlantic Superstore,8144582,"LITTLE BELLIES PICK-ME STICKS, 16 G",7.0,2026-09-24T00:00:00-04:00,2026-09-30T23:59:59-04:00
Atlantic Superstore,8144582,"CARNATION HOT CHOCOLATE, 400/450 G, TAZO CONCENTRATES, 946 ML OR TORANI COFFEE SYRUP, 375 ML",6.5,2026-09-24T00:00:00-04:00,2026-09-30T23:59:59-04:00
Atlantic Superstore,8144582,"MILK CHOCOLATE COVERED PRETZELS, 220 G",9.0,2026-09-24T00:00:00-04:00,2026-09-30T23:59:59-04:00
Atlantic Superstore,8144582,"PC® SEAFOOD BAKE & SERVE DIP, 360 G",9.0,2026-09-24T00:00:00-04:00,2026-09-30T23:59:59-04:00
Atlantic Superstore,8144582,"OÎKOS®, 750 G",7.49,2026-09-24T00:00:00-04:00,2026-09-30T23:59:59-04:00
Atlantic Superstore,8144582,"MONSIEUR GUSTAV CHEDDAR CHEESE, 200 G - 250 G",7.0,2026-09-24T00:00:00-04:00,2026-09-30T23:59:59-04:00
Atlantic Superstore,8144582,"PC® MAX™ PAPER TOWELS, 3=6 ROLLS",7.0,2026-09-24T00:00:00-04:00,2026-09-30T23:59:59-04:00
Atlantic Superstore,8144582,"COTTONELLE ULTRA CLEAN OR ULTRA COMFORT TOILET PAPER, 12'S",17.0,2026-09-24T00:00:00-04:00,2026-09-30T23:59:59-04:00
Atlantic Superstore,8144582,EVERYDAY ESSENTIALS™ 12 CUP COFFEE MAKER,30.0,2026-09-24T00:00:00-04:00,2026-09-30T23:59:59-04:00
Atlantic Superstore,8144582,NO NAME® CANOLA OIL COOKING SPRAY CLUB SIZE 400 G OR BERTOLLI OLIVE OIL SPRAY 155 ML,6.0,2026-09-24T00:00:00-04:00,2026-09-30T23:59:59-04:00
Atlantic Superstore,8144582,"VEEBA SAUCES, 300 G",4.0,2026-09-24T00:00:00-04:00,2026-09-30T23:59:59-04:00
Atlantic Superstore,8144582,"BIG FOOT JUBES, 250 G",5.0,2026-09-24T00:00:00-04:00,2026-09-30T23:59:59-04:00
Atlantic Superstore,8144582,"HOSTESS SNACK CAKES, 121-206 G",3.0,2026-09-24T00:00:00-04:00,2026-09-30T23:59:59-04:00
Atlantic Superstore,8144582,"CHAPMAN'S PREMIUM ICE CREAM, FROZEN YOGURT, SORBET, 2 L OR SUPER NOVELTIES, 8-20'S",6.0,2026-09-24T00:00:00-04:00,2026-09-30T23:59:59-04:00
Atlantic Superstore,8144582,"COLGATE TOOTHPASTE, 52-95 ML OR MANUAL TOOTHBRUSH, 1 EA.",1.25,2026-09-24T00:00:00-04:00,2026-09-30T23:59:59-04:00
Atlantic Superstore,8144582,"OCEAN ANGEL WILD CAUGHT CALIFORNIA SQUID, 1 KG",12.0,2026-09-24T00:00:00-04:00,2026-09-30T23:59:59-04:00
Atlantic Superstore,8144582,"CREST PRO-HEALTH MOUTHWASH, 1 L OR CREST 3D WHITE BRILLIANCE TOOTHPASTE, 85 ML",6.0,2026-09-24T00:00:00-04:00,2026-09-30T23:59:59-04:00
Atlantic Superstore,8144582,"SIGGI'S SKYR OR IÖGO NANO BUBBLES, 4X100 G",3.0,2026-09-24T00:00:00-04:00,2026-09-30T23:59:59-04:00
Atlantic Superstore,8144582,"PURITAN STEWS OR FRASER FARMS, 410-425 G",2.5,2026-09-24T00:00:00-04:00,2026-09-30T23:59:59-04:00
Atlantic Superstore,8144582,"PROMISE GLUTEN-FREE BREAD, BUNS, PITAS, ENGLISH MUFFINS, ROLLS OR NAAN BREADS, 240-480 G",7.0,2026-09-24T00:00:00-04:00,2026-09-30T23:59:59-04:00
Atlantic Superstore,8144582,"HERSHEY'S CHIPITS, 200-270 G",5.0,2026-09-24T00:00:00-04:00,2026-09-30T23:59:59-04:00
Atlantic Superstore,8144582,"CRISPY CAKE RUSK, 550 G",5.5,2026-09-24T00:00:00-04:00,2026-09-30T23:59:59-04:00
Atlantic Superstore,8144582,"JAYONE SEASONED AND ROASTED SEAWEED, 120 G",9.98,2026-09-24T00:00:00-04:00,2026-09-30T23:59:59-04:00
Atlantic Superstore,8144582,"PLAIN OR EVERYTHING SOURDOUGH LOAF, 404/450 G",3.5,2026-09-24T00:00:00-04:00,2026-09-30T23:59:59-04:00
Atlantic Superstore,8144582,"CASHMERE BATHROOM TISSUE 12 DOUBLE ROLLS, SPONGETOWELS PAPER TOWELS 3=6 ROLLS OR SCOTTIES FACIAL TISSUE 6'S",7.0,2026-09-24T00:00:00-04:00,2026-09-30T23:59:59-04:00
Atlantic Superstore,8144582,"T&T TROPICAL CAKE, 180 G",1.98,2026-09-24T00:00:00-04:00,2026-09-30T23:59:59-04:00
Atlantic Superstore,8144582,BOOST READY TO DRINK SHAKES,12.5,2026-09-24T00:00:00-04:00,2026-09-30T23:59:59-04:00
Atlantic Superstore,8144582,"ALWAYS PADS, 7-92'S OR LINERS, 92-96'S",12.0,2026-09-24T00:00:00-04:00,2026-09-30T23:59:59-04:00
Atlantic Superstore,8144582,"OIKOS®, 4 X 95 G, 4 X 100 G",3.99,2026-09-24T00:00:00-04:00,2026-09-30T23:59:59-04:00
Atlantic Superstore,8144582,"CRISCO SHORTENING, 454 G",4.0,2026-09-24T00:00:00-04:00,2026-09-30T23:59:59-04:00
Atlantic Superstore,8144582,"FARMER'S MARKET™ RED ONIONS, 3 LB",4.0,2026-09-24T00:00:00-04:00,2026-09-30T23:59:59-04:00
Atlantic Superstore,8144582,"CAMPBELL'S CHUNKY OR READY TO SERVE SOUP, 510/515 ML",5.0,2026-09-24T00:00:00-04:00,2026-09-30T23:59:59-04:00
Atlantic Superstore,8144582,"PC® SHRIMP APPETIZERS, 294-454 G",12.0,2026-09-24T00:00:00-04:00,2026-09-30T23:59:59-04:00
Atlantic Superstore,8144582,"FARMER'S MARKET™ SWEET CORN, 5'S",5.5,2026-09-24T00:00:00-04:00,2026-09-30T23:59:59-04:00
Atlantic Superstore,8144582,"NO NAME® SMOKIES OR LARSEN WIENERS, 900 G",9.0,2026-09-24T00:00:00-04:00,2026-09-30T23:59:59-04:00
Atlantic Superstore,8144582,"NATURSOURCE SALAD TOPPERS, 450-625 G",12.0,2026-09-24T00:00:00-04:00,2026-09-30T23:59:59-04:00
Atlantic Superstore,8144582,"NO NAME® BIRCH CUTLERY MIX OR FORKS, 150'S",8.0,2026-09-24T00:00:00-04:00,2026-09-30T23:59:59-04:00
Atlantic Superstore,8144582,HALLOWEEN MUGS,8.0,2026-09-24T00:00:00-04:00,2026-09-30T23:59:59-04:00
Atlantic Superstore,8144582,DOZEN ROSES,25.0,2026-09-24T00:00:00-04:00,2026-09-30T23:59:59-04:00
Atlantic Superstore,8144582,"ACTIVIA®, 650 G",3.5,2026-09-24T00:00:00-04:00,2026-09-30T23:59:59-04:00
Atlantic Superstore,8144582,BRUSSEL SPROUTS,3.5,2026-09-24T00:00:00-04:00,2026-09-30T23:59:59-04:00
Atlantic Superstore,8144582,"ASPIRIN, 100/120'S, ALEVE, 40-100'S, ALEVE-X, 72 G, TYLENOL, 72-150'S, MOTRIN, 60/150'S PAIN RELIEF TABLETS, CAPLETS, GELS OR RUB",15.0,2026-09-24T00:00:00-04:00,2026-09-30T23:59:59-04:00
Atlantic Superstore,8144582,"PC SMOKED SALMON, 150 G",11.5,2026-09-24T00:00:00-04:00,2026-09-30T23:59:59-04:00
Atlantic Superstore,8144582,"GRAIN BREADS, 383/450 G",3.5,2026-09-24T00:00:00-04:00,2026-09-30T23:59:59-04:00
Atlantic Superstore,8144582,"T&T ALOE VERA DRINK, 1.5 L",2.88,2026-09-24T00:00:00-04:00,2026-09-30T23:59:59-04:00
Atlantic Superstore,8144582,"FINISH DISHWASHING TABS, 60-112'S",20.0,2026-09-24T00:00:00-04:00,2026-09-30T23:59:59-04:00
Atlantic Superstore,8144582,"VAN HOUTTE K-CUP PODS, 30'S",25.0,2026-09-24T00:00:00-04:00,2026-09-30T23:59:59-04:00
Atlantic Superstore,8144582,"PC® SALSA, 300 G/430 ML OR GUACAMOLE, 227/228 G",5.0,2026-09-24T00:00:00-04:00,2026-09-30T23:59:59-04:00
Atlantic Superstore,8144582,NO NAME® CONTAINERS,4.0,2026-09-24T00:00:00-04:00,2026-09-30T23:59:59-04:00
Atlantic Superstore,8144582,"PARLE-G ORIGINAL BISCUITS, 300 G or HIDE & SEEK FAB COOKIES, 112 G",1.0,2026-09-24T00:00:00-04:00,2026-09-30T23:59:59-04:00
Atlantic Superstore,8144582,"MULTI-SURFACE CLEANER SPRAY LAVENDER TEA TREE, 740 ML",3.99,2026-09-24T00:00:00-04:00,2026-09-30T23:59:59-04:00
Atlantic Superstore,8144582,"OIKOS® PRO™, 650 G",7.49,2026-09-24T00:00:00-04:00,2026-09-30T23:59:59-04:00
Atlantic Superstore,8144582,"HALDIRAM'S SNACKS, 90/150 G",6.0,2026-09-24T00:00:00-04:00,2026-09-30T23:59:59-04:00
Atlantic Superstore,8144582,"DORITOS TORTILLA CHIPS, 210/235 G",8.0,2026-09-24T00:00:00-04:00,2026-09-30T23:59:59-04:00
Atlantic Superstore,8144582,"NANAK DESI GHEE, 1.6 KG",23.0,2026-09-24T00:00:00-04:00,2026-09-30T23:59:59-04:00
Atlantic Superstore,8144582,"MTR READY TO EAT MEALS, 300 G",2.49,2026-09-24T00:00:00-04:00,2026-09-30T23:59:59-04:00
Atlantic Superstore,8144582,NAPA CABBAGE,1.5,2026-09-24T00:00:00-04:00,2026-09-30T23:59:59-04:00
Atlantic Superstore,8144582,"HUGGIES PULL-UPS TRAINING PANTS, SIZES 2T-7T, 42-74'S",28.0,2026-09-24T00:00:00-04:00,2026-09-30T23:59:59-04:00
Atlantic Superstore,8144582,"HUGGIES LITTLE SNUGGLERS, LITTLE MOVERS, OVERNITES OR SNUG & DRY DIAPERS, 6-208'S",35.0,2026-09-24T00:00:00-04:00,2026-09-30T23:59:59-04:00
Atlantic Superstore,8144582,ENGLISH CUCUMBERS,1.5,2026-09-24T00:00:00-04:00,2026-09-30T23:59:59-04:00
Atlantic Superstore,8144582,"DISHWASHING LIQUID FRAGRANCE FREE, 740 ML",3.99,2026-09-24T00:00:00-04:00,2026-09-30T23:59:59-04:00
Atlantic Superstore,8144582,"PC® CHOPPED SALAD KITS, 282-396 G",5.5,2026-09-24T00:00:00-04:00,2026-09-30T23:59:59-04:00
Atlantic Superstore,8144582,5 INCH ORCHID,28.0,2026-09-24T00:00:00-04:00,2026-09-30T23:59:59-04:00
Atlantic Superstore,8144582,"NESTLÉ AERO, KITKAT, COFFEE CRISP, MIRAGE, ROLO, SMARTIES OR KitKat CHUNKY CHOCOLATE BARS, 4'S/168-208 G",5.5,2026-09-24T00:00:00-04:00,2026-09-30T23:59:59-04:00
Atlantic Superstore,8144582,"JANES FISH FILLETS, 450-590 G",10.99,2026-09-24T00:00:00-04:00,2026-09-30T23:59:59-04:00
Atlantic Superstore,8144582,GRADE A DUCK,4.28,2026-09-24T00:00:00-04:00,2026-09-30T23:59:59-04:00
Atlantic Superstore,8144582,"GOLDSEAL SALMON BOWLS, 160 G",4.5,2026-09-24T00:00:00-04:00,2026-09-30T23:59:59-04:00
Atlantic Superstore,8144582,PC® EXTRA LARGE GREEN OR RED SEEDLESS GRAPES,4.5,2026-09-24T00:00:00-04:00,2026-09-30T23:59:59-04:00
Atlantic Superstore,8144582,"YOPLAIT YOP DRINKABLE YOGURT, 200 ML",1.19,2026-09-24T00:00:00-04:00,2026-09-30T23:59:59-04:00
Atlantic Superstore,8144582,"SUNFLOWERS, 5 STEM",10.0,2026-09-24T00:00:00-04:00,2026-09-30T23:59:59-04:00
Atlantic Superstore,8144582,"REYNOLDS PARCHMENT PAPER, 35 FT",5.0,2026-09-24T00:00:00-04:00,2026-09-30T23:59:59-04:00
Atlantic Superstore,8144582,"BASA STEAKS OR CHUB MACKEREL, 1 KG",8.0,2026-09-24T00:00:00-04:00,2026-09-30T23:59:59-04:00
Atlantic Superstore,8144582,PORK SHOULDER PICNIC SPLIT,3.5,2026-09-24T00:00:00-04:00,2026-09-30T23:59:59-04:00
Atlantic Superstore,8144582,"VASELINE BODY LOTION, 222 ML, 400-600 ML",9.0,2026-09-24T00:00:00-04:00,2026-09-30T23:59:59-04:00
Atlantic Superstore,8144582,PC® SHREDDED OR CRUMBLED CHEESE 250-320 G OR BLACK DIAMOND CHEESE BARS OR SHREDDED CHEESE 300-400 G,6.0,2026-09-24T00:00:00-04:00,2026-09-30T23:59:59-04:00
Atlantic Superstore,8144582,"NESTLÉ NIDO 1+ OR 3+ TODDLER NUTRITIONAL SUPPLEMENT, 850 G",24.0,2026-09-24T00:00:00-04:00,2026-09-30T23:59:59-04:00
Atlantic Superstore,8144582,"JOHNSON'S & JOHNSON'S, 400 ML, LIVE CLEAN, 300 ML OR DOVE BABY, 384 ML BABY NEEDS",6.0,2026-09-24T00:00:00-04:00,2026-09-30T23:59:59-04:00
Atlantic Superstore,8144582,"PAMPERS SWADDLERS, CRUISERS, PURE OR AMORE SUPER BIG PACK DIAPERS, SIZE N-8, 36-96'S",28.0,2026-09-24T00:00:00-04:00,2026-09-30T23:59:59-04:00
Atlantic Superstore,8144582,"QUE PASA ROLLED OR DIPPERS TORTILLA CHIPS, 170-184 G",5.0,2026-09-24T00:00:00-04:00,2026-09-30T23:59:59-04:00
Atlantic Superstore,8144582,"MAGGI MASALA NOODLES, 280 G",1.5,2026-09-24T00:00:00-04:00,2026-09-30T23:59:59-04:00
Atlantic Superstore,8144582,"RAW CASHEWS, 250 G",9.0,2026-09-24T00:00:00-04:00,2026-09-30T23:59:59-04:00
Atlantic Superstore,8144582,"HUGGIES 1X BABY WIPES, 56-64'S",2.0,2026-09-24T00:00:00-04:00,2026-09-30T23:59:59-04:00
Atlantic Superstore,8144582,"MILLIE MOON LUXURY TRAINING PANTS, 46-72'S",25.0,2026-09-24T00:00:00-04:00,2026-09-30T23:59:59-04:00
Atlantic Superstore,8144582,"PEDIASURE NUTRITIONAL SUPPLEMENT, 4X235 ML OR PEDIALYTE ELECTROLYTE DRINK, 1 L",18.0,2026-09-24T00:00:00-04:00,2026-09-30T23:59:59-04:00
Atlantic Superstore,8144582,"GERBER GRADUATES MEALS OR SNACKS, 155-192 G",7.0,2026-09-24T00:00:00-04:00,2026-09-30T23:59:59-04:00
FreshCo,8142490,Nestlé Parlour Frozen Desserts 1.5 L or Novelties 12 pk,3.49,2026-09-24T00:00:00-04:00,2026-09-30T23:59:59-04:00
FreshCo,8142490,"Sweet Potato Product of Canada, Canada No. 1, 3.24/kg",1.47,2026-09-24T00:00:00-04:00,2026-09-30T23:59:59-04:00
FreshCo,8142490,Dempster's Tortillas or Flatbreads,3.77,2026-09-24T00:00:00-04:00,2026-09-30T23:59:59-04:00
FreshCo,8142490,Compliments or Compliments Balance Meatballs,9.97,2026-09-24T00:00:00-04:00,2026-09-30T23:59:59-04:00
FreshCo,8142490,Piller's Meat Sticks 300-500 g,8.0,2026-09-24T00:00:00-04:00,2026-09-30T23:59:59-04:00
FreshCo,8142490,Italpasta,2.27,2026-09-24T00:00:00-04:00,2026-09-30T23:59:59-04:00
FreshCo,8142490,Kellogg's Core Bars,2.49,2026-09-24T00:00:00-04:00,2026-09-30T23:59:59-04:00
FreshCo,8142490,Crave Frozen Meals,3.99,2026-09-24T00:00:00-04:00,2026-09-30T23:59:59-04:00
FreshCo,8142490,COMPLIMENTS White or Whole Wheat Bread 570 g or English Muffins 342 g,2.0,2026-09-24T00:00:00-04:00,2026-09-30T23:59:59-04:00
FreshCo,8142490,Mutti Passata,3.97,2026-09-24T00:00:00-04:00,2026-09-30T23:59:59-04:00
FreshCo,8142490,Eggplant or Zucchini,1.97,2026-09-24T00:00:00-04:00,2026-09-30T23:59:59-04:00
FreshCo,8142490,Kraft Cheese Slices,3.99,2026-09-24T00:00:00-04:00,2026-09-30T23:59:59-04:00
FreshCo,8142490,"Hunt's Tomato Paste 156 mL, Old El Paso or Taco Bell Seasonings 24-28 g",5.0,2026-09-24T00:00:00-04:00,2026-09-30T23:59:59-04:00
FreshCo,8142490,Siwin Potstickers or Dumplings - FreshCo Mid-Autumn,3.98,2026-09-24T00:00:00-04:00,2026-09-30T23:59:59-04:00
FreshCo,8142490,Takis 190-280 g,2.25,2026-09-24T00:00:00-04:00,2026-09-30T23:59:59-04:00
FreshCo,8142490,Compliments Fruit Cups 4 pk reg,5.0,2026-09-24T00:00:00-04:00,2026-09-30T23:59:59-04:00
FreshCo,8142490,Maple Leaf or Schneiders Smoked Ham 600-700 g,9.97,2026-09-24T00:00:00-04:00,2026-09-30T23:59:59-04:00
FreshCo,8142490,Royal Nuts Roasted Almonds or Mixed Nuts,10.99,2026-09-24T00:00:00-04:00,2026-09-30T23:59:59-04:00
FreshCo,8142490,Betty Crocker Cake Mix 375-404 g or Frosting 340-450 g,1.97,2026-09-24T00:00:00-04:00,2026-09-30T23:59:59-04:00
FreshCo,8142490,Kellogg's Eggo Waffles,2.99,2026-09-24T00:00:00-04:00,2026-09-30T23:59:59-04:00
FreshCo,8142490,Nescafé Rich Instant Coffee 100-170 g or Nescafé Gold Instant Coffee 90-100 g,6.44,2026-09-24T00:00:00-04:00,2026-09-30T23:59:59-04:00
FreshCo,8142490,Splenda Stevia or Monk Fruit Sweetener Selected Varieties,10.47,2026-09-24T00:00:00-04:00,2026-09-30T23:59:59-04:00
FreshCo,8142490,Lantic or Rogers Sugar,2.97,2026-09-24T00:00:00-04:00,2026-09-30T23:59:59-04:00
FreshCo,8142490,Lady Speed Stick 45-70 g or Mennen Speed Stick Deodorant or Antiperspirant 76-85 g Selected Varieties,3.99,2026-09-24T00:00:00-04:00,2026-09-30T23:59:59-04:00
FreshCo,8142490,Doritos 210-280 g or Ruffles 180-200 g,7.0,2026-09-24T00:00:00-04:00,2026-09-30T23:59:59-04:00
FreshCo,8142490,Parle-G Biscuits 300 g,0.99,2026-09-24T00:00:00-04:00,2026-09-30T23:59:59-04:00
FreshCo,8142490,Happy Dairy Paneer,4.49,2026-09-24T00:00:00-04:00,2026-09-30T23:59:59-04:00
FreshCo,8142490,Sapporo Ichiban Noodles - FreshCo Mid-Autumn,4.98,2026-09-24T00:00:00-04:00,2026-09-30T23:59:59-04:00
FreshCo,8142490,Frozen Grade A Turkey 5-9 kg 3.90/kg,1.77,2026-09-24T00:00:00-04:00,2026-09-30T23:59:59-04:00
FreshCo,8142490,Green Seedless Grapes,2.77,2026-09-24T00:00:00-04:00,2026-09-30T23:59:59-04:00
FreshCo,8142490,Handi Extra Long Basmati Rice 4.5 kg,9.99,2026-09-24T00:00:00-04:00,2026-09-30T23:59:59-04:00
FreshCo,8142490,Regular or Indian Okra,3.97,2026-09-24T00:00:00-04:00,2026-09-30T23:59:59-04:00
FreshCo,8142490,Eagle Brand Condensed Milk 300 mL,3.47,2026-09-24T00:00:00-04:00,2026-09-30T23:59:59-04:00
FreshCo,8142490,Kiwi Fruit 454 g Product of New Zealand or Compliments Clementines 2 lb Product of South Africa 907 g,4.97,2026-09-24T00:00:00-04:00,2026-09-30T23:59:59-04:00
FreshCo,8142490,"Butternut, Acorn, Buttercup or Spaghetti Squash",1.27,2026-09-24T00:00:00-04:00,2026-09-30T23:59:59-04:00
FreshCo,8142490,Red Onions,6.97,2026-09-24T00:00:00-04:00,2026-09-30T23:59:59-04:00
FreshCo,8142490,Club House Pure Vanilla Extract,5.97,2026-09-24T00:00:00-04:00,2026-09-30T23:59:59-04:00
FreshCo,8142490,Royal Nuts Roasted Cashews 350 g,11.99,2026-09-24T00:00:00-04:00,2026-09-30T23:59:59-04:00
FreshCo,8142490,Spinach Bunch or Methi Bunch,1.97,2026-09-24T00:00:00-04:00,2026-09-30T23:59:59-04:00
FreshCo,8142490,Surati Snacks,2.49,2026-09-24T00:00:00-04:00,2026-09-30T23:59:59-04:00
FreshCo,8142490,CP Authentic Asia Frozen Meals - FreshCo Mid-Autumn,4.98,2026-09-24T00:00:00-04:00,2026-09-30T23:59:59-04:00
FreshCo,8142490,Cilantro or Mint Bunch Product of Canada,1.27,2026-09-24T00:00:00-04:00,2026-09-30T23:59:59-04:00
FreshCo,8142490,Aman's Brown Sugar Raw Coarse 4.5 kg,8.99,2026-09-24T00:00:00-04:00,2026-09-30T23:59:59-04:00
FreshCo,8142490,Deep Paratha or Naan,2.99,2026-09-24T00:00:00-04:00,2026-09-30T23:59:59-04:00
FreshCo,8142490,Brar's Desi Ghee,14.97,2026-09-24T00:00:00-04:00,2026-09-30T23:59:59-04:00
FreshCo,8142490,Frooti Mango Juice,2.29,2026-09-24T00:00:00-04:00,2026-09-30T23:59:59-04:00
FreshCo,8142490,Brooke Bond Red Label Loose Tea,11.99,2026-09-24T00:00:00-04:00,2026-09-30T23:59:59-04:00
FreshCo,8142490,Lee Kum Kee Sriracha Mayo or Honey Sriracha Sauce - FreshCo Mid-Autumn,5.48,2026-09-24T00:00:00-04:00,2026-09-30T23:59:59-04:00
FreshCo,8142490,Giuseppe Thin Crust Pizza 439-540 g or Rising Crust Pizza 660-785 g,5.99,2026-09-24T00:00:00-04:00,2026-09-30T23:59:59-04:00
FreshCo,8142490,Royal Nuts Roasted Pumpkin Seeds,6.99,2026-09-24T00:00:00-04:00,2026-09-30T23:59:59-04:00
FreshCo,8142490,Coca-Cola Soft Drinks Mini Cans 6x222 mL,4.27,2026-09-24T00:00:00-04:00,2026-09-30T23:59:59-04:00
FreshCo,8142490,Nutella Hazelnut or Peanut Spread 375 g,4.49,2026-09-24T00:00:00-04:00,2026-09-30T23:59:59-04:00
FreshCo,8142490,Strawberries,5.97,2026-09-24T00:00:00-04:00,2026-09-30T23:59:59-04:00
FreshCo,8142490,Pillsbury Pizza Pops,2.99,2026-09-24T00:00:00-04:00,2026-09-30T23:59:59-04:00
FreshCo,8142490,Kellogg's Cheez-It Crackers or Pringles Super Stacks Chips,2.49,2026-09-24T00:00:00-04:00,2026-09-30T23:59:59-04:00
FreshCo,8142490,Dr. Oetker Giuseppe Stuffed Crust 685-771 g or Suprema Pizza 455-525 g,6.99,2026-09-24T00:00:00-04:00,2026-09-30T23:59:59-04:00
FreshCo,8142490,Yoplait Yogurt,6.5,2026-09-24T00:00:00-04:00,2026-09-30T23:59:59-04:00
FreshCo,8142490,"Crest Scope Mouthwash 1 L, Pro-Health Rinse 500 mL, Gum Care Toothpaste 63 mL or Oral-B Charcoal Toothbrush 1 pk Selected Varieties",4.97,2026-09-24T00:00:00-04:00,2026-09-30T23:59:59-04:00
FreshCo,8142490,Lou's Kitchen Quick-n-Easy Entrées 400 g,9.97,2026-09-24T00:00:00-04:00,2026-09-30T23:59:59-04:00
FreshCo,8142490,Finish Autodish Tabs,20.99,2026-09-24T00:00:00-04:00,2026-09-30T23:59:59-04:00
FreshCo,8142490,Campbell's Soup 284 mL Selected Varieties,1.77,2026-09-24T00:00:00-04:00,2026-09-30T23:59:59-04:00
FreshCo,8142490,Pepsi Soft Drinks,12.97,2026-09-24T00:00:00-04:00,2026-09-30T23:59:59-04:00
FreshCo,8142490,Compliments Raisin Bread,3.47,2026-09-24T00:00:00-04:00,2026-09-30T23:59:59-04:00
FreshCo,8142490,Tim Hortons Ground Coffee 300 g or Single Serve K-Cups 10-12 pk,11.99,2026-09-24T00:00:00-04:00,2026-09-30T23:59:59-04:00
FreshCo,8142490,Classico Pasta Sauce,3.47,2026-09-24T00:00:00-04:00,2026-09-30T23:59:59-04:00
FreshCo,8142490,Compliments Cooked Shrimp with Cocktail Sauce Frozen 737 g or Newfoundland & Labrador Wild Snow Crab Clusters Frozen 454 g,17.97,2026-09-24T00:00:00-04:00,2026-09-30T23:59:59-04:00
FreshCo,8142490,Christie Family Size Cookies Selected Varieties 285-500 g,4.47,2026-09-24T00:00:00-04:00,2026-09-30T23:59:59-04:00
FreshCo,8142490,"The Little Potato Co. Little Yellows, Reds or Trios Potatoes",6.0,2026-09-24T00:00:00-04:00,2026-09-30T23:59:59-04:00
FreshCo,8142490,Powerade 710 mL or Peace Tea 695 mL,0.97,2026-09-24T00:00:00-04:00,2026-09-30T23:59:59-04:00
FreshCo,8142490,"Colgate Total Toothpaste 70-150 mL, Optic White Toothpaste 90 mL or 360 Toothbrush 1 pk",3.47,2026-09-24T00:00:00-04:00,2026-09-30T23:59:59-04:00
FreshCo,8142490,"Oasis, Del Monte or Arizona Iced Tea Drink Boxes 8x200 mL",3.49,2026-09-24T00:00:00-04:00,2026-09-30T23:59:59-04:00
FreshCo,8142490,Yoplait Source Tubs,2.99,2026-09-24T00:00:00-04:00,2026-09-30T23:59:59-04:00
FreshCo,8142490,Compliments Deli Meats 175 g,3.47,2026-09-24T00:00:00-04:00,2026-09-30T23:59:59-04:00
FreshCo,8142490,Whiskas or Sheba Singles,1.29,2026-09-24T00:00:00-04:00,2026-09-30T23:59:59-04:00
FreshCo,8142490,Fleecy Fabric Softener 1.36 L Or Dryer Sheets 80 pk or Palmolive Ez-Pump Dish Liquid 828 mL,4.99,2026-09-24T00:00:00-04:00,2026-09-30T23:59:59-04:00
FreshCo,8142490,Robin Hood Flour 2.5 kg,5.47,2026-09-24T00:00:00-04:00,2026-09-30T23:59:59-04:00
FreshCo,8142490,Casa di Mama 395-410 g or Ristorante Pizza 320-390 g,4.49,2026-09-24T00:00:00-04:00,2026-09-30T23:59:59-04:00
FreshCo,8142490,Hershey's Chipits 200-270 g,5.47,2026-09-24T00:00:00-04:00,2026-09-30T23:59:59-04:00
FreshCo,8142490,Quaker Muffin or Cookie Mix 900 g or Quaker Oat Flour 700 g,4.77,2026-09-24T00:00:00-04:00,2026-09-30T23:59:59-04:00
FreshCo,8142490,"Compliments Marinated Pork Chops, Kabobs, Breakfast or Dinner Sausages",3.97,2026-09-24T00:00:00-04:00,2026-09-30T23:59:59-04:00
FreshCo,8142490,I Can't Believe It's Not Butter!,1.99,2026-09-24T00:00:00-04:00,2026-09-30T23:59:59-04:00
FreshCo,8142490,Gay Lea Butter Salted or Unsalted,4.44,2026-09-24T00:00:00-04:00,2026-09-30T23:59:59-04:00
FreshCo,8142490,Lays Snacks,1.97,2026-09-24T00:00:00-04:00,2026-09-30T23:59:59-04:00
FreshCo,8142490,"Frito-Lay Value Size Potato Chips, Tortilla Chips, Snacks or Popcorn",4.97,2026-09-24T00:00:00-04:00,2026-09-30T23:59:59-04:00
FreshCo,8142490,Maynards Candy 100-154 g or Cadbury Chocolate Bars 90-105 g Selected Varieties,2.47,2026-09-24T00:00:00-04:00,2026-09-30T23:59:59-04:00
FreshCo,8142490,Grape Tomatoes or Mini Seedless Cucumbers,1.97,2026-09-24T00:00:00-04:00,2026-09-30T23:59:59-04:00
FreshCo,8142490,Avocados 5 pk or Product of Mexico or Compliments Sweet Bell Peppers 3 pk Product of Canada,2.97,2026-09-24T00:00:00-04:00,2026-09-30T23:59:59-04:00
FreshCo,8142490,Clover Leaf Skipjack 170 g or Flavoured Tuna 85 g,1.75,2026-09-24T00:00:00-04:00,2026-09-30T23:59:59-04:00
FreshCo,8142490,Campbell's Soups Tomato or Chicken Noodle,0.95,2026-09-24T00:00:00-04:00,2026-09-30T23:59:59-04:00
FreshCo,8142490,Allen's 8x200 mL or Kiju Organic 100% Juice Boxes 4x200 mL,2.97,2026-09-24T00:00:00-04:00,2026-09-30T23:59:59-04:00
FreshCo,8142490,Smucker's Uncrustables Sandwiches 4x52 g or 4x58 g,3.99,2026-09-24T00:00:00-04:00,2026-09-30T23:59:59-04:00
FreshCo,8142490,Unico Beans or Tomatoes,1.77,2026-09-24T00:00:00-04:00,2026-09-30T23:59:59-04:00
FreshCo,8142490,Cauliflower,3.97,2026-09-24T00:00:00-04:00,2026-09-30T23:59:59-04:00
FreshCo,8142490,Compliments Mini Muffins 336 g or Mini Tarts 360 g,5.0,2026-09-24T00:00:00-04:00,2026-09-30T23:59:59-04:00
FreshCo,8142490,Maple Leaf Natural Selections,11.97,2026-09-24T00:00:00-04:00,2026-09-30T23:59:59-04:00
FreshCo,8142490,Pomegranates,3.47,2026-09-24T00:00:00-04:00,2026-09-30T23:59:59-04:00
FreshCo,8142490,"Tide Liquid Detergent 946 mL-1 L, Downy Beads 1411 g or Tide Pods 16 pk",5.99,2026-09-24T00:00:00-04:00,2026-09-30T23:59:59-04:00
FreshCo,8142490,Softsoap Hand Soap 332 mL or Irish Spring Soap Bars 3 pk,3.99,2026-09-24T00:00:00-04:00,2026-09-30T23:59:59-04:00
FreshCo,8142490,Brar's Samosas 624 g Selected Varieties,5.99,2026-09-24T00:00:00-04:00,2026-09-30T23:59:59-04:00
FreshCo,8142490,Brar's Rasmalai,9.99,2026-09-24T00:00:00-04:00,2026-09-30T23:59:59-04:00
FreshCo,8142490,Aman's Lentils,4.99,2026-09-24T00:00:00-04:00,2026-09-30T23:59:59-04:00
FreshCo,8142490,Y&Y Lengths Egg Noodles or 3-Minute Chow Mein - FreshCo Mid-Autumn,1.68,2026-09-24T00:00:00-04:00,2026-09-30T23:59:59-04:00
FreshCo,8142490,Lee Kum Kee Pure Sesame Oil 445 mL - FreshCo Mid-Autumn,5.88,2026-09-24T00:00:00-04:00,2026-09-30T23:59:59-04:00
FreshCo,8142490,Mars Singles Chocolate Bars 30-57 g Selected Varieties,1.0,2026-09-24T00:00:00-04:00,2026-09-30T23:59:59-04:00
FreshCo,8142490,Compliments Frozen Vegetables,4.0,2026-09-24T00:00:00-04:00,2026-09-30T23:59:59-04:00
FreshCo,8142490,Purina One Dog Food,29.99,2026-09-24T00:00:00-04:00,2026-09-30T23:59:59-04:00
FreshCo,8142490,Fleischmann's Yeast 113 g or E.D. Smith Pure Pumpkin 796 mL,4.47,2026-09-24T00:00:00-04:00,2026-09-30T23:59:59-04:00
FreshCo,8142490,E.D. Smith Pie Filling,5.27,2026-09-24T00:00:00-04:00,2026-09-30T23:59:59-04:00
FreshCo,8142490,Club House Artificial Vanilla Extract 125 mL,2.97,2026-09-24T00:00:00-04:00,2026-09-30T23:59:59-04:00
FreshCo,8142490,Compliments Chocolate Chips 225-270 g or Raisins 375 g,4.0,2026-09-24T00:00:00-04:00,2026-09-30T23:59:59-04:00
FreshCo,8142490,Fleischmann's Corn Starch,3.47,2026-09-24T00:00:00-04:00,2026-09-30T23:59:59-04:00
FreshCo,8142490,Twinkle Food Colouring 40 mL or Rainbow Beads 120 g,3.47,2026-09-24T00:00:00-04:00,2026-09-30T23:59:59-04:00
FreshCo,8142490,Compliments Pie Filling 540 mL,4.47,2026-09-24T00:00:00-04:00,2026-09-30T23:59:59-04:00
FreshCo,8142490,Shirakiku Edamame - FreshCo Mid-Autumn,1.88,2026-09-24T00:00:00-04:00,2026-09-30T23:59:59-04:00
FreshCo,8142490,Kellogg's Eggo Waffles,5.0,2026-09-24T00:00:00-04:00,2026-09-30T23:59:59-04:00
FreshCo,8142490,"Paula Red Apples 3 lb Product of Canada, Canada Fancy or Compliments Gravenstein Apples 3 lb Product of Canada, Canada Fancy",3.97,2026-09-24T00:00:00-04:00,2026-09-30T23:59:59-04:00
FreshCo,8142490,General Mills Family Size Cereal,4.99,2026-09-24T00:00:00-04:00,2026-09-30T23:59:59-04:00
FreshCo,8142490,Nestlé Carnation Hot Chocolate Canisters 400-450 g or Nesquik 540 g or 510-700 mL,4.97,2026-09-24T00:00:00-04:00,2026-09-30T23:59:59-04:00
FreshCo,8142490,"Roma Tomatoes, Iceberg Lettuce",2.47,2026-09-24T00:00:00-04:00,2026-09-30T23:59:59-04:00
FreshCo,8142490,Tenderflake Pure Lard,2.97,2026-09-24T00:00:00-04:00,2026-09-30T23:59:59-04:00
FreshCo,8142490,GoGo squeeZ,3.47,2026-09-24T00:00:00-04:00,2026-09-30T23:59:59-04:00
FreshCo,8142490,Aman's Suji Rusk,3.99,2026-09-24T00:00:00-04:00,2026-09-30T23:59:59-04:00
FreshCo,8142490,Krinos Fillo Twisters,7.99,2026-09-24T00:00:00-04:00,2026-09-30T23:59:59-04:00
FreshCo,8142490,Piller's Kolbassa,7.0,2026-09-24T00:00:00-04:00,2026-09-30T23:59:59-04:00
FreshCo,8142490,Best Buy Breaded Popcorn Shrimp or Squid Rings,10.0,2026-09-24T00:00:00-04:00,2026-09-30T23:59:59-04:00
FreshCo,8142490,Compliments Sliced Cheese 150-170 g or Camembert or Brie 175-200 g,5.0,2026-09-24T00:00:00-04:00,2026-09-30T23:59:59-04:00
FreshCo,8142490,Carrots or Yellow Onions,2.97,2026-09-24T00:00:00-04:00,2026-09-30T23:59:59-04:00
FreshCo,8142490,"MadeGood Organic Granola Bars, Minis or Crispy Squares 120-132 g",3.49,2026-09-24T00:00:00-04:00,2026-09-30T23:59:59-04:00
FreshCo,8142490,Always Ultra or Radiant Infinity Pads 20-40 pk or Liners 69-80 pk or Tampax Tampons 40 pk Selected Varieties,8.97,2026-09-24T00:00:00-04:00,2026-09-30T23:59:59-04:00
No Frills,8144433,"GALLO EXTRA VIRGIN OLIVE OIL, 750 mL/1 L",8.99,2026-09-24T00:00:00-04:00,2026-09-30T23:59:59-04:00
No Frills,8144433,"CATELLI GARDEN SELECT SAUCE, 600 mL",2.0,2026-09-24T00:00:00-04:00,2026-09-30T23:59:59-04:00
No Frills,8144433,"MAPLE LEAF VIENNA SAUSAGE, 113 g",1.5,2026-09-24T00:00:00-04:00,2026-09-30T23:59:59-04:00
No Frills,8144433,"COCK CHILLI SAUCES, 650/720 mL",3.88,2026-09-24T00:00:00-04:00,2026-09-30T23:59:59-04:00
No Frills,8144433,"SEAQUEST® SEAFOOD MEDLEY, 340 g",5.5,2026-09-24T00:00:00-04:00,2026-09-30T23:59:59-04:00
No Frills,8144433,"FARMER'S MARKET™ CARROTS or YELLOW ONIONS, 3 LB BAG",3.49,2026-09-24T00:00:00-04:00,2026-09-30T23:59:59-04:00
No Frills,8144433,"OLD EL PASO COMPONENTS, 94-334 g/113-398 mL",3.0,2026-09-24T00:00:00-04:00,2026-09-30T23:59:59-04:00
No Frills,8144433,JUMBO PUMPKINS,3.99,2026-09-24T00:00:00-04:00,2026-09-30T23:59:59-04:00
No Frills,8144433,"PURINA FRISKIES PARTY MIX CAT TREATS, 510 g",6.0,2026-09-24T00:00:00-04:00,2026-09-30T23:59:59-04:00
No Frills,8144433,"NO NAME® NATURALLY IMPERFECT™ GREEN or MIXED PEPPERS, 2.5 LB BAG",5.0,2026-09-24T00:00:00-04:00,2026-09-30T23:59:59-04:00
No Frills,8144433,"PC® ORGANICS BABY KING OYSTER MUSHROOMS 170 g, ENOKI 150 g or SHITAKE MUSHROOMS 100 g",4.99,2026-09-24T00:00:00-04:00,2026-09-30T23:59:59-04:00
No Frills,8144433,"JANES BONELESS CHICKEN BITES, TENDERS, FILLETS or CRISPY CHICKEN SANDWICH, 710-750 g",8.99,2026-09-24T00:00:00-04:00,2026-09-30T23:59:59-04:00
No Frills,8144433,"GAIN LIQUID 4.25 L or FLINGS 42's LAUNDRY DETERGENT, BEADS 598/680 g or DRYER SHEETS 240's",15.0,2026-09-24T00:00:00-04:00,2026-09-30T23:59:59-04:00
No Frills,8144433,"SCHNEIDERS or MAPLE LEAF HAM, 600/700 g",10.0,2026-09-24T00:00:00-04:00,2026-09-30T23:59:59-04:00
No Frills,8144433,BROCCOLI CROWNS,1.67,2026-09-24T00:00:00-04:00,2026-09-30T23:59:59-04:00
No Frills,8144433,JUMBO CARROTS,1.29,2026-09-24T00:00:00-04:00,2026-09-30T23:59:59-04:00
No Frills,8144433,"NONGSHIM PREMIUM NOODLES or NOODLE SOUP, 388-548 g",7.5,2026-09-24T00:00:00-04:00,2026-09-30T23:59:59-04:00
No Frills,8144433,"NO NAME® CHOCOLATE BAR, 100 g",2.0,2026-09-24T00:00:00-04:00,2026-09-30T23:59:59-04:00
No Frills,8144433,EVERYDAY ESSENTIALS™ 4.5 L PITCHER WITH 4 CUPS,5.0,2026-09-24T00:00:00-04:00,2026-09-30T23:59:59-04:00
No Frills,8144433,GINGER ROOT,2.49,2026-09-24T00:00:00-04:00,2026-09-30T23:59:59-04:00
No Frills,8144433,EVERYDAY ESSENTIALS™ 3 PIECE COOKIE SHEET SET,8.0,2026-09-24T00:00:00-04:00,2026-09-30T23:59:59-04:00
No Frills,8144433,STEELHEAD TROUT FILLET,10.0,2026-09-24T00:00:00-04:00,2026-09-30T23:59:59-04:00
No Frills,8144433,"OLD EL PASO SALSA, 650 mL",4.79,2026-09-24T00:00:00-04:00,2026-09-30T23:59:59-04:00
No Frills,8144433,"FRUTÉE FROZEN DESSERT BARS, 270 mL",7.88,2026-09-24T00:00:00-04:00,2026-09-30T23:59:59-04:00
No Frills,8144433,"PHILADELPHIA CREAM CHEESE, 450 g",5.99,2026-09-24T00:00:00-04:00,2026-09-30T23:59:59-04:00
No Frills,8144433,ROMA TOMATOES,1.99,2026-09-24T00:00:00-04:00,2026-09-30T23:59:59-04:00
No Frills,8144433,"ACORN, SPAGHETTI, BUTTERNUT or BUTTERCUP SQUASH",1.49,2026-09-24T00:00:00-04:00,2026-09-30T23:59:59-04:00
No Frills,8144433,"NESTLÉ MINI BARS or CANDIES, 485 g",9.99,2026-09-24T00:00:00-04:00,2026-09-30T23:59:59-04:00
No Frills,8144433,"KRAFT PEANUT BUTTER, 750 g/1 kg",5.97,2026-09-24T00:00:00-04:00,2026-09-30T23:59:59-04:00
No Frills,8144433,"SURAJ® NAAN FLATBREADS, 10's",4.5,2026-09-24T00:00:00-04:00,2026-09-30T23:59:59-04:00
No Frills,8144433,"CAMPBELL'S CHUNKY SOUP, 515 mL",2.0,2026-09-24T00:00:00-04:00,2026-09-30T23:59:59-04:00
No Frills,8144433,"BRAR SHER DURUM ATTA, 9.07 kg",11.99,2026-09-24T00:00:00-04:00,2026-09-30T23:59:59-04:00
No Frills,8144433,CANTALOUPE,4.99,2026-09-24T00:00:00-04:00,2026-09-30T23:59:59-04:00
No Frills,8144433,"BECEL MARGARINE, 637/800 g",6.99,2026-09-24T00:00:00-04:00,2026-09-30T23:59:59-04:00
No Frills,8144433,"PC® LITTLE GEMS™ RED, YELLOW or MIXED MINI POTATOES, 680 G",3.99,2026-09-24T00:00:00-04:00,2026-09-30T23:59:59-04:00
No Frills,8144433,"NANAK DAHI, 750 g",3.0,2026-09-24T00:00:00-04:00,2026-09-30T23:59:59-04:00
No Frills,8144433,"CASCADE DISHWASHER TABS, 51/67's",20.0,2026-09-24T00:00:00-04:00,2026-09-30T23:59:59-04:00
No Frills,8144433,PORK HALF LOIN,2.49,2026-09-24T00:00:00-04:00,2026-09-30T23:59:59-04:00
No Frills,8144433,RUTABAGAS,0.99,2026-09-24T00:00:00-04:00,2026-09-30T23:59:59-04:00
No Frills,8144433,CELERY,2.49,2026-09-24T00:00:00-04:00,2026-09-30T23:59:59-04:00
No Frills,8144433,"AROY-D COCONUT MILK, 400 mL",1.88,2026-09-24T00:00:00-04:00,2026-09-30T23:59:59-04:00
No Frills,8144433,"AVOCADOS, PKG OF 5",3.49,2026-09-24T00:00:00-04:00,2026-09-30T23:59:59-04:00
No Frills,8144433,"FARMER'S MARKET™ GRAVENSTEIN, PAULA RED or ROYAL GALA APPLES",4.99,2026-09-24T00:00:00-04:00,2026-09-30T23:59:59-04:00
No Frills,8144433,"CAVENDISH FARMS FRIES, 800 g",2.25,2026-09-24T00:00:00-04:00,2026-09-30T23:59:59-04:00
No Frills,8144433,"PC® GUAVA LEMONADE, 1.89 L",2.0,2026-09-24T00:00:00-04:00,2026-09-30T23:59:59-04:00
No Frills,8144433,WONDER BREAD 570/675 g or BUNS 8's,3.0,2026-09-24T00:00:00-04:00,2026-09-30T23:59:59-04:00
No Frills,8144433,LONG EGGPLANT,2.99,2026-09-24T00:00:00-04:00,2026-09-30T23:59:59-04:00
No Frills,8144433,"WHITE, RED or YELLOW POTATOES, 10 LB BAG",3.99,2026-09-24T00:00:00-04:00,2026-09-30T23:59:59-04:00
No Frills,8144433,"SCHNEIDERS LUNCH or SNACK KITS, 75-120 g",2.5,2026-09-24T00:00:00-04:00,2026-09-30T23:59:59-04:00
No Frills,8144433,"ATLANTIC BUTTER, 454 g",4.99,2026-09-24T00:00:00-04:00,2026-09-30T23:59:59-04:00
No Frills,8144433,"PC® WHOLE CREMINI or WHITE MUSHROOMS, 227 G",2.49,2026-09-24T00:00:00-04:00,2026-09-30T23:59:59-04:00
No Frills,8144433,"BLACKBERRIES OR RASPBERRIES, BLUEBERRIES 6 OZ CLAMSHELL or STRAWBERRIES, 1 LB CLAMSHELL",4.99,2026-09-24T00:00:00-04:00,2026-09-30T23:59:59-04:00
No Frills,8144433,ALCAN FOIL 50 ft or GLAD PLASTIC WRAP 60 m or REYNOLDS PARCHMENT PAPER 35 ft,2.99,2026-09-24T00:00:00-04:00,2026-09-30T23:59:59-04:00
No Frills,8144433,GREEN CABBAGE,0.99,2026-09-24T00:00:00-04:00,2026-09-30T23:59:59-04:00
No Frills,8144433,OKA 190 g or BALDERSON CHEDDAR CHEESE 250/280 g,7.0,2026-09-24T00:00:00-04:00,2026-09-30T23:59:59-04:00
No Frills,8144433,"HÄAGEN-DAZS ICE CREAM 414-450 mL or BARS 3/4's, NESTLÉ DRUMSTICK or CONES 4's",4.99,2026-09-24T00:00:00-04:00,2026-09-30T23:59:59-04:00
No Frills,8144433,PC® INSTANT COFFEE 80/100 g or NO NAME® CHOCOLATE or STRAWBERRY FLAVOURED SYRUP 510/700 mL,5.0,2026-09-24T00:00:00-04:00,2026-09-30T23:59:59-04:00
No Frills,8144433,"MARCANGELO DINNER OR BREAKFAST SAUSAGES, ROUNDS OR ITALIAN GRINDS, 250 - 500 g",3.5,2026-09-24T00:00:00-04:00,2026-09-30T23:59:59-04:00
No Frills,8144433,"MAYNARDS CANDY, 308 - 315 g",3.0,2026-09-24T00:00:00-04:00,2026-09-30T23:59:59-04:00
No Frills,8144433,LEE KUM KEE PURE SESAME OIL 445 mL or SOY SAUCE 1.9 L,5.88,2026-09-24T00:00:00-04:00,2026-09-30T23:59:59-04:00
No Frills,8144433,"NO NAME® EVAPORATED MILK, 354 mL",1.25,2026-09-24T00:00:00-04:00,2026-09-30T23:59:59-04:00
No Frills,8144433,CAULIFLOWER,3.99,2026-09-24T00:00:00-04:00,2026-09-30T23:59:59-04:00
No Frills,8144433,"OLD DUTCH POTATO CHIPS, CHEESE STICKS 720 g or PRINGLES POTATO CRISPS 456 g",12.99,2026-09-24T00:00:00-04:00,2026-09-30T23:59:59-04:00
No Frills,8144433,"CLUB HOUSE BLENDS or LA GRILLE SEASONING, 120-248 g",5.0,2026-09-24T00:00:00-04:00,2026-09-30T23:59:59-04:00
No Frills,8144433,"GREEN GIANT VEGETABLES, 283-750 g",3.5,2026-09-24T00:00:00-04:00,2026-09-30T23:59:59-04:00
No Frills,8144433,"KRAFT SINGLES, 410 g",4.0,2026-09-24T00:00:00-04:00,2026-09-30T23:59:59-04:00
No Frills,8144433,"QUAKER CRISPY MINIS or RICE CAKES, 90-199 g",2.5,2026-09-24T00:00:00-04:00,2026-09-30T23:59:59-04:00
No Frills,8144433,"TAST!EZ FROZEN SNACKS, 311 g",5.0,2026-09-24T00:00:00-04:00,2026-09-30T23:59:59-04:00
No Frills,8144433,"GOGO SQUEEZ FRUIT SAUCE, 4x90 g",3.0,2026-09-24T00:00:00-04:00,2026-09-30T23:59:59-04:00
No Frills,8144433,"PC® BLUE MENU® GROUND CHICKEN or MINCED TURKEY, 454 g",9.0,2026-09-24T00:00:00-04:00,2026-09-30T23:59:59-04:00
No Frills,8144433,"LA BAGUETTERIE MICHE, 600/800 g",5.0,2026-09-24T00:00:00-04:00,2026-09-30T23:59:59-04:00
No Frills,8144433,UNICO SOLID LIGHT TUNA 198 g or BEANS or LENTILS 540 mL,1.49,2026-09-24T00:00:00-04:00,2026-09-30T23:59:59-04:00
No Frills,8144433,"GRADE A LARGE EGGS, 12's",3.99,2026-09-24T00:00:00-04:00,2026-09-30T23:59:59-04:00
No Frills,8144433,"KELLOGG'S NUTRI-GRAIN BARS 295 g, POP-TARTS PASTRIES 384 g, RICE KRISPIES SQUARES 154/176 g or SPECIAL K CRISPY BARS 125 g",2.49,2026-09-24T00:00:00-04:00,2026-09-30T23:59:59-04:00
No Frills,8144433,"EAGLE BRAND SWEETENED CONDENSED MILK, 300 mL",3.49,2026-09-24T00:00:00-04:00,2026-09-30T23:59:59-04:00
No Frills,8144433,"PALM CORNED BEEF, 326 g",5.88,2026-09-24T00:00:00-04:00,2026-09-30T23:59:59-04:00
No Frills,8144433,"ROMAINE HEARTS, PKG OF 3",4.99,2026-09-24T00:00:00-04:00,2026-09-30T23:59:59-04:00
No Frills,8144433,OIKOS 650/750 g or ACTIVIA 12x100 g YOGURT,6.5,2026-09-24T00:00:00-04:00,2026-09-30T23:59:59-04:00
No Frills,8144433,"TIDE SIMPLY LIQUID LAUNDRY DETERGENT 2.72 L, FLEECY FABRIC SOFTENER 3.5 L or DRYER SHEETS 200's",7.99,2026-09-24T00:00:00-04:00,2026-09-30T23:59:59-04:00
No Frills,8144433,"PC® DISHWASHING LIQUID, 638/739 mL",1.0,2026-09-24T00:00:00-04:00,2026-09-30T23:59:59-04:00
No Frills,8144433,"NO NAME® FROZEN FRUIT 300/400 g, TENDERFLAKE PIE or TART SHELLS or PUFF PASTRY 255-397 g",3.0,2026-09-24T00:00:00-04:00,2026-09-30T23:59:59-04:00
No Frills,8144433,"UNICO TOMATO PASTE, 156 mL",1.0,2026-09-24T00:00:00-04:00,2026-09-30T23:59:59-04:00
No Frills,8144433,EVERYDAY ESSENTIALS™ SALAD SPINNER,8.0,2026-09-24T00:00:00-04:00,2026-09-30T23:59:59-04:00
No Frills,8144433,"PC® ORANGE JUICE, 2.5 L",7.0,2026-09-24T00:00:00-04:00,2026-09-30T23:59:59-04:00
No Frills,8144433,"IDAHOAN MASHED POTATOES, 113 g",1.5,2026-09-24T00:00:00-04:00,2026-09-30T23:59:59-04:00
No Frills,8144433,"ALLEN'S APPLE JUICE, CRANBERRY COCKTAIL or DEL MONTE ON ICE REFRESHER, 1.89 L",3.25,2026-09-24T00:00:00-04:00,2026-09-30T23:59:59-04:00
No Frills,8144433,"HEIWA SANUKI-STYLE UDON, 1.25 kg",4.48,2026-09-24T00:00:00-04:00,2026-09-30T23:59:59-04:00
No Frills,8144433,"SCHNEIDERS LUNCHMATE LUNCH KITS OR STACKERS, 75-120 g",2.5,2026-09-24T00:00:00-04:00,2026-09-30T23:59:59-04:00
No Frills,8144433,"FARMER'S MARKET™ MINI CUCUMBERS, PKG OF 6 or GRAPE TOMATOES, 283 G",2.99,2026-09-24T00:00:00-04:00,2026-09-30T23:59:59-04:00
No Frills,8144433,"CRAVE DINNER ENTRÉES, 200-340 g",3.0,2026-09-24T00:00:00-04:00,2026-09-30T23:59:59-04:00
No Frills,8144433,"PC® KETTLE COOKED CHIPS, 200 g",2.0,2026-09-24T00:00:00-04:00,2026-09-30T23:59:59-04:00
No Frills,8144433,"ARMSTRONG or PC® SHREDDED CHEESE 250-320 g, ARMSTRONG CHEESE 400 g",4.99,2026-09-24T00:00:00-04:00,2026-09-30T23:59:59-04:00
No Frills,8144433,"PC® LIGHTWEIGHT MULTI-CAT CLUMPING CAT LITTER, 3.86 kg",13.0,2026-09-24T00:00:00-04:00,2026-09-30T23:59:59-04:00
No Frills,8144433,"PC® GROUND or WHOLE BEAN COFFEE 800-930 g, PC® PODS 30's",20.0,2026-09-24T00:00:00-04:00,2026-09-30T23:59:59-04:00
No Frills,8144433,"MARCANGELO SOUVLAKI KABOBS, 480/640 g",14.0,2026-09-24T00:00:00-04:00,2026-09-30T23:59:59-04:00
No Frills,8144433,"GRASS-FED MEDIUM GROUND BEEF, 450 g",6.0,2026-09-24T00:00:00-04:00,2026-09-30T23:59:59-04:00
No Frills,8144433,BLACK PLUMS or PC® PLUMCOTS,2.99,2026-09-24T00:00:00-04:00,2026-09-30T23:59:59-04:00
No Frills,8144433,"RED, RUSSET or YELLOW POTATOES, 10 LB BAG",3.99,2026-09-24T00:00:00-04:00,2026-09-30T23:59:59-04:00
No Frills,8144433,"FLAMINGO OR CAVALIER FROZEN TURKEY, 3-9 kg",1.77,2026-09-24T00:00:00-04:00,2026-09-30T23:59:59-04:00
No Frills,8144433,"FARMER'S MARKET™ LEMONS, 2 LB BAG",4.99,2026-09-24T00:00:00-04:00,2026-09-30T23:59:59-04:00
No Frills,8144433,"FARMER'S MARKET® MANDARINS, 4 LB BAG",5.99,2026-09-24T00:00:00-04:00,2026-09-30T23:59:59-04:00
No Frills,8144433,"NANAK PANEER, 341 g",4.0,2026-09-24T00:00:00-04:00,2026-09-30T23:59:59-04:00
No Frills,8144433,MAPLE LEAF READY CRISP FULLY COOKED BACON 65 g or MAPLE LEAF or SCHNEIDERS BACON 375 g,5.0,2026-09-24T00:00:00-04:00,2026-09-30T23:59:59-04:00
No Frills,8144433,"HIGH LINER PAN-SEAR or BATTERED FISH FILLETS, 425-540 g",11.0,2026-09-24T00:00:00-04:00,2026-09-30T23:59:59-04:00
No Frills,8144433,"COCA-COLA or PEPSI SOFT DRINKS, 6x710 mL",3.99,2026-09-24T00:00:00-04:00,2026-09-30T23:59:59-04:00
No Frills,8144433,"DAN-D PAK CASHEWS, 908 g",11.88,2026-09-24T00:00:00-04:00,2026-09-30T23:59:59-04:00
No Frills,8144433,"NO NAME® PICKLES, 1 L",3.79,2026-09-24T00:00:00-04:00,2026-09-30T23:59:59-04:00
No Frills,8144433,GREEN or RED SEEDLESS GRAPES,3.99,2026-09-24T00:00:00-04:00,2026-09-30T23:59:59-04:00
No Frills,8144433,"DARE BRETON, VINTA or VEGGIE CRISPS CRACKERS, 100-125 g",2.5,2026-09-24T00:00:00-04:00,2026-09-30T23:59:59-04:00
No Frills,8144433,"GAY LEA WHIPPED CREAM, 225 g",4.0,2026-09-24T00:00:00-04:00,2026-09-30T23:59:59-04:00
No Frills,8144433,"NO NAME® LAUNDRY DETERGENT, 1.92/2.03 L",4.0,2026-09-24T00:00:00-04:00,2026-09-30T23:59:59-04:00
No Frills,8144433,"OLD DUTCH POTATO CHIPS 220 g, RESTAURANTE TORTILLA CHIPS 275/290 g or HUMPTY DUMPTY SNACKS 250-290 g",3.5,2026-09-24T00:00:00-04:00,2026-09-30T23:59:59-04:00
No Frills,8144433,"NO NAME® DISINFECTANT WIPES, 35's",2.5,2026-09-24T00:00:00-04:00,2026-09-30T23:59:59-04:00
No Frills,8144433,"GENERAL MILLS CHEX CEREAL or NATURE VALLEY GRANOLA, 310-360 g",4.0,2026-09-24T00:00:00-04:00,2026-09-30T23:59:59-04:00
No Frills,8144433,"ETNICO CHICKEN GIZZARDS, HEARTS or LIVERS, up to 609 g",9.0,2026-09-24T00:00:00-04:00,2026-09-30T23:59:59-04:00
No Frills,8144433,"CORA CREPE, PANCAKE or WAFFLE MIX 700 g or MUFFIN MIX 450 g",5.0,2026-09-24T00:00:00-04:00,2026-09-30T23:59:59-04:00
No Frills,8144433,"PC® SUPER SOFT BATHROOM TISSUE, 30=100 rolls",20.0,2026-09-24T00:00:00-04:00,2026-09-30T23:59:59-04:00
No Frills,8144433,"NO NAME® CHICKEN WINGS, 908 g",13.0,2026-09-24T00:00:00-04:00,2026-09-30T23:59:59-04:00
No Frills,8144433,"GENERAL MILLS FAMILY SIZE CEREAL, 317-778 g",4.87,2026-09-24T00:00:00-04:00,2026-09-30T23:59:59-04:00
No Frills,8144433,GATORADE SPORT DRINKS 6x591 mL/8x355 mL or POWDERS 10pk/560 g,6.25,2026-09-24T00:00:00-04:00,2026-09-30T23:59:59-04:00
No Frills,8144433,"KELLOGG'S EGGO WAFFLES, 290 g",3.5,2026-09-24T00:00:00-04:00,2026-09-30T23:59:59-04:00
No Frills,8144433,"SIMPLY LEMONADE or JUICE DRINKS, 1.54 L",4.99,2026-09-24T00:00:00-04:00,2026-09-30T23:59:59-04:00
