merchant,flyer_id,name,price,valid_from,valid_to
Walmart,8070070,BMW M3 (E30),42.86,2026-08-06T00:00:00-04:00,2026-08-12T23:59:59-04:00
Walmart,8070070,Cantaloupes,3.44,2026-08-06T00:00:00-04:00,2026-08-12T23:59:59-04:00
Walmart,8070070,Pure Balance wet dog food,2.68,2026-08-06T00:00:00-04:00,2026-08-12T23:59:59-04:00
Walmart,8070070,Friskies Li'l Soups cat treats variety pack,20.97,2026-08-06T00:00:00-04:00,2026-08-12T23:59:59-04:00
Walmart,8070070,KPop Demon Hunters pencil cases,7.97,2026-08-06T00:00:00-04:00,2026-08-12T23:59:59-04:00
Walmart,8070070,Maple Leaf Prime ground chicken or turkey,7.98,2026-08-06T00:00:00-04:00,2026-08-12T23:59:59-04:00
Walmart,8070070,Old Dutch Chips or Sensible Portions Garden Veggie straws,2.96,2026-08-06T00:00:00-04:00,2026-08-12T23:59:59-04:00
Walmart,8070070,Nova Eggs free run large eggs,5.86,2026-08-06T00:00:00-04:00,2026-08-12T23:59:59-04:00
Walmart,8070070,Ben's Original Bistro Express rice,2.48,2026-08-06T00:00:00-04:00,2026-08-12T23:59:59-04:00
Walmart,8070070,Large egg plant,2.44,2026-08-06T00:00:00-04:00,2026-08-12T23:59:59-04:00
Walmart,8070070,Your Fresh Market™ deli salads,3.27,2026-08-06T00:00:00-04:00,2026-08-12T23:59:59-04:00
Walmart,8070070,Tape 3-pack,6.78,2026-08-06T00:00:00-04:00,2026-08-12T23:59:59-04:00
Walmart,8070070,Your Fresh Market™ whole white or cremini mushrooms,2.44,2026-08-06T00:00:00-04:00,2026-08-12T23:59:59-04:00
Walmart,8070070,Wong Wing frozen appetizers,5.97,2026-08-06T00:00:00-04:00,2026-08-12T23:59:59-04:00
Walmart,8070070,Cargo pants,16.0,2026-08-06T00:00:00-04:00,2026-08-12T23:59:59-04:00
Walmart,8070070,Heys backpack,16.97,2026-08-06T00:00:00-04:00,2026-08-12T23:59:59-04:00
Walmart,8070070,"HP 17.3"" Full HD 17-cn3012Ca laptop",699.98,2026-08-06T00:00:00-04:00,2026-08-12T23:59:59-04:00
Walmart,8070070,Natrel chocolate milk,6.46,2026-08-06T00:00:00-04:00,2026-08-12T23:59:59-04:00
Walmart,8070070,Oasis ready-to-drink smoothies,6.98,2026-08-06T00:00:00-04:00,2026-08-12T23:59:59-04:00
Walmart,8070070,3.3-cu. ft. Mini fridge with freezer,119.97,2026-08-06T00:00:00-04:00,2026-08-12T23:59:59-04:00
Walmart,8070070,MAINSTAYS The Blue Whale pillow,5.47,2026-08-06T00:00:00-04:00,2026-08-12T23:59:59-04:00
Walmart,8070070,"20-26"" Rock Creek mountain bikes",148.0,2026-08-06T00:00:00-04:00,2026-08-12T23:59:59-04:00
Walmart,8070070,Canon imageCLASS MF3010 laser printer,99.98,2026-08-06T00:00:00-04:00,2026-08-12T23:59:59-04:00
Walmart,8070070,"onn. 8"" Kids' tablet",149.98,2026-08-06T00:00:00-04:00,2026-08-12T23:59:59-04:00
Walmart,8070070,Natrel lactose free milk,7.08,2026-08-06T00:00:00-04:00,2026-08-12T23:59:59-04:00
Walmart,8070070,3-Drawer dresser MAINSTAYS,98.0,2026-08-06T00:00:00-04:00,2026-08-12T23:59:59-04:00
Walmart,8070070,Lysol wipes,5.47,2026-08-06T00:00:00-04:00,2026-08-12T23:59:59-04:00
Walmart,8070070,SpongeTowels UltraPRO 8 = 24 paper towels,19.98,2026-08-06T00:00:00-04:00,2026-08-12T23:59:59-04:00
Walmart,8070070,Our Finest prime rib sliders,13.97,2026-08-06T00:00:00-04:00,2026-08-12T23:59:59-04:00
Walmart,8070070,Cracker Barrel cheese shreds,5.97,2026-08-06T00:00:00-04:00,2026-08-12T23:59:59-04:00
Walmart,8070070,Hamburger Helper,1.94,2026-08-06T00:00:00-04:00,2026-08-12T23:59:59-04:00
Walmart,8070070,Healthy Choice Gourmet Steamers frozen dinners,4.97,2026-08-06T00:00:00-04:00,2026-08-12T23:59:59-04:00
Walmart,8070070,Mechanical pencils 10-pack,3.0,2026-08-06T00:00:00-04:00,2026-08-12T23:59:59-04:00
Walmart,8070070,Haribo gummy candies,2.48,2026-08-06T00:00:00-04:00,2026-08-12T23:59:59-04:00
Walmart,8070070,Mr. Noodles instant noodles,0.38,2026-08-06T00:00:00-04:00,2026-08-12T23:59:59-04:00
Walmart,8070070,Pillsbury Toaster Strudel,2.97,2026-08-06T00:00:00-04:00,2026-08-12T23:59:59-04:00
Walmart,8070070,Jamieson magnesium bisglycinate,13.47,2026-08-06T00:00:00-04:00,2026-08-12T23:59:59-04:00
Walmart,8070070,"1"" Binder",1.77,2026-08-06T00:00:00-04:00,2026-08-12T23:59:59-04:00
Walmart,8070070,Your Fresh Market™ mini carrots,2.44,2026-08-06T00:00:00-04:00,2026-08-12T23:59:59-04:00
Walmart,8070070,KPop Demon Hunters fashion doll,39.97,2026-08-06T00:00:00-04:00,2026-08-12T23:59:59-04:00
Walmart,8070070,"PHILIPS 75"" 4K UHD QLED TV",798.0,2026-08-06T00:00:00-04:00,2026-08-12T23:59:59-04:00
Walmart,8070070,Snack Pack puddings,1.98,2026-08-06T00:00:00-04:00,2026-08-12T23:59:59-04:00
Walmart,8070070,Ferrari 488,89.86,2026-08-06T00:00:00-04:00,2026-08-12T23:59:59-04:00
Walmart,8070070,Royale 2-ply bathroom tissue 30 = 80 pack,19.96,2026-08-06T00:00:00-04:00,2026-08-12T23:59:59-04:00
Walmart,8070070,Pampers value pack Swaddlers,44.94,2026-08-06T00:00:00-04:00,2026-08-12T23:59:59-04:00
Walmart,8070070,Sharpie Toy Story 5 permanent markers,3.48,2026-08-06T00:00:00-04:00,2026-08-12T23:59:59-04:00
Walmart,8070070,Ritz Bits Snackwiches 10-Snak Paks,4.98,2026-08-06T00:00:00-04:00,2026-08-12T23:59:59-04:00
Walmart,8070070,0.7-cu. ft. Microwave,69.97,2026-08-06T00:00:00-04:00,2026-08-12T23:59:59-04:00
Walmart,8070070,Sunset mini cucumbers,2.44,2026-08-06T00:00:00-04:00,2026-08-12T23:59:59-04:00
Walmart,8070070,Your Fresh Market™ lean ground beef tube,22.68,2026-08-06T00:00:00-04:00,2026-08-12T23:59:59-04:00
Walmart,8070070,Maple Leaf BBQ seasoned chicken thighs,5.7,2026-08-06T00:00:00-04:00,2026-08-12T23:59:59-04:00
Walmart,8070070,Maxwell House pods 30s,15.97,2026-08-06T00:00:00-04:00,2026-08-12T23:59:59-04:00
Walmart,8070070,Janes Ultimates chicken Wings,11.47,2026-08-06T00:00:00-04:00,2026-08-12T23:59:59-04:00
Walmart,8070070,Sweet Baby Ray's barbecue sauce,2.47,2026-08-06T00:00:00-04:00,2026-08-12T23:59:59-04:00
Walmart,8070070,Janes Ultimates Bites,11.47,2026-08-06T00:00:00-04:00,2026-08-12T23:59:59-04:00
Walmart,8070070,8-Tab dividers with pockets,4.28,2026-08-06T00:00:00-04:00,2026-08-12T23:59:59-04:00
Walmart,8070070,Parent's Choice organic baby food purée,1.17,2026-08-06T00:00:00-04:00,2026-08-12T23:59:59-04:00
Walmart,8070070,PureBalance Dry Dog Food,49.97,2026-08-06T00:00:00-04:00,2026-08-12T23:59:59-04:00
Walmart,8070070,"6"" Memory foam mattress",99.97,2026-08-06T00:00:00-04:00,2026-08-12T23:59:59-04:00
Walmart,8070070,Denali water filter pitcher,19.97,2026-08-06T00:00:00-04:00,2026-08-12T23:59:59-04:00
Walmart,8070070,Mainstays 6-Speed blenders,19.98,2026-08-06T00:00:00-04:00,2026-08-12T23:59:59-04:00
Walmart,8070070,KPop Demon Hunters fashion doll,39.97,2026-08-06T00:00:00-04:00,2026-08-12T23:59:59-04:00
Walmart,8070070,"Onn 65"" 4K Roku TV",548.0,2026-08-06T00:00:00-04:00,2026-08-12T23:59:59-04:00
Walmart,8070070,"Phoenix 27.5"" commuter or step-through e-bike",698.0,2026-08-06T00:00:00-04:00,2026-08-12T23:59:59-04:00
Walmart,8070070,Swanson lasagna or sweet & sour chicken frozen entrees,4.47,2026-08-06T00:00:00-04:00,2026-08-12T23:59:59-04:00
Walmart,8070070,JLab JBuddies Studio 2 wired headphones,14.98,2026-08-06T00:00:00-04:00,2026-08-12T23:59:59-04:00
Walmart,8070070,Sharpie bullet-tip creative markers 5-pack.,10.98,2026-08-06T00:00:00-04:00,2026-08-12T23:59:59-04:00
Walmart,8070070,Great Value zipper seal freezer bags,4.94,2026-08-06T00:00:00-04:00,2026-08-12T23:59:59-04:00
Walmart,8070070,RITZ Drizzled minis,4.98,2026-08-06T00:00:00-04:00,2026-08-12T23:59:59-04:00
Walmart,8070070,Reese's Big Cup stuffed with Pieces King,2.18,2026-08-06T00:00:00-04:00,2026-08-12T23:59:59-04:00
Walmart,8070070,Lysol toilet bowl cleaner or multi-surface pours,3.97,2026-08-06T00:00:00-04:00,2026-08-12T23:59:59-04:00
Walmart,8070070,"onn. 8"" tablet (2026)",169.98,2026-08-06T00:00:00-04:00,2026-08-12T23:59:59-04:00
Walmart,8070070,Licensed lunch bag,11.97,2026-08-06T00:00:00-04:00,2026-08-12T23:59:59-04:00
Walmart,8070070,TRESemmé shampoo or conditioner,6.97,2026-08-06T00:00:00-04:00,2026-08-12T23:59:59-04:00
Walmart,8070070,Ol' Roy dry dog food,27.98,2026-08-06T00:00:00-04:00,2026-08-12T23:59:59-04:00
Walmart,8070070,Orville Redenbacher popcorn,10.97,2026-08-06T00:00:00-04:00,2026-08-12T23:59:59-04:00
Walmart,8070070,OREO Original or Bubble Tea cookies,2.98,2026-08-06T00:00:00-04:00,2026-08-12T23:59:59-04:00
Walmart,8070070,Great Value zipper seal freezer bags,4.94,2026-08-06T00:00:00-04:00,2026-08-12T23:59:59-04:00
Walmart,8070070,Pillsbury glass food storage value sets,9.58,2026-08-06T00:00:00-04:00,2026-08-12T23:59:59-04:00
Walmart,8070070,Reversible comforter,19.88,2026-08-06T00:00:00-04:00,2026-08-12T23:59:59-04:00
Walmart,8070070,Reversible comforter,19.88,2026-08-06T00:00:00-04:00,2026-08-12T23:59:59-04:00
Walmart,8070070,Adults' sneakers,24.0,2026-08-06T00:00:00-04:00,2026-08-12T23:59:59-04:00
Walmart,8070070,Pen+Gear binders,4.97,2026-08-06T00:00:00-04:00,2026-08-12T23:59:59-04:00
Walmart,8070070,Scosche magnetic wireless phone charger,34.98,2026-08-06T00:00:00-04:00,2026-08-12T23:59:59-04:00
Walmart,8070070,"Huffy 20-26"" Rock Creek mountain bike",148.0,2026-08-06T00:00:00-04:00,2026-08-12T23:59:59-04:00
Walmart,8070070,Lay's chips,2.97,2026-08-06T00:00:00-04:00,2026-08-12T23:59:59-04:00
Walmart,8070070,Jetstream backpacks,19.97,2026-08-06T00:00:00-04:00,2026-08-12T23:59:59-04:00
Walmart,8070070,Wood Pencils 24-pack,1.0,2026-08-06T00:00:00-04:00,2026-08-12T23:59:59-04:00
Walmart,8070070,HP DeskJet 2942 all-in-one printer,49.98,2026-08-06T00:00:00-04:00,2026-08-12T23:59:59-04:00
Walmart,8070070,Expo dry erase markers 8-pack,11.48,2026-08-06T00:00:00-04:00,2026-08-12T23:59:59-04:00
Walmart,8070070,Sensible Portions Garden Veggie straws,2.96,2026-08-06T00:00:00-04:00,2026-08-12T23:59:59-04:00
Walmart,8070070,Cracker Barrel cheese block 400 g or shreds 320 g,5.97,2026-08-06T00:00:00-04:00,2026-08-12T23:59:59-04:00
Walmart,8070070,Snack Pack puddings,1.98,2026-08-06T00:00:00-04:00,2026-08-12T23:59:59-04:00
Walmart,8070070,Peaches 3 L,6.44,2026-08-06T00:00:00-04:00,2026-08-12T23:59:59-04:00
Walmart,8070070,Rainbow peppers,4.98,2026-08-06T00:00:00-04:00,2026-08-12T23:59:59-04:00
Walmart,8070070,Selected stationery,2.0,2026-08-06T00:00:00-04:00,2026-08-12T23:59:59-04:00
Walmart,8070070,Great Value appetizers value packs,9.98,2026-08-06T00:00:00-04:00,2026-08-12T23:59:59-04:00
Walmart,8070070,Terra Delyssa extra virgin olive oil,11.97,2026-08-06T00:00:00-04:00,2026-08-12T23:59:59-04:00
Walmart,8070070,K-Slim single-serve coffee maker,99.98,2026-08-06T00:00:00-04:00,2026-08-12T23:59:59-04:00
Walmart,8070070,Cheez-lt crackers,1.97,2026-08-06T00:00:00-04:00,2026-08-12T23:59:59-04:00
Walmart,8070070,Swanson lasagna or sweet & sour chicken frozen entrees,4.47,2026-08-06T00:00:00-04:00,2026-08-12T23:59:59-04:00
Walmart,8070070,Reese's Minis Peanut Butter Cups candy,4.48,2026-08-06T00:00:00-04:00,2026-08-12T23:59:59-04:00
Walmart,8070070,Oasis or juice boxes,3.47,2026-08-06T00:00:00-04:00,2026-08-12T23:59:59-04:00
Walmart,8070070,Healthy Choice Gourmet Steamers frozen entrees,4.97,2026-08-06T00:00:00-04:00,2026-08-12T23:59:59-04:00
Walmart,8070070,Barilla pasta,1.77,2026-08-06T00:00:00-04:00,2026-08-12T23:59:59-04:00
Walmart,8070070,Fruitopia drinks,2.24,2026-08-06T00:00:00-04:00,2026-08-12T23:59:59-04:00
Walmart,8070070,Lay's chips,2.97,2026-08-06T00:00:00-04:00,2026-08-12T23:59:59-04:00
Walmart,8070070,Huffy Capitol cruiser bike,198.0,2026-08-06T00:00:00-04:00,2026-08-12T23:59:59-04:00
Walmart,8070070,Swanson fettuccini Alfredo or cheesy rice with broccoli & chicken frozen entrees,4.47,2026-08-06T00:00:00-04:00,2026-08-12T23:59:59-04:00
Walmart,8070070,vega protein shake 4-pack,14.97,2026-08-06T00:00:00-04:00,2026-08-12T23:59:59-04:00
Walmart,8070070,Premier Protein Al'mazing vanilla non-dairy shakes,12.97,2026-08-06T00:00:00-04:00,2026-08-12T23:59:59-04:00
Walmart,8070070,OxiClean MaxForce laundry stain remover spray,7.47,2026-08-06T00:00:00-04:00,2026-08-12T23:59:59-04:00
Walmart,8070070,OxiClean stain remover powder,10.97,2026-08-06T00:00:00-04:00,2026-08-12T23:59:59-04:00
Walmart,8070070,McCain Superfries,2.77,2026-08-06T00:00:00-04:00,2026-08-12T23:59:59-04:00
Walmart,8070070,Evive Smoothie,9.24,2026-08-06T00:00:00-04:00,2026-08-12T23:59:59-04:00
Walmart,8070070,Palmolive dish soap,1.97,2026-08-06T00:00:00-04:00,2026-08-12T23:59:59-04:00
Walmart,8070070,Tide Simply laundry detergent,7.97,2026-08-06T00:00:00-04:00,2026-08-12T23:59:59-04:00
Walmart,8070070,Black & White bathroom tissue or paper towel,4.94,2026-08-06T00:00:00-04:00,2026-08-12T23:59:59-04:00
Walmart,8070070,Maynards candy 45-pack,9.98,2026-08-06T00:00:00-04:00,2026-08-12T23:59:59-04:00
Walmart,8070070,Healthy Choice Simply Steamers frozen dinners,4.97,2026-08-06T00:00:00-04:00,2026-08-12T23:59:59-04:00
Walmart,8070070,Fleecy fabric softener,7.97,2026-08-06T00:00:00-04:00,2026-08-12T23:59:59-04:00
Walmart,8070070,Nivea body lotion,7.48,2026-08-06T00:00:00-04:00,2026-08-12T23:59:59-04:00
Walmart,8070070,Dove Men+Care Ted Lasso deodorant 107 g,8.96,2026-08-06T00:00:00-04:00,2026-08-12T23:59:59-04:00
Walmart,8070070,Reversible comforter,19.88,2026-08-06T00:00:00-04:00,2026-08-12T23:59:59-04:00
Walmart,8070070,Printed tee or short-sleeved graphic tee,5.0,2026-08-06T00:00:00-04:00,2026-08-12T23:59:59-04:00
Walmart,8070070,Dime 3 XT true wireless earbuds,29.98,2026-08-06T00:00:00-04:00,2026-08-12T23:59:59-04:00
Walmart,8070070,Jetstream backpacks,19.97,2026-08-06T00:00:00-04:00,2026-08-12T23:59:59-04:00
Walmart,8070070,HP M110W Laser Printer,99.98,2026-08-06T00:00:00-04:00,2026-08-12T23:59:59-04:00
Walmart,8070070,onn. 30W I-port USB-C charger with 3' Type-C cable,27.98,2026-08-06T00:00:00-04:00,2026-08-12T23:59:59-04:00
Walmart,8070070,Paper Mate InkJoy gel pens 14-pack,15.98,2026-08-06T00:00:00-04:00,2026-08-12T23:59:59-04:00
Walmart,8070070,Hello Kitty creativity case,12.97,2026-08-06T00:00:00-04:00,2026-08-12T23:59:59-04:00
Walmart,8070070,Math Roller Symbols Addition stamps,12.97,2026-08-06T00:00:00-04:00,2026-08-12T23:59:59-04:00
Walmart,8070070,3M Command value packs,11.97,2026-08-06T00:00:00-04:00,2026-08-12T23:59:59-04:00
Walmart,8070070,Great Value 2-ply facial tissues,7.94,2026-08-06T00:00:00-04:00,2026-08-12T23:59:59-04:00
Walmart,8070070,Steve Madden backpack,34.97,2026-08-06T00:00:00-04:00,2026-08-12T23:59:59-04:00
Walmart,8070070,"KPop Demon Hunters pencil cases, notebooks or journals",7.97,2026-08-06T00:00:00-04:00,2026-08-12T23:59:59-04:00
Walmart,8070070,TAL 24-oz. stainless steel 2-in-1 straw and chug water bottle,18.98,2026-08-06T00:00:00-04:00,2026-08-12T23:59:59-04:00
Walmart,8070070,OREO Bubble Tea cookies,2.98,2026-08-06T00:00:00-04:00,2026-08-12T23:59:59-04:00
Walmart,8070070,Natrel raspberry ice cream mochi 6-pack or lactose free ice cream,5.48,2026-08-06T00:00:00-04:00,2026-08-12T23:59:59-04:00
Walmart,8070070,Christie mini Snak Paks cookies,2.48,2026-08-06T00:00:00-04:00,2026-08-12T23:59:59-04:00
Walmart,8070070,Nestlé Real Dairy confectioneries,3.97,2026-08-06T00:00:00-04:00,2026-08-12T23:59:59-04:00
Walmart,8070070,Colgate MaxFresh 3x150 mL or Total 3x120 mL,7.97,2026-08-06T00:00:00-04:00,2026-08-12T23:59:59-04:00
Walmart,8070070,Gatorade,6.27,2026-08-06T00:00:00-04:00,2026-08-12T23:59:59-04:00
Walmart,8070070,Nature's Path Love Crunch organic protein chocolate and almond butter or strawberry cheesecake granola,5.98,2026-08-06T00:00:00-04:00,2026-08-12T23:59:59-04:00
Walmart,8070070,Itsuki Teppan Yakisoba stir-fried noodles,4.98,2026-08-06T00:00:00-04:00,2026-08-12T23:59:59-04:00
Walmart,8070070,"40"" FHD QLED TV",218.0,2026-08-06T00:00:00-04:00,2026-08-12T23:59:59-04:00
Walmart,8070070,Natrel vanilla coffee creamer,6.88,2026-08-06T00:00:00-04:00,2026-08-12T23:59:59-04:00
Walmart,8070070,Oreo cookies,4.48,2026-08-06T00:00:00-04:00,2026-08-12T23:59:59-04:00
Walmart,8070070,Tetley tea pods,15.97,2026-08-06T00:00:00-04:00,2026-08-12T23:59:59-04:00
Walmart,8070070,George Toddlers' fleece crew set,12.0,2026-08-06T00:00:00-04:00,2026-08-12T23:59:59-04:00
Walmart,8070070,Men's sweatshirt,18.0,2026-08-06T00:00:00-04:00,2026-08-12T23:59:59-04:00
Walmart,8070070,McCain Superfries,2.77,2026-08-06T00:00:00-04:00,2026-08-12T23:59:59-04:00
Walmart,8070070,Taylor Farms chopped salad kit,5.77,2026-08-06T00:00:00-04:00,2026-08-12T23:59:59-04:00
Walmart,8070070,Maxwell House ground coffee,15.97,2026-08-06T00:00:00-04:00,2026-08-12T23:59:59-04:00
Walmart,8070070,Hamburger Helper,1.94,2026-08-06T00:00:00-04:00,2026-08-12T23:59:59-04:00
Walmart,8070070,BaiXiang instant noodles,4.98,2026-08-06T00:00:00-04:00,2026-08-12T23:59:59-04:00
Walmart,8070070,Ottogi Jin Ramen multipack,5.98,2026-08-06T00:00:00-04:00,2026-08-12T23:59:59-04:00
Walmart,8070070,BaiXiang instant noodles,4.98,2026-08-06T00:00:00-04:00,2026-08-12T23:59:59-04:00
Walmart,8070070,32-Page exercise book,0.25,2026-08-06T00:00:00-04:00,2026-08-12T23:59:59-04:00
Walmart,8070070,Fancy Feast wet cat food multi-pack,10.74,2026-08-06T00:00:00-04:00,2026-08-12T23:59:59-04:00
Walmart,8070070,MAINSTAYS 2-Slice toaster,9.98,2026-08-06T00:00:00-04:00,2026-08-12T23:59:59-04:00
Walmart,8070070,Selected stationery,2.0,2026-08-06T00:00:00-04:00,2026-08-12T23:59:59-04:00
Walmart,8070070,"27"" FHD IPS monitor",129.98,2026-08-06T00:00:00-04:00,2026-08-12T23:59:59-04:00
Walmart,8070070,Pen+Gear laminator,24.97,2026-08-06T00:00:00-04:00,2026-08-12T23:59:59-04:00
Walmart,8070070,Uni Posca PC-5M water-based paint markers,23.44,2026-08-06T00:00:00-04:00,2026-08-12T23:59:59-04:00
Walmart,8070070,Jetstream 3-Piece backpack set,24.97,2026-08-06T00:00:00-04:00,2026-08-12T23:59:59-04:00
Walmart,8070070,Kinder Chocolate,1.98,2026-08-06T00:00:00-04:00,2026-08-12T23:59:59-04:00
Walmart,8070070,Nutella hazelnut or peanut,8.47,2026-08-06T00:00:00-04:00,2026-08-12T23:59:59-04:00
Walmart,8070070,Hellmann's mayonnaise type dressing 325 mL - 340 mL,3.77,2026-08-06T00:00:00-04:00,2026-08-12T23:59:59-04:00
Walmart,8070070,RITZ Handi-Snacks crackers 'n cheesy dip,9.48,2026-08-06T00:00:00-04:00,2026-08-12T23:59:59-04:00
Walmart,8070070,Listerine mouthwash,4.98,2026-08-06T00:00:00-04:00,2026-08-12T23:59:59-04:00
Walmart,8070070,Jetstream 3-Piece backpack set,24.97,2026-08-06T00:00:00-04:00,2026-08-12T23:59:59-04:00
Walmart,8070070,Dome lunchbag,15.97,2026-08-06T00:00:00-04:00,2026-08-12T23:59:59-04:00
Walmart,8070070,OREO Mini Snak Paks Pack.,2.48,2026-08-06T00:00:00-04:00,2026-08-12T23:59:59-04:00
Walmart,8070070,Fruitopia drinks,2.24,2026-08-06T00:00:00-04:00,2026-08-12T23:59:59-04:00
Walmart,8070070,Fuze iced tea,7.47,2026-08-06T00:00:00-04:00,2026-08-12T23:59:59-04:00
Walmart,8070070,Nature's Path EnviroKidz Organic Koala Crisp or Honey'D corn flakes,9.42,2026-08-06T00:00:00-04:00,2026-08-12T23:59:59-04:00
Walmart,8070070,Villaggio sliced bread Each.,2.98,2026-08-06T00:00:00-04:00,2026-08-12T23:59:59-04:00
Walmart,8070070,Purex laundry detergent,9.27,2026-08-06T00:00:00-04:00,2026-08-12T23:59:59-04:00
Walmart,8070070,Raspberries or blackberries,4.44,2026-08-06T00:00:00-04:00,2026-08-12T23:59:59-04:00
Walmart,8070070,Hyper 37 V folding electric scooter,298.0,2026-08-06T00:00:00-04:00,2026-08-12T23:59:59-04:00
Walmart,8070070,Taylor Farms chopped salad kit,5.77,2026-08-06T00:00:00-04:00,2026-08-12T23:59:59-04:00
Walmart,8070070,Ninjago-Dragons Rising-Zilvar And Grimtak,27.86,2026-08-06T00:00:00-04:00,2026-08-12T23:59:59-04:00
Walmart,8070070,International Delight coffee creamer,4.78,2026-08-06T00:00:00-04:00,2026-08-12T23:59:59-04:00
Walmart,8070070,Sweet Baby Ray's barbecue sauce,2.47,2026-08-06T00:00:00-04:00,2026-08-12T23:59:59-04:00
Walmart,8070070,Pillsbury glass food storage value sets,9.58,2026-08-06T00:00:00-04:00,2026-08-12T23:59:59-04:00
Walmart,8070070,Arm & Hammer clumping cat litter 4.76 kg or Clump & Seal 12.7 kg or 17.2 kg,24.67,2026-08-06T00:00:00-04:00,2026-08-12T23:59:59-04:00
Walmart,8070070,Great Value 3-ply facial tissues,7.94,2026-08-06T00:00:00-04:00,2026-08-12T23:59:59-04:00
Walmart,8070070,School Backpacks,29.97,2026-08-06T00:00:00-04:00,2026-08-12T23:59:59-04:00
Walmart,8070070,KPOP backpack,19.97,2026-08-06T00:00:00-04:00,2026-08-12T23:59:59-04:00
Walmart,8070070,Red seedless grapes,4.94,2026-08-06T00:00:00-04:00,2026-08-12T23:59:59-04:00
Walmart,8070070,Vileda SuperTwist XL mop,11.47,2026-08-06T00:00:00-04:00,2026-08-12T23:59:59-04:00
Walmart,8070070,Ziploc sandwich or freezer bags mega pack,10.96,2026-08-06T00:00:00-04:00,2026-08-12T23:59:59-04:00
Walmart,8070070,PIXMA TS3720 wireless all-in-one printer,47.98,2026-08-06T00:00:00-04:00,2026-08-12T23:59:59-04:00
Walmart,8070070,MotherWord Ultimate Family 2027 wall calendar,11.98,2026-08-06T00:00:00-04:00,2026-08-12T23:59:59-04:00
Walmart,8070070,International Delight cold foam,4.78,2026-08-06T00:00:00-04:00,2026-08-12T23:59:59-04:00
Walmart,8070070,Dove Men+Care Ted Lasso 2-in-1 shampoo,8.47,2026-08-06T00:00:00-04:00,2026-08-12T23:59:59-04:00
Walmart,8070070,Jamieson magnesium ultra strength 150s or magnesium bisglycinate 70s,13.47,2026-08-06T00:00:00-04:00,2026-08-12T23:59:59-04:00
Walmart,8070070,Evive Smoothie,9.24,2026-08-06T00:00:00-04:00,2026-08-12T23:59:59-04:00
Walmart,8070070,32-Page exercise book,0.25,2026-08-06T00:00:00-04:00,2026-08-12T23:59:59-04:00
Walmart,8070070,Jamieson magnesium bisglycinate 130s,17.97,2026-08-06T00:00:00-04:00,2026-08-12T23:59:59-04:00
Walmart,8070070,L'Oreal Paris Feria hair colour,14.78,2026-08-06T00:00:00-04:00,2026-08-12T23:59:59-04:00
Walmart,8070070,Beach Fun with Lilo & Stitch,27.86,2026-08-06T00:00:00-04:00,2026-08-12T23:59:59-04:00
Walmart,8070070,Caledon Farms dog treats,7.98,2026-08-06T00:00:00-04:00,2026-08-12T23:59:59-04:00
Walmart,8070070,Diaper Genie Signature pail and Easy Roll refill,62.97,2026-08-06T00:00:00-04:00,2026-08-12T23:59:59-04:00
Walmart,8070070,Cosco Kids Lift and Stroll Travel System,250.0,2026-08-06T00:00:00-04:00,2026-08-12T23:59:59-04:00
Walmart,8070070,Parent's Choice training pants,24.94,2026-08-06T00:00:00-04:00,2026-08-12T23:59:59-04:00
Walmart,8070070,Drive-Through Car Wash or Candy & Cupcake Ferris Wheel,84.86,2026-08-06T00:00:00-04:00,2026-08-12T23:59:59-04:00
Walmart,8070070,Grannies with Bingo and Bluey,19.86,2026-08-06T00:00:00-04:00,2026-08-12T23:59:59-04:00
Walmart,8070070,Tide Simply laundry detergent,7.97,2026-08-06T00:00:00-04:00,2026-08-12T23:59:59-04:00
Walmart,8070070,3-Piece non-stick fry pan set,21.97,2026-08-06T00:00:00-04:00,2026-08-12T23:59:59-04:00
Walmart,8070070,Funtainer 16-oz.,19.97,2026-08-06T00:00:00-04:00,2026-08-12T23:59:59-04:00
Walmart,8070070,EcoTank ET-2803 wireless printer,199.98,2026-08-06T00:00:00-04:00,2026-08-12T23:59:59-04:00
Walmart,8070070,Red Baron classic frozen pizza,2.97,2026-08-06T00:00:00-04:00,2026-08-12T23:59:59-04:00
Walmart,8070070,Fleecy fabric softener 2.6L,7.97,2026-08-06T00:00:00-04:00,2026-08-12T23:59:59-04:00
Walmart,8070070,Vileda Oskar broom,11.47,2026-08-06T00:00:00-04:00,2026-08-12T23:59:59-04:00
Walmart,8070070,Fresh pork side ribs 2-piece,3.98,2026-08-06T00:00:00-04:00,2026-08-12T23:59:59-04:00
Walmart,8070070,Great Value smoked sausages,7.97,2026-08-06T00:00:00-04:00,2026-08-12T23:59:59-04:00
Walmart,8070070,Minecraft Warden Battle,84.86,2026-08-06T00:00:00-04:00,2026-08-12T23:59:59-04:00
Walmart,8070070,LEGO Editions McLaren Mastercard F1 Team Lando Norris or Team Oscar Piastri helmet,119.86,2026-08-06T00:00:00-04:00,2026-08-12T23:59:59-04:00
Walmart,8070070,Great Value disinfectant wipes,10.97,2026-08-06T00:00:00-04:00,2026-08-12T23:59:59-04:00
Walmart,8070070,Spring Valley magnesium,16.47,2026-08-06T00:00:00-04:00,2026-08-12T23:59:59-04:00
Walmart,8070070,Great Value sliced bread,2.88,2026-08-06T00:00:00-04:00,2026-08-12T23:59:59-04:00
Walmart,8070070,Harry Potter Norbert: Hagrid's Baby Dragon,69.86,2026-08-06T00:00:00-04:00,2026-08-12T23:59:59-04:00
Walmart,8070070,Special Kitty Dry Cat Food,18.97,2026-08-06T00:00:00-04:00,2026-08-12T23:59:59-04:00
Walmart,8070070,Pure Balance Pro+ dry c at food,19.97,2026-08-06T00:00:00-04:00,2026-08-12T23:59:59-04:00
Walmart,8070070,Bonkers cat treats,1.98,2026-08-06T00:00:00-04:00,2026-08-12T23:59:59-04:00
Walmart,8070070,Pure Balance large breed dry dog food,29.98,2026-08-06T00:00:00-04:00,2026-08-12T23:59:59-04:00
Walmart,8070070,Listerine PocketMist Cool Mint oral Care Mist,5.77,2026-08-06T00:00:00-04:00,2026-08-12T23:59:59-04:00
Walmart,8070070,Pure Balance dog treats,19.97,2026-08-06T00:00:00-04:00,2026-08-12T23:59:59-04:00
Walmart,8070070,Listerine Clinical Solutions Mouthwash,10.97,2026-08-06T00:00:00-04:00,2026-08-12T23:59:59-04:00
Walmart,8070070,Listerine Mouthwash,4.98,2026-08-06T00:00:00-04:00,2026-08-12T23:59:59-04:00
Walmart,8070070,Meal for 4,20.0,2026-08-06T00:00:00-04:00,2026-08-12T23:59:59-04:00
Walmart,8070070,Brookside chocolate with fruit-flavoured centres,4.48,2026-08-06T00:00:00-04:00,2026-08-12T23:59:59-04:00
Walmart,8070070,Listerine mouthwash,4.98,2026-08-06T00:00:00-04:00,2026-08-12T23:59:59-04:00
Walmart,8070070,32-Page exercise book,0.25,2026-08-06T00:00:00-04:00,2026-08-12T23:59:59-04:00
Walmart,8070070,Paper Mate pens 24-pack,15.98,2026-08-06T00:00:00-04:00,2026-08-12T23:59:59-04:00
Walmart,8070070,Lunch bags,16.97,2026-08-06T00:00:00-04:00,2026-08-12T23:59:59-04:00
Walmart,8070070,"1"" Binder",1.77,2026-08-06T00:00:00-04:00,2026-08-12T23:59:59-04:00
Walmart,8070070,Dirt Devil Versa cordless stick vac,99.98,2026-08-06T00:00:00-04:00,2026-08-12T23:59:59-04:00
Walmart,8070070,Denali water filter pitcher,19.97,2026-08-06T00:00:00-04:00,2026-08-12T23:59:59-04:00
Walmart,8070070,Hoodie,16.0,2026-08-06T00:00:00-04:00,2026-08-12T23:59:59-04:00
Walmart,8070070,National Geographic Kids junior chemistry kit,34.97,2026-08-06T00:00:00-04:00,2026-08-12T23:59:59-04:00
Walmart,8070070,"21.5"" FHD monitor",89.98,2026-08-06T00:00:00-04:00,2026-08-12T23:59:59-04:00
Walmart,8070070,Girls' casual shoes,29.97,2026-08-06T00:00:00-04:00,2026-08-12T23:59:59-04:00
Walmart,8070070,Steve Madden backpack,34.97,2026-08-06T00:00:00-04:00,2026-08-12T23:59:59-04:00
Walmart,8070070,Great Value sandwich bags,2.74,2026-08-06T00:00:00-04:00,2026-08-12T23:59:59-04:00
Walmart,8070070,Coke Zero Pop,2.87,2026-08-06T00:00:00-04:00,2026-08-12T23:59:59-04:00
Walmart,8070070,Nature's Path EnviroKidz Organic Koala Crisp or Honey'D corn flakes,9.42,2026-08-06T00:00:00-04:00,2026-08-12T23:59:59-04:00
Walmart,8070070,Royal & Langnickel Essentials paint set,7.97,2026-08-06T00:00:00-04:00,2026-08-12T23:59:59-04:00
Walmart,8070070,Expo dry erase markers 8-pack,11.48,2026-08-06T00:00:00-04:00,2026-08-12T23:59:59-04:00
Walmart,8070070,"24"" Rock Creek mountain bike",148.0,2026-08-06T00:00:00-04:00,2026-08-12T23:59:59-04:00
Walmart,8070070,Sharpie original 12-pack or Mystic Gems fine-point 14-pack permanent markers,7.98,2026-08-06T00:00:00-04:00,2026-08-12T23:59:59-04:00
Walmart,8070070,Kids' or toddlers' casual shoes,24.0,2026-08-06T00:00:00-04:00,2026-08-12T23:59:59-04:00
Walmart,8070070,Logitech USB computer headset,19.98,2026-08-06T00:00:00-04:00,2026-08-12T23:59:59-04:00
Walmart,8070070,Pen+Gear binders,4.97,2026-08-06T00:00:00-04:00,2026-08-12T23:59:59-04:00
Walmart,8070070,Canon PIXMA TS3720 wireless all-in-one printer,47.98,2026-08-06T00:00:00-04:00,2026-08-12T23:59:59-04:00
Walmart,8070070,JBuds Wireless mouse,29.98,2026-08-06T00:00:00-04:00,2026-08-12T23:59:59-04:00
Walmart,8070070,Cool Gear 24-oz plastic bottle,6.98,2026-08-06T00:00:00-04:00,2026-08-12T23:59:59-04:00
Walmart,8070070,ACT II microwave gourmet popcorn,2.47,2026-08-06T00:00:00-04:00,2026-08-12T23:59:59-04:00
Walmart,8070070,Coca-Cola Pop,2.87,2026-08-06T00:00:00-04:00,2026-08-12T23:59:59-04:00
Walmart,8070070,Dairy Milk Mini chocolate bars,5.98,2026-08-06T00:00:00-04:00,2026-08-12T23:59:59-04:00
Walmart,8070070,KPop Demon Hunters pens,12.97,2026-08-06T00:00:00-04:00,2026-08-12T23:59:59-04:00
Walmart,8070070,GO Wireless Keyboard,19.98,2026-08-06T00:00:00-04:00,2026-08-12T23:59:59-04:00
Walmart,8070070,Sterilite 3-drawer wide cart,39.97,2026-08-06T00:00:00-04:00,2026-08-12T23:59:59-04:00
Walmart,8070070,Gaming desk,139.97,2026-08-06T00:00:00-04:00,2026-08-12T23:59:59-04:00
Walmart,8070070,Fabric Padded Folding Chair,24.96,2026-08-06T00:00:00-04:00,2026-08-12T23:59:59-04:00
Walmart,8070070,Lysol multi-surface pours,3.97,2026-08-06T00:00:00-04:00,2026-08-12T23:59:59-04:00
Walmart,8070070,6' Folding plastic table,59.97,2026-08-06T00:00:00-04:00,2026-08-12T23:59:59-04:00
Walmart,8070070,"67"" Studio Futon Sofa Bed",178.0,2026-08-06T00:00:00-04:00,2026-08-12T23:59:59-04:00
Walmart,8070070,Baby Trend nursery den playard with rocking snooze pod and flip-over changer,139.0,2026-08-06T00:00:00-04:00,2026-08-12T23:59:59-04:00
Walmart,8070070,Sistema food storage containers,9.97,2026-08-06T00:00:00-04:00,2026-08-12T23:59:59-04:00
Walmart,8070070,Lysol all-purpose cleaning pours,3.97,2026-08-06T00:00:00-04:00,2026-08-12T23:59:59-04:00
Walmart,8070070,"Cashmere Ultra Soft 20=60, 198 sheets",14.96,2026-08-06T00:00:00-04:00,2026-08-12T23:59:59-04:00
Walmart,8070070,neatfreak! basic hangers,2.97,2026-08-06T00:00:00-04:00,2026-08-12T23:59:59-04:00
Walmart,8070070,Sterilite storage tote,8.47,2026-08-06T00:00:00-04:00,2026-08-12T23:59:59-04:00
Walmart,8070070,Heys licensed backpack,16.97,2026-08-06T00:00:00-04:00,2026-08-12T23:59:59-04:00
Walmart,8070070,Huggies Pull-Ups superpack training pants,28.78,2026-08-06T00:00:00-04:00,2026-08-12T23:59:59-04:00
Walmart,8070070,Similac 360 Total Care step 2 powder infant formula,59.98,2026-08-06T00:00:00-04:00,2026-08-12T23:59:59-04:00
Walmart,8070070,Luft-400 Mesh & Faux Leather Office Gaming Chair with Footrest,159.97,2026-08-06T00:00:00-04:00,2026-08-12T23:59:59-04:00
Walmart,8070070,Equate high protein nutrition shakes,13.97,2026-08-06T00:00:00-04:00,2026-08-12T23:59:59-04:00
Walmart,8070070,Sensodyne Clinical White enamel strengthening,7.97,2026-08-06T00:00:00-04:00,2026-08-12T23:59:59-04:00
Walmart,8070070,Sensodyne or Pronamel toothpaste,4.94,2026-08-06T00:00:00-04:00,2026-08-12T23:59:59-04:00
Walmart,8070070,Lysol toilet bowl cleaner,3.97,2026-08-06T00:00:00-04:00,2026-08-12T23:59:59-04:00
Walmart,8070070,Paper Mate Flair! felt-tip pens,15.98,2026-08-06T00:00:00-04:00,2026-08-12T23:59:59-04:00
Walmart,8070070,Parent's Choice wipes,19.94,2026-08-06T00:00:00-04:00,2026-08-12T23:59:59-04:00
Walmart,8070070,Little Bellies baby organic pick-me sticks snacks,2.88,2026-08-06T00:00:00-04:00,2026-08-12T23:59:59-04:00
Walmart,8070070,Pedialyte electrolyte oral rehydration solution,8.97,2026-08-06T00:00:00-04:00,2026-08-12T23:59:59-04:00
Walmart,8070070,Botanicals Rocking Plants,29.86,2026-08-06T00:00:00-04:00,2026-08-12T23:59:59-04:00
Walmart,8070070,Passenger Jet or Red Panda,42.86,2026-08-06T00:00:00-04:00,2026-08-12T23:59:59-04:00
Walmart,8070070,Colgate 360'Advanced toothbrushes,7.97,2026-08-06T00:00:00-04:00,2026-08-12T23:59:59-04:00
Walmart,8070070,Cheez-It crackers,1.97,2026-08-06T00:00:00-04:00,2026-08-12T23:59:59-04:00
Walmart,8070070,Barrel leg jeans,18.0,2026-08-06T00:00:00-04:00,2026-08-12T23:59:59-04:00
Walmart,8070070,Kids' or toddlers casual shoes,24.0,2026-08-06T00:00:00-04:00,2026-08-12T23:59:59-04:00
Walmart,8070070,37 V Folding electric scooter,298.0,2026-08-06T00:00:00-04:00,2026-08-12T23:59:59-04:00
Walmart,8070070,Great Value bacon,5.47,2026-08-06T00:00:00-04:00,2026-08-12T23:59:59-04:00
Walmart,8070070,Samyang Buldak ramen noodles,2.98,2026-08-06T00:00:00-04:00,2026-08-12T23:59:59-04:00
Walmart,8070070,Maple Leaf fresh air-chilled boneless skinless chicken thighs 12-pack,7.75,2026-08-06T00:00:00-04:00,2026-08-12T23:59:59-04:00
Walmart,8070070,Your Fresh Market™ beef stir fry strips,15.39,2026-08-06T00:00:00-04:00,2026-08-12T23:59:59-04:00
Walmart,8070070,Marvel Tökon: Fighting Souls for PlayStation 5,79.96,2026-08-06T00:00:00-04:00,2026-08-12T23:59:59-04:00
Walmart,8070070,Great Value original or chicken hot dogs,4.97,2026-08-06T00:00:00-04:00,2026-08-12T23:59:59-04:00
Walmart,8070070,Ben's Original Bistro Express rice,2.48,2026-08-06T00:00:00-04:00,2026-08-12T23:59:59-04:00
Walmart,8070070,George joggers,16.0,2026-08-06T00:00:00-04:00,2026-08-12T23:59:59-04:00
Walmart,8070070,Minute Maid apple juice,3.28,2026-08-06T00:00:00-04:00,2026-08-12T23:59:59-04:00
Walmart,8070070,Kraft Dinner macaroni and cheese,1.97,2026-08-06T00:00:00-04:00,2026-08-12T23:59:59-04:00
Walmart,8070070,Mi Sedaap Mi Goreng fried noodle 5-pack,2.47,2026-08-06T00:00:00-04:00,2026-08-12T23:59:59-04:00
Walmart,8070070,Nongshim cup noodle soup,1.38,2026-08-06T00:00:00-04:00,2026-08-12T23:59:59-04:00
Walmart,8070070,Samyang Buldak ramen noodles,2.98,2026-08-06T00:00:00-04:00,2026-08-12T23:59:59-04:00
Walmart,8070070,DeskJet 2942 all-in-one printer,49.98,2026-08-06T00:00:00-04:00,2026-08-12T23:59:59-04:00
Walmart,8070070,2-Slice toaster,9.98,2026-08-06T00:00:00-04:00,2026-08-12T23:59:59-04:00
Walmart,8070070,Mainstays tub mat,12.97,2026-08-06T00:00:00-04:00,2026-08-12T23:59:59-04:00
Walmart,8070070,Boys' basketball shoes,24.97,2026-08-06T00:00:00-04:00,2026-08-12T23:59:59-04:00
Walmart,8070070,Sterilite 53 L laundry basket,4.97,2026-08-06T00:00:00-04:00,2026-08-12T23:59:59-04:00
Walmart,8070070,Selected padlocks,9.97,2026-08-06T00:00:00-04:00,2026-08-12T23:59:59-04:00
Walmart,8070070,Adults' sneakers,24.0,2026-08-06T00:00:00-04:00,2026-08-12T23:59:59-04:00
Walmart,8070070,Pen+Gear report cover,0.22,2026-08-06T00:00:00-04:00,2026-08-12T23:59:59-04:00
Walmart,8070070,Kids' or toddlers' casual shoes,24.0,2026-08-06T00:00:00-04:00,2026-08-12T23:59:59-04:00
Walmart,8070070,JLAB GO Wireless Bluetooth mouse,12.98,2026-08-06T00:00:00-04:00,2026-08-12T23:59:59-04:00
Walmart,8070070,onn. wireless mouse and keyboard combo,19.98,2026-08-06T00:00:00-04:00,2026-08-12T23:59:59-04:00
Walmart,8070070,RITZ family size crackers,4.48,2026-08-06T00:00:00-04:00,2026-08-12T23:59:59-04:00
Walmart,8070070,Christie Chips Ahoy! Mini Cookies Snak Paks,2.48,2026-08-06T00:00:00-04:00,2026-08-12T23:59:59-04:00
Walmart,8070070,Cadbury Caramilk Snack-Size bars,3.18,2026-08-06T00:00:00-04:00,2026-08-12T23:59:59-04:00
Walmart,8070070,Christie Chips Ahoy! Mini Cookies Snak Paks,2.48,2026-08-06T00:00:00-04:00,2026-08-12T23:59:59-04:00
Walmart,8070070,Kruzer 200 folding scooter,99.97,2026-08-06T00:00:00-04:00,2026-08-12T23:59:59-04:00
Walmart,8070070,Healthy Choice Simply Steamers frozen entrees,4.97,2026-08-06T00:00:00-04:00,2026-08-12T23:59:59-04:00
Walmart,8070070,Sterilite 3-drawer medium cart,21.97,2026-08-06T00:00:00-04:00,2026-08-12T23:59:59-04:00
Walmart,8070070,Royale 2-ply bathroom tissue 30= 80 pack,19.96,2026-08-06T00:00:00-04:00,2026-08-12T23:59:59-04:00
Walmart,8070070,Glad Black outdoor garbage bags,21.48,2026-08-06T00:00:00-04:00,2026-08-12T23:59:59-04:00
Walmart,8070070,Equate beauty original blemish patch,9.47,2026-08-06T00:00:00-04:00,2026-08-12T23:59:59-04:00
Walmart,8070070,Downy Unstopables scent booster,24.97,2026-08-06T00:00:00-04:00,2026-08-12T23:59:59-04:00
Walmart,8070070,151 L Wheeled Industrial Tote,44.97,2026-08-06T00:00:00-04:00,2026-08-12T23:59:59-04:00
Walmart,8070070,Champion backpacks,34.97,2026-08-06T00:00:00-04:00,2026-08-12T23:59:59-04:00
Walmart,8070070,Sistema Food Storage Containers,9.97,2026-08-06T00:00:00-04:00,2026-08-12T23:59:59-04:00
Walmart,8070070,Kendamil organic powder infant formula,49.97,2026-08-06T00:00:00-04:00,2026-08-12T23:59:59-04:00
Walmart,8070070,Cascade Platinum Dishwasher pods 63/83/110 pods,24.97,2026-08-06T00:00:00-04:00,2026-08-12T23:59:59-04:00
Walmart,8070070,Our Finest macaroni & cheese,2.97,2026-08-06T00:00:00-04:00,2026-08-12T23:59:59-04:00
Walmart,8070070,Great Value sliced bread,2.88,2026-08-06T00:00:00-04:00,2026-08-12T23:59:59-04:00
Walmart,8070070,L'Oréal Paris Féria hair colour,14.78,2026-08-06T00:00:00-04:00,2026-08-12T23:59:59-04:00
Walmart,8070070,Minecraft The Skeleton,54.86,2026-08-06T00:00:00-04:00,2026-08-12T23:59:59-04:00
Walmart,8070070,Great Value cheese strings,3.18,2026-08-06T00:00:00-04:00,2026-08-12T23:59:59-04:00
Walmart,8070070,Always pads,13.47,2026-08-06T00:00:00-04:00,2026-08-12T23:59:59-04:00
Walmart,8070070,Special Kitty wet cat food,0.8,2026-08-06T00:00:00-04:00,2026-08-12T23:59:59-04:00
Walmart,8070070,PureBalance Dry Dog Food,49.97,2026-08-06T00:00:00-04:00,2026-08-12T23:59:59-04:00
Walmart,8070070,Pure Balance Wet Dog Food,2.68,2026-08-06T00:00:00-04:00,2026-08-12T23:59:59-04:00
Walmart,8070070,Your Fresh Market™ pita,2.47,2026-08-06T00:00:00-04:00,2026-08-12T23:59:59-04:00
Walmart,8070070,Blueberries,3.44,2026-08-06T00:00:00-04:00,2026-08-12T23:59:59-04:00
Walmart,8070070,Your Fresh Market™ BBQ or herb & garlic chicken,11.57,2026-08-06T00:00:00-04:00,2026-08-12T23:59:59-04:00
Walmart,8070070,Coca-Cola Pop,2.48,2026-08-06T00:00:00-04:00,2026-08-12T23:59:59-04:00
Walmart,8070070,6-Speed blenders,19.98,2026-08-06T00:00:00-04:00,2026-08-12T23:59:59-04:00
Walmart,8070070,Rebook Backpacks,34.97,2026-08-06T00:00:00-04:00,2026-08-12T23:59:59-04:00
Walmart,8070070,Reversible comforter,19.88,2026-08-06T00:00:00-04:00,2026-08-12T23:59:59-04:00
Walmart,8070070,TAL 18-oz. stainless steel coffee mugs,12.97,2026-08-06T00:00:00-04:00,2026-08-12T23:59:59-04:00
Walmart,8070070,Uptown expandable lunch bags,14.97,2026-08-06T00:00:00-04:00,2026-08-12T23:59:59-04:00
Walmart,8070070,iPad A16 Wi-Fi 128GB,549.0,2026-08-06T00:00:00-04:00,2026-08-12T23:59:59-04:00
Walmart,8070070,TAL 18-oz. stainless steel coffee mugs,12.97,2026-08-06T00:00:00-04:00,2026-08-12T23:59:59-04:00
Walmart,8070070,32-Page exercise book,0.25,2026-08-06T00:00:00-04:00,2026-08-12T23:59:59-04:00
Walmart,8070070,Scientific calculator,9.97,2026-08-06T00:00:00-04:00,2026-08-12T23:59:59-04:00
Walmart,8070070,Your Fresh Market™ cookies,5.46,2026-08-06T00:00:00-04:00,2026-08-12T23:59:59-04:00
Walmart,8070070,Yoplait Tubes yogurt,2.47,2026-08-06T00:00:00-04:00,2026-08-12T23:59:59-04:00
Walmart,8070070,Heinz pasta,1.27,2026-08-06T00:00:00-04:00,2026-08-12T23:59:59-04:00
Walmart,8070070,Oikos yogurt tubs,6.46,2026-08-06T00:00:00-04:00,2026-08-12T23:59:59-04:00
Walmart,8070070,Yoplait Minigo 6 x 60 g yogurt,2.47,2026-08-06T00:00:00-04:00,2026-08-12T23:59:59-04:00
Walmart,8070070,Tropicana Pure Premium orange juice 1.36 L,4.97,2026-08-06T00:00:00-04:00,2026-08-12T23:59:59-04:00
Walmart,8070070,Backpacks,34.97,2026-08-06T00:00:00-04:00,2026-08-12T23:59:59-04:00
Walmart,8070070,Sharpie permanent markers 24-pack,15.98,2026-08-06T00:00:00-04:00,2026-08-12T23:59:59-04:00
Walmart,8070070,Stainless steel water bottles,19.97,2026-08-06T00:00:00-04:00,2026-08-12T23:59:59-04:00
Walmart,8070070,Contigo Stainless steel water bottles,19.97,2026-08-06T00:00:00-04:00,2026-08-12T23:59:59-04:00
Walmart,8070070,quartet Dry-erase calendar,9.98,2026-08-06T00:00:00-04:00,2026-08-12T23:59:59-04:00
Walmart,8070070,Aluratek large-print tri-colour LED keyboard,19.98,2026-08-06T00:00:00-04:00,2026-08-12T23:59:59-04:00
Walmart,8070070,Elmer's Glue stick,2.48,2026-08-06T00:00:00-04:00,2026-08-12T23:59:59-04:00
Walmart,8070070,Math set,4.48,2026-08-06T00:00:00-04:00,2026-08-12T23:59:59-04:00
Walmart,8070070,Lined refill paper,0.48,2026-08-06T00:00:00-04:00,2026-08-12T23:59:59-04:00
Walmart,8070070,MotherWord Ultimate Family 2027 wall calendar,11.98,2026-08-06T00:00:00-04:00,2026-08-12T23:59:59-04:00
Walmart,8070070,"1"" Binder",1.77,2026-08-06T00:00:00-04:00,2026-08-12T23:59:59-04:00
Walmart,8070070,Marutai vegetarian ramen,2.98,2026-08-06T00:00:00-04:00,2026-08-12T23:59:59-04:00
Walmart,8070070,Thai Chef instant noodles 5-pack,2.97,2026-08-06T00:00:00-04:00,2026-08-12T23:59:59-04:00
Walmart,8070070,Baby bok choy,2.28,2026-08-06T00:00:00-04:00,2026-08-12T23:59:59-04:00
Walmart,8070070,Thai Chef instant noodles 5-pack,2.97,2026-08-06T00:00:00-04:00,2026-08-12T23:59:59-04:00
Walmart,8070070,Ottogi Jin Ramen multipack,5.98,2026-08-06T00:00:00-04:00,2026-08-12T23:59:59-04:00
Walmart,8070070,JML instant noodles,4.98,2026-08-06T00:00:00-04:00,2026-08-12T23:59:59-04:00
Walmart,8070070,Shanghai bok choy,2.28,2026-08-06T00:00:00-04:00,2026-08-12T23:59:59-04:00
Walmart,8070070,Skullcandy Grom over-ear sound isolating kid's headphones,29.98,2026-08-06T00:00:00-04:00,2026-08-12T23:59:59-04:00
Walmart,8070070,iPad A16 Wi-Fi 1286B,549.0,2026-08-06T00:00:00-04:00,2026-08-12T23:59:59-04:00
Walmart,8070070,Crayola Ultra-Clean washable broad line markers,5.97,2026-08-06T00:00:00-04:00,2026-08-12T23:59:59-04:00
Walmart,8070070,Crayola 64ct Crayons or Crayola 20ct washable Super Tips markers,2.0,2026-08-06T00:00:00-04:00,2026-08-12T23:59:59-04:00
Walmart,8070070,Crayola Clicks retractable markers,9.97,2026-08-06T00:00:00-04:00,2026-08-12T23:59:59-04:00
Walmart,8070070,Math Roller Addition stamps,12.97,2026-08-06T00:00:00-04:00,2026-08-12T23:59:59-04:00
Walmart,8070070,Hello Hobby stretched canvases,16.97,2026-08-06T00:00:00-04:00,2026-08-12T23:59:59-04:00
Walmart,8070070,Sharpie original 12-pack,7.98,2026-08-06T00:00:00-04:00,2026-08-12T23:59:59-04:00
Walmart,8070070,Pen+Gear scientific calculator,14.98,2026-08-06T00:00:00-04:00,2026-08-12T23:59:59-04:00
Walmart,8070070,Selected padlocks,9.97,2026-08-06T00:00:00-04:00,2026-08-12T23:59:59-04:00
Walmart,8070070,Royal & Langnickel Essentials paint set,7.97,2026-08-06T00:00:00-04:00,2026-08-12T23:59:59-04:00
Walmart,8070070,Hello Hobby stretched canvases,16.97,2026-08-06T00:00:00-04:00,2026-08-12T23:59:59-04:00
Walmart,8070070,Skross backpack,34.97,2026-08-06T00:00:00-04:00,2026-08-12T23:59:59-04:00
Walmart,8070070,Cool Gear,6.98,2026-08-06T00:00:00-04:00,2026-08-12T23:59:59-04:00
Walmart,8070070,Great Value sandwich bags,2.74,2026-08-06T00:00:00-04:00,2026-08-12T23:59:59-04:00
Walmart,8070070,Diet Coca-Cola Pop,8.28,2026-08-06T00:00:00-04:00,2026-08-12T23:59:59-04:00
Walmart,8070070,Christie Chips Ahoy! Mini Cookies Snak Paks,2.48,2026-08-06T00:00:00-04:00,2026-08-12T23:59:59-04:00
Walmart,8070070,Christie Chips Ahoy! Mini cookies 200 g,2.48,2026-08-06T00:00:00-04:00,2026-08-12T23:59:59-04:00
Walmart,8070070,Fanta Orange,3.97,2026-08-06T00:00:00-04:00,2026-08-12T23:59:59-04:00
Walmart,8070070,Fanta Orange zero sugar,8.28,2026-08-06T00:00:00-04:00,2026-08-12T23:59:59-04:00
Walmart,8070070,Fuze iced tea,7.47,2026-08-06T00:00:00-04:00,2026-08-12T23:59:59-04:00
Walmart,8070070,Kinder Chocolate 6-pack or Kinder Surprises 3-pack,5.48,2026-08-06T00:00:00-04:00,2026-08-12T23:59:59-04:00
Walmart,8070070,Natrel lactose free ice cream,5.48,2026-08-06T00:00:00-04:00,2026-08-12T23:59:59-04:00
Walmart,8070070,Reese's Pieces candy,4.48,2026-08-06T00:00:00-04:00,2026-08-12T23:59:59-04:00
Walmart,8070070,Zevia Strawberry Lemon Burst soda,6.48,2026-08-06T00:00:00-04:00,2026-08-12T23:59:59-04:00
Walmart,8070070,Fuze raspberry iced tea,2.77,2026-08-06T00:00:00-04:00,2026-08-12T23:59:59-04:00
Walmart,8070070,Nutella B-ready bars,10.47,2026-08-06T00:00:00-04:00,2026-08-12T23:59:59-04:00
Walmart,8070070,HP Envy 6152E all-in-one printer,79.98,2026-08-06T00:00:00-04:00,2026-08-12T23:59:59-04:00
Walmart,8070070,Hot Wheels electric scooter,148.0,2026-08-06T00:00:00-04:00,2026-08-12T23:59:59-04:00
Walmart,8070070,Huffy Capitol cruiser bike,198.0,2026-08-06T00:00:00-04:00,2026-08-12T23:59:59-04:00
Walmart,8070070,Your Fresh Market™ sliced loaf cakes,5.16,2026-08-06T00:00:00-04:00,2026-08-12T23:59:59-04:00
Walmart,8070070,Kellogg's Rice Krispies squares,7.94,2026-08-06T00:00:00-04:00,2026-08-12T23:59:59-04:00
Walmart,8070070,Ben's Original Bistro Express rice,2.48,2026-08-06T00:00:00-04:00,2026-08-12T23:59:59-04:00
Walmart,8070070,Your Fresh Market™ French-style baguette,1.47,2026-08-06T00:00:00-04:00,2026-08-12T23:59:59-04:00
Walmart,8070070,"Your Fresh Market"" deli salads",3.27,2026-08-06T00:00:00-04:00,2026-08-12T23:59:59-04:00
Walmart,8070070,"Dempster's 10"" tortillas",4.28,2026-08-06T00:00:00-04:00,2026-08-12T23:59:59-04:00
Walmart,8070070,Marutai vegetarian ramen,2.98,2026-08-06T00:00:00-04:00,2026-08-12T23:59:59-04:00
Walmart,8070070,JML instant noodles,4.98,2026-08-06T00:00:00-04:00,2026-08-12T23:59:59-04:00
Walmart,8070070,Mechanical pencils 10-pack,3.0,2026-08-06T00:00:00-04:00,2026-08-12T23:59:59-04:00
Walmart,8070070,4-Piece backpack set,16.97,2026-08-06T00:00:00-04:00,2026-08-12T23:59:59-04:00
Walmart,8070070,Pen+Gear pencil cases,7.0,2026-08-06T00:00:00-04:00,2026-08-12T23:59:59-04:00
Walmart,8070070,Selected stationery,3.0,2026-08-06T00:00:00-04:00,2026-08-12T23:59:59-04:00
Walmart,8070070,"Dell 14"" productivity laptop",1098.0,2026-08-06T00:00:00-04:00,2026-08-12T23:59:59-04:00
Walmart,8070070,"Acer Iconia A10 Gen2 10.1"" tablet",179.98,2026-08-06T00:00:00-04:00,2026-08-12T23:59:59-04:00
Walmart,8070070,Licensed pencil boxes,11.98,2026-08-06T00:00:00-04:00,2026-08-12T23:59:59-04:00
Walmart,8070070,"KPop Demon Hunters pencil cases, notebooks or journals",7.97,2026-08-06T00:00:00-04:00,2026-08-12T23:59:59-04:00
Walmart,8070070,Cadbury Caramilk Minis,5.98,2026-08-06T00:00:00-04:00,2026-08-12T23:59:59-04:00
Walmart,8070070,Yop strawberry banana,5.76,2026-08-06T00:00:00-04:00,2026-08-12T23:59:59-04:00
Walmart,8070070,Fancy Feast wet cat food multi-pack,10.74,2026-08-06T00:00:00-04:00,2026-08-12T23:59:59-04:00
Walmart,8070070,Nature's Path Love Crunch organic protein chocolate and almond butter or strawberry cheesecake granola,5.98,2026-08-06T00:00:00-04:00,2026-08-12T23:59:59-04:00
Walmart,8070070,Hellmann's mayonnaise type dressing 325 mL - 340 mL,3.77,2026-08-06T00:00:00-04:00,2026-08-12T23:59:59-04:00
Walmart,8070070,Oasis beverages or juice boxes,3.47,2026-08-06T00:00:00-04:00,2026-08-12T23:59:59-04:00
Walmart,8070070,Gyrocopters PixAl Electric foldable dual rider cargo bike,399.96,2026-08-06T00:00:00-04:00,2026-08-12T23:59:59-04:00
Walmart,8070070,"5th Wheel WLB17 adults' 26"" electric bike",519.99,2026-08-06T00:00:00-04:00,2026-08-12T23:59:59-04:00
Walmart,8070070,Premier Protein Al'mazing vanilla or coffee non-dairy shakes,12.97,2026-08-06T00:00:00-04:00,2026-08-12T23:59:59-04:00
Walmart,8070070,Lysol all-purpose cleaner,5.47,2026-08-06T00:00:00-04:00,2026-08-12T23:59:59-04:00
Walmart,8070070,Black & White bathroom tissue or paper towel,4.94,2026-08-06T00:00:00-04:00,2026-08-12T23:59:59-04:00
Walmart,8070070,School Backpacks,24.97,2026-08-06T00:00:00-04:00,2026-08-12T23:59:59-04:00
Walmart,8070070,Huggies Pull-Ups superpack training pants,28.78,2026-08-06T00:00:00-04:00,2026-08-12T23:59:59-04:00
Walmart,8070070,Febreze Air or bathroom air freshener 2-pack or PLUG starter kit,6.97,2026-08-06T00:00:00-04:00,2026-08-12T23:59:59-04:00
Walmart,8070070,Pampers value pack Cruisers 360° diapers,44.94,2026-08-06T00:00:00-04:00,2026-08-12T23:59:59-04:00
Walmart,8070070,Great Value juice,2.96,2026-08-06T00:00:00-04:00,2026-08-12T23:59:59-04:00
Walmart,8070070,Great Value cream cheese spread,2.98,2026-08-06T00:00:00-04:00,2026-08-12T23:59:59-04:00
Walmart,8070070,Our Finest macaroni & cheese,2.97,2026-08-06T00:00:00-04:00,2026-08-12T23:59:59-04:00
Walmart,8070070,Great Value granola bars,10.98,2026-08-06T00:00:00-04:00,2026-08-12T23:59:59-04:00
Walmart,8070070,Special Kitty health monitoring cat litter,16.97,2026-08-06T00:00:00-04:00,2026-08-12T23:59:59-04:00
Walmart,8070070,Children's Tylenol Easy Dissolve powder,9.24,2026-08-06T00:00:00-04:00,2026-08-12T23:59:59-04:00
Walmart,8070070,Tylenol EZ tabs or Liquid Gels,16.34,2026-08-06T00:00:00-04:00,2026-08-12T23:59:59-04:00
Walmart,8070070,Children's Tylenol liquid,9.24,2026-08-06T00:00:00-04:00,2026-08-12T23:59:59-04:00
Walmart,8070070,Ol' Roy dry dog food,27.98,2026-08-06T00:00:00-04:00,2026-08-12T23:59:59-04:00
Walmart,8070070,Always liners,13.47,2026-08-06T00:00:00-04:00,2026-08-12T23:59:59-04:00
Walmart,8070070,Purina ONE dry dog food,28.63,2026-08-06T00:00:00-04:00,2026-08-12T23:59:59-04:00
Walmart,8070070,Pepcid or Imodium,23.77,2026-08-06T00:00:00-04:00,2026-08-12T23:59:59-04:00
Walmart,8070070,Rascals premium superpack diapers,21.88,2026-08-06T00:00:00-04:00,2026-08-12T23:59:59-04:00
Walmart,8070070,Botanicals Cosmos Flowers or Pizza Truck,19.86,2026-08-06T00:00:00-04:00,2026-08-12T23:59:59-04:00
Walmart,8070070,Beach Fun with Lilo & Stich,27.86,2026-08-06T00:00:00-04:00,2026-08-12T23:59:59-04:00
Walmart,8070070,KPop Demon Hunters,99.86,2026-08-06T00:00:00-04:00,2026-08-12T23:59:59-04:00
Walmart,8070070,Drive-Through Car Wash or Candy & Cupcake Ferris Wheel,84.86,2026-08-06T00:00:00-04:00,2026-08-12T23:59:59-04:00
Walmart,8070070,Softsoap body wash,3.97,2026-08-06T00:00:00-04:00,2026-08-12T23:59:59-04:00
Walmart,8070070,Bonkers cat treats,1.98,2026-08-06T00:00:00-04:00,2026-08-12T23:59:59-04:00
Walmart,8070070,Tylenol EZ tabs or Liquid Gels,16.34,2026-08-06T00:00:00-04:00,2026-08-12T23:59:59-04:00
Walmart,8070070,Pure Balance chicken or duck tenders dog treats,11.98,2026-08-06T00:00:00-04:00,2026-08-12T23:59:59-04:00
Walmart,8070070,Pure Balance large breed dry dog food,29.98,2026-08-06T00:00:00-04:00,2026-08-12T23:59:59-04:00
Walmart,8070070,IAMS ProActive Health Dry Dog Food,62.97,2026-08-06T00:00:00-04:00,2026-08-12T23:59:59-04:00
Walmart,8070070,Chewmasters Dog Treats Duck Jerky or Chicken Strips,21.97,2026-08-06T00:00:00-04:00,2026-08-12T23:59:59-04:00
Walmart,8070070,Listerine Total Care mouthwash,8.96,2026-08-06T00:00:00-04:00,2026-08-12T23:59:59-04:00
Walmart,8070070,Dove Men+Care Ted Lasso deodorant 107 g,8.96,2026-08-06T00:00:00-04:00,2026-08-12T23:59:59-04:00
Walmart,8070070,Nivea body wash 500 mL,3.28,2026-08-06T00:00:00-04:00,2026-08-12T23:59:59-04:00
Walmart,8070070,TRESemmé shampoo,6.97,2026-08-06T00:00:00-04:00,2026-08-12T23:59:59-04:00
Walmart,8070070,Nivea body lotion,7.48,2026-08-06T00:00:00-04:00,2026-08-12T23:59:59-04:00
Walmart,8070070,Irish Spring body wash,3.97,2026-08-06T00:00:00-04:00,2026-08-12T23:59:59-04:00
Walmart,8070070,Purina ONE dry dog food,28.63,2026-08-06T00:00:00-04:00,2026-08-12T23:59:59-04:00
Walmart,8070070,Disney Marvel Spider-Man Harness booster car seat,299.0,2026-08-06T00:00:00-04:00,2026-08-12T23:59:59-04:00
Walmart,8070070,"onn. 24"" Full HD monitor",109.98,2026-08-06T00:00:00-04:00,2026-08-12T23:59:59-04:00
Walmart,8070070,"16"" OmniBook 5 laptop",899.98,2026-08-06T00:00:00-04:00,2026-08-12T23:59:59-04:00
Walmart,8070070,JETSTREAM School backpacks,24.97,2026-08-06T00:00:00-04:00,2026-08-12T23:59:59-04:00
Walmart,8070070,Compact upright or bagless vacuum,69.98,2026-08-06T00:00:00-04:00,2026-08-12T23:59:59-04:00
Walmart,8070070,Mesh Back Office Chair with Flip-up arms,69.97,2026-08-06T00:00:00-04:00,2026-08-12T23:59:59-04:00
Walmart,8070070,HOMETRENDS TV stand,109.97,2026-08-06T00:00:00-04:00,2026-08-12T23:59:59-04:00
Walmart,8070070,Ultron vs. Iron Man,27.86,2026-08-06T00:00:00-04:00,2026-08-12T23:59:59-04:00
Walmart,8070070,Tidy Cats LightWeight Multi-Cat Clumping Cat Litter,28.88,2026-08-06T00:00:00-04:00,2026-08-12T23:59:59-04:00
Walmart,8070070,Harmony Transit deluxe backless booster car seat with UAS,33.97,2026-08-06T00:00:00-04:00,2026-08-12T23:59:59-04:00
Walmart,8070070,Aveeno Baby daily wash and shampoo or cream,12.47,2026-08-06T00:00:00-04:00,2026-08-12T23:59:59-04:00
Walmart,8070070,Parent's Choice training pants,24.94,2026-08-06T00:00:00-04:00,2026-08-12T23:59:59-04:00
Walmart,8070070,Venom Bust,69.86,2026-08-06T00:00:00-04:00,2026-08-12T23:59:59-04:00
Walmart,8070070,Minecraft Chicken Jockey,42.86,2026-08-06T00:00:00-04:00,2026-08-12T23:59:59-04:00
Walmart,8070070,Red Panda,42.86,2026-08-06T00:00:00-04:00,2026-08-12T23:59:59-04:00
Walmart,8070070,Catit lickable cat treats,17.98,2026-08-06T00:00:00-04:00,2026-08-12T23:59:59-04:00
Walmart,8070070,Economy Cat Dry Cat Food,17.44,2026-08-06T00:00:00-04:00,2026-08-12T23:59:59-04:00
Walmart,8070070,Chewmasters Dog Treats Duck Jerky or Chicken Strips,21.97,2026-08-06T00:00:00-04:00,2026-08-12T23:59:59-04:00
Walmart,8070070,Listerine Total Care mouthwash,8.96,2026-08-06T00:00:00-04:00,2026-08-12T23:59:59-04:00
Walmart,8070070,Listerine Total Care Mouthwash,8.96,2026-08-06T00:00:00-04:00,2026-08-12T23:59:59-04:00
Walmart,8070070,Listerine Total are mouthwash,8.96,2026-08-06T00:00:00-04:00,2026-08-12T23:59:59-04:00
Walmart,8070070,Listerine Clinical Solutions mouthwash,10.97,2026-08-06T00:00:00-04:00,2026-08-12T23:59:59-04:00
Walmart,8070070,Elmer's Toy Story 5 glue,2.48,2026-08-06T00:00:00-04:00,2026-08-12T23:59:59-04:00
Walmart,8070070,Yoplait Tubes yogurt,2.47,2026-08-06T00:00:00-04:00,2026-08-12T23:59:59-04:00
Walmart,8070070,Premier Protein cafe latte shakes,33.97,2026-08-06T00:00:00-04:00,2026-08-12T23:59:59-04:00
Walmart,8070070,"Phoenix adults' 27.5"" electric bike",698.0,2026-08-06T00:00:00-04:00,2026-08-12T23:59:59-04:00
Walmart,8070070,Cascade Platinum Dishwasher pods 83 pods,24.97,2026-08-06T00:00:00-04:00,2026-08-12T23:59:59-04:00
Walmart,8070070,Royale facial tissue,19.97,2026-08-06T00:00:00-04:00,2026-08-12T23:59:59-04:00
Walmart,8070070,Equate toothbrushes 8-pack,5.97,2026-08-06T00:00:00-04:00,2026-08-12T23:59:59-04:00
Walmart,8070070,Equate aloe vera body wash,4.87,2026-08-06T00:00:00-04:00,2026-08-12T23:59:59-04:00
Walmart,8070070,Ingenuity Sun Valley compact folding high chair,79.0,2026-08-06T00:00:00-04:00,2026-08-12T23:59:59-04:00
Walmart,8070070,"15.6"" Windows Laptop",369.99,2026-08-06T00:00:00-04:00,2026-08-12T23:59:59-04:00
Walmart,8070070,Lou's Kitchen fully cooked pork back ribs,9.97,2026-08-06T00:00:00-04:00,2026-08-12T23:59:59-04:00
Walmart,8070070,"Dempster's 10"" tortillas",4.28,2026-08-06T00:00:00-04:00,2026-08-12T23:59:59-04:00
Walmart,8070070,Toddlers' sweatshirt and legging set,15.0,2026-08-06T00:00:00-04:00,2026-08-12T23:59:59-04:00
Walmart,8070070,Stamp 'N Stick DIY kit or Math Roller Addition or Symbols Addition stamps,12.97,2026-08-06T00:00:00-04:00,2026-08-12T23:59:59-04:00
Walmart,8070070,Roma or cluster tomatoes,2.42,2026-08-06T00:00:00-04:00,2026-08-12T23:59:59-04:00
Walmart,8070070,Red Baron classic frozen pizza,2.97,2026-08-06T00:00:00-04:00,2026-08-12T23:59:59-04:00
Walmart,8070070,Mott's Fruitsations fruit snacks,2.47,2026-08-06T00:00:00-04:00,2026-08-12T23:59:59-04:00
Walmart,8070070,Dual-compartment lunch bag,16.97,2026-08-06T00:00:00-04:00,2026-08-12T23:59:59-04:00
Walmart,8070070,Kinder Chocolate 6-pack or Kinder Surprise' 3-pack,5.48,2026-08-06T00:00:00-04:00,2026-08-12T23:59:59-04:00
Walmart,8070070,Eureka RapidClean or Dirt Devil Versa cordless stick vac,99.98,2026-08-06T00:00:00-04:00,2026-08-12T23:59:59-04:00
Walmart,8070070,Our Finest seafood appetizers,9.96,2026-08-06T00:00:00-04:00,2026-08-12T23:59:59-04:00
Walmart,8070070,Brookside chocolate with fruit-flavoured centres,4.48,2026-08-06T00:00:00-04:00,2026-08-12T23:59:59-04:00
Walmart,8070070,KPop Demon Hunters fashion doll,39.97,2026-08-06T00:00:00-04:00,2026-08-12T23:59:59-04:00
Walmart,8070070,Green onions,1.24,2026-08-06T00:00:00-04:00,2026-08-12T23:59:59-04:00
Walmart,8070070,Samsung Galaxy A17 128 GB unlocked phone,219.98,2026-08-07T00:00:00-04:00,2026-08-12T23:59:59-04:00
Walmart,8070070,Wheeled duffle bag,29.88,2026-08-06T00:00:00-04:00,2026-08-12T23:59:59-04:00
Walmart,8070070,HP DeskJet 2942 all-in-one printer,49.98,2026-08-06T00:00:00-04:00,2026-08-12T23:59:59-04:00
Walmart,8070070,Fuze mango & pineapple iced tea,7.47,2026-08-06T00:00:00-04:00,2026-08-12T23:59:59-04:00
Walmart,8070070,Licensed lunch bag,11.97,2026-08-06T00:00:00-04:00,2026-08-12T23:59:59-04:00
Walmart,8070070,Glad Black outdoor garbage bags,21.48,2026-08-06T00:00:00-04:00,2026-08-12T23:59:59-04:00
Walmart,8070070,KPOP backpack,19.97,2026-08-06T00:00:00-04:00,2026-08-12T23:59:59-04:00
Walmart,8070070,Friskies dry cat food,22.97,2026-08-06T00:00:00-04:00,2026-08-12T23:59:59-04:00
Walmart,8070070,Delectables Squeeze Up cat treats variety pack,44.96,2026-08-06T00:00:00-04:00,2026-08-12T23:59:59-04:00
Walmart,8070070,Spidey Amazing Friends Cozee Buddy flip-out chair by Delta Children,49.97,2026-08-06T00:00:00-04:00,2026-08-12T23:59:59-04:00
Walmart,8070070,Sensodyne Clinical Repair toothpaste,7.97,2026-08-06T00:00:00-04:00,2026-08-12T23:59:59-04:00
Walmart,8070070,Pencil case,7.0,2026-08-06T00:00:00-04:00,2026-08-12T23:59:59-04:00
Walmart,8070070,Temptations cat treats 180 g or lickable singles 40 g or 48 g,2.58,2026-08-06T00:00:00-04:00,2026-08-12T23:59:59-04:00
Walmart,8070070,Pen+Gear binders,4.97,2026-08-06T00:00:00-04:00,2026-08-12T23:59:59-04:00
Walmart,8070070,Christie mini Snak Paks cookies,2.48,2026-08-06T00:00:00-04:00,2026-08-12T23:59:59-04:00
Walmart,8070070,Nectarines 2 L,6.44,2026-08-06T00:00:00-04:00,2026-08-12T23:59:59-04:00
Walmart,8070070,AirPods Pro 3,279.0,2026-08-06T00:00:00-04:00,2026-08-12T23:59:59-04:00
Walmart,8070070,Friskies dry cat food,22.97,2026-08-06T00:00:00-04:00,2026-08-12T23:59:59-04:00
Walmart,8070070,Dome lunchbag,15.97,2026-08-06T00:00:00-04:00,2026-08-12T23:59:59-04:00
Walmart,8070070,Zevia Orange Creamsicle soda,6.48,2026-08-06T00:00:00-04:00,2026-08-12T23:59:59-04:00
Walmart,8070070,Mainstays 6-cube storage organizer,39.97,2026-08-06T00:00:00-04:00,2026-08-12T23:59:59-04:00
Walmart,8070070,Roborock Robot Vacuum & Mop,229.99,2026-08-06T00:00:00-04:00,2026-08-12T23:59:59-04:00
Walmart,8070070,Febreze Air air freshener 2-pack,6.97,2026-08-06T00:00:00-04:00,2026-08-12T23:59:59-04:00
Walmart,8070070,Ziploc sandwich or freezer bags mega pack,10.96,2026-08-06T00:00:00-04:00,2026-08-12T23:59:59-04:00
Walmart,8070070,Nivea roll-on deodorant,3.28,2026-08-06T00:00:00-04:00,2026-08-12T23:59:59-04:00
Walmart,8070070,Cashmere Original bathroom tissue 30 = 62,14.96,2026-08-06T00:00:00-04:00,2026-08-12T23:59:59-04:00
Walmart,8070070,Pure Balance dry cat food,19.97,2026-08-06T00:00:00-04:00,2026-08-12T23:59:59-04:00
Walmart,8070070,Inflatable Water Slide Park,339.99,2026-08-06T00:00:00-04:00,2026-08-12T23:59:59-04:00
Walmart,8070070,"16"" 2-in-1 Touchscreen Laptop",599.99,2026-08-06T00:00:00-04:00,2026-08-12T23:59:59-04:00
Walmart,8070070,Dawn EZ-Squeeze dish soap 535 mL - 650 mL,3.97,2026-08-06T00:00:00-04:00,2026-08-12T23:59:59-04:00
Walmart,8070070,Baby Gourmet organic puree,2.27,2026-08-06T00:00:00-04:00,2026-08-12T23:59:59-04:00
Walmart,8070070,Special Kitty dry cat food,18.97,2026-08-06T00:00:00-04:00,2026-08-12T23:59:59-04:00
Walmart,8070070,Special Kitty wet cat food,0.8,2026-08-06T00:00:00-04:00,2026-08-12T23:59:59-04:00
Walmart,8070070,Coffee mate liquid coffee enhancer 828 mL - 946 mL,4.97,2026-08-06T00:00:00-04:00,2026-08-12T23:59:59-04:00
Walmart,8070070,Sterilite rectangular open laundry hamper,9.97,2026-08-06T00:00:00-04:00,2026-08-12T23:59:59-04:00
Walmart,8070070,Pure Balance Dry Dog Food,32.98,2026-08-06T00:00:00-04:00,2026-08-12T23:59:59-04:00
Walmart,8070070,Pure Balance dry dog food,32.98,2026-08-06T00:00:00-04:00,2026-08-12T23:59:59-04:00
Walmart,8070070,11' Inflatable Paddle Board,235.5,2026-08-06T00:00:00-04:00,2026-08-12T23:59:59-04:00
Walmart,8070070,Raspberries or blackberries,4.44,2026-08-06T00:00:00-04:00,2026-08-12T23:59:59-04:00
Walmart,8070070,Red or green seedless grapes,4.94,2026-08-06T00:00:00-04:00,2026-08-12T23:59:59-04:00
Walmart,8070070,"23.8"" Full HD IPS monitor",99.98,2026-08-06T00:00:00-04:00,2026-08-12T23:59:59-04:00
Walmart,8070070,Discovery DIY hydraulic arm building kit,29.98,2026-08-06T00:00:00-04:00,2026-08-12T23:59:59-04:00
Walmart,8070070,Printed tee or short-sleeved graphic tee,5.0,2026-08-06T00:00:00-04:00,2026-08-12T23:59:59-04:00
Walmart,8070070,Popsicle novelties,3.98,2026-08-06T00:00:00-04:00,2026-08-12T23:59:59-04:00
Walmart,8070070,Strawberries,4.44,2026-08-06T00:00:00-04:00,2026-08-12T23:59:59-04:00
Walmart,8070070,Funtainer 16-oz. THERMOS,19.97,2026-08-06T00:00:00-04:00,2026-08-12T23:59:59-04:00
Walmart,8070070,Sharpie bullet-tip creative markers 5-pack.,10.98,2026-08-06T00:00:00-04:00,2026-08-12T23:59:59-04:00
Walmart,8070070,Healthy Choice Simply Steamers frozen entrees,4.97,2026-08-06T00:00:00-04:00,2026-08-12T23:59:59-04:00
Walmart,8070070,Dawn Powerwash refill 473 mL,3.97,2026-08-06T00:00:00-04:00,2026-08-12T23:59:59-04:00
Walmart,8070070,Great Value tuna bowls,3.97,2026-08-06T00:00:00-04:00,2026-08-12T23:59:59-04:00
Walmart,8070070,Caledon Farms dog treats,7.98,2026-08-06T00:00:00-04:00,2026-08-12T23:59:59-04:00
Walmart,8070070,Pedialyte electrolyte oral rehydration solution,8.97,2026-08-06T00:00:00-04:00,2026-08-12T23:59:59-04:00
Walmart,8070070,SKIMI Ionic Hair Dryer,64.99,2026-08-06T00:00:00-04:00,2026-08-12T23:59:59-04:00
Walmart,8070070,Botanicals Cosmos Flowers,19.86,2026-08-06T00:00:00-04:00,2026-08-12T23:59:59-04:00
Walmart,8070070,SKIMI Ionic Hair Dryer,64.99,2026-08-06T00:00:00-04:00,2026-08-12T23:59:59-04:00
Walmart,8070070,Yu choy junior,5.91,2026-08-06T00:00:00-04:00,2026-08-12T23:59:59-04:00
Walmart,8070070,Boys' basketball shoes,24.97,2026-08-06T00:00:00-04:00,2026-08-12T23:59:59-04:00
Walmart,8070070,"onn. 11"" tablet (2026)",199.98,2026-08-06T00:00:00-04:00,2026-08-12T23:59:59-04:00
Walmart,8070070,Black & White paper towels,17.93,2026-08-06T00:00:00-04:00,2026-08-12T23:59:59-04:00
Walmart,8070070,Minute Rice,2.48,2026-08-06T00:00:00-04:00,2026-08-12T23:59:59-04:00
Walmart,8070070,Chips Ahoy! cookies,4.48,2026-08-06T00:00:00-04:00,2026-08-12T23:59:59-04:00
Walmart,8070070,Large seedless watermelon,6.98,2026-08-06T00:00:00-04:00,2026-08-12T23:59:59-04:00
Walmart,8070070,Temptations cat treats 180 g or lickable singles 40 g or 48 g,2.58,2026-08-06T00:00:00-04:00,2026-08-12T23:59:59-04:00
Walmart,8070070,"Great Value frozen meat, seafood or appetizers value packs",9.98,2026-08-06T00:00:00-04:00,2026-08-12T23:59:59-04:00
Walmart,8070070,Classico pasta sauce,2.97,2026-08-06T00:00:00-04:00,2026-08-12T23:59:59-04:00
Walmart,8070070,Pepsi,13.97,2026-08-06T00:00:00-04:00,2026-08-12T23:59:59-04:00
Walmart,8070070,Green zucchini,2.44,2026-08-06T00:00:00-04:00,2026-08-12T23:59:59-04:00
Walmart,8070070,Heinz beans,1.27,2026-08-06T00:00:00-04:00,2026-08-12T23:59:59-04:00
Walmart,8070070,Oikos yogurt tubs,6.46,2026-08-06T00:00:00-04:00,2026-08-12T23:59:59-04:00
Walmart,8070070,Breyers Creamery Style frozen dessert tubs,3.98,2026-08-06T00:00:00-04:00,2026-08-12T23:59:59-04:00
Walmart,8070070,4-Piece backpack set,16.97,2026-08-06T00:00:00-04:00,2026-08-12T23:59:59-04:00
Walmart,8070070,Scosche 20W USB-C wall charger,24.98,2026-08-06T00:00:00-04:00,2026-08-12T23:59:59-04:00
Walmart,8070070,Canon PIXMA TR4725 inkjet printer,59.98,2026-08-06T00:00:00-04:00,2026-08-12T23:59:59-04:00
Walmart,8070070,Crayola 64ct Crayons or Crayola 20ct washable Super Tips markers,2.0,2026-08-06T00:00:00-04:00,2026-08-12T23:59:59-04:00
Walmart,8070070,Mr. Noodles instant noodles,0.38,2026-08-06T00:00:00-04:00,2026-08-12T23:59:59-04:00
Walmart,8070070,"50"" QM51L Series 4K UHD HDR QD-Mini LED 33 Smart TV",548.0,2026-08-06T00:00:00-04:00,2026-08-12T23:59:59-04:00
Walmart,8070070,Wheeled duffle bag,29.88,2026-08-06T00:00:00-04:00,2026-08-12T23:59:59-04:00
Walmart,8070070,"TUCCI Italy CityRider 17.7"" backpack",60.0,2026-08-06T00:00:00-04:00,2026-08-12T23:59:59-04:00
Walmart,8070070,Champion backpacks,34.97,2026-08-06T00:00:00-04:00,2026-08-12T23:59:59-04:00
Walmart,8070070,Milk-Bone dog treats,7.47,2026-08-06T00:00:00-04:00,2026-08-12T23:59:59-04:00
Walmart,8070070,Harry Potter Hogwarts House Crest,69.86,2026-08-06T00:00:00-04:00,2026-08-12T23:59:59-04:00
Walmart,8070070,3-Piece Patio Conversation Set,219.99,2026-08-06T00:00:00-04:00,2026-08-12T23:59:59-04:00
Walmart,8070070,11' Inflatable Paddle Board,235.5,2026-08-06T00:00:00-04:00,2026-08-12T23:59:59-04:00
Walmart,8070070,TAL 18-02. stainless steel coffee mugs,12.97,2026-08-06T00:00:00-04:00,2026-08-12T23:59:59-04:00
Walmart,8070070,Crayola crayons 24-pack,1.0,2026-08-06T00:00:00-04:00,2026-08-12T23:59:59-04:00
Walmart,8070070,Lunch bags,16.97,2026-08-06T00:00:00-04:00,2026-08-12T23:59:59-04:00
Walmart,8070070,"Chromebook 311 11.6"" laptop",269.98,2026-08-06T00:00:00-04:00,2026-08-12T23:59:59-04:00
Walmart,8070070,Canon PIXMA TR7122 wireless printer,99.98,2026-08-06T00:00:00-04:00,2026-08-12T23:59:59-04:00
Walmart,8070070,Arctic Zone Uptown tote lunch bag,14.97,2026-08-06T00:00:00-04:00,2026-08-12T23:59:59-04:00
Walmart,8070070,Pogo Original,12.97,2026-08-06T00:00:00-04:00,2026-08-12T23:59:59-04:00
Walmart,8070070,Dove Men+Care Ted Lasso 2-in-1 shampoo,8.47,2026-08-06T00:00:00-04:00,2026-08-12T23:59:59-04:00
Walmart,8070070,Lysol all-purpose cleaner,5.47,2026-08-06T00:00:00-04:00,2026-08-12T23:59:59-04:00
Walmart,8070070,Classico pasta sauce,2.97,2026-08-06T00:00:00-04:00,2026-08-12T23:59:59-04:00
Walmart,8070070,Dove Men+Care Ted Lasso body wash,8.96,2026-08-06T00:00:00-04:00,2026-08-12T23:59:59-04:00
Walmart,8070070,"40"" Full HD Smart TV",575.99,2026-08-06T00:00:00-04:00,2026-08-12T23:59:59-04:00
Walmart,8070070,ChocXO keto chocolate,4.48,2026-08-06T00:00:00-04:00,2026-08-12T23:59:59-04:00
Walmart,8070070,Pillsbury Toaster Strudel,2.97,2026-08-06T00:00:00-04:00,2026-08-12T23:59:59-04:00
Walmart,8070070,KPop Demon Hunters pens,12.97,2026-08-06T00:00:00-04:00,2026-08-12T23:59:59-04:00
Walmart,8070070,TAL 24-oz. stainless steel 2-in-l straw and chug water bottle,18.98,2026-08-06T00:00:00-04:00,2026-08-12T23:59:59-04:00
Walmart,8070070,Nature's Path Organic Heritage flakes eco pack cereal,9.42,2026-08-06T00:00:00-04:00,2026-08-12T23:59:59-04:00
Walmart,8070070,Pen+Gear report cover,0.22,2026-08-06T00:00:00-04:00,2026-08-12T23:59:59-04:00
Walmart,8070070,Crayola Clicks mechanical coloured pencils,9.97,2026-08-06T00:00:00-04:00,2026-08-12T23:59:59-04:00
Walmart,8070070,"Phoenix adults' 27.5"" electric bike",698.0,2026-08-06T00:00:00-04:00,2026-08-12T23:59:59-04:00
Walmart,8070070,Inflatable Water Slide Park,339.99,2026-08-06T00:00:00-04:00,2026-08-12T23:59:59-04:00
Walmart,8070070,IPL Hair Removal Device,285.0,2026-08-06T00:00:00-04:00,2026-08-12T23:59:59-04:00
Walmart,8070070,Vega protein Made Simple protein powder,19.97,2026-08-06T00:00:00-04:00,2026-08-12T23:59:59-04:00
Walmart,8070070,Downy Unstopables scent booster,24.97,2026-08-06T00:00:00-04:00,2026-08-12T23:59:59-04:00
Walmart,8070070,Palmolive dish soap,1.97,2026-08-06T00:00:00-04:00,2026-08-12T23:59:59-04:00
Walmart,8070070,2-Drawer computer desk with USB charger,69.97,2026-08-06T00:00:00-04:00,2026-08-12T23:59:59-04:00
Walmart,8070070,Wood Pellet Smoker & Grill,339.99,2026-08-06T00:00:00-04:00,2026-08-12T23:59:59-04:00
Walmart,8070070,IPL Hair Removal Device,285.0,2026-08-06T00:00:00-04:00,2026-08-12T23:59:59-04:00
Walmart,8070070,Roborock Robot Vacuum & Mop,229.99,2026-08-06T00:00:00-04:00,2026-08-12T23:59:59-04:00
Walmart,8070070,Wood Pellet Smoker & Grill,339.99,2026-08-06T00:00:00-04:00,2026-08-12T23:59:59-04:00
Walmart,8070070,20V Cordless Electric Lawn Mower,149.99,2026-08-06T00:00:00-04:00,2026-08-12T23:59:59-04:00
Walmart,8070070,"15.6"" Windows Laptop",369.99,2026-08-06T00:00:00-04:00,2026-08-12T23:59:59-04:00
Walmart,8070070,5-Pack Stackable Storage Bins,87.99,2026-08-06T00:00:00-04:00,2026-08-12T23:59:59-04:00
Walmart,8070070,5-Pack Stackable Storage Bins,87.99,2026-08-06T00:00:00-04:00,2026-08-12T23:59:59-04:00
Walmart,8070070,20V Cordless Electric Lawn Mower,149.99,2026-08-06T00:00:00-04:00,2026-08-12T23:59:59-04:00
Walmart,8070070,3-Piece Patio Conversation Set,219.99,2026-08-06T00:00:00-04:00,2026-08-12T23:59:59-04:00
Walmart,8070070,"40"" Full HD Smart TV",258.99,2026-08-06T00:00:00-04:00,2026-08-12T23:59:59-04:00
Walmart,8070070,"16"" 2-in-1 Touchscreen Laptop",575.99,2026-08-06T00:00:00-04:00,2026-08-12T23:59:59-04:00
Walmart,8070070,Nongshim cup noodles soup,1.38,2026-08-06T00:00:00-04:00,2026-08-12T23:59:59-04:00
Walmart,8070070,Your Fresh Market™ cremini mushrooms,2.44,2026-08-06T00:00:00-04:00,2026-08-12T23:59:59-04:00
Walmart,8070070,Your Fresh Market™ butter or cheese mini croissants,5.14,2026-08-06T00:00:00-04:00,2026-08-12T23:59:59-04:00
Walmart,8070070,Villaggio sliced bread,2.98,2026-08-06T00:00:00-04:00,2026-08-12T23:59:59-04:00
Walmart,8070070,Equate unscented all-purpose wipes,2.94,2026-08-06T00:00:00-04:00,2026-08-12T23:59:59-04:00
Walmart,8070070,Your Fresh Market™ pita,2.47,2026-08-06T00:00:00-04:00,2026-08-12T23:59:59-04:00
Walmart,8070070,Pen+Gear school list kit,16.98,2026-08-06T00:00:00-04:00,2026-08-12T23:59:59-04:00
Walmart,8070070,Great Value quick oats,2.77,2026-08-06T00:00:00-04:00,2026-08-12T23:59:59-04:00
Walmart,8070070,Equate high protein nutrition shakes,13.97,2026-08-06T00:00:00-04:00,2026-08-12T23:59:59-04:00
Walmart,8070070,Equate lavender body wash,4.87,2026-08-06T00:00:00-04:00,2026-08-12T23:59:59-04:00
Walmart,8070070,Girls' casual shoes,29.97,2026-08-06T00:00:00-04:00,2026-08-12T23:59:59-04:00
Walmart,8070070,Great Value tuna bowls,3.97,2026-08-06T00:00:00-04:00,2026-08-12T23:59:59-04:00
Walmart,8070070,Licensed pencil boxes,11.98,2026-08-06T00:00:00-04:00,2026-08-12T23:59:59-04:00
Walmart,8070070,KPop Demon Hunters notebooks,7.97,2026-08-06T00:00:00-04:00,2026-08-12T23:59:59-04:00
Walmart,8070070,Lysol wipes 75s - 84s,5.47,2026-08-06T00:00:00-04:00,2026-08-12T23:59:59-04:00
Walmart,8070070,Dual-compartment lunch bag,16.97,2026-08-06T00:00:00-04:00,2026-08-12T23:59:59-04:00
Walmart,8070070,Sistema food storage containers,9.97,2026-08-06T00:00:00-04:00,2026-08-12T23:59:59-04:00
Walmart,8070070,Printed tee,5.0,2026-08-06T00:00:00-04:00,2026-08-12T23:59:59-04:00
Walmart,8070070,Spring Valley magnesium,16.47,2026-08-06T00:00:00-04:00,2026-08-12T23:59:59-04:00
Walmart,8070070,Nutella biscuits,6.67,2026-08-06T00:00:00-04:00,2026-08-12T23:59:59-04:00
Walmart,8070070,Zevia Strawberry Lemon Burst soda,6.48,2026-08-06T00:00:00-04:00,2026-08-12T23:59:59-04:00
Walmart,8070070,Great Value juice,2.96,2026-08-06T00:00:00-04:00,2026-08-12T23:59:59-04:00
Walmart,8070070,Starfrit Lock & Lock Easy Match food storage containers,6.97,2026-08-06T00:00:00-04:00,2026-08-12T23:59:59-04:00
Walmart,8070070,SHARP Scientific or office calculator,9.97,2026-08-06T00:00:00-04:00,2026-08-12T23:59:59-04:00
Walmart,8070070,Logitech wireless keyboard and mouse,29.98,2026-08-06T00:00:00-04:00,2026-08-12T23:59:59-04:00
Walmart,8070070,Skross backpack,34.97,2026-08-06T00:00:00-04:00,2026-08-12T23:59:59-04:00
Walmart,8070070,HP DeskJet 2942 all-in-one printer,49.98,2026-08-06T00:00:00-04:00,2026-08-12T23:59:59-04:00
Walmart,8070070,Coca-Cola mini cans Pop,3.97,2026-08-06T00:00:00-04:00,2026-08-12T23:59:59-04:00
Walmart,8070070,Sterilite wheeled under-bed tote,26.97,2026-08-06T00:00:00-04:00,2026-08-12T23:59:59-04:00
Walmart,8070070,Nutella hazelnut or peanut,8.47,2026-08-06T00:00:00-04:00,2026-08-12T23:59:59-04:00
Walmart,8070070,3M Command value packs,11.97,2026-08-06T00:00:00-04:00,2026-08-12T23:59:59-04:00
Walmart,8070070,"15.6"" Aspire Lite FHD IPS laptop",399.98,2026-08-06T00:00:00-04:00,2026-08-12T23:59:59-04:00
Walmart,8070070,Boys' basketball shoes,24.97,2026-08-06T00:00:00-04:00,2026-08-12T23:59:59-04:00
Walmart,8070070,¡Phone 17 Pro Max postpaid phone*,0.0,2026-08-06T00:00:00-04:00,2026-08-12T23:59:59-04:00
Walmart,8070070,OxiClean stain remover powder,10.97,2026-08-06T00:00:00-04:00,2026-08-12T23:59:59-04:00
Walmart,8070070,114 L Storage tote,13.47,2026-08-06T00:00:00-04:00,2026-08-12T23:59:59-04:00
Walmart,8070070,Pure Balance duck tenders dog treats,11.98,2026-08-06T00:00:00-04:00,2026-08-12T23:59:59-04:00
Walmart,8070070,Sistema food storage containers,9.97,2026-08-06T00:00:00-04:00,2026-08-12T23:59:59-04:00
Walmart,8070070,Coca-Cola Pop,8.28,2026-08-06T00:00:00-04:00,2026-08-12T23:59:59-04:00
Walmart,8070070,Purex laundry detergent,9.27,2026-08-06T00:00:00-04:00,2026-08-12T23:59:59-04:00
Walmart,8070070,Starfrit Lock&Lock Easy Match food storage containers,6.97,2026-08-06T00:00:00-04:00,2026-08-12T23:59:59-04:00
Walmart,8070070,Hot Wheels Barbie Jammer electric scooter,148.0,2026-08-06T00:00:00-04:00,2026-08-12T23:59:59-04:00
Walmart,8070070,Arctic Zone Uptown tote lunch bag,14.97,2026-08-06T00:00:00-04:00,2026-08-12T23:59:59-04:00
Walmart,8070070,Botanicals Dark Flower Arrangement,84.86,2026-08-06T00:00:00-04:00,2026-08-12T23:59:59-04:00
Walmart,8070070,Nestlé Drumstick or Real Dairy confectionerie or tubs or Del Monte novelties,3.97,2026-08-06T00:00:00-04:00,2026-08-12T23:59:59-04:00
Walmart,8070070,Vega Protein & Supergreens plant-based powder,21.97,2026-08-06T00:00:00-04:00,2026-08-12T23:59:59-04:00
Walmart,8070070,Friskies Lil' Soups cat treats variety pack,20.97,2026-08-06T00:00:00-04:00,2026-08-12T23:59:59-04:00
Walmart,8070070,MAINSTAYS 3-Shelf bookcase with adjustable shelves,34.87,2026-08-06T00:00:00-04:00,2026-08-12T23:59:59-04:00
Walmart,8070070,Gyrocopters J30 electric scooter,239.96,2026-08-06T00:00:00-04:00,2026-08-12T23:59:59-04:00
Walmart,8070070,4-Tier plastic shelf,19.98,2026-08-06T00:00:00-04:00,2026-08-12T23:59:59-04:00
Walmart,8070070,Milk-Bone dog treats,7.47,2026-08-06T00:00:00-04:00,2026-08-12T23:59:59-04:00
Walmart,8070070,Fortnite Tomatohead,24.86,2026-08-06T00:00:00-04:00,2026-08-12T23:59:59-04:00
Walmart,8070070,Lysol all-purpose cleaner 950 mL,5.47,2026-08-06T00:00:00-04:00,2026-08-12T23:59:59-04:00
Walmart,8070070,Dome Lunchbags,15.97,2026-08-06T00:00:00-04:00,2026-08-12T23:59:59-04:00
Walmart,8070070,Welch's fruit snacks,7.94,2026-08-06T00:00:00-04:00,2026-08-12T23:59:59-04:00
Walmart,8070070,Lou's Kitchen fully cooked pork back ribs,9.97,2026-08-06T00:00:00-04:00,2026-08-12T23:59:59-04:00
Walmart,8070070,Great Value original or chicken hot dogs,4.97,2026-08-06T00:00:00-04:00,2026-08-12T23:59:59-04:00
Walmart,8070070,Swanson fettuccini Alfredo or cheesy rice with broccoli & chicken frozen entrees,4.47,2026-08-06T00:00:00-04:00,2026-08-12T23:59:59-04:00
Walmart,8070070,Natrel lactose free butter,6.57,2026-08-06T00:00:00-04:00,2026-08-12T23:59:59-04:00
Walmart,8070070,Kendamil ready-to-feed infant formula,29.97,2026-08-06T00:00:00-04:00,2026-08-12T23:59:59-04:00
Walmart,8070070,Little Bellies baby organic pick-me sticks snacks,2.88,2026-08-06T00:00:00-04:00,2026-08-12T23:59:59-04:00
Walmart,8070070,Similac Pro-Advance step 1 ready-to-feed bottles,59.98,2026-08-06T00:00:00-04:00,2026-08-12T23:59:59-04:00
Walmart,8070070,Rascals premium superpack diapers,21.88,2026-08-06T00:00:00-04:00,2026-08-12T23:59:59-04:00
Walmart,8070070,Aveeno Baby cream,12.47,2026-08-06T00:00:00-04:00,2026-08-12T23:59:59-04:00
Walmart,8070070,Sensodyne or Pronamel toothpaste,4.94,2026-08-06T00:00:00-04:00,2026-08-12T23:59:59-04:00
Walmart,8070070,Baby Trend Tour LTE 2-in-1 stroller wagon,300.0,2026-08-06T00:00:00-04:00,2026-08-12T23:59:59-04:00
Walmart,8070070,Parent's Choice wipes,19.94,2026-08-06T00:00:00-04:00,2026-08-12T23:59:59-04:00
Walmart,8070070,Safety 1st Summit wagon stroller,399.97,2026-08-06T00:00:00-04:00,2026-08-12T23:59:59-04:00
Walmart,8070070,Selected stationery,2.0,2026-08-06T00:00:00-04:00,2026-08-12T23:59:59-04:00
Walmart,8070070,Parent's Choice Gentle+ iron-fortified infant formula,26.94,2026-08-06T00:00:00-04:00,2026-08-12T23:59:59-04:00
Walmart,8070070,Barilla pasta,1.77,2026-08-06T00:00:00-04:00,2026-08-12T23:59:59-04:00
Walmart,8070070,Similac 360 Total Care step 1 powder infant formula,59.98,2026-08-06T00:00:00-04:00,2026-08-12T23:59:59-04:00
Walmart,8070070,Pen+Gear pencil cases,7.0,2026-08-06T00:00:00-04:00,2026-08-12T23:59:59-04:00
Walmart,8070070,Baby Gourmet organic purée,2.27,2026-08-06T00:00:00-04:00,2026-08-12T23:59:59-04:00
Walmart,8070070,Parent's Choice organic baby food purée,1.17,2026-08-06T00:00:00-04:00,2026-08-12T23:59:59-04:00
Walmart,8070070,Hellmann's real mayonnaise 710-890 mL,5.77,2026-08-06T00:00:00-04:00,2026-08-12T23:59:59-04:00
Walmart,8070070,Royale facial tissue,19.97,2026-08-06T00:00:00-04:00,2026-08-12T23:59:59-04:00
Walmart,8070070,Haribo gummy candies,2.48,2026-08-06T00:00:00-04:00,2026-08-12T23:59:59-04:00
Walmart,8070070,Enfamil A+ NeuroPro Gentlease ready-to-feed formula,87.97,2026-08-06T00:00:00-04:00,2026-08-12T23:59:59-04:00
Walmart,8070070,Wong Wing frozen appetizers,5.97,2026-08-06T00:00:00-04:00,2026-08-12T23:59:59-04:00
Walmart,8070070,Arm & Hammer Clump & Seal 12.7 kg or 17.2 kg,24.67,2026-08-06T00:00:00-04:00,2026-08-12T23:59:59-04:00
Walmart,8070070,Selected stationery,3.0,2026-08-06T00:00:00-04:00,2026-08-12T23:59:59-04:00
Walmart,8070070,Special Kitty health monitoring cat litter,16.97,2026-08-06T00:00:00-04:00,2026-08-12T23:59:59-04:00
Walmart,8070070,ChocXO keto chocolate,4.48,2026-08-06T00:00:00-04:00,2026-08-12T23:59:59-04:00
Walmart,8070070,Canada Dry ginger ale,2.48,2026-08-06T00:00:00-04:00,2026-08-12T23:59:59-04:00
Walmart,8070070,"Gateway (by Acer) laptop 14""",349.98,2026-08-06T00:00:00-04:00,2026-08-12T23:59:59-04:00
Walmart,8070070,"ASUS Chromebook laptop 14""",279.98,2026-08-06T00:00:00-04:00,2026-08-12T23:59:59-04:00
Walmart,8070070,"TUCCI Italy SportSurge 17.3"" laptop backpack",61.99,2026-08-06T00:00:00-04:00,2026-08-12T23:59:59-04:00
Walmart,8070070,Enfamil A+ NeuroPro or NeuroPro Gentlease ready-to-feed formula,87.97,2026-08-06T00:00:00-04:00,2026-08-12T23:59:59-04:00
Walmart,8070070,"Dell 16"" Entertainment laptop",898.0,2026-08-06T00:00:00-04:00,2026-08-12T23:59:59-04:00
Walmart,8070070,Logitech wireless mouse,19.98,2026-08-06T00:00:00-04:00,2026-08-12T23:59:59-04:00
Walmart,8070070,Listerine mouthwash,4.98,2026-08-06T00:00:00-04:00,2026-08-12T23:59:59-04:00
Walmart,8070070,Tidy Cats LightWeight multi-cat clumping cat litter,28.88,2026-08-06T00:00:00-04:00,2026-08-12T23:59:59-04:00
Walmart,8070070,Pure Balance Dog Treats,19.97,2026-08-06T00:00:00-04:00,2026-08-12T23:59:59-04:00
Walmart,8070070,Mesh chair with headrest,89.97,2026-08-06T00:00:00-04:00,2026-08-12T23:59:59-04:00
Walmart,8070070,Listerine mouthwash,4.98,2026-08-06T00:00:00-04:00,2026-08-12T23:59:59-04:00
Walmart,8070070,Listerine mouthwash,4.98,2026-08-06T00:00:00-04:00,2026-08-12T23:59:59-04:00
No Frills,8065009,"BOLTHOUSE FARMS SMOOTHIES OR JUICE, 946 ML",3.5,2026-08-06T00:00:00-04:00,2026-08-12T23:59:59-04:00
No Frills,8065009,"TEMPTATIONS CAT TREATS 454 G OR WHISKAS DRY CAT FOOD, 1.5/2 G",6.0,2026-08-06T00:00:00-04:00,2026-08-12T23:59:59-04:00
No Frills,8065009,NO NAME® NATURALLY IMPERFECT™ WHOLE CREMINI or WHITE MUSHROOMS,6.0,2026-08-06T00:00:00-04:00,2026-08-12T23:59:59-04:00
No Frills,8065009,"WHITE POTATOES, 10 LB BAG",5.99,2026-08-06T00:00:00-04:00,2026-08-12T23:59:59-04:00
No Frills,8065009,"PC® BLUE MENU® BEANS, PEAS or LENTILS, 900 G",3.99,2026-08-06T00:00:00-04:00,2026-08-12T23:59:59-04:00
No Frills,8065009,"PC® NUTRITION FIRST® DRY CAT FOOD, 2 KG",14.0,2026-08-06T00:00:00-04:00,2026-08-12T23:59:59-04:00
No Frills,8065009,"PURINA ONE DRY DOG FOOD, 1.72/1.81 kg",11.5,2026-08-06T00:00:00-04:00,2026-08-12T23:59:59-04:00
No Frills,8065009,YELLOW or GREEN BEANS,2.99,2026-08-06T00:00:00-04:00,2026-08-12T23:59:59-04:00
No Frills,8065009,"SAPUTO MOZZARELLISSIMA, 500 g or ARMSTRONG SHREDDED CHEESE, 320 g, ARMSTRONG CHEESE, 400 g",6.0,2026-08-06T00:00:00-04:00,2026-08-12T23:59:59-04:00
No Frills,8065009,"UNICO SOLID LIGHT TUNA, 198 G",1.75,2026-08-06T00:00:00-04:00,2026-08-12T23:59:59-04:00
No Frills,8065009,"SEAQUEST® FISH FILLETS, 400 G",6.5,2026-08-06T00:00:00-04:00,2026-08-12T23:59:59-04:00
No Frills,8065009,"NESTLE KIT KAT, AERO OR CRUNCH TABLETS, 95 - 105 G",1.75,2026-08-06T00:00:00-04:00,2026-08-12T23:59:59-04:00
No Frills,8065009,"WHISKAS OR PERFECT PORTIONS WET CAT FOOD, 900 G",13.0,2026-08-06T00:00:00-04:00,2026-08-12T23:59:59-04:00
No Frills,8065009,"KD ORIGINAL, 200 g",1.25,2026-08-06T00:00:00-04:00,2026-08-12T23:59:59-04:00
No Frills,8065009,"LANTIC GRANULATED SUGAR, 2 kg",2.48,2026-08-06T00:00:00-04:00,2026-08-12T23:59:59-04:00
No Frills,8065009,CANTALOUPE,3.99,2026-08-06T00:00:00-04:00,2026-08-12T23:59:59-04:00
No Frills,8065009,"ROYALE BATHROOM TISSUE, 30=60 ROLLS OR TIGER TOWEL PAPER TOWELS, 6=12 ROLLS",12.99,2026-08-06T00:00:00-04:00,2026-08-12T23:59:59-04:00
No Frills,8065009,"NO NAME® PASTA, 900 g",2.0,2026-08-06T00:00:00-04:00,2026-08-12T23:59:59-04:00
No Frills,8065009,"QUAKER CRISPY MINIS RICE CAKES or CHIPS, 90-199 g",2.5,2026-08-06T00:00:00-04:00,2026-08-12T23:59:59-04:00
No Frills,8065009,"FARMER'S MARKET™ YELLOW NECTARINES 3 L or PEACHES, 2 L",6.99,2026-08-06T00:00:00-04:00,2026-08-12T23:59:59-04:00
No Frills,8065009,"CLUB HOUSE GRAVY, SAUCE OR SEASONING MIXES, 21-47 G",1.0,2026-08-06T00:00:00-04:00,2026-08-12T23:59:59-04:00
No Frills,8065009,"RUFFLES POTATO CHIPS or CHEETOS PUFFS, 170-285 g",4.0,2026-08-06T00:00:00-04:00,2026-08-12T23:59:59-04:00
No Frills,8065009,"MINI BABYBEL CHEESE, 102/120 G",4.0,2026-08-06T00:00:00-04:00,2026-08-12T23:59:59-04:00
No Frills,8065009,"NO NAME® GRANOLA BARS, 120-175 g",2.29,2026-08-06T00:00:00-04:00,2026-08-12T23:59:59-04:00
No Frills,8065009,"ZIGGY'S® PEPPERONI STICKS, 300 G OR TRE STELLE BOCCONCINI, RICOTTA OR FETA CHEESE, 200/475 G",5.0,2026-08-06T00:00:00-04:00,2026-08-12T23:59:59-04:00
No Frills,8065009,"GLAD CLING WRAP, 60 M ALCAN FOIL, 50 FT, NON-STICK FOIL, 25 FT OR REYNOLDS PARCHMENT PAPER, 35 FT",3.99,2026-08-06T00:00:00-04:00,2026-08-12T23:59:59-04:00
No Frills,8065009,"CHRISTIE TRISCUITS, GOOD THINS OR WHEAT THINS CRACKERS, 100 - 200 G",1.88,2026-08-06T00:00:00-04:00,2026-08-12T23:59:59-04:00
No Frills,8065009,"BOUNCE FABRIC SOFTENER SHEETS, 40's",5.0,2026-08-06T00:00:00-04:00,2026-08-12T23:59:59-04:00
No Frills,8065009,"POWERADE SPORTS DRINK, 710 mL, PEACE TEA ICED TEA, 695 mL or SPARKLING ICE SPARKLING WATER, 503 mL",1.25,2026-08-06T00:00:00-04:00,2026-08-12T23:59:59-04:00
No Frills,8065009,GREEN ZUCCHINI or TOMATOES ON THE VINE,1.99,2026-08-06T00:00:00-04:00,2026-08-12T23:59:59-04:00
No Frills,8065009,"YOPLAIT TUBES YOGURT, 8X56 G OR MINIGO YOGURT 6X60 G",3.0,2026-08-06T00:00:00-04:00,2026-08-12T23:59:59-04:00
No Frills,8065009,"CELSIUS ENERGY DRINKS, 355 ML",3.0,2026-08-06T00:00:00-04:00,2026-08-12T23:59:59-04:00
No Frills,8065009,SUNLIGHT 4 L OR PUREX 4.08-4.43 L LAUNDRY DETERGENT OR FLEECY 3.5 L FABRIC SOFTENER,9.0,2026-08-06T00:00:00-04:00,2026-08-12T23:59:59-04:00
No Frills,8065009,"FARMER'S MARKET™ MANDARINS, 2 LB BAG",4.99,2026-08-06T00:00:00-04:00,2026-08-12T23:59:59-04:00
No Frills,8065009,"PEPSI SOFT DRINKS, 6x710 mL",4.25,2026-08-06T00:00:00-04:00,2026-08-12T23:59:59-04:00
No Frills,8065009,"DAN-D PAK CASHEWS, 908 g",12.88,2026-08-06T00:00:00-04:00,2026-08-12T23:59:59-04:00
No Frills,8065009,"NO NAME® BLEACH, 2.4 L",3.5,2026-08-06T00:00:00-04:00,2026-08-12T23:59:59-04:00
No Frills,8065009,"STRAWBERRIES, QUART",5.99,2026-08-06T00:00:00-04:00,2026-08-12T23:59:59-04:00
No Frills,8065009,"CLIF ZBAR, 5X36 G OR CLIF ENERGY MINIS, 5X28 G",3.5,2026-08-06T00:00:00-04:00,2026-08-12T23:59:59-04:00
No Frills,8065009,"CAMPBELL'S CONDENSED SOUP, 284 ML",1.25,2026-08-06T00:00:00-04:00,2026-08-12T23:59:59-04:00
No Frills,8065009,"PC® LITTLE SIP BOTTLES, 550 ML",10.0,2026-08-06T00:00:00-04:00,2026-08-12T23:59:59-04:00
No Frills,8065009,"SISTEMA BENTO TO GO, 1.25 L - 1.65 L or LUNCH STACK SQUARE TO GO, 1.24 L",8.0,2026-08-06T00:00:00-04:00,2026-08-12T23:59:59-04:00
No Frills,8065009,"HARTZ SQUEEZE UP LICKABLE CAT TREATS, 20x14 g",13.0,2026-08-06T00:00:00-04:00,2026-08-12T23:59:59-04:00
No Frills,8065009,"TEMPTATIONS CREAMY PURRRR-ÉE or LICKABLE SPOONS CAT TREATS, 40/48 g",2.79,2026-08-06T00:00:00-04:00,2026-08-12T23:59:59-04:00
No Frills,8065009,"PC® or BLUE MENU® SLICED CHEESE CLUB SIZE, 500 g, PC® CHICKEN BREAST STRIPS, 300/375 g or MASTRO GENOA SALAMI, 600 g",12.0,2026-08-06T00:00:00-04:00,2026-08-12T23:59:59-04:00
No Frills,8065009,"HEALTHY CHOICE VH STEAMERS or SIMPLY DINNER ENTRÉES, 255-306 g",4.0,2026-08-06T00:00:00-04:00,2026-08-12T23:59:59-04:00
No Frills,8065009,"GATORADE SPORT DRINKS, 24x591 ML",21.5,2026-08-06T00:00:00-04:00,2026-08-12T23:59:59-04:00
No Frills,8065009,"TWININGS TEA, 50'S",8.5,2026-08-06T00:00:00-04:00,2026-08-12T23:59:59-04:00
No Frills,8065009,"ZIGGY'S® SLICED MEATS, SAN DANIELE MORTADELLA, 175 G OR MASTRO SLICED MEATS, 125 G",3.75,2026-08-06T00:00:00-04:00,2026-08-12T23:59:59-04:00
No Frills,8065009,"POGO ORIGINAL CORN DOGS, 1.5 kg",15.0,2026-08-06T00:00:00-04:00,2026-08-12T23:59:59-04:00
No Frills,8065009,"THE LAUGHING COW, 133 g or CHEESE DIPPERS, 140 g",3.0,2026-08-06T00:00:00-04:00,2026-08-12T23:59:59-04:00
No Frills,8065009,"BLUEBERRIES, PINT or STRAWBERRIES, 1 LB CLAMSHELL",4.99,2026-08-06T00:00:00-04:00,2026-08-12T23:59:59-04:00
No Frills,8065009,"RESER'S SALADS, 1.25 KG",7.0,2026-08-06T00:00:00-04:00,2026-08-12T23:59:59-04:00
No Frills,8065009,GREEN CABBAGE,0.99,2026-08-06T00:00:00-04:00,2026-08-12T23:59:59-04:00
No Frills,8065009,GREEN PEPPERS,1.49,2026-08-06T00:00:00-04:00,2026-08-12T23:59:59-04:00
No Frills,8065009,"IRISH SPRING BODY WASH, 591 ML OR BAR SOAP, 6 X 104 G OR SOFTSOAP BODY WASH, 591 ML",4.5,2026-08-06T00:00:00-04:00,2026-08-12T23:59:59-04:00
No Frills,8065009,"PC® LITTLE SIPPERS, 237 ML",6.0,2026-08-06T00:00:00-04:00,2026-08-12T23:59:59-04:00
No Frills,8065009,"DILL CUCUMBERS, 3 L",6.99,2026-08-06T00:00:00-04:00,2026-08-12T23:59:59-04:00
No Frills,8065009,PC® BENTO LUNCH BAGS,10.0,2026-08-06T00:00:00-04:00,2026-08-12T23:59:59-04:00
No Frills,8065009,"NATREL or CENTRAL DAIRIES LACTOSE FREE MILK, 2 L",6.25,2026-08-06T00:00:00-04:00,2026-08-12T23:59:59-04:00
No Frills,8065009,"D'ITALIANO BREAD, 620/675 g or BUNS, 6/8's",3.25,2026-08-06T00:00:00-04:00,2026-08-12T23:59:59-04:00
No Frills,8065009,GREEN ONIONS,0.99,2026-08-06T00:00:00-04:00,2026-08-12T23:59:59-04:00
No Frills,8065009,PC® BENTO LUNCH BOXES,10.0,2026-08-06T00:00:00-04:00,2026-08-12T23:59:59-04:00
No Frills,8065009,"FARMERS MARKET™ CORTLAND OR MCINTOSH APPLES, 4 LB BAG OR AVOCADOS, PKG OF 5",4.99,2026-08-06T00:00:00-04:00,2026-08-12T23:59:59-04:00
No Frills,8065009,PORK BACK RIBS,3.99,2026-08-06T00:00:00-04:00,2026-08-12T23:59:59-04:00
No Frills,8065009,"MAPLE LEAF READY CRISP FULLY COOKED BACON, 65 G OR MAPLE LEAF OR SCHNEIDERS BACON, 375 G",3.95,2026-08-06T00:00:00-04:00,2026-08-12T23:59:59-04:00
No Frills,8065009,"AIR WICK FRESHMATIC KIT, 180 G",12.0,2026-08-06T00:00:00-04:00,2026-08-12T23:59:59-04:00
No Frills,8065009,"KELLOGG'S FAMILY SIZE CEREAL, 450-650 G",5.5,2026-08-06T00:00:00-04:00,2026-08-12T23:59:59-04:00
No Frills,8065009,PC® BENTO SNACK BOX,7.0,2026-08-06T00:00:00-04:00,2026-08-12T23:59:59-04:00
No Frills,8065009,"PC® HOT EATS FOOD JAR, 440 mL",10.0,2026-08-06T00:00:00-04:00,2026-08-12T23:59:59-04:00
No Frills,8065009,"PC® DIPS or HUMMUS, 454 G",6.5,2026-08-06T00:00:00-04:00,2026-08-12T23:59:59-04:00
No Frills,8065009,"FARMER'S MARKET™ LEMONS, 2 LB BAG OR ORANGES, 3 LB BAG",4.99,2026-08-06T00:00:00-04:00,2026-08-12T23:59:59-04:00
No Frills,8065009,"EXTRA LEAN GROUND BEEF, 450 G",8.0,2026-08-06T00:00:00-04:00,2026-08-12T23:59:59-04:00
No Frills,8065009,"PC® PUSH'N SIP BOTTLES, 500 ml",10.0,2026-08-06T00:00:00-04:00,2026-08-12T23:59:59-04:00
No Frills,8065009,"CLASSICO SAUCE, 410/600 ML",2.97,2026-08-06T00:00:00-04:00,2026-08-12T23:59:59-04:00
No Frills,8065009,"PAMPERS ECONO PACK DIAPERS, SIZE N-8, 58-200'S",34.99,2026-08-06T00:00:00-04:00,2026-08-12T23:59:59-04:00
No Frills,8065009,"WHOLE SEEDLESS WATERMELON, 9 LB AVERAGE",4.99,2026-08-06T00:00:00-04:00,2026-08-12T23:59:59-04:00
No Frills,8065009,"PC® SPLENDIDIO EXTRA VIRGIN OLIVE OIL, 1 L",14.99,2026-08-06T00:00:00-04:00,2026-08-12T23:59:59-04:00
No Frills,8065009,"COCA-COLA or PEPSI SOFT DRINKS, 24 X355 ML",13.99,2026-08-06T00:00:00-04:00,2026-08-12T23:59:59-04:00
No Frills,8065009,"GUISEPPE THIN CRUST OR RISING CRUST PIZZA, 480-785 g",5.5,2026-08-06T00:00:00-04:00,2026-08-12T23:59:59-04:00
No Frills,8065009,"FIBRE 1 BARS, 125 G OR NATURE VALLEY GRANOLA BARS, PROTEIN BARS OR BISCUITS, 148-210 G",3.29,2026-08-06T00:00:00-04:00,2026-08-12T23:59:59-04:00
No Frills,8065009,BROCCOLI CROWNS,2.49,2026-08-06T00:00:00-04:00,2026-08-12T23:59:59-04:00
No Frills,8065009,"CHRISTIE FAMILY SIZE COOKIES, 374-488 G, CAKESTERS, 285 G, RITZ DRIZZLED MINIS, 226 G OR RITZ MINI SNAK PAKS, 280 G",4.5,2026-08-06T00:00:00-04:00,2026-08-12T23:59:59-04:00
No Frills,8065009,"PC® 2-PLY DINNER NAPKINS, 180's",8.0,2026-08-06T00:00:00-04:00,2026-08-12T23:59:59-04:00
No Frills,8065009,"ACTIVIA PROBIOTIC YOGURT, 12x100 G",5.97,2026-08-06T00:00:00-04:00,2026-08-12T23:59:59-04:00
No Frills,8065009,"NO NAME® SOUR CREAM, 500 mL",2.5,2026-08-06T00:00:00-04:00,2026-08-12T23:59:59-04:00
No Frills,8065009,"TETLEY ORANGE PEKOE TEA, 216'S",10.0,2026-08-06T00:00:00-04:00,2026-08-12T23:59:59-04:00
No Frills,8065009,"GENERAL MILLS CHEX or NATURE VALLEY GRANOLA CEREAL, 310-360 g",4.0,2026-08-06T00:00:00-04:00,2026-08-12T23:59:59-04:00
No Frills,8065009,"POISE PADS or DEPENDS UNDERWEAR, 12-66's",18.0,2026-08-06T00:00:00-04:00,2026-08-12T23:59:59-04:00
No Frills,8065009,"NO NAME® BUTTER, 454 G",4.0,2026-08-06T00:00:00-04:00,2026-08-12T23:59:59-04:00
No Frills,8065009,NO NAME® NATURALLY IMPERFECT™ TOMATOES,4.0,2026-08-06T00:00:00-04:00,2026-08-12T23:59:59-04:00
No Frills,8065009,"PHILADELPHIA CREAM CHEESE PRODUCT, 340 G",5.0,2026-08-06T00:00:00-04:00,2026-08-12T23:59:59-04:00
No Frills,8065009,NO NAME® BONELESS SKINLESS CHICKEN BREAST,6.99,2026-08-06T00:00:00-04:00,2026-08-12T23:59:59-04:00
No Frills,8065009,"MCCAIN DEEP 'N DELICIOUS CAKE, 510 G or CHAPMAN'S PREMIUM ICE CREAM, 2 L",5.5,2026-08-06T00:00:00-04:00,2026-08-12T23:59:59-04:00
No Frills,8065009,"FARMER'S MARKET™ GRAPE TOMATOES, 283 G",1.99,2026-08-06T00:00:00-04:00,2026-08-12T23:59:59-04:00
No Frills,8065009,"SCHNEIDERS JUICY JUMBOS or SMOKED SAUSAGES, 375/450 G",5.0,2026-08-06T00:00:00-04:00,2026-08-12T23:59:59-04:00
No Frills,8065009,"PC® LITTLE GEMS™ RED, YELLOW OR MIXED MINI POTATOES, 680 G",3.99,2026-08-06T00:00:00-04:00,2026-08-12T23:59:59-04:00
No Frills,8065009,"SEAQUEST® WHOLE TILAPIA, 1.36 KG OR WHOLE POMPANO, 800 G",9.0,2026-08-06T00:00:00-04:00,2026-08-12T23:59:59-04:00
No Frills,8065009,"CREAM, 473 mL-1 L",3.5,2026-08-06T00:00:00-04:00,2026-08-12T23:59:59-04:00
No Frills,8065009,"JANES PUB STYLE CHICKEN WINGS, 660 G",6.99,2026-08-06T00:00:00-04:00,2026-08-12T23:59:59-04:00
No Frills,8065009,FIELD CUCUMBERS,0.99,2026-08-06T00:00:00-04:00,2026-08-12T23:59:59-04:00
No Frills,8065009,"ROMAINE HEARTS, PKG OF 3",4.99,2026-08-06T00:00:00-04:00,2026-08-12T23:59:59-04:00
No Frills,8065009,"PC® NUTRITION FIRST® WET CAT FOOD, 85 g",1.19,2026-08-06T00:00:00-04:00,2026-08-12T23:59:59-04:00
No Frills,8065009,"CAMPBELL'S BROTH OR CONCENTRATED BROTH, 250/900 ML",1.79,2026-08-06T00:00:00-04:00,2026-08-12T23:59:59-04:00
No Frills,8065009,"PC® LIGHTWEIGHT MULTI-CAT CLUMPING CAT LITTER, 3.86 kg",11.0,2026-08-06T00:00:00-04:00,2026-08-12T23:59:59-04:00
No Frills,8065009,"DORITOS TORTILLA CHIPS, 210/235 g",3.99,2026-08-06T00:00:00-04:00,2026-08-12T23:59:59-04:00
No Frills,8065009,"LA BAGUETTERIE MICHE BREAD, 600/800 g or SHASHA COOKIES, 300 g",5.0,2026-08-06T00:00:00-04:00,2026-08-12T23:59:59-04:00
No Frills,8065009,"NO NAME® BEANS, 540 ML",1.5,2026-08-06T00:00:00-04:00,2026-08-12T23:59:59-04:00
No Frills,8065009,"PURINA FRISKIES DRY CAT FOOD, 1.4-1.5 KG",6.0,2026-08-06T00:00:00-04:00,2026-08-12T23:59:59-04:00
No Frills,8065009,"NO NAME® CREAM CHEESE, 227 / 250 G",3.0,2026-08-06T00:00:00-04:00,2026-08-12T23:59:59-04:00
No Frills,8065009,"PURINA ONE WET DOG FOOD, 368 G",2.5,2026-08-06T00:00:00-04:00,2026-08-12T23:59:59-04:00
No Frills,8065009,CHERRIES,4.99,2026-08-06T00:00:00-04:00,2026-08-12T23:59:59-04:00
No Frills,8065009,RED MANGO,1.69,2026-08-06T00:00:00-04:00,2026-08-12T23:59:59-04:00
No Frills,8065009,KALE,1.99,2026-08-06T00:00:00-04:00,2026-08-12T23:59:59-04:00
No Frills,8065009,CLOVER LEAF WHITE TUNA 170 G or FLAVOURED SALMON 80 G,2.5,2026-08-06T00:00:00-04:00,2026-08-12T23:59:59-04:00
No Frills,8065009,"PC® SCOOP SHOP ICE CREAM, 946 ML",5.0,2026-08-06T00:00:00-04:00,2026-08-12T23:59:59-04:00
No Frills,8065009,"BUTCHER'S CHOICE® SAUSAGE, 1.1 KG",10.0,2026-08-06T00:00:00-04:00,2026-08-12T23:59:59-04:00
No Frills,8065009,"KRAFT SALAD DRESSING, 425 ML",3.25,2026-08-06T00:00:00-04:00,2026-08-12T23:59:59-04:00
No Frills,8065009,"OASIS HEALTH BREAK JUICE or SMOOTHIE, 1.6 L",4.29,2026-08-06T00:00:00-04:00,2026-08-12T23:59:59-04:00
No Frills,8065009,"FARM GIRL HIGH PROTEIN, NO SUGAR CEREAL, 280 G",7.0,2026-08-06T00:00:00-04:00,2026-08-12T23:59:59-04:00
No Frills,8065009,"OLD EL PASO DINNER KIT, 250-310 G",4.0,2026-08-06T00:00:00-04:00,2026-08-12T23:59:59-04:00
No Frills,8065009,"PURINA FANCY FEAST GEMS WET CAT FOOD, 114 G",2.0,2026-08-06T00:00:00-04:00,2026-08-12T23:59:59-04:00
No Frills,8065009,"PILLSBURY POPS 380 G, SCRAMBLES 204 G OR STRUDEL 326 G",3.0,2026-08-06T00:00:00-04:00,2026-08-12T23:59:59-04:00
No Frills,8065009,"OIKOS GREEK YOGURT, 4x100 g or BECEL, 400/454 g or BECEL PLANT BASED BRICKS, 454 g",3.49,2026-08-06T00:00:00-04:00,2026-08-12T23:59:59-04:00
No Frills,8065009,"GATORADE SPORT DRINKS, 6x591 mL/8x355 mL or ALLEN'S DRINK BOXES, 24x200 mL",6.25,2026-08-06T00:00:00-04:00,2026-08-12T23:59:59-04:00
No Frills,8065009,"KIRI CREAM CHEESE PRODUCT, 144 g",3.0,2026-08-06T00:00:00-04:00,2026-08-12T23:59:59-04:00
No Frills,8065009,"IÖGO YOGURT CUPS, 16X100 G OR SIGGI'S SKYR YOGURT, 650/750 G",6.5,2026-08-06T00:00:00-04:00,2026-08-12T23:59:59-04:00
No Frills,8065009,"BETTY CROCKER SUPER MOIST CAKE MIX, 375/404 G, SNACK SIZE MIX, 184-212 G OR FROSTING, 340/450 G",1.87,2026-08-06T00:00:00-04:00,2026-08-12T23:59:59-04:00
No Frills,8065009,"IAMS DRY CAT FOOD, 1.36/1.59 kg",14.0,2026-08-06T00:00:00-04:00,2026-08-12T23:59:59-04:00
No Frills,8065009,SWEET CORN,0.49,2026-08-06T00:00:00-04:00,2026-08-12T23:59:59-04:00
No Frills,8065009,"SUNRISE SLICED BOLOGNA, 375 G",4.0,2026-08-06T00:00:00-04:00,2026-08-12T23:59:59-04:00
No Frills,8065009,"NESTLÉ CHOCOLATE BAG, 76-203 g",4.79,2026-08-06T00:00:00-04:00,2026-08-12T23:59:59-04:00
Sobeys,8061355,Al Pastor Chicken Taco Kit,2.09,2026-08-06T00:00:00-04:00,2026-08-12T22:59:59-04:00
Sobeys,8061355,Cheese Hot Dog or Burger Buns,5.0,2026-08-06T00:00:00-04:00,2026-08-12T22:59:59-04:00
Sobeys,8061355,DINNER,1.25,2026-08-06T00:00:00-04:00,2026-08-12T22:59:59-04:00
Sobeys,8061355,Extra Large Red or Green Seedless Grapes,2.99,2026-08-06T00:00:00-04:00,2026-08-12T22:59:59-04:00
Sobeys,8061355,COMPLIMENTS ORGANIC Cremini or White Sliced Mushrooms,3.99,2026-08-06T00:00:00-04:00,2026-08-12T22:59:59-04:00
Sobeys,8061355,COMPLIMENTS Honey Ham,6.49,2026-08-06T00:00:00-04:00,2026-08-12T22:59:59-04:00
Sobeys,8061355,Fresh Boneless Blade or Cross Rib,12.99,2026-08-06T00:00:00-04:00,2026-08-12T22:59:59-04:00
Sobeys,8061355,"Signature Cuts, Pan Sear or Breaded or Battered Premium Fish",14.99,2026-08-06T00:00:00-04:00,2026-08-12T22:59:59-04:00
Sobeys,8061355,Fresh Pork Loin Back Ribs,6.99,2026-08-06T00:00:00-04:00,2026-08-12T22:59:59-04:00
Sobeys,8061355,Tuna Poke Kits,8.99,2026-08-06T00:00:00-04:00,2026-08-12T22:59:59-04:00
Sobeys,8061355,"COMPLIMENTS 4 Pack Mini, Regular Hummus, Topped Hummus or Dips",3.99,2026-08-06T00:00:00-04:00,2026-08-12T22:59:59-04:00
Sobeys,8061355,English Muffins,3.49,2026-08-06T00:00:00-04:00,2026-08-12T22:59:59-04:00
Sobeys,8061355,Whole Hot Honey Ham Dagwood Sandwich,13.99,2026-08-06T00:00:00-04:00,2026-08-12T22:59:59-04:00
Sobeys,8061355,HOSTESS Craze Snacks,3.99,2026-08-06T00:00:00-04:00,2026-08-12T22:59:59-04:00
Sobeys,8061355,Cereal,4.99,2026-08-06T00:00:00-04:00,2026-08-12T22:59:59-04:00
Sobeys,8061355,Nests Pasta,5.49,2026-08-06T00:00:00-04:00,2026-08-12T22:59:59-04:00
Sobeys,8061355,Chocolate Chips,5.49,2026-08-06T00:00:00-04:00,2026-08-12T22:59:59-04:00
Sobeys,8061355,COMPLIMENTS Instant Oats,7.0,2026-08-06T00:00:00-04:00,2026-08-12T22:59:59-04:00
Sobeys,8061355,Maple Syrup,18.99,2026-08-06T00:00:00-04:00,2026-08-12T22:59:59-04:00
Sobeys,8061355,COMPLIMENTS Sauces,3.49,2026-08-06T00:00:00-04:00,2026-08-12T22:59:59-04:00
Sobeys,8061355,COMPLIMENTS Coconut,3.49,2026-08-06T00:00:00-04:00,2026-08-12T22:59:59-04:00
Sobeys,8061355,DEL MONTE Fruit Bowls or Gels,3.99,2026-08-06T00:00:00-04:00,2026-08-12T22:59:59-04:00
Sobeys,8061355,COMPLIMENTS Deluxe Buns,3.99,2026-08-06T00:00:00-04:00,2026-08-12T22:59:59-04:00
Sobeys,8061355,Sockeye Salmon,6.99,2026-08-06T00:00:00-04:00,2026-08-12T22:59:59-04:00
Sobeys,8061355,Tortillas,3.99,2026-08-06T00:00:00-04:00,2026-08-12T22:59:59-04:00
Sobeys,8061355,Al Pastor Style Roasted Chicken,14.99,2026-08-06T00:00:00-04:00,2026-08-12T22:59:59-04:00
Sobeys,8061355,Al Pastor Style Loaded Fries,6.99,2026-08-06T00:00:00-04:00,2026-08-12T22:59:59-04:00
Sobeys,8061355,ISO Sport Whey Protein,49.99,2026-08-06T00:00:00-04:00,2026-08-12T22:59:59-04:00
Sobeys,8061355,TimTam Biscuits or DARE Whippet Cookies,4.0,2026-08-06T00:00:00-04:00,2026-08-12T22:59:59-04:00
Sobeys,8061355,"MIO, Kool-Aid or Crystal Light Water Enhancers",3.99,2026-08-06T00:00:00-04:00,2026-08-12T22:59:59-04:00
Sobeys,8061355,Organic Original or Greek Yogurt,12.49,2026-08-06T00:00:00-04:00,2026-08-12T22:59:59-04:00
Sobeys,8061355,TETLEY Orange Pekoe Tea 216 pk or STARBUCKS Roast & Ground Coffee 340 g or K-Cup® Pods 10 pk,13.99,2026-08-06T00:00:00-04:00,2026-08-12T22:59:59-04:00
Sobeys,8061355,"Nutri-Grain Bars, Rice Krispies Squares, Pop-Tarts or Pastry Crisps",2.99,2026-08-06T00:00:00-04:00,2026-08-12T22:59:59-04:00
Sobeys,8061355,COMPLIMENTS Cookies selected,3.49,2026-08-06T00:00:00-04:00,2026-08-12T22:59:59-04:00
Sobeys,8061355,KIND Soft Baked Squares,8.99,2026-08-06T00:00:00-04:00,2026-08-12T22:59:59-04:00
Sobeys,8061355,EVIVE Smoothie Cubes,9.99,2026-08-06T00:00:00-04:00,2026-08-12T22:59:59-04:00
Sobeys,8061355,Coffee Pods,35.99,2026-08-06T00:00:00-04:00,2026-08-12T22:59:59-04:00
Sobeys,8061355,CHAPMAN'S Super or No Sugar Added Novelties,5.99,2026-08-06T00:00:00-04:00,2026-08-12T22:59:59-04:00
Sobeys,8061355,Source Yogurt 630 g or Minigo or Tube Yogurt 6-8 pk,3.99,2026-08-06T00:00:00-04:00,2026-08-12T22:59:59-04:00
Sobeys,8061355,Frozen Blueberries,14.99,2026-08-06T00:00:00-04:00,2026-08-12T22:59:59-04:00
Sobeys,8061355,Aerosol Whipped Cream,4.99,2026-08-06T00:00:00-04:00,2026-08-12T22:59:59-04:00
Sobeys,8061355,COMPLIMENTS Greek Yogurt,5.99,2026-08-06T00:00:00-04:00,2026-08-12T22:59:59-04:00
Sobeys,8061355,COMPLIMENTS Orange Juice,4.99,2026-08-06T00:00:00-04:00,2026-08-12T22:59:59-04:00
Sobeys,8061355,Breakfast Sandwiches or Egg Bites,6.99,2026-08-06T00:00:00-04:00,2026-08-12T22:59:59-04:00
Sobeys,8061355,Lactose Free Creamer,4.99,2026-08-06T00:00:00-04:00,2026-08-12T22:59:59-04:00
Sobeys,8061355,CRACKER BARREL Cheese Slices,9.99,2026-08-06T00:00:00-04:00,2026-08-12T22:59:59-04:00
Sobeys,8061355,COMPLIMENTS Breakfast Sandwiches,5.49,2026-08-06T00:00:00-04:00,2026-08-12T22:59:59-04:00
Sobeys,8061355,Hair Care,5.79,2026-08-06T00:00:00-04:00,2026-08-12T22:59:59-04:00
Sobeys,8061355,Laundry Detergent,10.99,2026-08-06T00:00:00-04:00,2026-08-12T22:59:59-04:00
Sobeys,8061355,GREENIES Smartbites or Dental Dog Treats,8.99,2026-08-06T00:00:00-04:00,2026-08-12T22:59:59-04:00
Sobeys,8061355,Hair Care,6.49,2026-08-06T00:00:00-04:00,2026-08-12T22:59:59-04:00
Sobeys,8061355,DOVE Body Wash,5.79,2026-08-06T00:00:00-04:00,2026-08-12T22:59:59-04:00
Sobeys,8061355,ProActive Health Dry Dog Food,19.49,2026-08-06T00:00:00-04:00,2026-08-12T22:59:59-04:00
Sobeys,8061355,PALMOLIVE Dish Detergent,3.49,2026-08-06T00:00:00-04:00,2026-08-12T22:59:59-04:00
Sobeys,8061355,Bathroom Tissue,23.99,2026-08-06T00:00:00-04:00,2026-08-12T22:59:59-04:00
Sobeys,8061355,Body Wash,8.99,2026-08-06T00:00:00-04:00,2026-08-12T22:59:59-04:00
Sobeys,8061355,Basa Steaks,4.88,2026-08-06T00:00:00-04:00,2026-08-12T22:59:59-04:00
Sobeys,8061355,COMPLIMENTS Herbs,2.75,2026-08-06T00:00:00-04:00,2026-08-12T22:59:59-04:00
Sobeys,8061355,ALLEN'S Pickling or White Vinegar,3.99,2026-08-06T00:00:00-04:00,2026-08-12T22:59:59-04:00
Sobeys,8061355,Fresh Boneless Peanut Top Round Flat iron,19.99,2026-08-06T00:00:00-04:00,2026-08-12T22:59:59-04:00
Sobeys,8061355,Clump & Seal Cat Litter,16.99,2026-08-06T00:00:00-04:00,2026-08-12T22:59:59-04:00
Sobeys,8061355,Garlic,1.29,2026-08-06T00:00:00-04:00,2026-08-12T22:59:59-04:00
Sobeys,8061355,Coarse Pickling Salt,3.49,2026-08-06T00:00:00-04:00,2026-08-12T22:59:59-04:00
Sobeys,8061355,Shrimp Skewers,1.25,2026-08-06T00:00:00-04:00,2026-08-12T22:59:59-04:00
Sobeys,8061355,"KOOL-AID Jammers 10x180 mL, MINUTE-MAID 100% Juice or Punch, FIVE ALIVE or FUZE Iced Tea 5-10x200 mL tetra",7.0,2026-08-06T00:00:00-04:00,2026-08-12T22:59:59-04:00
Sobeys,8061355,Whole Bean Coffee,16.97,2026-08-06T00:00:00-04:00,2026-08-12T22:59:59-04:00
Sobeys,8061355,Red or Vidalia Onions,1.99,2026-08-06T00:00:00-04:00,2026-08-12T22:59:59-04:00
Sobeys,8061355,Green or Wax Beans,2.99,2026-08-06T00:00:00-04:00,2026-08-12T22:59:59-04:00
Sobeys,8061355,Raspberries,3.99,2026-08-06T00:00:00-04:00,2026-08-12T22:59:59-04:00
Sobeys,8061355,Nuts or Clusters,10.0,2026-08-06T00:00:00-04:00,2026-08-12T22:59:59-04:00
Sobeys,8061355,Cherry Tomatoes on the Vine,6.99,2026-08-06T00:00:00-04:00,2026-08-12T22:59:59-04:00
Sobeys,8061355,Prepared In-Store Cooked or Raw Garlic Shrimp Grillers,6.99,2026-08-06T00:00:00-04:00,2026-08-12T22:59:59-04:00
Sobeys,8061355,Cup Noodle,1.0,2026-08-06T00:00:00-04:00,2026-08-12T22:59:59-04:00
Sobeys,8061355,Fresh Lean Ground Beef,6.44,2026-08-06T00:00:00-04:00,2026-08-12T22:59:59-04:00
Sobeys,8061355,COMPLIMENTS Fresh AIR-CHILLED Boneless Skins Chicken Breasts or Split Chicken Wings,5.99,2026-08-06T00:00:00-04:00,2026-08-12T22:59:59-04:00
Sobeys,8061355,Corn product of Atlantic Canada,0.5,2026-08-06T00:00:00-04:00,2026-08-12T22:59:59-04:00
Sobeys,8061355,Large Cantaloupe,2.99,2026-08-06T00:00:00-04:00,2026-08-12T22:59:59-04:00
Sobeys,8061355,Fresh Pork Loin Rib and Sirloin Combo Chops or Shoulder Blade Steaks,2.99,2026-08-06T00:00:00-04:00,2026-08-12T22:59:59-04:00
Sobeys,8061355,"Plant Based Chicken Tenders, Breakfast or Dinner Sausage, 2 pk Burger, Burger Simulated Meat Pack or Steak Tips",7.99,2026-08-06T00:00:00-04:00,2026-08-12T22:59:59-04:00
Sobeys,8061355,"Bang Bang Shrimp, Vietnamese Style Shrimp Rolls or Tempura Shrimp with Truffle",6.99,2026-08-06T00:00:00-04:00,2026-08-12T22:59:59-04:00
Sobeys,8061355,"COMPLIMENTS Premium, Stuffed, CARDINAL ROADHOUSE or BELMONT MEATS Burgers or BEYOND MEAT Simulated Beef Value Pack",15.99,2026-08-06T00:00:00-04:00,2026-08-12T22:59:59-04:00
Sobeys,8061355,Shrimp with Sauce,9.99,2026-08-06T00:00:00-04:00,2026-08-12T22:59:59-04:00
Sobeys,8061355,Herb & Garlic Shrimp,10.99,2026-08-06T00:00:00-04:00,2026-08-12T22:59:59-04:00
Sobeys,8061355,Fresh Atlantic Salmon Roasts with Mediterranean Style Stuffing,12.99,2026-08-06T00:00:00-04:00,2026-08-12T22:59:59-04:00
Sobeys,8061355,Stuffed Mushroom Caps with Imitation Crab & Seafood Style Stuffing,8.99,2026-08-06T00:00:00-04:00,2026-08-12T22:59:59-04:00
Sobeys,8061355,PANACHE Seafood Appetizers,8.99,2026-08-06T00:00:00-04:00,2026-08-12T22:59:59-04:00
Sobeys,8061355,Fresh Pork Hock,3.99,2026-08-06T00:00:00-04:00,2026-08-12T22:59:59-04:00
Sobeys,8061355,COMPLIMENTS Fully Cooked Meat Strips 150-200 g or Smoked Chicken Sausages 375 g or Bacon 375 g or Chicken Frankfurters 900 g,5.99,2026-08-06T00:00:00-04:00,2026-08-12T22:59:59-04:00
Sobeys,8061355,THE KEG Frozen Back Ribs or COMPLIMENTS Crispy Homestyle Chicken,18.99,2026-08-06T00:00:00-04:00,2026-08-12T22:59:59-04:00
Sobeys,8061355,Single Layer Shortcakes Or Real Cream Layer Cakes,9.99,2026-08-06T00:00:00-04:00,2026-08-12T22:59:59-04:00
Sobeys,8061355,Fresh Boneless Sirloin Tip Oven Roast or Family Size Marinating Steak,9.99,2026-08-06T00:00:00-04:00,2026-08-12T22:59:59-04:00
Sobeys,8061355,Fair Trade Honduras Shrimp,8.99,2026-08-06T00:00:00-04:00,2026-08-12T22:59:59-04:00
Sobeys,8061355,Flattened Chicken,5.99,2026-08-06T00:00:00-04:00,2026-08-12T22:59:59-04:00
Sobeys,8061355,Crispy Minis,2.49,2026-08-06T00:00:00-04:00,2026-08-12T22:59:59-04:00
Sobeys,8061355,"COMPLIMENTS, PINTY'S or MAPLE LEAF Prime Raised Without Antibiotics Wings",9.99,2026-08-06T00:00:00-04:00,2026-08-12T22:59:59-04:00
Sobeys,8061355,VILLAGGIO Bread,2.99,2026-08-06T00:00:00-04:00,2026-08-12T22:59:59-04:00
Sobeys,8061355,Garlic,1.29,2026-08-06T00:00:00-04:00,2026-08-12T22:59:59-04:00
Sobeys,8061355,Chicken Strips,2.49,2026-08-06T00:00:00-04:00,2026-08-12T22:59:59-04:00
Sobeys,8061355,Red Mangoes,2.99,2026-08-06T00:00:00-04:00,2026-08-12T22:59:59-04:00
Sobeys,8061355,COMPLIMENTS Lemons,5.99,2026-08-06T00:00:00-04:00,2026-08-12T22:59:59-04:00
Sobeys,8061355,Full Rack Ribs 710 g,15.99,2026-08-06T00:00:00-04:00,2026-08-12T22:59:59-04:00
Sobeys,8061355,Rice Cups,5.0,2026-08-06T00:00:00-04:00,2026-08-12T22:59:59-04:00
Sobeys,8061355,Donut Mixes,4.99,2026-08-06T00:00:00-04:00,2026-08-12T22:59:59-04:00
Sobeys,8061355,Canned Pineapple,2.99,2026-08-06T00:00:00-04:00,2026-08-12T22:59:59-04:00
Sobeys,8061355,Al Pastor Pulled Pork or Selected Flatbreads,7.0,2026-08-06T00:00:00-04:00,2026-08-12T22:59:59-04:00
Sobeys,8061355,Sliced Deli Variety Packs,3.79,2026-08-06T00:00:00-04:00,2026-08-12T22:59:59-04:00
Sobeys,8061355,FOLGERS Roast & Ground Coffee,15.97,2026-08-06T00:00:00-04:00,2026-08-12T22:59:59-04:00
Sobeys,8061355,"Sweet & Salty Granola, Protein or Bars 125-175 g or Crunchy or Trail Mix Granola Bars or Fruit Snacks or Gushers 120-230 g",2.99,2026-08-06T00:00:00-04:00,2026-08-12T22:59:59-04:00
Sobeys,8061355,Caesar or Spring Mix Salad Kits,4.99,2026-08-06T00:00:00-04:00,2026-08-12T22:59:59-04:00
Sobeys,8061355,Spinach Bunch,1.99,2026-08-06T00:00:00-04:00,2026-08-12T22:59:59-04:00
Sobeys,8061355,FLOURISH Pancake Mix,9.99,2026-08-06T00:00:00-04:00,2026-08-12T22:59:59-04:00
Sobeys,8061355,CRACKER BARREL Cheese,5.99,2026-08-06T00:00:00-04:00,2026-08-12T22:59:59-04:00
Sobeys,8061355,Iced Coffee or Cold Brew,7.99,2026-08-06T00:00:00-04:00,2026-08-12T22:59:59-04:00
Sobeys,8061355,Garden Mum,5.99,2026-08-06T00:00:00-04:00,2026-08-12T22:59:59-04:00
Sobeys,8061355,Jumbo Cherries,4.88,2026-08-06T00:00:00-04:00,2026-08-12T22:59:59-04:00
Sobeys,8061355,COMPLIMENTS BALANCE Non-Hydrogenated or Olive Oil Margarine,5.99,2026-08-06T00:00:00-04:00,2026-08-12T22:59:59-04:00
Sobeys,8061355,"CLOROX Clean-Up or All Purpose Cleaners 946 mL, Bathroom Foam 887 mL or Scentiva Spray 709 mL",4.99,2026-08-06T00:00:00-04:00,2026-08-12T22:59:59-04:00
Sobeys,8061355,SILK Beverages,4.49,2026-08-06T00:00:00-04:00,2026-08-12T22:59:59-04:00
Sobeys,8061355,Organic Crackers,6.99,2026-08-06T00:00:00-04:00,2026-08-12T22:59:59-04:00
Sobeys,8061355,"Balkan or Duo 650-750 g, Dip 250 g or COMPLIMENTS Sour Cream 500 mL",3.27,2026-08-06T00:00:00-04:00,2026-08-12T22:59:59-04:00
Sobeys,8061355,Bathroom Tissue,11.99,2026-08-06T00:00:00-04:00,2026-08-12T22:59:59-04:00
Sobeys,8061355,COMPLIMENTS Roasted Cashews or Almonds,7.99,2026-08-06T00:00:00-04:00,2026-08-12T22:59:59-04:00
Sobeys,8061355,Taco Seasoning,2.29,2026-08-06T00:00:00-04:00,2026-08-12T22:59:59-04:00
Sobeys,8061355,CLARK Gourmet Beans,2.59,2026-08-06T00:00:00-04:00,2026-08-12T22:59:59-04:00
Sobeys,8061355,Seasonings,10.49,2026-08-06T00:00:00-04:00,2026-08-12T22:59:59-04:00
Sobeys,8061355,Sausage Buns,4.0,2026-08-06T00:00:00-04:00,2026-08-12T22:59:59-04:00
Sobeys,8061355,Cheezies,3.99,2026-08-06T00:00:00-04:00,2026-08-12T22:59:59-04:00
Sobeys,8061355,"CEDAR BAY Air Fryer Salmon Bites, Fish & Chips or Salmon & Broccoli",14.99,2026-08-06T00:00:00-04:00,2026-08-12T22:59:59-04:00
Sobeys,8061355,"BULL'S-EYE BBQ Sauce 425 mL, DIANA Sauces 500 mL or Marinades 375 mL, HEINZ Flavoured Mayo 340 mL or KRAFT Salad Dressing 425 mL",1.99,2026-08-06T00:00:00-04:00,2026-08-12T22:59:59-04:00
Sobeys,8061355,Ketchup,4.97,2026-08-06T00:00:00-04:00,2026-08-12T22:59:59-04:00
Sobeys,8061355,Margarine,6.99,2026-08-06T00:00:00-04:00,2026-08-12T22:59:59-04:00
Sobeys,8061355,Lip Care,3.99,2026-08-06T00:00:00-04:00,2026-08-12T22:59:59-04:00
Sobeys,8061355,TIMOTHY'S Coffee K-Cup® Pods,17.49,2026-08-06T00:00:00-04:00,2026-08-12T22:59:59-04:00
Sobeys,8061355,Candy,3.99,2026-08-06T00:00:00-04:00,2026-08-12T22:59:59-04:00
Sobeys,8061355,GREEN GIANT Riced Veggies or Restaurant Sides,3.99,2026-08-06T00:00:00-04:00,2026-08-12T22:59:59-04:00
Sobeys,8061355,Dairy Skyr Yogurt,4.99,2026-08-06T00:00:00-04:00,2026-08-12T22:59:59-04:00
Sobeys,8061355,Bistro Perfect Portions,17.99,2026-08-06T00:00:00-04:00,2026-08-12T22:59:59-04:00
Sobeys,8061355,Perfect Portions Pâté or Favourites Pouches,0.99,2026-08-06T00:00:00-04:00,2026-08-12T22:59:59-04:00
Sobeys,8061355,"KELLOGG'S, GENERAL MILLS or POST Jumbo Cereal",8.99,2026-08-06T00:00:00-04:00,2026-08-12T22:59:59-04:00
Sobeys,8061355,Coleslaw,1.49,2026-08-06T00:00:00-04:00,2026-08-12T22:59:59-04:00
Sobeys,8061355,Mini Rose in Clay with Trellis,19.99,2026-08-06T00:00:00-04:00,2026-08-12T22:59:59-04:00
Sobeys,8061355,Sugar Mango,7.99,2026-08-06T00:00:00-04:00,2026-08-12T22:59:59-04:00
Sobeys,8061355,Superfries,3.99,2026-08-06T00:00:00-04:00,2026-08-12T22:59:59-04:00
Sobeys,8061355,Gerber Cereals or Oatmeal,5.79,2026-08-06T00:00:00-04:00,2026-08-12T22:59:59-04:00
Sobeys,8061355,Baby Formula,33.99,2026-08-06T00:00:00-04:00,2026-08-12T22:59:59-04:00
Sobeys,8061355,REYNOLDS Parchment Paper,4.49,2026-08-06T00:00:00-04:00,2026-08-12T22:59:59-04:00
Sobeys,8061355,Seasoned Lamb Chops,13.99,2026-08-06T00:00:00-04:00,2026-08-12T22:59:59-04:00
Sobeys,8061355,Tomatoes on the Vine,1.99,2026-08-06T00:00:00-04:00,2026-08-12T22:59:59-04:00
Sobeys,8061355,COMPLIMENTS Liquid Honey Bear,4.99,2026-08-06T00:00:00-04:00,2026-08-12T22:59:59-04:00
Sobeys,8061355,"Turkey Bites, Mini Pepperoni or Salami Sticks 300-500 g or Bologna 1.5 kg",8.99,2026-08-06T00:00:00-04:00,2026-08-12T22:59:59-04:00
Sobeys,8061355,CLEAR OCEAN Breaded Scallop Meat 320 g,9.99,2026-08-06T00:00:00-04:00,2026-08-12T22:59:59-04:00
Sobeys,8061355,Tortilla Chips,8.0,2026-08-06T00:00:00-04:00,2026-08-12T22:59:59-04:00
Sobeys,8061355,COMPLIMENTS Free Run Large White Eggs,5.99,2026-08-06T00:00:00-04:00,2026-08-12T22:59:59-04:00
Sobeys,8061355,QUAKER Instant Oatmeal 232-344 g or Hot Oats 709 g-1 kg,9.99,2026-08-06T00:00:00-04:00,2026-08-12T22:59:59-04:00
Sobeys,8061355,Fresh Atlantic Salmon Portions,3.99,2026-08-06T00:00:00-04:00,2026-08-12T22:59:59-04:00
Sobeys,8061355,Family Favourites Ice Cream,3.99,2026-08-06T00:00:00-04:00,2026-08-12T22:59:59-04:00
Sobeys,8061355,Glowing Hearts Bouquet,16.0,2026-08-06T00:00:00-04:00,2026-08-12T22:59:59-04:00
Sobeys,8061355,Cream Pies,9.99,2026-08-06T00:00:00-04:00,2026-08-12T22:59:59-04:00
Sobeys,8061355,Popcorn,5.99,2026-08-06T00:00:00-04:00,2026-08-12T22:59:59-04:00
Sobeys,8061355,Entertaining Deli Trays,22.99,2026-08-06T00:00:00-04:00,2026-08-12T22:59:59-04:00
Sobeys,8061355,Salami selection,3.99,2026-08-06T00:00:00-04:00,2026-08-12T22:59:59-04:00
Sobeys,8061355,GATORADE,6.99,2026-08-06T00:00:00-04:00,2026-08-12T22:59:59-04:00
Sobeys,8061355,Hot Dog or Burger Buns,4.0,2026-08-06T00:00:00-04:00,2026-08-12T22:59:59-04:00
Sobeys,8061355,Gourmet Cheese Buns,5.99,2026-08-06T00:00:00-04:00,2026-08-12T22:59:59-04:00
Sobeys,8061355,Buffalo Flings,1.99,2026-08-06T00:00:00-04:00,2026-08-12T22:59:59-04:00
Sobeys,8061355,COMPLIMENTS Marshmallows,2.0,2026-08-06T00:00:00-04:00,2026-08-12T22:59:59-04:00
Sobeys,8061355,"COMPLIMENTS Black Forest, Honey Ham or Cooked or Smoked Chicken",2.99,2026-08-06T00:00:00-04:00,2026-08-12T22:59:59-04:00
Sobeys,8061355,"Ultimate, Viva Puffs or Simple Pleasures Cookies",7.0,2026-08-06T00:00:00-04:00,2026-08-12T22:59:59-04:00
Sobeys,8061355,MANITOBA HARVEST Hemp Hearts,11.99,2026-08-06T00:00:00-04:00,2026-08-12T22:59:59-04:00
Sobeys,8061355,Basmati Rice,7.99,2026-08-06T00:00:00-04:00,2026-08-12T22:59:59-04:00
Sobeys,8061355,Feast Rozzana Rice,14.99,2026-08-06T00:00:00-04:00,2026-08-12T22:59:59-04:00
Sobeys,8061355,Juice,5.0,2026-08-06T00:00:00-04:00,2026-08-12T22:59:59-04:00
Sobeys,8061355,Pickling Cucumbers,2.49,2026-08-06T00:00:00-04:00,2026-08-12T22:59:59-04:00
Sobeys,8061355,Roma Tomatoes,2.49,2026-08-06T00:00:00-04:00,2026-08-12T22:59:59-04:00
Sobeys,8061355,Soft Drinks,2.0,2026-08-06T00:00:00-04:00,2026-08-12T22:59:59-04:00
Sobeys,8061355,PARLE-G Biscuits,1.29,2026-08-06T00:00:00-04:00,2026-08-12T22:59:59-04:00
Sobeys,8061355,PANACHE Flattened Chicken,5.99,2026-08-06T00:00:00-04:00,2026-08-12T22:59:59-04:00
Sobeys,8061355,Thick & Rich Pasta Sauce or Tomato Sauce,5.0,2026-08-06T00:00:00-04:00,2026-08-12T22:59:59-04:00
Sobeys,8061355,Indian Eggplant,3.99,2026-08-06T00:00:00-04:00,2026-08-12T22:59:59-04:00
Sobeys,8061355,Granulated Sugar,3.49,2026-08-06T00:00:00-04:00,2026-08-12T22:59:59-04:00
Sobeys,8061355,"COMPLIMENTS Flakes of Ham, Turkey or Chicken",5.0,2026-08-06T00:00:00-04:00,2026-08-12T22:59:59-04:00
Sobeys,8061355,COMPLIMENTS Dough'chi Bites,3.99,2026-08-06T00:00:00-04:00,2026-08-12T22:59:59-04:00
Sobeys,8061355,XXL Cellos,15.99,2026-08-06T00:00:00-04:00,2026-08-12T22:59:59-04:00
Sobeys,8061355,Probiotic Soda or Iced Tea,6.0,2026-08-06T00:00:00-04:00,2026-08-12T22:59:59-04:00
Sobeys,8061355,Apricots 1 L or Nectarines 2 L,8.88,2026-08-06T00:00:00-04:00,2026-08-12T22:59:59-04:00
Sobeys,8061355,Ready To Serve Soup,2.99,2026-08-06T00:00:00-04:00,2026-08-12T22:59:59-04:00
Sobeys,8061355,SNACK PACK,6.49,2026-08-06T00:00:00-04:00,2026-08-12T22:59:59-04:00
Sobeys,8061355,Dry Sauce Mixes,1.89,2026-08-06T00:00:00-04:00,2026-08-12T22:59:59-04:00
Sobeys,8061355,Pizza Pockets,4.49,2026-08-06T00:00:00-04:00,2026-08-12T22:59:59-04:00
Sobeys,8061355,COMPLIMENTS Iced Tea,4.99,2026-08-06T00:00:00-04:00,2026-08-12T22:59:59-04:00
Sobeys,8061355,Pads or Liners or Tampons,16.49,2026-08-06T00:00:00-04:00,2026-08-12T22:59:59-04:00
Sobeys,8061355,BLUE BUFFALO Tastefuls Dry Cat Food 2.2 kg,24.99,2026-08-06T00:00:00-04:00,2026-08-12T22:59:59-04:00
Sobeys,8061355,Avocados,4.99,2026-08-06T00:00:00-04:00,2026-08-12T22:59:59-04:00
Sobeys,8061355,Veggie Bacon,5.0,2026-08-06T00:00:00-04:00,2026-08-12T22:59:59-04:00
Sobeys,8061355,"Romaine, Green or Red Leaf Lettuce",4.0,2026-08-06T00:00:00-04:00,2026-08-12T22:59:59-04:00
Sobeys,8061355,Sunset Cheer Bouquet,24.99,2026-08-06T00:00:00-04:00,2026-08-12T22:59:59-04:00
Sobeys,8061355,MARCANGELO Sweet or Hot Italian Pork Sausage Meat,4.99,2026-08-06T00:00:00-04:00,2026-08-12T22:59:59-04:00
Sobeys,8061355,COMPLIMENTS Thick Cut Bacon,14.99,2026-08-06T00:00:00-04:00,2026-08-12T22:59:59-04:00
Sobeys,8061355,COMPLIMENTS Peelable Candy,3.49,2026-08-06T00:00:00-04:00,2026-08-12T22:59:59-04:00
Sobeys,8061355,"PEPSI Soft Drinks, MONTPELLIER or AQUAFINA Water 1 L, or BRISK Iced Tea",1.5,2026-08-06T00:00:00-04:00,2026-08-12T22:59:59-04:00
Sobeys,8061355,DANONE Oikos Greek Yogurt,10.99,2026-08-06T00:00:00-04:00,2026-08-12T22:59:59-04:00
Sobeys,8061355,Butter Sticks,8.49,2026-08-06T00:00:00-04:00,2026-08-12T22:59:59-04:00
Sobeys,8061355,HEALTHY CHOICE Gourmet Steamers or SWANSON Frozen Dinners,4.99,2026-08-06T00:00:00-04:00,2026-08-12T22:59:59-04:00
Sobeys,8061355,Flavoured Butter,2.99,2026-08-06T00:00:00-04:00,2026-08-12T22:59:59-04:00
Sobeys,8061355,Premium Ice Cream,4.99,2026-08-06T00:00:00-04:00,2026-08-12T22:59:59-04:00
Sobeys,8061355,COMPLIMENTS Frozen Vegetables,4.49,2026-08-06T00:00:00-04:00,2026-08-12T22:59:59-04:00
Sobeys,8061355,SENSODYNE or Pronamel or Clinical Toothpaste,6.99,2026-08-06T00:00:00-04:00,2026-08-12T22:59:59-04:00
Sobeys,8061355,Whitening or Pronamel Toothpaste,5.99,2026-08-06T00:00:00-04:00,2026-08-12T22:59:59-04:00
Sobeys,8061355,GLAD Waste Bags,11.99,2026-08-06T00:00:00-04:00,2026-08-12T22:59:59-04:00
Sobeys,8061355,Long English Cucumbers,5.0,2026-08-06T00:00:00-04:00,2026-08-12T22:59:59-04:00
Sobeys,8061355,Cactus Pears,4.99,2026-08-06T00:00:00-04:00,2026-08-12T22:59:59-04:00
Sobeys,8061355,Fresh Pasta,6.49,2026-08-06T00:00:00-04:00,2026-08-12T22:59:59-04:00
Sobeys,8061355,COMPLIMENTS Bocconcini,6.99,2026-08-06T00:00:00-04:00,2026-08-12T22:59:59-04:00
Sobeys,8061355,COMPLIMENTS White or Whole Wheat Bread,2.89,2026-08-06T00:00:00-04:00,2026-08-12T22:59:59-04:00
Sobeys,8061355,LaGrille Seasonings,5.99,2026-08-06T00:00:00-04:00,2026-08-12T22:59:59-04:00
Sobeys,8061355,JELL-O Instant Pudding,5.0,2026-08-06T00:00:00-04:00,2026-08-12T22:59:59-04:00
Sobeys,8061355,AI Pastor Pulled Pork Gourmet Sandwich or Selected,8.99,2026-08-06T00:00:00-04:00,2026-08-12T22:59:59-04:00
Sobeys,8061355,Jerky,6.99,2026-08-06T00:00:00-04:00,2026-08-12T22:59:59-04:00
Sobeys,8061355,Candy,5.99,2026-08-06T00:00:00-04:00,2026-08-12T22:59:59-04:00
Sobeys,8061355,Potato Chips 180-200 g or Kettle Chips 190-200 g,9.0,2026-08-06T00:00:00-04:00,2026-08-12T22:59:59-04:00
Sobeys,8061355,PURE PROTEIN Bars,12.99,2026-08-06T00:00:00-04:00,2026-08-12T22:59:59-04:00
Sobeys,8061355,Cero Alcohol-Free Beer,12.99,2026-08-06T00:00:00-04:00,2026-08-12T22:59:59-04:00
Sobeys,8061355,COMPLIMENTS Instant Coffee,4.0,2026-08-06T00:00:00-04:00,2026-08-12T22:59:59-04:00
Sobeys,8061355,BIG 8 Spring Water,2.19,2026-08-06T00:00:00-04:00,2026-08-12T22:59:59-04:00
Sobeys,8061355,Baby Daily Lotion or Eczema Calming Moisturizer,14.99,2026-08-06T00:00:00-04:00,2026-08-12T22:59:59-04:00
Sobeys,8061355,BRAR'S Desi Ghee,15.29,2026-08-06T00:00:00-04:00,2026-08-12T22:59:59-04:00
Sobeys,8061355,Guava,4.99,2026-08-06T00:00:00-04:00,2026-08-12T22:59:59-04:00
Sobeys,8061355,Fruit Pectin Crystals,3.49,2026-08-06T00:00:00-04:00,2026-08-12T22:59:59-04:00
Sobeys,8061355,MINUTE MAID Zero Sugar Drinks or FUZE Iced Tea,3.99,2026-08-06T00:00:00-04:00,2026-08-12T22:59:59-04:00
Sobeys,8061355,Frozen Entrées,1.99,2026-08-06T00:00:00-04:00,2026-08-12T22:59:59-04:00
Sobeys,8061355,Frozen Entrées,5.49,2026-08-06T00:00:00-04:00,2026-08-12T22:59:59-04:00
Sobeys,8061355,INTERNATIONAL DELIGHT Creamers,3.49,2026-08-06T00:00:00-04:00,2026-08-12T22:59:59-04:00
Sobeys,8061355,MCCAIN Fries selected,3.49,2026-08-06T00:00:00-04:00,2026-08-12T22:59:59-04:00
Sobeys,8061355,Underwear or Pads,19.99,2026-08-06T00:00:00-04:00,2026-08-12T22:59:59-04:00
Sobeys,8061355,Premium Basmati Rice,15.29,2026-08-06T00:00:00-04:00,2026-08-12T22:59:59-04:00
Sobeys,8061355,Pickling Spice,3.99,2026-08-06T00:00:00-04:00,2026-08-12T22:59:59-04:00
Sobeys,8061355,Soft & Chewy Dog Treats or Brushing Chews,10.99,2026-08-06T00:00:00-04:00,2026-08-12T22:59:59-04:00
Sobeys,8061355,Organic Fruit & Veggie Oat Bars,8.0,2026-08-06T00:00:00-04:00,2026-08-12T22:59:59-04:00
Sobeys,8061355,ProActive Health Dry Cat Food,12.49,2026-08-06T00:00:00-04:00,2026-08-12T22:59:59-04:00
Sobeys,8061355,Cheese 400 g or Shreds 300-320 g or Mozzarellissima 500 g,5.99,2026-08-06T00:00:00-04:00,2026-08-12T22:59:59-04:00
Sobeys,8061355,Snacking or Mini Crackers,5.0,2026-08-06T00:00:00-04:00,2026-08-12T22:59:59-04:00
Sobeys,8061355,Indian Eggplant,3.99,2026-08-06T00:00:00-04:00,2026-08-12T22:59:59-04:00
Sobeys,8061355,Golden Kiwi,7.0,2026-08-06T00:00:00-04:00,2026-08-12T22:59:59-04:00
Sobeys,8061355,Figs,4.99,2026-08-06T00:00:00-04:00,2026-08-12T22:59:59-04:00
Sobeys,8061355,Rolls,4.99,2026-08-06T00:00:00-04:00,2026-08-12T22:59:59-04:00
Sobeys,8061355,LILY & JAX Signature Dry Cat Food,15.99,2026-08-06T00:00:00-04:00,2026-08-12T22:59:59-04:00
Sobeys,8061355,COMPLIMENTS Freezer Bags,2.5,2026-08-06T00:00:00-04:00,2026-08-12T22:59:59-04:00
Atlantic Superstore,8065415,"T&T KOREAN ROASTED SEA LAVER, 3'S, 15 G",1.79,2026-08-06T00:00:00-04:00,2026-08-12T23:59:59-04:00
Atlantic Superstore,8065415,"PRAN FAMILY PACK PARATHAS, 2.4 KG",10.99,2026-08-06T00:00:00-04:00,2026-08-12T23:59:59-04:00
Atlantic Superstore,8065415,COPPERTONE SUNCARE PRODUCTS,13.0,2026-08-06T00:00:00-04:00,2026-08-12T23:59:59-04:00
Atlantic Superstore,8065415,"ENFAGROW NUTRITIONAL SUPPLEMENT MILK-BASED POWDER 1-5 YEARS, 907 G",37.0,2026-08-06T00:00:00-04:00,2026-08-12T23:59:59-04:00
Atlantic Superstore,8065415,"PRAN INSTANT NOODLES, 280 G",1.5,2026-08-06T00:00:00-04:00,2026-08-12T23:59:59-04:00
Atlantic Superstore,8065415,JAPANESE SWEET YAMS,2.88,2026-08-06T00:00:00-04:00,2026-08-12T23:59:59-04:00
Atlantic Superstore,8065415,"SHARPIE PERMANENT MARKER FINE, 5'S",3.48,2026-08-06T00:00:00-04:00,2026-08-12T23:59:59-04:00
Atlantic Superstore,8065415,"VEEBА SAUCES, 300 G",4.0,2026-08-06T00:00:00-04:00,2026-08-12T23:59:59-04:00
Atlantic Superstore,8065415,"BOUNTY NAPKIN, 400'S",11.0,2026-08-06T00:00:00-04:00,2026-08-12T23:59:59-04:00
Atlantic Superstore,8065415,"CAMPBELL'S BROTH, 900 ML OR CONCENTRATED BROTH, 250 ML",2.25,2026-08-06T00:00:00-04:00,2026-08-12T23:59:59-04:00
Atlantic Superstore,8065415,"BUBLY SPARKLING WATER, 12X355 ML",14.0,2026-08-06T00:00:00-04:00,2026-08-12T23:59:59-04:00
Atlantic Superstore,8065415,"GERBER ORGANIC YOGURT MELTS OR LIL' EXPLORERS BISCUITS, 28-150 G",8.0,2026-08-06T00:00:00-04:00,2026-08-12T23:59:59-04:00
Atlantic Superstore,8065415,"PC NUTS, 680-907 G",17.0,2026-08-06T00:00:00-04:00,2026-08-12T23:59:59-04:00
Atlantic Superstore,8065415,"POWERADE® TEAM PACK, 24 X 591 ML",25.99,2026-08-06T00:00:00-04:00,2026-08-12T23:59:59-04:00
Atlantic Superstore,8065415,"DOVE DERMA SCALP SHAMPOO, CONDITIONER OR TRESEMME 'A LIST' STYLING PRODUCTS, 433 ML",11.0,2026-08-06T00:00:00-04:00,2026-08-12T23:59:59-04:00
Atlantic Superstore,8065415,CASSAVA,2.25,2026-08-06T00:00:00-04:00,2026-08-12T23:59:59-04:00
Atlantic Superstore,8065415,"KELLOGG'S JUMBO CEREAL, 825 G-1,05 KG",9.99,2026-08-06T00:00:00-04:00,2026-08-12T23:59:59-04:00
Atlantic Superstore,8065415,"VIVASEA COOKED NEW ZEALAND GREENSHELL MUSSELS, 500 G",6.0,2026-08-06T00:00:00-04:00,2026-08-12T23:59:59-04:00
Atlantic Superstore,8065415,"CRAYOLA CRAYONS, 24'S",1.0,2026-08-06T00:00:00-04:00,2026-08-12T23:59:59-04:00
Atlantic Superstore,8065415,"DR. OETKER PIZZA RISTORANTE OR CASA DI MAMA, 320-410 G",3.5,2026-08-06T00:00:00-04:00,2026-08-12T23:59:59-04:00
Atlantic Superstore,8065415,"WONDER BREAD 570 G, BUNS 8'S OR ROLLS 672 G OR D'ITALIANO BUNS 420-568 G",7.0,2026-08-06T00:00:00-04:00,2026-08-12T23:59:59-04:00
Atlantic Superstore,8065415,"NO NAME® MILD SUGAR CURED BACON, 375 G",3.5,2026-08-06T00:00:00-04:00,2026-08-12T23:59:59-04:00
Atlantic Superstore,8065415,"NO NAME® STRINGABLE MARBLE CHEESE STICKS, 588 G",11.0,2026-08-06T00:00:00-04:00,2026-08-12T23:59:59-04:00
Atlantic Superstore,8065415,"PC® LITTLE BEAUTS GRAPE TOMATOES, 567 G",6.5,2026-08-06T00:00:00-04:00,2026-08-12T23:59:59-04:00
Atlantic Superstore,8065415,CHERRIES,5.0,2026-08-06T00:00:00-04:00,2026-08-12T23:59:59-04:00
Atlantic Superstore,8065415,"NO NAME® PAPER TOWELS, 2'S",2.5,2026-08-06T00:00:00-04:00,2026-08-12T23:59:59-04:00
Atlantic Superstore,8065415,BEEF EYE OF ROUND STEAK,11.0,2026-08-06T00:00:00-04:00,2026-08-12T23:59:59-04:00
Atlantic Superstore,8065415,"NO NAME® CANOLA OR VEGETABLE OIL, 3 L OR PC® EXTRA VIRGIN AVOCADO OIL, 500 ML",12.0,2026-08-06T00:00:00-04:00,2026-08-12T23:59:59-04:00
Atlantic Superstore,8065415,"SILVER HILLS BREAD, 600-680 G",5.0,2026-08-06T00:00:00-04:00,2026-08-12T23:59:59-04:00
Atlantic Superstore,8065415,"PC® HUMMUS, 908 G",11.0,2026-08-06T00:00:00-04:00,2026-08-12T23:59:59-04:00
Atlantic Superstore,8065415,"LOCAL ATLANTIC STRAWBERRIES, QUART",6.0,2026-08-06T00:00:00-04:00,2026-08-12T23:59:59-04:00
Atlantic Superstore,8065415,"NO NAME® ENGLISH MUFFINS 6'S OR GARLIC BREAD OR TOAST, 325 G",2.5,2026-08-06T00:00:00-04:00,2026-08-12T23:59:59-04:00
Atlantic Superstore,8065415,"BUTTER CROISSANTS, 12'S",7.0,2026-08-06T00:00:00-04:00,2026-08-12T23:59:59-04:00
Atlantic Superstore,8065415,"ROMA SLICED HOT & MILD PEPPERONI, 900 G",12.0,2026-08-06T00:00:00-04:00,2026-08-12T23:59:59-04:00
Atlantic Superstore,8065415,STEWING BEEF CUBES,13.0,2026-08-06T00:00:00-04:00,2026-08-12T23:59:59-04:00
Atlantic Superstore,8065415,"PREGO SAUCE, 645 ML",2.5,2026-08-06T00:00:00-04:00,2026-08-12T23:59:59-04:00
Atlantic Superstore,8065415,"PC® TRADITIONAL NAAN DIPPERS FLATBREADS, 400 G",6.0,2026-08-06T00:00:00-04:00,2026-08-12T23:59:59-04:00
Atlantic Superstore,8065415,"OASIS 100% JUICE BLEND, 40X200 ML",18.0,2026-08-06T00:00:00-04:00,2026-08-12T23:59:59-04:00
Atlantic Superstore,8065415,"CLOVER LEAF LIGHT TUNA, 85/170 G",1.5,2026-08-06T00:00:00-04:00,2026-08-12T23:59:59-04:00
Atlantic Superstore,8065415,"KRAFT GRATED PARMESAN CHEESE, 250 G",8.0,2026-08-06T00:00:00-04:00,2026-08-12T23:59:59-04:00
Atlantic Superstore,8065415,"NO NAME® ICE CREAM SANDWICHES OR BARS, 24/30'S",11.0,2026-08-06T00:00:00-04:00,2026-08-12T23:59:59-04:00
Atlantic Superstore,8065415,"WAGH BAKRI PREMIUM TEA, 907 G",12.0,2026-08-06T00:00:00-04:00,2026-08-12T23:59:59-04:00
Atlantic Superstore,8065415,"PC® NUTRITION FIRST™ DRY DOG FOOD, 2 KG",10.0,2026-08-06T00:00:00-04:00,2026-08-12T23:59:59-04:00
Atlantic Superstore,8065415,"SCHNEIDERS PEPPERETTES, 225-375 G",8.0,2026-08-06T00:00:00-04:00,2026-08-12T23:59:59-04:00
Atlantic Superstore,8065415,"FONTAINE SANTÉ TOFU, 400 G",6.0,2026-08-06T00:00:00-04:00,2026-08-12T23:59:59-04:00
Atlantic Superstore,8065415,"MILK-BONE BRUSHING CHEWS, 535‑688 G",10.0,2026-08-06T00:00:00-04:00,2026-08-12T23:59:59-04:00
Atlantic Superstore,8065415,"CORE POWER® CHOCOLATE, 12 X 414 ML",2.5,2026-08-06T00:00:00-04:00,2026-08-12T23:59:59-04:00
Atlantic Superstore,8065415,"LIFE BRAND® PURAVIDA BODY WASH, 532ML",8.0,2026-08-06T00:00:00-04:00,2026-08-12T23:59:59-04:00
Atlantic Superstore,8065415,KIDDICARE ECONO PACK DIAPERS,27.88,2026-08-06T00:00:00-04:00,2026-08-12T23:59:59-04:00
Atlantic Superstore,8065415,"817 ELEPHANT BRAND BASMATI RICE, 4 KG",14.99,2026-08-06T00:00:00-04:00,2026-08-12T23:59:59-04:00
Atlantic Superstore,8065415,L'OREAL EXCELLENCE HAIR COLOUR OR ROOT TOUCH UP,13.0,2026-08-06T00:00:00-04:00,2026-08-12T23:59:59-04:00
Atlantic Superstore,8065415,"TROPICANA ZERO SUGAR DRINKS, 1.36 L",5.5,2026-08-06T00:00:00-04:00,2026-08-12T23:59:59-04:00
Atlantic Superstore,8065415,"GERBER INFANT CEREAL, 227 G",11.0,2026-08-06T00:00:00-04:00,2026-08-12T23:59:59-04:00
Atlantic Superstore,8065415,"CREST MULTIPACK TOOTHPASTE 3X45-130 ML PRO-HEALTH OR 3D WHITE MOUTHWASH, 946 ML-1 L OR ORAL-B BATTERY-POWERED TOOTHBRUSH 1'S",9.5,2026-08-06T00:00:00-04:00,2026-08-12T23:59:59-04:00
Atlantic Superstore,8065415,"SENSODYNE OR PRONAMEL BASE TOOTHPASTE, 75/100 ML",5.25,2026-08-06T00:00:00-04:00,2026-08-12T23:59:59-04:00
Atlantic Superstore,8065415,"PC® OR PC® BLACK LABEL VEGETABLE ANTIPASTO, 400 ML, HOT CHERRY PEPPERS, 214 G OR OLIVES, 375 ML",6.5,2026-08-06T00:00:00-04:00,2026-08-12T23:59:59-04:00
Atlantic Superstore,8065415,CASHMERE BATHROOM TISSUE 8=16 ROLLS OR SCOTTIES FACIAL TISSUE 6'S,3.99,2026-08-06T00:00:00-04:00,2026-08-12T23:59:59-04:00
Atlantic Superstore,8065415,"HIGH LINER FISH STICKS, FILLETS OR SHRIMP, 315-700 G",5.99,2026-08-06T00:00:00-04:00,2026-08-12T23:59:59-04:00
Atlantic Superstore,8065415,PC GARLIC & HERB SEAFOOD BAKE 810 G OR SALMON WELLINGTON 725 G,20.0,2026-08-06T00:00:00-04:00,2026-08-12T23:59:59-04:00
Atlantic Superstore,8065415,"SUNFLOWERS, 5 STEM",10.0,2026-08-06T00:00:00-04:00,2026-08-12T23:59:59-04:00
Atlantic Superstore,8065415,"PC® ORGANICS CREMINI OR WHITE MUSHROOMS, 227 G",4.0,2026-08-06T00:00:00-04:00,2026-08-12T23:59:59-04:00
Atlantic Superstore,8065415,"PAMPERS OR HUGGIES 9X/10X BABY WIPES, 504-600'S",20.0,2026-08-06T00:00:00-04:00,2026-08-12T23:59:59-04:00
Atlantic Superstore,8065415,"FARMER'S MARKET™ CARROTS, 3 LB",3.0,2026-08-06T00:00:00-04:00,2026-08-12T23:59:59-04:00
Atlantic Superstore,8065415,PAPAYA,2.5,2026-08-06T00:00:00-04:00,2026-08-12T23:59:59-04:00
Atlantic Superstore,8065415,"BLUE BUFFALO DOG FOOD, 2.2 KG",23.0,2026-08-06T00:00:00-04:00,2026-08-12T23:59:59-04:00
Atlantic Superstore,8065415,"NESTLÉ DRUMSTICK, 15'S",17.0,2026-08-06T00:00:00-04:00,2026-08-12T23:59:59-04:00
Atlantic Superstore,8065415,"OLD SPICE, 73-144 G, SECRET, 68-116 G OR GILLETTE DEODORANT, 108 G",7.5,2026-08-06T00:00:00-04:00,2026-08-12T23:59:59-04:00
Atlantic Superstore,8065415,"NO NAME® BAKED BEANS, 398 ML",5.0,2026-08-06T00:00:00-04:00,2026-08-12T23:59:59-04:00
Atlantic Superstore,8065415,MEDIUM GROUND BEEF,5.77,2026-08-06T00:00:00-04:00,2026-08-12T23:59:59-04:00
Atlantic Superstore,8065415,"PURE PROTEIN, ENSURE OR GLUCERNA READY TO DRINK SHAKES",11.0,2026-08-06T00:00:00-04:00,2026-08-12T23:59:59-04:00
Atlantic Superstore,8065415,"ARM & HAMMER MULTI- CAT, 6.35/6.4 KG OR DOUBLE DUTY, 12.7 KG CAT LITTER",17.0,2026-08-06T00:00:00-04:00,2026-08-12T23:59:59-04:00
Atlantic Superstore,8065415,"NO NAME® OR HALAL CHICKEN BREAST BONELESS, SKINLESS, FRESH",5.99,2026-08-06T00:00:00-04:00,2026-08-12T23:59:59-04:00
Atlantic Superstore,8065415,BLUEBERRIES,2.44,2026-08-06T00:00:00-04:00,2026-08-12T23:59:59-04:00
Atlantic Superstore,8065415,PORK SHOULD PICNIC SPLIT,3.5,2026-08-06T00:00:00-04:00,2026-08-12T23:59:59-04:00
Atlantic Superstore,8065415,"ROBIN HOOD OR FIVE ROSES FLOUR, 10 KG",12.0,2026-08-06T00:00:00-04:00,2026-08-12T23:59:59-04:00
Atlantic Superstore,8065415,BRUST PROTEIN COFFEE,12.0,2026-08-06T00:00:00-04:00,2026-08-12T23:59:59-04:00
Atlantic Superstore,8065415,"PC SHREDDED CHEESE OR CRUMBLED FETA, 250-320 G OR BLACK DIAMOND CHEESE BARS OR SHREDDED CHEESE ,300-400 G",4.98,2026-08-06T00:00:00-04:00,2026-08-12T23:59:59-04:00
Atlantic Superstore,8065415,"COCA-COLA, CANADA DRY OR PEPSI SOFT DRINKS, 2 L",4.98,2026-08-06T00:00:00-04:00,2026-08-12T23:59:59-04:00
Atlantic Superstore,8065415,"ADVIL, VOLTAREN OR ROBAX PAIN, TABLETS, LIQUI-GELS OR CAPLETS",14.0,2026-08-06T00:00:00-04:00,2026-08-12T23:59:59-04:00
Atlantic Superstore,8065415,"BEYOND MEAT PLANT-BASED BURGERS, GROUND, DINNER SAUSAGES, CHICKEN TENDERS, STEAK TIPS OR LINKS, 226-400 G",7.0,2026-08-06T00:00:00-04:00,2026-08-12T23:59:59-04:00
Atlantic Superstore,8065415,BURNBRAE FROZEN EGG BAKES OR BITES 336/340 G OR KELLOGG'S EGGO WAFFLES 16'S OR PROTEIN WAFFLES 8'S,6.5,2026-08-06T00:00:00-04:00,2026-08-12T23:59:59-04:00
Atlantic Superstore,8065415,"PAMPERS SUPER BIG PACK DIAPERS SIZE N-7, 42-96'S OR SIMILAC GO & GROW STEP 3 TODDLER FORMULA, 850 G",28.0,2026-08-06T00:00:00-04:00,2026-08-12T23:59:59-04:00
Atlantic Superstore,8065415,"PC® GUACAMOLE, 227 G",5.0,2026-08-06T00:00:00-04:00,2026-08-12T23:59:59-04:00
Atlantic Superstore,8065415,"ROMAINE HEARTS, PKG OF 3",3.5,2026-08-06T00:00:00-04:00,2026-08-12T23:59:59-04:00
Atlantic Superstore,8065415,"LARSEN WIENERS OR SUNRISE SLICED BOLOGNA, 375 G",3.0,2026-08-06T00:00:00-04:00,2026-08-12T23:59:59-04:00
Atlantic Superstore,8065415,"PC® ORANGE JUICE, TEA OR LEMONADE, 1.36 L OR ASTRO TUBS, 650/750 G",3.5,2026-08-06T00:00:00-04:00,2026-08-12T23:59:59-04:00
Atlantic Superstore,8065415,"SEAQUEST® SOLE, TILAPIA OR POLLOCK FILLETS, 400 G",6.5,2026-08-06T00:00:00-04:00,2026-08-12T23:59:59-04:00
Atlantic Superstore,8065415,"NO NAME® POTATO CHIPS, 200 G",1.5,2026-08-06T00:00:00-04:00,2026-08-12T23:59:59-04:00
Atlantic Superstore,8065415,"NESTLÉ SMARTIES, 800 G, KITKAT OR COFFEE CRISP MINIS, 700 G",15.0,2026-08-06T00:00:00-04:00,2026-08-12T23:59:59-04:00
Atlantic Superstore,8065415,EVERYDAY ESSENTIALS™ BATH TOWEL,8.0,2026-08-06T00:00:00-04:00,2026-08-12T23:59:59-04:00
Atlantic Superstore,8065415,"PANTENE ABUNDANT & STRONG SHAMPOO, CONDITIONER OR SERUM",17.0,2026-08-06T00:00:00-04:00,2026-08-12T23:59:59-04:00
Atlantic Superstore,8065415,ALWAYS FLEX FOAM PADS,10.0,2026-08-06T00:00:00-04:00,2026-08-12T23:59:59-04:00
Atlantic Superstore,8065415,"PC OR BLUE MENU® LASAGNA OR MAC & CHEESE, 2/2.27 KG",17.0,2026-08-06T00:00:00-04:00,2026-08-12T23:59:59-04:00
Atlantic Superstore,8065415,"FRISKIES PARTY MIX CAT TREATS, 510 G",7.0,2026-08-06T00:00:00-04:00,2026-08-12T23:59:59-04:00
Atlantic Superstore,8065415,"IÖGO FROZEN YOGURT, BARS OR POPS, 320-946 ML",6.0,2026-08-06T00:00:00-04:00,2026-08-12T23:59:59-04:00
Atlantic Superstore,8065415,"INDOMIE INSTANT NOODLES, 5'S, 400-425 G",3.99,2026-08-06T00:00:00-04:00,2026-08-12T23:59:59-04:00
Atlantic Superstore,8065415,"WHISKAS DRY CAT FOOD, 2 KG",7.0,2026-08-06T00:00:00-04:00,2026-08-12T23:59:59-04:00
Atlantic Superstore,8065415,"FRISKIES CAT FOOD, 1.5 KG",7.0,2026-08-06T00:00:00-04:00,2026-08-12T23:59:59-04:00
Atlantic Superstore,8065415,"TRE STELLE BOCCONCINI OR FETA CHEESE, 200 G",5.0,2026-08-06T00:00:00-04:00,2026-08-12T23:59:59-04:00
Atlantic Superstore,8065415,"LIFE BRAND® AFTERSUN ALOE GEL, 567 G",7.0,2026-08-06T00:00:00-04:00,2026-08-12T23:59:59-04:00
Atlantic Superstore,8065415,"SUFRA® HALAL WHOLE CHICKEN, UP TO 1. 51 KG",16.0,2026-08-06T00:00:00-04:00,2026-08-12T23:59:59-04:00
Atlantic Superstore,8065415,"ACE GOURMET BURGER OR SAUSAGE BUNS, 4'S",4.5,2026-08-06T00:00:00-04:00,2026-08-12T23:59:59-04:00
Atlantic Superstore,8065415,EVERYDAY ESSENTIALS™ JUMBO PILLOW,5.5,2026-08-06T00:00:00-04:00,2026-08-12T23:59:59-04:00
Atlantic Superstore,8065415,"PC® DINNER, BEVERAGE OR BUFFET NAPKINS",5.0,2026-08-06T00:00:00-04:00,2026-08-12T23:59:59-04:00
Atlantic Superstore,8065415,"PC® PORK SAUSAGES, 375/500 G",7.0,2026-08-06T00:00:00-04:00,2026-08-12T23:59:59-04:00
Atlantic Superstore,8065415,"SOFTSOAP LIQUID HAND SOAP REFILL, 1.47 L",4.5,2026-08-06T00:00:00-04:00,2026-08-12T23:59:59-04:00
Atlantic Superstore,8065415,"MTR READY TO EAT MEALS, 300 G",2.5,2026-08-06T00:00:00-04:00,2026-08-12T23:59:59-04:00
Atlantic Superstore,8065415,"NESTLÉ CHOCOLATE TABLETS, 95-105 G",1.75,2026-08-06T00:00:00-04:00,2026-08-12T23:59:59-04:00
Atlantic Superstore,8065415,"PC® MINI VEGETABLE OR CHICKEN SAMOSAS, 288/345 G",6.0,2026-08-06T00:00:00-04:00,2026-08-12T23:59:59-04:00
Atlantic Superstore,8065415,"LIFE BRAND® PURAVIDA SHAMPOO OR CONDITIONER, 532 ML",8.0,2026-08-06T00:00:00-04:00,2026-08-12T23:59:59-04:00
Atlantic Superstore,8065415,"KNORR CHICKEN BOUILLON, 1KG",10.99,2026-08-06T00:00:00-04:00,2026-08-12T23:59:59-04:00
Atlantic Superstore,8065415,"SURAJ NAAN FLATBREADS, 10'S",4.0,2026-08-06T00:00:00-04:00,2026-08-12T23:59:59-04:00
Atlantic Superstore,8065415,"JARRITOS SOFT DRINKS, 370 ML",1.25,2026-08-06T00:00:00-04:00,2026-08-12T23:59:59-04:00
Atlantic Superstore,8065415,CORED PINEAPPLE,7.0,2026-08-06T00:00:00-04:00,2026-08-12T23:59:59-04:00
Atlantic Superstore,8065415,"BABY GOURMET ORGANIC FRUIT OR VEGETABLE BABY FOOD POUCHES, 113/128 ML",10.0,2026-08-06T00:00:00-04:00,2026-08-12T23:59:59-04:00
Atlantic Superstore,8065415,"PC® TOPPED HUMMUS, 280 G OR PC® NAAN DIPPERS, 200 G",7.0,2026-08-06T00:00:00-04:00,2026-08-12T23:59:59-04:00
Atlantic Superstore,8065415,"BIC CRYSTAL EXTRA SMOOTH ASSORTED BALLPOINT PENS MEDIUM POINT (1.0MM), 10 PACK",2.0,2026-08-06T00:00:00-04:00,2026-08-12T23:59:59-04:00
Atlantic Superstore,8065415,"SEAQUEST® CRAB FLAVOURED POLLOCK FLAKES OR LEGS, 454 G",6.0,2026-08-06T00:00:00-04:00,2026-08-12T23:59:59-04:00
Atlantic Superstore,8065415,"SILK NON-DAIRY YOGURT, 500-650 G",13.0,2026-08-06T00:00:00-04:00,2026-08-12T23:59:59-04:00
Atlantic Superstore,8065415,"RUBICON JUICE DRINKS, 4X200 ML/1 L",2.5,2026-08-06T00:00:00-04:00,2026-08-12T23:59:59-04:00
Atlantic Superstore,8065415,WHOLE TILAPIA,3.0,2026-08-06T00:00:00-04:00,2026-08-12T23:59:59-04:00
Atlantic Superstore,8065415,"PC® NUTRITION FIRST® CAT FOOD, 4 KG",25.0,2026-08-06T00:00:00-04:00,2026-08-12T23:59:59-04:00
Atlantic Superstore,8065415,"FRESH ATLANTIC SALMON PORTIONS, 100 G",5.0,2026-08-06T00:00:00-04:00,2026-08-12T23:59:59-04:00
Atlantic Superstore,8065415,PURE PROTEIN CRISPS OR CRACKERS,3.0,2026-08-06T00:00:00-04:00,2026-08-12T23:59:59-04:00
Atlantic Superstore,8065415,"STARBUCKS COFFEE ENHANCERS, 800-828 ML",7.0,2026-08-06T00:00:00-04:00,2026-08-12T23:59:59-04:00
Atlantic Superstore,8065415,GARNIER BELLE COLOR HAIR COLOUR,6.5,2026-08-06T00:00:00-04:00,2026-08-12T23:59:59-04:00
Atlantic Superstore,8065415,"SNACK FACTORY PRETZEL CRISPS, 200 G",4.0,2026-08-06T00:00:00-04:00,2026-08-12T23:59:59-04:00
Atlantic Superstore,8065415,"CLOROX BLEACH, 2.4 L OR PINE-SOL CLEANER, 1.41 L",4.5,2026-08-06T00:00:00-04:00,2026-08-12T23:59:59-04:00
Atlantic Superstore,8065415,"AHA™ PEACH HONEY SPARKLING WATER, 12 X 355 ML",14.0,2026-08-06T00:00:00-04:00,2026-08-12T23:59:59-04:00
Atlantic Superstore,8065415,"FRIED TORTILLA CHIPS, 400 G",8.0,2026-08-06T00:00:00-04:00,2026-08-12T23:59:59-04:00
Atlantic Superstore,8065415,"KHAAS HALAL YOGURT, 750 G",2.99,2026-08-06T00:00:00-04:00,2026-08-12T23:59:59-04:00
Atlantic Superstore,8065415,"SIGGI'S SKYR TUBS, 650/750 G OR STÖK COLD BREW COFFEE, 1.42 L",7.0,2026-08-06T00:00:00-04:00,2026-08-12T23:59:59-04:00
Atlantic Superstore,8065415,"BUY A READY TO COOK SALMON OR CHICKEN ENTRÉE 472-637 G + WITH A READY TO COOK SIDE, 545-865 G",20.0,2026-08-06T00:00:00-04:00,2026-08-12T23:59:59-04:00
Atlantic Superstore,8065415,"BIC CORRECTION TAPE 2 PACK, 1/6"" X 39.3' OR BIC VELOCITY BALLPOINT PEN, 4 PACK",4.0,2026-08-06T00:00:00-04:00,2026-08-12T23:59:59-04:00
Atlantic Superstore,8065415,"HUGGIES PULL-UPS CLUB PACK TRAINING PANTS, 48-74'S",27.0,2026-08-06T00:00:00-04:00,2026-08-12T23:59:59-04:00
Atlantic Superstore,8065415,"CHEETOS SNACKS, 180-285 G",3.5,2026-08-06T00:00:00-04:00,2026-08-12T23:59:59-04:00
Atlantic Superstore,8065415,"PC® PODS, 30'S OR MCCAFÉ GROUND COFFEE, 290/300 G",15.0,2026-08-06T00:00:00-04:00,2026-08-12T23:59:59-04:00
Atlantic Superstore,8065415,"MAPED TECHNIC ERASERS, 2 PACK OR UNIVERSAL ERASER WITH REFILLABLE HOLDER",1.5,2026-08-06T00:00:00-04:00,2026-08-12T23:59:59-04:00
Atlantic Superstore,8065415,"DURACELL BATTERIES, AA32 OR AAA24",24.0,2026-08-06T00:00:00-04:00,2026-08-12T23:59:59-04:00
Atlantic Superstore,8065415,"SKINNY POP POPCORN, 125-150 G",3.0,2026-08-06T00:00:00-04:00,2026-08-12T23:59:59-04:00
Atlantic Superstore,8065415,"ZERO SUGAR A&W ROOT BEER, 2 L",4.98,2026-08-06T00:00:00-04:00,2026-08-12T23:59:59-04:00
Atlantic Superstore,8065415,"CHEESE STICKS, 6'S OR CHEESE SWIRLS BUNS, 4'S",5.5,2026-08-06T00:00:00-04:00,2026-08-12T23:59:59-04:00
Atlantic Superstore,8065415,"NO NAME® NATURALLY IMPERFECT™ FRUIT , 2 KG",18.0,2026-08-06T00:00:00-04:00,2026-08-12T23:59:59-04:00
Atlantic Superstore,8065415,"PC® OR BLUE MENU® PASTA, 375/454 G OR PC® TOMATO SAUCE, 680 ML",2.0,2026-08-06T00:00:00-04:00,2026-08-12T23:59:59-04:00
Atlantic Superstore,8065415,"CHRISTIE PREMIUM PLUS SODA CRACKERS, 900 G",8.49,2026-08-06T00:00:00-04:00,2026-08-12T23:59:59-04:00
Atlantic Superstore,8065415,"LECLERC CELEBRATION COOKIES, 200-350 G",10.0,2026-08-06T00:00:00-04:00,2026-08-12T23:59:59-04:00
Atlantic Superstore,8065415,SONORA TORTILLAS,6.5,2026-08-06T00:00:00-04:00,2026-08-12T23:59:59-04:00
Atlantic Superstore,8065415,"PC® PACIFIC LARGE WHITE SHRIMP RAW ZIPPERBACK®, 31-40/LB, 1.5 KG",26.0,2026-08-06T00:00:00-04:00,2026-08-12T23:59:59-04:00
Atlantic Superstore,8065415,"ORVILLE REDENBACHER MICROWAVE POPCORN, 1.475 KG",12.99,2026-08-06T00:00:00-04:00,2026-08-12T23:59:59-04:00
Atlantic Superstore,8065415,"NO NAME® PREPARED YELLOW MUSTARD, 400 ML",5.0,2026-08-06T00:00:00-04:00,2026-08-12T23:59:59-04:00
Atlantic Superstore,8065415,"LIPTON TEA BAG PYRAMID, 20'S",4.0,2026-08-06T00:00:00-04:00,2026-08-12T23:59:59-04:00
Atlantic Superstore,8065415,"CHRIS BROTHERS BOLOGNA, 1.5 KG",8.0,2026-08-06T00:00:00-04:00,2026-08-12T23:59:59-04:00
Atlantic Superstore,8065415,"CHARMIN BATH TISSUE, 12=48 ROLLS, SOFT",18.0,2026-08-06T00:00:00-04:00,2026-08-12T23:59:59-04:00
Atlantic Superstore,8065415,"SUNRISE BEEF BURGERS, 500 G",10.0,2026-08-06T00:00:00-04:00,2026-08-12T23:59:59-04:00
Atlantic Superstore,8065415,"NO NAME® CONDENSED SOUP OR BROTH, 284 ML",5.0,2026-08-06T00:00:00-04:00,2026-08-12T23:59:59-04:00
Atlantic Superstore,8065415,"DARE REALFRUIT GUMMIES, 325-350 G",4.0,2026-08-06T00:00:00-04:00,2026-08-12T23:59:59-04:00
Atlantic Superstore,8065415,"PRAN FROZEN SAMOSAS OR VEGETABLE SPRING ROLLS, 400 G",3.49,2026-08-06T00:00:00-04:00,2026-08-12T23:59:59-04:00
Atlantic Superstore,8065415,"NO NAME® BREADED CHICKEN NUGGETS, BURGERS OR STRIPS, 1.81 KG",11.0,2026-08-06T00:00:00-04:00,2026-08-12T23:59:59-04:00
Atlantic Superstore,8065415,"MCCAIN SUPERFRIES OR SPECIALTY POTATOES 454-800 G OR NO NAME® VEGETABLES, 750 G",3.0,2026-08-06T00:00:00-04:00,2026-08-12T23:59:59-04:00
Atlantic Superstore,8065415,"NO NAME® RED WINE VINEGAR, 500 ML OR WHITE VINEGAR, 1 L",5.0,2026-08-06T00:00:00-04:00,2026-08-12T23:59:59-04:00
Atlantic Superstore,8065415,"CHAPMAN'S PREMIUM ICE CREAM, FROZEN YOGURT, SORBET, 2 L OR SUPER NOVELTIES, 8-20'S",6.0,2026-08-06T00:00:00-04:00,2026-08-12T23:59:59-04:00
Atlantic Superstore,8065415,"NO NAME® BEEF BURGERS, 1.36 KG",20.0,2026-08-06T00:00:00-04:00,2026-08-12T23:59:59-04:00
Atlantic Superstore,8065415,"FLOURISH PROTEIN PANCAKE & WAFFLE MIX, 430 G OR SYRUP, 375 ML",9.99,2026-08-06T00:00:00-04:00,2026-08-12T23:59:59-04:00
Atlantic Superstore,8065415,"SEAQUEST® COLOSSAL PACIFIC WHITE SHRIMP RAW ZIPPERBACK®, 16-20/LB, 300 G OR BAY SCALLOPS UNCOOKED, 100 G/FROZEN LB, 400 G",7.0,2026-08-06T00:00:00-04:00,2026-08-12T23:59:59-04:00
Atlantic Superstore,8065415,DEMPSTER'S PROTEIN BREAD AND BAGELS,4.5,2026-08-06T00:00:00-04:00,2026-08-12T23:59:59-04:00
Atlantic Superstore,8065415,"BOUNTY PAPER TOWEL, 6=12 ROLLS",18.0,2026-08-06T00:00:00-04:00,2026-08-12T23:59:59-04:00
Atlantic Superstore,8065415,CHICKEN THIGHS,7.99,2026-08-06T00:00:00-04:00,2026-08-12T23:59:59-04:00
Atlantic Superstore,8065415,"NO NAME® REAL BACON BITS, 85 G, WHIPPED DRESSING OR MAYONNAISE, 890 ML",4.5,2026-08-06T00:00:00-04:00,2026-08-12T23:59:59-04:00
Atlantic Superstore,8065415,"NO NAME® DISHWASHING LIQUID, 5 L",11.0,2026-08-06T00:00:00-04:00,2026-08-12T23:59:59-04:00
Atlantic Superstore,8065415,"WHITE OR 100% WHOLE WHEAT BREAD, 383 G",2.75,2026-08-06T00:00:00-04:00,2026-08-12T23:59:59-04:00
Atlantic Superstore,8065415,"NO NAME™ NATURALLY IMPERFECT™ MANGOES, 3 LB",6.0,2026-08-06T00:00:00-04:00,2026-08-12T23:59:59-04:00
Atlantic Superstore,8065415,"NO NAME® GRAVY OR SAUCE, 398 ML",5.0,2026-08-06T00:00:00-04:00,2026-08-12T23:59:59-04:00
Atlantic Superstore,8065415,"CLIF BAR MINIS, SNACK-SIZER ENERGY BAR, 5X28 G OR CLIF ZBAR ORGANIC ENERGY SNACK BARS, 5X36 G",3.5,2026-08-06T00:00:00-04:00,2026-08-12T23:59:59-04:00
Atlantic Superstore,8065415,"PC DELI CHEESE BLOCKS, 500 G",13.0,2026-08-06T00:00:00-04:00,2026-08-12T23:59:59-04:00
Atlantic Superstore,8065415,"TERRA DELYSSA OR MORESH EXTRA VIRGIN OLIVE OIL, 1 L",10.0,2026-08-06T00:00:00-04:00,2026-08-12T23:59:59-04:00
Atlantic Superstore,8065415,"TIDE DETERGENT, 100/94/83 LD, IVORY SNOW DETERGENT, 80 LD, PODS/FLINGS, 45/57/76'S",20.0,2026-08-06T00:00:00-04:00,2026-08-12T23:59:59-04:00
Atlantic Superstore,8065415,FARMER'S MARKET™ ENGLISH CUCUMBERS,4.0,2026-08-06T00:00:00-04:00,2026-08-12T23:59:59-04:00
Atlantic Superstore,8065415,"PURINA ONE DOG OR CAT FOOD, 1.45-1.81 KG",13.0,2026-08-06T00:00:00-04:00,2026-08-12T23:59:59-04:00
Atlantic Superstore,8065415,"OASIS JUICE, DEL MONTE NECTAR, ARIZONA TEA JUICE, 960 ML OR ALLEN'S COCKTAIL, 1 L",1.25,2026-08-06T00:00:00-04:00,2026-08-12T23:59:59-04:00
Atlantic Superstore,8065415,"CARBONAUT GLUTEN FREE OR PLANT BASED WRAPS, 156 G",5.5,2026-08-06T00:00:00-04:00,2026-08-12T23:59:59-04:00
Atlantic Superstore,8065415,"PURINA ONE DOG FOOD, 5.4‑7 KG",32.0,2026-08-06T00:00:00-04:00,2026-08-12T23:59:59-04:00
Atlantic Superstore,8065415,"PC MEMORIES SAUCE, 350 ML",5.0,2026-08-06T00:00:00-04:00,2026-08-12T23:59:59-04:00
Atlantic Superstore,8065415,"TEMPTATIONS CAT TREATS, 454 G",6.0,2026-08-06T00:00:00-04:00,2026-08-12T23:59:59-04:00
Atlantic Superstore,8065415,"CADBURY MINI EGGS CHOCOLATE, 700 G",17.5,2026-08-06T00:00:00-04:00,2026-08-12T23:59:59-04:00
Atlantic Superstore,8065415,"HUGGIES LITTLE SNUGGLERS, LITTLE MOVERS, OVERNITES OR SKIN ESSENTIALS SUPER BIG PACK DIAPERS, SIZE N-7, 36-96'S",28.0,2026-08-06T00:00:00-04:00,2026-08-12T23:59:59-04:00
Atlantic Superstore,8065415,"PAMPERS BABY DRY ULTRA DIAPERS SIZE 3-6, 124-174'S",35.0,2026-08-06T00:00:00-04:00,2026-08-12T23:59:59-04:00
Atlantic Superstore,8065415,"TAYLOR FARMS CHOPPED SALAD KITS, 267-383 G",4.5,2026-08-06T00:00:00-04:00,2026-08-12T23:59:59-04:00
Atlantic Superstore,8065415,"NO NAME® FOIL, 100'",5.0,2026-08-06T00:00:00-04:00,2026-08-12T23:59:59-04:00
Atlantic Superstore,8065415,"NO NAME® ICE MILK, 1.65 L",4.0,2026-08-06T00:00:00-04:00,2026-08-12T23:59:59-04:00
Atlantic Superstore,8065415,"ZIGGY'S FRESH PASTA TWIN PACKS, 2X300 G",5.0,2026-08-06T00:00:00-04:00,2026-08-12T23:59:59-04:00
Atlantic Superstore,8065415,"NO NAME® MALT OR APPLE CIDER VINEGAR, 500 mL",5.0,2026-08-06T00:00:00-04:00,2026-08-12T23:59:59-04:00
Atlantic Superstore,8065415,"NO NAME® BEVERAGES, 1 L",1.5,2026-08-06T00:00:00-04:00,2026-08-12T23:59:59-04:00
Atlantic Superstore,8065415,"PC SUPER SOFT HYPOALLERGENIC BATHROOM TISSUE, 30'S",21.99,2026-08-06T00:00:00-04:00,2026-08-12T23:59:59-04:00
Atlantic Superstore,8065415,"NO NAME® GARLIC COIL SAUSAGE, 750 G",9.0,2026-08-06T00:00:00-04:00,2026-08-12T23:59:59-04:00
Atlantic Superstore,8065415,"NO NAME® READY TO BAKE GARLIC TOAST, 638 G",3.0,2026-08-06T00:00:00-04:00,2026-08-12T23:59:59-04:00
Atlantic Superstore,8065415,"ROYALE FACIAL TISSUE, 6'S, TIGER TOWEL PAPER TOWEL,S 3=6 ROLLS OR BATHROOM TISSUE, 9-12=24 ROLLS",10.0,2026-08-06T00:00:00-04:00,2026-08-12T23:59:59-04:00
Atlantic Superstore,8065415,GREENHOUSE BEEFSTEAK TOMATOES,2.5,2026-08-06T00:00:00-04:00,2026-08-12T23:59:59-04:00
Atlantic Superstore,8065415,"NO NAME® NATURALLY IMPERFECT™ SWEET PEPPERS, 2.5 LB",6.0,2026-08-06T00:00:00-04:00,2026-08-12T23:59:59-04:00
Atlantic Superstore,8065415,"RAVINE CANNED MUSHROOMS, 284 ML",1.25,2026-08-06T00:00:00-04:00,2026-08-12T23:59:59-04:00
Atlantic Superstore,8065415,"A&W ROOT BEER™, 12 X 355 ML",17.0,2026-08-06T00:00:00-04:00,2026-08-12T23:59:59-04:00
Atlantic Superstore,8065415,"NO NAME® FLAKED OR CHUNK LIGHT TUNA, 85/170 G",1.25,2026-08-06T00:00:00-04:00,2026-08-12T23:59:59-04:00
Atlantic Superstore,8065415,"ATLANTIC CHOICE PORK SAUSAGES, 1 KG",13.0,2026-08-06T00:00:00-04:00,2026-08-12T23:59:59-04:00
Atlantic Superstore,8065415,"MILK-BONE SOFT & CHEWY DOG TREATS, 708 G",11.0,2026-08-06T00:00:00-04:00,2026-08-12T23:59:59-04:00
Atlantic Superstore,8065415,"NO NAME® SPICED HERBS OR SEASONINGS, 5.5-250 G",3.5,2026-08-06T00:00:00-04:00,2026-08-12T23:59:59-04:00
Atlantic Superstore,8065415,"SPRAGUE BEANS, 398 ML OR SOUP, 254 ML",2.25,2026-08-06T00:00:00-04:00,2026-08-12T23:59:59-04:00
Atlantic Superstore,8065415,"CHRISTIE PEEK FREANS COOKIES, 300-350 G OR CADBURY FINGERS, 114/125 G",9.5,2026-08-06T00:00:00-04:00,2026-08-12T23:59:59-04:00
Atlantic Superstore,8065415,"PC® CRANBERRY COCKTAIL, 2.84 L",5.5,2026-08-06T00:00:00-04:00,2026-08-12T23:59:59-04:00
Atlantic Superstore,8065415,"RIO MARE INSALATISSIME TUNA SALADS OR GOLD SEAL WILD SALMON BOWLS, 160 G",4.5,2026-08-06T00:00:00-04:00,2026-08-12T23:59:59-04:00
Atlantic Superstore,8065415,"NO NAME® SMOKIES, 900 G",9.0,2026-08-06T00:00:00-04:00,2026-08-12T23:59:59-04:00
Atlantic Superstore,8065415,"ZIGGY'S SLICED DELI MEATS, 600 G",12.0,2026-08-06T00:00:00-04:00,2026-08-12T23:59:59-04:00
Atlantic Superstore,8065415,"BOLTHOUSE FARMS SMOOTHIES OR JUICE, 946 ML",3.5,2026-08-06T00:00:00-04:00,2026-08-12T23:59:59-04:00
Atlantic Superstore,8065415,"ALWAYS, DEPENDS OR POISE PADS OR UNDERWEAR",19.0,2026-08-06T00:00:00-04:00,2026-08-12T23:59:59-04:00
Atlantic Superstore,8065415,"HUGGIES SIMPLY CLEAN FRAGRANCE FREE 16X BABY WIPES, 1152'S",24.0,2026-08-06T00:00:00-04:00,2026-08-12T23:59:59-04:00
Atlantic Superstore,8065415,MARC ANTHONY OR CAKE HAIR CARE,9.0,2026-08-06T00:00:00-04:00,2026-08-12T23:59:59-04:00
Atlantic Superstore,8065415,"BECEL MARGARINE, 637/900 G",7.0,2026-08-06T00:00:00-04:00,2026-08-12T23:59:59-04:00
Atlantic Superstore,8065415,"TRE STELLE MOZZARELLA BALL, 340 G",8.0,2026-08-06T00:00:00-04:00,2026-08-12T23:59:59-04:00
Atlantic Superstore,8065415,LIFE BRAND® 70% RUBBING ALCOHOL OR HYDROGEN PEROXIDE,3.0,2026-08-06T00:00:00-04:00,2026-08-12T23:59:59-04:00
Atlantic Superstore,8065415,"PC® KIMCHI, 400 G",5.49,2026-08-06T00:00:00-04:00,2026-08-12T23:59:59-04:00
Atlantic Superstore,8065415,"IN-STORE MADE ORIGINAL OR MARRY ME CHICKEN SALAD, 400 G",8.0,2026-08-06T00:00:00-04:00,2026-08-12T23:59:59-04:00
Atlantic Superstore,8065415,"INTERMEDIATE ROSES, 9 STEM",10.0,2026-08-06T00:00:00-04:00,2026-08-12T23:59:59-04:00
Atlantic Superstore,8065415,"PUREX LAUNDRY DETERGENT, 1.75-1.94 L",7.0,2026-08-06T00:00:00-04:00,2026-08-12T23:59:59-04:00
Atlantic Superstore,8065415,"KITCHENS OF INDIA JUST READY TO EAT MEALS, 200-350 ML",4.49,2026-08-06T00:00:00-04:00,2026-08-12T23:59:59-04:00
Atlantic Superstore,8065415,"HALDIRAM'S SNACKS, 150 G",6.0,2026-08-06T00:00:00-04:00,2026-08-12T23:59:59-04:00
Atlantic Superstore,8065415,VACHON SNACK CAKES,2.85,2026-08-06T00:00:00-04:00,2026-08-12T23:59:59-04:00
Atlantic Superstore,8065415,"GOODNITES OR PAMPERS NINJAMAS NIGHTTIME UNDERWEAR, SIZES XS-XXL, 24-44'S",27.0,2026-08-06T00:00:00-04:00,2026-08-12T23:59:59-04:00
Atlantic Superstore,8065415,"LIFE BRAND MOUTHWASH, 1 L OR KIDS MANUAL TOOTHBRUSH, 4'S",4.0,2026-08-06T00:00:00-04:00,2026-08-12T23:59:59-04:00
Atlantic Superstore,8065415,"PANEER HAPPY DAIRY, 300 G",4.5,2026-08-06T00:00:00-04:00,2026-08-12T23:59:59-04:00
Atlantic Superstore,8065415,"MINI CROISSANTS, 10'S OR CINNAMON RAISIN BREAD, 468 G",4.0,2026-08-06T00:00:00-04:00,2026-08-12T23:59:59-04:00
Atlantic Superstore,8065415,"ENFAMIL A+ INFANT FORMULA POWDER REFILL, 992 G",61.0,2026-08-06T00:00:00-04:00,2026-08-12T23:59:59-04:00
Atlantic Superstore,8065415,"FARMER'S MARKET™ MUFFINS, 4'S",4.0,2026-08-06T00:00:00-04:00,2026-08-12T23:59:59-04:00
Atlantic Superstore,8065415,GREENHOUSE BEEFSTEAK TOMATOES,2.5,2026-08-06T00:00:00-04:00,2026-08-12T23:59:59-04:00
Atlantic Superstore,8065415,"KIKKOMAN SOY SAUCE, 1 L",6.99,2026-08-06T00:00:00-04:00,2026-08-12T23:59:59-04:00
Atlantic Superstore,8065415,EGGPLANT,3.0,2026-08-06T00:00:00-04:00,2026-08-12T23:59:59-04:00
Atlantic Superstore,8065415,"GREEN GIANT VALLEY SELECTIONS OR FROZEN VEGETABLES, 400-750 G",4.0,2026-08-06T00:00:00-04:00,2026-08-12T23:59:59-04:00
Atlantic Superstore,8065415,"FARMER'S MARKET™ PIES, 580 G-1 KG",8.0,2026-08-06T00:00:00-04:00,2026-08-12T23:59:59-04:00
Atlantic Superstore,8065415,LIFE BRAND® SUN CARE PRODUCTS,9.0,2026-08-06T00:00:00-04:00,2026-08-12T23:59:59-04:00
Atlantic Superstore,8065415,"Q-TIPS COTTON SWABS, 1400'S",11.0,2026-08-06T00:00:00-04:00,2026-08-12T23:59:59-04:00
Atlantic Superstore,8065415,"NO NAME® PEANUT BUTTER, 1KG OR JAM OR MARMALADE, 500 ML",5.5,2026-08-06T00:00:00-04:00,2026-08-12T23:59:59-04:00
Atlantic Superstore,8065415,"LEANFIT ORGANIC GRASS FED WHEY OR PLANT-BASED PROTEIN, 715-858 G",33.0,2026-08-06T00:00:00-04:00,2026-08-12T23:59:59-04:00
Atlantic Superstore,8065415,NEW ZEALAND LAMB SHANK,10.0,2026-08-06T00:00:00-04:00,2026-08-12T23:59:59-04:00
Atlantic Superstore,8065415,"GENERAL MILLS FAMILY SIZE CEREAL, 475-778 G",6.0,2026-08-06T00:00:00-04:00,2026-08-12T23:59:59-04:00
Atlantic Superstore,8065415,"PEPCID TABLETS, 50/60'S OR IMODIUM, 20/24'S TABLETS, CAPLETS OR LIQUID -GELS",23.0,2026-08-06T00:00:00-04:00,2026-08-12T23:59:59-04:00
Atlantic Superstore,8065415,"PC® GOAT CHEESE, 140 G",6.0,2026-08-06T00:00:00-04:00,2026-08-12T23:59:59-04:00
Atlantic Superstore,8065415,"CREST TOOTHPASTE 63-200, ML, SCOPE CLASSIC, 500 ML MOUTHWASH, ORAL-B MANUAL TOOTHBRUSH, 1 EA, OR FLOSS PICKS, 75'S",5.25,2026-08-06T00:00:00-04:00,2026-08-12T23:59:59-04:00
Atlantic Superstore,8065415,"GRACE SARDINES OR MACKEREL IN TOMATO SAUCE, 155 G",1.0,2026-08-06T00:00:00-04:00,2026-08-12T23:59:59-04:00
Atlantic Superstore,8065415,CHRIS BROTHERS BRISKET,7.99,2026-08-06T00:00:00-04:00,2026-08-12T23:59:59-04:00
Atlantic Superstore,8065415,"CRISPY ROTI WRAPS, 750 G",3.5,2026-08-06T00:00:00-04:00,2026-08-12T23:59:59-04:00
Atlantic Superstore,8065415,"NONG SHIM SHRIMP CRACKERS OR CHIPS, 200/400 G",5.0,2026-08-06T00:00:00-04:00,2026-08-12T23:59:59-04:00
Atlantic Superstore,8065415,"LIBERTÉ KEFIR, 1 L",5.0,2026-08-06T00:00:00-04:00,2026-08-12T23:59:59-04:00
Atlantic Superstore,8065415,"IAMS DOG DRY FOOD, 6,12, & 4 KG",32.0,2026-08-06T00:00:00-04:00,2026-08-12T23:59:59-04:00
Atlantic Superstore,8065415,"NO NAME® BROTH, 900 ML",5.0,2026-08-06T00:00:00-04:00,2026-08-12T23:59:59-04:00
Atlantic Superstore,8065415,"CHARMIN BATH TISSUE, 12=48 rolls",18.0,2026-08-06T00:00:00-04:00,2026-08-12T23:59:59-04:00
Atlantic Superstore,8065415,"SWISS CHALET OR MONTANA'S PORK BACK RIBS, 600/650 G",13.0,2026-08-06T00:00:00-04:00,2026-08-12T23:59:59-04:00
Atlantic Superstore,8065415,"NO NAME® NATURALLY IMPERFECT™ POTATOES, 15 LB",8.0,2026-08-06T00:00:00-04:00,2026-08-12T23:59:59-04:00
Atlantic Superstore,8065415,"STIC WRAP, 60 M OR REYNOLDS PARCHMENT PAPER, 35 FT",5.0,2026-08-06T00:00:00-04:00,2026-08-12T23:59:59-04:00
Atlantic Superstore,8065415,"NO NAME® NAPKINS, 500'S",6.0,2026-08-06T00:00:00-04:00,2026-08-12T23:59:59-04:00
Atlantic Superstore,8065415,"NO NAME® NATURAL CHEESE SLICES, 210/230 G",10.0,2026-08-06T00:00:00-04:00,2026-08-12T23:59:59-04:00
Atlantic Superstore,8065415,PORK SIRLOIN CHOPS BONELESS,6.0,2026-08-06T00:00:00-04:00,2026-08-12T23:59:59-04:00
Atlantic Superstore,8065415,"NO NAME® BAGELS, 6'S",2.5,2026-08-06T00:00:00-04:00,2026-08-12T23:59:59-04:00
Atlantic Superstore,8065415,"HAMBURGER OR HOT DOG BUNS, 344/360 G",2.5,2026-08-06T00:00:00-04:00,2026-08-12T23:59:59-04:00
Atlantic Superstore,8065415,"PC LIVE LETTUCE GREEN, RED OR TRIO, 1'S",3.0,2026-08-06T00:00:00-04:00,2026-08-12T23:59:59-04:00
Atlantic Superstore,8065415,"CESAR WET, 24'S",33.0,2026-08-06T00:00:00-04:00,2026-08-12T23:59:59-04:00
Atlantic Superstore,8065415,"BENEFUL DOG FOOD, 7 KG",25.0,2026-08-06T00:00:00-04:00,2026-08-12T23:59:59-04:00
Atlantic Superstore,8065415,CARIBBEAN SWEET POTATOES,2.25,2026-08-06T00:00:00-04:00,2026-08-12T23:59:59-04:00
Atlantic Superstore,8065415,"THE LAUGHING COW, 8'S",5.0,2026-08-06T00:00:00-04:00,2026-08-12T23:59:59-04:00
Atlantic Superstore,8065415,"SEEDLESS WATERMELONS, 11 LB",7.0,2026-08-06T00:00:00-04:00,2026-08-12T23:59:59-04:00
Atlantic Superstore,8065415,"CHRISTIE WHEAT THINS, 175/180 G, GOOD THINS RICE CRACKERS, 100G OR TRISCUIT CRACKERS, 185/200 G",1.88,2026-08-06T00:00:00-04:00,2026-08-12T23:59:59-04:00
Atlantic Superstore,8065415,"SODASTREAM DRINK MIXES, 440 ML",6.0,2026-08-06T00:00:00-04:00,2026-08-12T23:59:59-04:00
Atlantic Superstore,8065415,"OLIVIERI FAMILY PACK PASTA, 500-700 G",11.0,2026-08-06T00:00:00-04:00,2026-08-12T23:59:59-04:00
Atlantic Superstore,8065415,"FRIED TORTILLA CHIPS, 440 G",8.0,2026-08-06T00:00:00-04:00,2026-08-12T23:59:59-04:00
Atlantic Superstore,8065415,KRAFT REAL MAYONNAISE 650-890 ML OR HEINZ PICNIC PACK 1.125 ML,5.0,2026-08-06T00:00:00-04:00,2026-08-12T23:59:59-04:00
Atlantic Superstore,8065415,LONG EGGPLANT,3.0,2026-08-06T00:00:00-04:00,2026-08-12T23:59:59-04:00
Atlantic Superstore,8065415,K-POP DEMON HUNTER STATIONERY,3.5,2026-08-06T00:00:00-04:00,2026-08-12T23:59:59-04:00
Atlantic Superstore,8065415,BROCCOLI CROWNS,2.5,2026-08-06T00:00:00-04:00,2026-08-12T23:59:59-04:00
Atlantic Superstore,8065415,CABBAGE,1.0,2026-08-06T00:00:00-04:00,2026-08-12T23:59:59-04:00
Atlantic Superstore,8065415,"GLAD OUTDOOR BAGS, 10-40'S",11.0,2026-08-06T00:00:00-04:00,2026-08-12T23:59:59-04:00
Atlantic Superstore,8065415,"NO NAME® BUFFALO HOT SAUCE, 350 ML",4.0,2026-08-06T00:00:00-04:00,2026-08-12T23:59:59-04:00
Atlantic Superstore,8065415,"NO NAME® CAT LITTER, 18 KG",12.0,2026-08-06T00:00:00-04:00,2026-08-12T23:59:59-04:00
Atlantic Superstore,8065415,"PC ORGANICS FROZEN FRUIT, 1.5 KG",19.0,2026-08-06T00:00:00-04:00,2026-08-12T23:59:59-04:00
Atlantic Superstore,8065415,"NO NAME® APPLE SAUCE, 620 ML",2.0,2026-08-06T00:00:00-04:00,2026-08-12T23:59:59-04:00
Atlantic Superstore,8065415,"TIDE DETERGENT, 39/48 LD, GAIN DETERGENT, 61 LD, IVORY SNOW DETERGENT, 32 LD, PODS FLINGS, 18/23/31'S, LIQUID SOFTENER, 63/120 LD, SHEETS, 120/200'S, BEADS, 303/368/379 G, DOWNY RINSE, 54 LD",10.0,2026-08-06T00:00:00-04:00,2026-08-12T23:59:59-04:00
Atlantic Superstore,8065415,"NO NAME® ALMONDS, PECANS, WALNUTS, HAZELNUTS, CASHEWS, 100 G OR COCONUT, 400 G",4.0,2026-08-06T00:00:00-04:00,2026-08-12T23:59:59-04:00
Atlantic Superstore,8065415,"FRITO-LAY VALUE SIZE CHIPS, 325-535 G",5.99,2026-08-06T00:00:00-04:00,2026-08-12T23:59:59-04:00
Atlantic Superstore,8065415,"BAXTERS QUINN'S SWISS ROLLS, 402 G",6.0,2026-08-06T00:00:00-04:00,2026-08-12T23:59:59-04:00
Atlantic Superstore,8065415,"NO NAME® POTATOES OR VEGETABLES, 341-540 ML",5.0,2026-08-06T00:00:00-04:00,2026-08-12T23:59:59-04:00
Atlantic Superstore,8065415,"NO NAME® OLIVE OIL, 750 ML",8.0,2026-08-06T00:00:00-04:00,2026-08-12T23:59:59-04:00
Atlantic Superstore,8065415,"XEROX VITALITY MULTIPURPOSE PRINTER PAPER 8.5""X11"", 500 SHEETS",8.0,2026-08-06T00:00:00-04:00,2026-08-12T23:59:59-04:00
Atlantic Superstore,8065415,BABY OR SHANGHAI BOK CHOY,2.88,2026-08-06T00:00:00-04:00,2026-08-12T23:59:59-04:00
Atlantic Superstore,8065415,"ROOSTER® INSTANT RICE NOODLES, 250-400 G",1.5,2026-08-06T00:00:00-04:00,2026-08-12T23:59:59-04:00
Atlantic Superstore,8065415,JOHN FRIEDA HAIR CARE,9.0,2026-08-06T00:00:00-04:00,2026-08-12T23:59:59-04:00
Atlantic Superstore,8065415,"GILLETTE MACH 3 OR VENUS DISPOSABLE RAZORS, 1-8'S",9.0,2026-08-06T00:00:00-04:00,2026-08-12T23:59:59-04:00
Atlantic Superstore,8065415,GREEN SWEET PEPPERS,3.0,2026-08-06T00:00:00-04:00,2026-08-12T23:59:59-04:00
Atlantic Superstore,8065415,"FARMER'S MARKET™ PEACHES, 3 L OR NECTARINES, 2 L",8.0,2026-08-06T00:00:00-04:00,2026-08-12T23:59:59-04:00
Atlantic Superstore,8065415,"HUMPTY DUMPTY SNACKS, 250/300 G, OLD DUTCH POTATO CHIPS, 200/235 G OR RESTAURANTE TORTILLA CHIPS, 275/290 G",7.0,2026-08-06T00:00:00-04:00,2026-08-12T23:59:59-04:00
Atlantic Superstore,8065415,PC 5 L STAINLESS STEEL PEDAL WASTE BINS,10.0,2026-08-06T00:00:00-04:00,2026-08-12T23:59:59-04:00
Atlantic Superstore,8065415,PC® EXTRA LARGE GREEN OR RED SEEDLESS GRAPES,4.5,2026-08-06T00:00:00-04:00,2026-08-12T23:59:59-04:00
Atlantic Superstore,8065415,PC® PREMIUM GIFT BOUQUET,34.0,2026-08-06T00:00:00-04:00,2026-08-12T23:59:59-04:00
Atlantic Superstore,8065415,PC® SPLIT CHICKEN WINGS UP TO 810 G,14.0,2026-08-06T00:00:00-04:00,2026-08-12T23:59:59-04:00
