merchant,flyer_id,name,price,valid_from,valid_to
Sobeys,8034516,Party Mix,4.49,2026-07-23T00:00:00-04:00,2026-07-29T22:59:59-04:00
Sobeys,8034516,"Maritime Brown, Potato or Newfoundland Style Bread",3.99,2026-07-23T00:00:00-04:00,2026-07-29T22:59:59-04:00
Sobeys,8034516,COMPLIMENTS Peanut Butter,7.0,2026-07-23T00:00:00-04:00,2026-07-29T22:59:59-04:00
Sobeys,8034516,"Breaded Chicken Strips, Burgers or Popcorn",8.99,2026-07-23T00:00:00-04:00,2026-07-29T22:59:59-04:00
Sobeys,8034516,"Cooked Mussels, Clam Meat or Seafood Medley",4.99,2026-07-23T00:00:00-04:00,2026-07-29T22:59:59-04:00
Sobeys,8034516,BOB'S Bacon 375 g,2.99,2026-07-23T00:00:00-04:00,2026-07-29T22:59:59-04:00
Sobeys,8034516,DANONE Activia Yogurt 12 pk or Activia Expert 750 g or Oikos Greek Yogurt 650-750 g,6.49,2026-07-23T00:00:00-04:00,2026-07-29T22:59:59-04:00
Sobeys,8034516,GENERAL MILLS 300-437 g or KELLOGG'S Premium or Core Cereal 210-525 g,3.99,2026-07-23T00:00:00-04:00,2026-07-29T22:59:59-04:00
Sobeys,8034516,Gluten-Free Breaded Premium Fish Fillets,12.99,2026-07-23T00:00:00-04:00,2026-07-29T22:59:59-04:00
Sobeys,8034516,Dipps or Chewy Bars Club Pack,12.99,2026-07-23T00:00:00-04:00,2026-07-29T22:59:59-04:00
Sobeys,8034516,Tomatoes,1.99,2026-07-23T00:00:00-04:00,2026-07-29T22:59:59-04:00
Sobeys,8034516,COMPLIMENTS Sandwich Bags 100 pk or Freezer Bags 15-20 pk,2.5,2026-07-23T00:00:00-04:00,2026-07-29T22:59:59-04:00
Sobeys,8034516,Fresh Atlantic Salmon Fillets,11.99,2026-07-23T00:00:00-04:00,2026-07-29T22:59:59-04:00
Sobeys,8034516,COMPLIMENTS Rice Crackers,1.5,2026-07-23T00:00:00-04:00,2026-07-29T22:59:59-04:00
Sobeys,8034516,Cookies,11.0,2026-07-23T00:00:00-04:00,2026-07-29T22:59:59-04:00
Sobeys,8034516,Wieners,3.99,2026-07-23T00:00:00-04:00,2026-07-29T22:59:59-04:00
Sobeys,8034516,COMPLIMENTS Flour,4.99,2026-07-23T00:00:00-04:00,2026-07-29T22:59:59-04:00
Sobeys,8034516,GoActive or Organic Cereal,7.49,2026-07-23T00:00:00-04:00,2026-07-29T22:59:59-04:00
Sobeys,8034516,COMPLIMENTS Breakfast Bites,6.49,2026-07-23T00:00:00-04:00,2026-07-29T22:59:59-04:00
Sobeys,8034516,LEE KUM KEE Gluten Free Soy Sauce,5.29,2026-07-23T00:00:00-04:00,2026-07-29T22:59:59-04:00
Sobeys,8034516,KELLOGG'S Cheez-It Crackers,5.5,2026-07-23T00:00:00-04:00,2026-07-29T22:59:59-04:00
Sobeys,8034516,COMPLIMENTS Salsa 650 mL or OLD EL PASO Dinner Kits 250-510 g or Flavoured Shells 153 g,4.99,2026-07-23T00:00:00-04:00,2026-07-29T22:59:59-04:00
Sobeys,8034516,COMPLIMENTS Mega Mix Candy,8.99,2026-07-23T00:00:00-04:00,2026-07-29T22:59:59-04:00
Sobeys,8034516,COMPLIMENTS Apple Juice,5.99,2026-07-23T00:00:00-04:00,2026-07-29T22:59:59-04:00
Sobeys,8034516,COMPLIMENTS Graham or Baking Chocolate Crumbs,3.99,2026-07-23T00:00:00-04:00,2026-07-29T22:59:59-04:00
Sobeys,8034516,NANDO'S Wing Sauces,5.99,2026-07-23T00:00:00-04:00,2026-07-29T22:59:59-04:00
Sobeys,8034516,"Vitamin Drink Mix, Gummies or Crystals",15.99,2026-07-23T00:00:00-04:00,2026-07-29T22:59:59-04:00
Sobeys,8034516,Bar,5.99,2026-07-23T00:00:00-04:00,2026-07-29T22:59:59-04:00
Sobeys,8034516,"MAPLE LEAF Flakes of Ham, Turkey or Chicken",3.59,2026-07-23T00:00:00-04:00,2026-07-29T22:59:59-04:00
Sobeys,8034516,NATURE'S BAKERY Fig Bars,6.99,2026-07-23T00:00:00-04:00,2026-07-29T22:59:59-04:00
Sobeys,8034516,KÜHNE Sauerkraut,4.79,2026-07-23T00:00:00-04:00,2026-07-29T22:59:59-04:00
Sobeys,8034516,COMPLIMENTS Sour Cream,3.99,2026-07-23T00:00:00-04:00,2026-07-29T22:59:59-04:00
Sobeys,8034516,Coffee K-Cup Pods,26.99,2026-07-23T00:00:00-04:00,2026-07-29T22:59:59-04:00
Sobeys,8034516,COMPLIMENTS English Muffins,2.0,2026-07-23T00:00:00-04:00,2026-07-29T22:59:59-04:00
Sobeys,8034516,Peanut Satay Sauce,4.49,2026-07-23T00:00:00-04:00,2026-07-29T22:59:59-04:00
Sobeys,8034516,MAZOLA Oil,8.49,2026-07-23T00:00:00-04:00,2026-07-29T22:59:59-04:00
Sobeys,8034516,MUTTI Passata,5.49,2026-07-23T00:00:00-04:00,2026-07-29T22:59:59-04:00
Sobeys,8034516,KELLOGG'S Family Cereal,5.99,2026-07-23T00:00:00-04:00,2026-07-29T22:59:59-04:00
Sobeys,8034516,Naan or Naan Bites,5.99,2026-07-23T00:00:00-04:00,2026-07-29T22:59:59-04:00
Sobeys,8034516,Soft Drinks,3.88,2026-07-23T00:00:00-04:00,2026-07-29T22:59:59-04:00
Sobeys,8034516,Fresh Boneless Inside Round Oven Roast or Family Size Marinating Steak,7.99,2026-07-23T00:00:00-04:00,2026-07-29T22:59:59-04:00
Sobeys,8034516,COMPLIMENTS Chocolate Chips,14.99,2026-07-23T00:00:00-04:00,2026-07-29T22:59:59-04:00
Sobeys,8034516,Feline Treats,6.99,2026-07-23T00:00:00-04:00,2026-07-29T22:59:59-04:00
Sobeys,8034516,Lactose Free Milk,5.99,2026-07-23T00:00:00-04:00,2026-07-29T22:59:59-04:00
Sobeys,8034516,Condensed Soup,1.79,2026-07-23T00:00:00-04:00,2026-07-29T22:59:59-04:00
Sobeys,8034516,Regular,7.99,2026-07-23T00:00:00-04:00,2026-07-29T22:59:59-04:00
Sobeys,8034516,POST Cereal,4.49,2026-07-23T00:00:00-04:00,2026-07-29T22:59:59-04:00
Sobeys,8034516,COMPLIMENTS Raw Shrimp or Bay Scallops,6.99,2026-07-23T00:00:00-04:00,2026-07-29T22:59:59-04:00
Sobeys,8034516,COMPLIMENTS Halloumi-Style Cheese,6.0,2026-07-23T00:00:00-04:00,2026-07-29T22:59:59-04:00
Sobeys,8034516,"Whole Head-On, Shell-On Raw Shrimp",6.88,2026-07-23T00:00:00-04:00,2026-07-29T22:59:59-04:00
Sobeys,8034516,In-Store Marinated Fresh Atlantic Salmon Fillets,12.99,2026-07-23T00:00:00-04:00,2026-07-29T22:59:59-04:00
Sobeys,8034516,Filled Donut Bites,5.99,2026-07-23T00:00:00-04:00,2026-07-29T22:59:59-04:00
Sobeys,8034516,Pizza Snack Rolls,4.49,2026-07-23T00:00:00-04:00,2026-07-29T22:59:59-04:00
Sobeys,8034516,Lamb Tonight,12.99,2026-07-23T00:00:00-04:00,2026-07-29T22:59:59-04:00
Sobeys,8034516,Organic Milk,6.99,2026-07-23T00:00:00-04:00,2026-07-29T22:59:59-04:00
Sobeys,8034516,COMPLIMENTS Bologna,7.99,2026-07-23T00:00:00-04:00,2026-07-29T22:59:59-04:00
Sobeys,8034516,Superfries,2.77,2026-07-23T00:00:00-04:00,2026-07-29T22:59:59-04:00
Sobeys,8034516,Holsum White or Whole Wheat Bread,2.47,2026-07-23T00:00:00-04:00,2026-07-29T22:59:59-04:00
Sobeys,8034516,"Family Size Cookies selected 303-520 g, Oreo Cakesters 285 g, Ritz Minis 226-280 g or Premium Plus Crackers 402-481 g",3.99,2026-07-23T00:00:00-04:00,2026-07-29T22:59:59-04:00
Sobeys,8034516,THE LITTLE POTATO CO.,6.99,2026-07-23T00:00:00-04:00,2026-07-29T22:59:59-04:00
Sobeys,8034516,Dish Soap,2.99,2026-07-23T00:00:00-04:00,2026-07-29T22:59:59-04:00
Sobeys,8034516,Soda,8.99,2026-07-23T00:00:00-04:00,2026-07-29T22:59:59-04:00
Sobeys,8034516,COMPLIMENTS Fresh AIR-CHILLED Boneless Skinless Chicken Breasts,5.99,2026-07-23T00:00:00-04:00,2026-07-29T22:59:59-04:00
Sobeys,8034516,"PHILADELPHIA Cream Cheese 227-250 g selected, ARMSTRONG Cheese Slices 220-240 g or BECEL Original Margarine 400 g",3.99,2026-07-23T00:00:00-04:00,2026-07-29T22:59:59-04:00
Sobeys,8034516,Fresh Boneless Pork Loin Center and Rib Combo Chops,3.99,2026-07-23T00:00:00-04:00,2026-07-29T22:59:59-04:00
Sobeys,8034516,Thai Jasmine Rice,13.98,2026-07-23T00:00:00-04:00,2026-07-29T22:59:59-04:00
Sobeys,8034516,Super Premium Plus Ice Cream,2.99,2026-07-23T00:00:00-04:00,2026-07-29T22:59:59-04:00
Sobeys,8034516,Extra Large Green Seedless Grapes,2.99,2026-07-23T00:00:00-04:00,2026-07-29T22:59:59-04:00
Sobeys,8034516,Puddings or Gels,1.99,2026-07-23T00:00:00-04:00,2026-07-29T22:59:59-04:00
Sobeys,8034516,COMPLIMENTS Macaroni & Cheese,1.0,2026-07-23T00:00:00-04:00,2026-07-29T22:59:59-04:00
Sobeys,8034516,COMPLIMENTS Feta,11.0,2026-07-23T00:00:00-04:00,2026-07-29T22:59:59-04:00
Sobeys,8034516,Ivy in Ceramic with Honeycomb Trellis,14.0,2026-07-23T00:00:00-04:00,2026-07-29T22:59:59-04:00
Sobeys,8034516,Maya Mangoes,3.99,2026-07-23T00:00:00-04:00,2026-07-29T22:59:59-04:00
Sobeys,8034516,COMPLIMENTS Garden Salad,6.0,2026-07-23T00:00:00-04:00,2026-07-29T22:59:59-04:00
Sobeys,8034516,Avocados,4.99,2026-07-23T00:00:00-04:00,2026-07-29T22:59:59-04:00
Sobeys,8034516,Green or Wax Beans,3.99,2026-07-23T00:00:00-04:00,2026-07-29T22:59:59-04:00
Sobeys,8034516,Tree-Ripened Yellow or White Flesh Peaches or Nectarines,4.99,2026-07-23T00:00:00-04:00,2026-07-29T22:59:59-04:00
Sobeys,8034516,Blueberries,3.99,2026-07-23T00:00:00-04:00,2026-07-29T22:59:59-04:00
Sobeys,8034516,Dips,7.99,2026-07-23T00:00:00-04:00,2026-07-29T22:59:59-04:00
Sobeys,8034516,Brussels Sprouts,3.99,2026-07-23T00:00:00-04:00,2026-07-29T22:59:59-04:00
Sobeys,8034516,Plantain,1.99,2026-07-23T00:00:00-04:00,2026-07-29T22:59:59-04:00
Sobeys,8034516,FRESH ATTITUDE Caesar or Spring Mix Salad Kits,6.99,2026-07-23T00:00:00-04:00,2026-07-29T22:59:59-04:00
Sobeys,8034516,Vidalia or Red Onions,1.99,2026-07-23T00:00:00-04:00,2026-07-29T22:59:59-04:00
Sobeys,8034516,COMPLIMENTS Rainbow Peppers,4.99,2026-07-23T00:00:00-04:00,2026-07-29T22:59:59-04:00
Sobeys,8034516,Cherry Tomatoes on the Vine,6.99,2026-07-23T00:00:00-04:00,2026-07-29T22:59:59-04:00
Sobeys,8034516,Red Prince Apples,2.47,2026-07-23T00:00:00-04:00,2026-07-29T22:59:59-04:00
Sobeys,8034516,COMPLIMENTS ORGANIC Portabella Mushroom Caps,5.99,2026-07-23T00:00:00-04:00,2026-07-29T22:59:59-04:00
Sobeys,8034516,Fresh Choice Oysters,1.25,2026-07-23T00:00:00-04:00,2026-07-29T22:59:59-04:00
Sobeys,8034516,COMPLIMENTS Fresh AIR-CHILLED Split Chicken Wings Family Size,6.49,2026-07-23T00:00:00-04:00,2026-07-29T22:59:59-04:00
Sobeys,8034516,COMPLIMENTS Fresh AIR-CHILLED Boneless Skinless Chicken Thighs,7.99,2026-07-23T00:00:00-04:00,2026-07-29T22:59:59-04:00
Sobeys,8034516,"COMPLIMENTS NATURALLY SIMPLE Wild Pink Salmon, Cod or Haddock Loins",6.99,2026-07-23T00:00:00-04:00,2026-07-29T22:59:59-04:00
Sobeys,8034516,COMPLIMENTS Atlantic Salmon Burgers,11.99,2026-07-23T00:00:00-04:00,2026-07-29T22:59:59-04:00
Sobeys,8034516,From Atlantic Canada Fresh Mussels,2.69,2026-07-23T00:00:00-04:00,2026-07-29T22:59:59-04:00
Sobeys,8034516,COMPLIMENTS Breaded Fish Sticks or Fish in Tempura Batter,7.99,2026-07-23T00:00:00-04:00,2026-07-29T22:59:59-04:00
Sobeys,8034516,"COMPLIMENTS Smoked Atlantic Salmon, Steelhead or Gravlax",11.99,2026-07-23T00:00:00-04:00,2026-07-29T22:59:59-04:00
Sobeys,8034516,Pacific White Shrimp,19.0,2026-07-23T00:00:00-04:00,2026-07-29T22:59:59-04:00
Sobeys,8034516,COMPLIMENTS Fresh Pasta,9.99,2026-07-23T00:00:00-04:00,2026-07-29T22:59:59-04:00
Sobeys,8034516,Gouda or Swiss,6.99,2026-07-23T00:00:00-04:00,2026-07-29T22:59:59-04:00
Sobeys,8034516,Potato Chips,3.99,2026-07-23T00:00:00-04:00,2026-07-29T22:59:59-04:00
Sobeys,8034516,COMPLIMENTS Caesar or Wedge Salad Dips,5.49,2026-07-23T00:00:00-04:00,2026-07-29T22:59:59-04:00
Sobeys,8034516,Rolls,4.99,2026-07-23T00:00:00-04:00,2026-07-29T22:59:59-04:00
Sobeys,8034516,Artisan Style or Ciabatta Baguettes,2.99,2026-07-23T00:00:00-04:00,2026-07-29T22:59:59-04:00
Sobeys,8034516,BOMBOLONI BOSS Filled Donuts,9.99,2026-07-23T00:00:00-04:00,2026-07-29T22:59:59-04:00
Sobeys,8034516,Pumpernickel or Sourdough Boules,4.49,2026-07-23T00:00:00-04:00,2026-07-29T22:59:59-04:00
Sobeys,8034516,"Strudel Fingers, Turnovers or Mini Strudel",3.99,2026-07-23T00:00:00-04:00,2026-07-29T22:59:59-04:00
Sobeys,8034516,COMPLIMENTS 68% Vegetable Oil Margarine,4.99,2026-07-23T00:00:00-04:00,2026-07-29T22:59:59-04:00
Sobeys,8034516,De-Alcoholized Wines,7.99,2026-07-23T00:00:00-04:00,2026-07-29T22:59:59-04:00
Sobeys,8034516,Soft Drinks,1.0,2026-07-23T00:00:00-04:00,2026-07-29T22:59:59-04:00
Sobeys,8034516,Sparkling Water,3.0,2026-07-23T00:00:00-04:00,2026-07-29T22:59:59-04:00
Sobeys,8034516,LÄRABAR,8.99,2026-07-23T00:00:00-04:00,2026-07-29T22:59:59-04:00
Sobeys,8034516,COMPLIMENTS Deluxe Mixed Nuts or Cashews,23.99,2026-07-23T00:00:00-04:00,2026-07-29T22:59:59-04:00
Sobeys,8034516,Seasonings,10.49,2026-07-23T00:00:00-04:00,2026-07-29T22:59:59-04:00
Sobeys,8034516,COMPLIMENTS Sundae Topping,4.69,2026-07-23T00:00:00-04:00,2026-07-29T22:59:59-04:00
Sobeys,8034516,EAGLE BRAND Condensed Milk 300 mL or PUDGYBOY'S Donut Mixes 330 g,4.99,2026-07-23T00:00:00-04:00,2026-07-29T22:59:59-04:00
Sobeys,8034516,Maple Syrup,9.99,2026-07-23T00:00:00-04:00,2026-07-29T22:59:59-04:00
Sobeys,8034516,COMPLIMENTS Apple Cider Vinegar or ALLEN'S White Vinegar,2.49,2026-07-23T00:00:00-04:00,2026-07-29T22:59:59-04:00
Sobeys,8034516,Shortening selected,4.49,2026-07-23T00:00:00-04:00,2026-07-29T22:59:59-04:00
Sobeys,8034516,"Shampoo, Conditioner or Stylers",7.99,2026-07-23T00:00:00-04:00,2026-07-29T22:59:59-04:00
Sobeys,8034516,FLEECY,13.49,2026-07-23T00:00:00-04:00,2026-07-29T22:59:59-04:00
Sobeys,8034516,NeuroPro Infant Formula Refills,68.99,2026-07-23T00:00:00-04:00,2026-07-29T22:59:59-04:00
Sobeys,8034516,REACTINE Allergy Relief 24-36 pk or BENADRYL Caplets 25mg 100 pk†,21.99,2026-07-23T00:00:00-04:00,2026-07-29T22:59:59-04:00
Sobeys,8034516,Dish Tabs,11.99,2026-07-23T00:00:00-04:00,2026-07-29T22:59:59-04:00
Sobeys,8034516,Dipped Dog Treats,5.49,2026-07-23T00:00:00-04:00,2026-07-29T22:59:59-04:00
Sobeys,8034516,KIKKOMAN Non-GMO Sesame Oil,5.99,2026-07-23T00:00:00-04:00,2026-07-29T22:59:59-04:00
Sobeys,8034516,GRACE 100% Pure Coconut Water,2.49,2026-07-23T00:00:00-04:00,2026-07-29T22:59:59-04:00
Sobeys,8034516,Plantain,1.99,2026-07-23T00:00:00-04:00,2026-07-29T22:59:59-04:00
Sobeys,8034516,GRACE Coconut Water with Pulp,1.99,2026-07-23T00:00:00-04:00,2026-07-29T22:59:59-04:00
Sobeys,8034516,ACE BAKERY Burger Buns,5.29,2026-07-23T00:00:00-04:00,2026-07-29T22:59:59-04:00
Sobeys,8034516,Gourmet Cheese Hot Dog or Burger Buns,5.0,2026-07-23T00:00:00-04:00,2026-07-29T22:59:59-04:00
Sobeys,8034516,Strawberry Shortcake Cookies,5.99,2026-07-23T00:00:00-04:00,2026-07-29T22:59:59-04:00
Sobeys,8034516,Frozen Yogurt,5.99,2026-07-23T00:00:00-04:00,2026-07-29T22:59:59-04:00
Sobeys,8034516,BLUME SuperBelly,11.99,2026-07-23T00:00:00-04:00,2026-07-29T22:59:59-04:00
Sobeys,8034516,Cookies,4.99,2026-07-23T00:00:00-04:00,2026-07-29T22:59:59-04:00
Sobeys,8034516,Iced Tea,3.99,2026-07-23T00:00:00-04:00,2026-07-29T22:59:59-04:00
Sobeys,8034516,Sodas,1.49,2026-07-23T00:00:00-04:00,2026-07-29T22:59:59-04:00
Sobeys,8034516,Kombucha,6.99,2026-07-23T00:00:00-04:00,2026-07-29T22:59:59-04:00
Sobeys,8034516,Fresh Beef Oxtail,15.49,2026-07-23T00:00:00-04:00,2026-07-29T22:59:59-04:00
Sobeys,8034516,Rice Pudding,3.99,2026-07-23T00:00:00-04:00,2026-07-29T22:59:59-04:00
Sobeys,8034516,EARTH'S OWN Oat Creamers or Barista,10.0,2026-07-23T00:00:00-04:00,2026-07-29T22:59:59-04:00
Sobeys,8034516,Electrolytes,16.99,2026-07-23T00:00:00-04:00,2026-07-29T22:59:59-04:00
Sobeys,8034516,"Breton, Vinta or Simple Goodness Crackers",7.0,2026-07-23T00:00:00-04:00,2026-07-29T22:59:59-04:00
Sobeys,8034516,Small Bar Cake Strawberry Topped,7.99,2026-07-23T00:00:00-04:00,2026-07-29T22:59:59-04:00
Sobeys,8034516,Icelandic style skyr yogurt,4.99,2026-07-23T00:00:00-04:00,2026-07-29T22:59:59-04:00
Sobeys,8034516,Drumstick Frozen Dessert,5.49,2026-07-23T00:00:00-04:00,2026-07-29T22:59:59-04:00
Sobeys,8034516,Whitening or Pronamel Toothpaste,5.99,2026-07-23T00:00:00-04:00,2026-07-29T22:59:59-04:00
Sobeys,8034516,Broths,5.29,2026-07-23T00:00:00-04:00,2026-07-29T22:59:59-04:00
Sobeys,8034516,Yellowfin Chunk Light Tuna,2.99,2026-07-23T00:00:00-04:00,2026-07-29T22:59:59-04:00
Sobeys,8034516,COMPLIMENTS Family Size Granola Bars,7.99,2026-07-23T00:00:00-04:00,2026-07-29T22:59:59-04:00
Sobeys,8034516,Wild Argentinian Raw Shrimp,9.99,2026-07-23T00:00:00-04:00,2026-07-29T22:59:59-04:00
Sobeys,8034516,Cool Whip Aerosol Whipped Cream Topping,4.49,2026-07-23T00:00:00-04:00,2026-07-29T22:59:59-04:00
Sobeys,8034516,Cranberry Cocktail,3.99,2026-07-23T00:00:00-04:00,2026-07-29T22:59:59-04:00
Sobeys,8034516,Dahlia Bouquet,19.99,2026-07-23T00:00:00-04:00,2026-07-29T22:59:59-04:00
Sobeys,8034516,COMPLIMENTS Smoked Pork Sausages 375 g or MARCANGELO Mini Chicken Skewers 150 g,4.99,2026-07-23T00:00:00-04:00,2026-07-29T22:59:59-04:00
Sobeys,8034516,Body Wash or Deodorant,5.99,2026-07-23T00:00:00-04:00,2026-07-29T22:59:59-04:00
Sobeys,8034516,Cold Brew Coffee,7.99,2026-07-23T00:00:00-04:00,2026-07-29T22:59:59-04:00
Sobeys,8034516,Seasoned Lamb Chops,13.99,2026-07-23T00:00:00-04:00,2026-07-29T22:59:59-04:00
Sobeys,8034516,Dry Dog Food,23.49,2026-07-23T00:00:00-04:00,2026-07-29T22:59:59-04:00
Sobeys,8034516,Ultra Soft Tissues,10.99,2026-07-23T00:00:00-04:00,2026-07-29T22:59:59-04:00
Sobeys,8034516,Pot Pies,1.99,2026-07-23T00:00:00-04:00,2026-07-29T22:59:59-04:00
Sobeys,8034516,Kitchen or Waste Bags with Febreze,11.99,2026-07-23T00:00:00-04:00,2026-07-29T22:59:59-04:00
Sobeys,8034516,Yop Drinkable Yogurt,5.0,2026-07-23T00:00:00-04:00,2026-07-29T22:59:59-04:00
Sobeys,8034516,"Dips, Hummus, Queso or Salsa",3.99,2026-07-23T00:00:00-04:00,2026-07-29T22:59:59-04:00
Sobeys,8034516,"COMPLIMENTS Tomato, Chicken Noodle, Cream of Mushroom or Vegetable Soup",1.39,2026-07-23T00:00:00-04:00,2026-07-29T22:59:59-04:00
Sobeys,8034516,Cheese Spreads,3.99,2026-07-23T00:00:00-04:00,2026-07-29T22:59:59-04:00
Sobeys,8034516,Creamers or Non-Dairy Creamers,7.99,2026-07-23T00:00:00-04:00,2026-07-29T22:59:59-04:00
Sobeys,8034516,MCCAIN Hashbrown Patties,6.49,2026-07-23T00:00:00-04:00,2026-07-29T22:59:59-04:00
Sobeys,8034516,Coffee,12.99,2026-07-23T00:00:00-04:00,2026-07-29T22:59:59-04:00
Sobeys,8034516,COMPLIMENTS Crab Flavoured Seafood,4.99,2026-07-23T00:00:00-04:00,2026-07-29T22:59:59-04:00
Sobeys,8034516,Dressings,5.99,2026-07-23T00:00:00-04:00,2026-07-29T22:59:59-04:00
Sobeys,8034516,Gourmet Steamers or Frozen Dinners,4.49,2026-07-23T00:00:00-04:00,2026-07-29T22:59:59-04:00
Sobeys,8034516,Bathroom Tissue,6.99,2026-07-23T00:00:00-04:00,2026-07-29T22:59:59-04:00
Sobeys,8034516,COMPLIMENTS Cheese,4.99,2026-07-23T00:00:00-04:00,2026-07-29T22:59:59-04:00
Sobeys,8034516,Beachside Bouquet,24.99,2026-07-23T00:00:00-04:00,2026-07-29T22:59:59-04:00
Sobeys,8034516,Golden Kiwi,7.0,2026-07-23T00:00:00-04:00,2026-07-29T22:59:59-04:00
Sobeys,8034516,Sliced Italian Deli Meats,8.79,2026-07-23T00:00:00-04:00,2026-07-29T22:59:59-04:00
Sobeys,8034516,Chili Sauce For Chicken,5.49,2026-07-23T00:00:00-04:00,2026-07-29T22:59:59-04:00
Sobeys,8034516,Candy,3.29,2026-07-23T00:00:00-04:00,2026-07-29T22:59:59-04:00
Sobeys,8034516,Mackerel or Sardines in Sauce,1.29,2026-07-23T00:00:00-04:00,2026-07-29T22:59:59-04:00
Sobeys,8034516,COMPLIMENTS Salads,4.99,2026-07-23T00:00:00-04:00,2026-07-29T22:59:59-04:00
Sobeys,8034516,SMUCKER'S Pure Jam 250 mL selected or ADAMS Peanut Butter 500 g,4.99,2026-07-23T00:00:00-04:00,2026-07-29T22:59:59-04:00
Sobeys,8034516,Electrolytes,11.99,2026-07-23T00:00:00-04:00,2026-07-29T22:59:59-04:00
Sobeys,8034516,COMPLIMENTS Grain Bread,3.49,2026-07-23T00:00:00-04:00,2026-07-29T22:59:59-04:00
Sobeys,8034516,Zodiac Premium Tropica,7.99,2026-07-23T00:00:00-04:00,2026-07-29T22:59:59-04:00
Sobeys,8034516,Persimmons,8.99,2026-07-23T00:00:00-04:00,2026-07-29T22:59:59-04:00
Sobeys,8034516,Batteries,4.99,2026-07-23T00:00:00-04:00,2026-07-29T22:59:59-04:00
Sobeys,8034516,Organic Snacks,3.99,2026-07-23T00:00:00-04:00,2026-07-29T22:59:59-04:00
Sobeys,8034516,"Pads, Tampons or Liners",5.99,2026-07-23T00:00:00-04:00,2026-07-29T22:59:59-04:00
Sobeys,8034516,OLD SPICE or SECRET Deodorant,7.49,2026-07-23T00:00:00-04:00,2026-07-29T22:59:59-04:00
Sobeys,8034516,MILK-BONE Dog Treats or Brushing Chews,9.99,2026-07-23T00:00:00-04:00,2026-07-29T22:59:59-04:00
Sobeys,8034516,"COMPLIMENTS 10"" Tortillas",4.49,2026-07-23T00:00:00-04:00,2026-07-29T22:59:59-04:00
Sobeys,8034516,Q-TIPS Cotton Swabs,4.49,2026-07-23T00:00:00-04:00,2026-07-29T22:59:59-04:00
Sobeys,8034516,Sparkling Water,6.99,2026-07-23T00:00:00-04:00,2026-07-29T22:59:59-04:00
Sobeys,8034516,CLARK Gourmet Beans,2.59,2026-07-23T00:00:00-04:00,2026-07-29T22:59:59-04:00
Sobeys,8034516,COMPLIMENTS Wing Sauce,3.99,2026-07-23T00:00:00-04:00,2026-07-29T22:59:59-04:00
Sobeys,8034516,Prime Chicken Wings,16.99,2026-07-23T00:00:00-04:00,2026-07-29T22:59:59-04:00
Sobeys,8034516,COMPLIMENTS Perogies,2.99,2026-07-23T00:00:00-04:00,2026-07-29T22:59:59-04:00
Sobeys,8034516,MRS. DUNSTER'S Crescents,4.49,2026-07-23T00:00:00-04:00,2026-07-29T22:59:59-04:00
Sobeys,8034516,Single Layer Shortcakes,14.99,2026-07-23T00:00:00-04:00,2026-07-29T22:59:59-04:00
Sobeys,8034516,Parlour Frozen Dessert,4.99,2026-07-23T00:00:00-04:00,2026-07-29T22:59:59-04:00
Sobeys,8034516,Allergy Relief,21.99,2026-07-23T00:00:00-04:00,2026-07-29T22:59:59-04:00
Sobeys,8034516,Cheesecakes Strawberry or Fruit Topped,12.99,2026-07-23T00:00:00-04:00,2026-07-29T22:59:59-04:00
Sobeys,8034516,Fresh Pork Loin Back Ribs,6.99,2026-07-23T00:00:00-04:00,2026-07-29T22:59:59-04:00
Sobeys,8034516,Whole Tilapia,8.88,2026-07-23T00:00:00-04:00,2026-07-29T22:59:59-04:00
Sobeys,8034516,First of the Season,0.5,2026-07-23T00:00:00-04:00,2026-07-29T22:59:59-04:00
Sobeys,8034516,COMPLIMENTS Frozen Fruit,5.0,2026-07-23T00:00:00-04:00,2026-07-29T22:59:59-04:00
Sobeys,8034516,Cauliflower,2.99,2026-07-23T00:00:00-04:00,2026-07-29T22:59:59-04:00
Sobeys,8034516,"BEYOND MEAT Plant Based Chicken Tenders, Breakfast or Dinner Sausage, Burger 2 pk, Burger Simulated Meat Pack or Steak Tips",7.99,2026-07-23T00:00:00-04:00,2026-07-29T22:59:59-04:00
Sobeys,8034516,Baked Grahams or Snack Crackers,4.49,2026-07-23T00:00:00-04:00,2026-07-29T22:59:59-04:00
Sobeys,8034516,CHARMIN Bathroom Tissue 16=64 rolls or BOUNTY Paper Towels 6=18 rolls,24.99,2026-07-23T00:00:00-04:00,2026-07-29T22:59:59-04:00
Sobeys,8034516,ARM & HAMMER Laundry Detergent,7.99,2026-07-23T00:00:00-04:00,2026-07-29T22:59:59-04:00
Sobeys,8034516,BRANDT Hot Honey Ham,3.79,2026-07-23T00:00:00-04:00,2026-07-29T22:59:59-04:00
Sobeys,8034516,"COMPLIMENTS Canned Legumes 540 mL, Canned Tomatoes 796 mL, Stewed Tomatoes 540 mL or Broth 900 mL",4.0,2026-07-23T00:00:00-04:00,2026-07-29T22:59:59-04:00
Sobeys,8034516,Teriyaki Cooking Sauce,4.49,2026-07-23T00:00:00-04:00,2026-07-29T22:59:59-04:00
Sobeys,8034516,Confectionary Ice Cream,9.99,2026-07-23T00:00:00-04:00,2026-07-29T22:59:59-04:00
Sobeys,8034516,Paneer,3.79,2026-07-23T00:00:00-04:00,2026-07-29T22:59:59-04:00
Sobeys,8034516,Pads or Liners,15.0,2026-07-23T00:00:00-04:00,2026-07-29T22:59:59-04:00
Sobeys,8034516,Green Zucchini or Eggplant,1.99,2026-07-23T00:00:00-04:00,2026-07-29T22:59:59-04:00
Sobeys,8034516,GRACE Sweetened Condensed Milk,4.99,2026-07-23T00:00:00-04:00,2026-07-29T22:59:59-04:00
Sobeys,8034516,"CELLUCOR C4 Sport, Ripped or BCAA",26.99,2026-07-23T00:00:00-04:00,2026-07-29T22:59:59-04:00
Sobeys,8034516,GEROLSTEINER Carbonated Natural Mineral Water,6.0,2026-07-23T00:00:00-04:00,2026-07-29T22:59:59-04:00
Sobeys,8034516,Large Lemons or Limes,5.0,2026-07-23T00:00:00-04:00,2026-07-29T22:59:59-04:00
Sobeys,8034516,Organic Kombucha,6.0,2026-07-23T00:00:00-04:00,2026-07-29T22:59:59-04:00
Sobeys,8034516,CASTELLO Havarti,6.99,2026-07-23T00:00:00-04:00,2026-07-29T22:59:59-04:00
Sobeys,8034516,Jalapeño Peppers,6.99,2026-07-23T00:00:00-04:00,2026-07-29T22:59:59-04:00
Sobeys,8034516,Alcohol Free Wine,14.99,2026-07-23T00:00:00-04:00,2026-07-29T22:59:59-04:00
Sobeys,8034516,Fresh Lean Ground Beef,7.99,2026-07-23T00:00:00-04:00,2026-07-29T22:59:59-04:00
Sobeys,8034516,Organic Crackers,6.99,2026-07-23T00:00:00-04:00,2026-07-29T22:59:59-04:00
Sobeys,8034516,COMPLIMENTS Cheese Strings,6.99,2026-07-23T00:00:00-04:00,2026-07-29T22:59:59-04:00
Sobeys,8034516,Whole Hot Honey Ham Dagwood Sandwich,13.99,2026-07-23T00:00:00-04:00,2026-07-29T22:59:59-04:00
Sobeys,8034516,Cleaner 1.41 L or Bleach 2.4 L,5.79,2026-07-23T00:00:00-04:00,2026-07-29T22:59:59-04:00
Sobeys,8034516,P.F. CHANG'S Bowls,6.49,2026-07-23T00:00:00-04:00,2026-07-29T22:59:59-04:00
Sobeys,8034516,Maple Baked Ham,1.49,2026-07-23T00:00:00-04:00,2026-07-29T22:59:59-04:00
Sobeys,8034516,Coconut,2.99,2026-07-23T00:00:00-04:00,2026-07-29T22:59:59-04:00
Sobeys,8034516,Juice,4.99,2026-07-23T00:00:00-04:00,2026-07-29T22:59:59-04:00
Sobeys,8034516,STERLING SILVER Fresh Capless Rib Premium Over Roast or Family Size Grilling Steak,24.99,2026-07-23T00:00:00-04:00,2026-07-29T22:59:59-04:00
Sobeys,8034516,Cool Whip Frozen Whipped Topping,4.99,2026-07-23T00:00:00-04:00,2026-07-29T22:59:59-04:00
Sobeys,8034516,Pizza Pockets,5.99,2026-07-23T00:00:00-04:00,2026-07-29T22:59:59-04:00
Sobeys,8034516,COMPLIMENTS Breakfast Sandwiches,5.49,2026-07-23T00:00:00-04:00,2026-07-29T22:59:59-04:00
Sobeys,8034516,Butter,7.99,2026-07-23T00:00:00-04:00,2026-07-29T22:59:59-04:00
Sobeys,8034516,Creamy Yogurt,11.49,2026-07-23T00:00:00-04:00,2026-07-29T22:59:59-04:00
Sobeys,8034516,Honeygrams Gluten Free Cookies,5.99,2026-07-23T00:00:00-04:00,2026-07-29T22:59:59-04:00
Sobeys,8034516,Organic Kombucha,7.99,2026-07-23T00:00:00-04:00,2026-07-29T22:59:59-04:00
Sobeys,8034516,Hot Dog or Burger Buns,4.0,2026-07-23T00:00:00-04:00,2026-07-29T22:59:59-04:00
Sobeys,8034516,SHOAL WATER SEAFOODS Salt Fish Bits,7.99,2026-07-23T00:00:00-04:00,2026-07-29T22:59:59-04:00
Sobeys,8034516,"KRAFT Peanut Butter 2 kg, NUTELLA Hazelnut Spread 1 kg or COMPLIMENTS Honey 750 g-1 kg",10.99,2026-07-23T00:00:00-04:00,2026-07-29T22:59:59-04:00
Sobeys,8034516,BIOSTEEL Hydration Mix,19.99,2026-07-23T00:00:00-04:00,2026-07-29T22:59:59-04:00
Sobeys,8034516,COMPLIMENTS Mini Ice Cream Novelties,4.49,2026-07-23T00:00:00-04:00,2026-07-29T22:59:59-04:00
Sobeys,8034516,H&H Dry Fruit Thai Honey Mango,13.99,2026-07-23T00:00:00-04:00,2026-07-29T22:59:59-04:00
Sobeys,8034516,COMPLIMENTS Baby-Cut Carrots,2.49,2026-07-23T00:00:00-04:00,2026-07-29T22:59:59-04:00
Sobeys,8034516,OASIS Juice or DEL MONTE Nectar,4.99,2026-07-23T00:00:00-04:00,2026-07-29T22:59:59-04:00
Sobeys,8034516,RIBENA Original Blackcurrant Beverage,12.99,2026-07-23T00:00:00-04:00,2026-07-29T22:59:59-04:00
Sobeys,8034516,COMPLIMENTS Free Run Large White Eggs,5.49,2026-07-23T00:00:00-04:00,2026-07-29T22:59:59-04:00
Sobeys,8034516,KRAFT Singles,5.99,2026-07-23T00:00:00-04:00,2026-07-29T22:59:59-04:00
Sobeys,8034516,COMPLIMENTS ORGANIC Baby-Cut Carrots,3.99,2026-07-23T00:00:00-04:00,2026-07-29T22:59:59-04:00
Sobeys,8034516,TimTam Biscuits,4.0,2026-07-23T00:00:00-04:00,2026-07-29T22:59:59-04:00
Sobeys,8034516,Almonds or Mixed Nuts,11.99,2026-07-23T00:00:00-04:00,2026-07-29T22:59:59-04:00
Sobeys,8034516,Health Break or Smoothie,4.99,2026-07-23T00:00:00-04:00,2026-07-29T22:59:59-04:00
Sobeys,8034516,Marinated Split Chicken Wings,7.49,2026-07-23T00:00:00-04:00,2026-07-29T22:59:59-04:00
Sobeys,8034516,MISS VICKIE'S Kettle Chips 190-200 g or SMARTFOOD Popcorn 150 -220 g,9.0,2026-07-23T00:00:00-04:00,2026-07-29T22:59:59-04:00
Sobeys,8034516,Gelato or Sorbetto,6.99,2026-07-23T00:00:00-04:00,2026-07-29T22:59:59-04:00
Sobeys,8034516,Small Bar Cakes,7.99,2026-07-23T00:00:00-04:00,2026-07-29T22:59:59-04:00
Sobeys,8034516,Prepared Fresh Daily Watermelon Slices or Quarters,1.69,2026-07-23T00:00:00-04:00,2026-07-29T22:59:59-04:00
Sobeys,8034516,"COMPLIMENTS Roast Beef, Montreal Smoked Meat, Pastrami or Corned Beef",3.99,2026-07-23T00:00:00-04:00,2026-07-29T22:59:59-04:00
Sobeys,8034516,COMPLIMENTS Pizza Crust,4.49,2026-07-23T00:00:00-04:00,2026-07-29T22:59:59-04:00
Sobeys,8034516,COMPLIMENTS Angel Food Cake or Mini,5.99,2026-07-23T00:00:00-04:00,2026-07-29T22:59:59-04:00
Sobeys,8034516,RUFFLES Potato Chips 180-200 g or DORITOS Tortilla Chips 210-280 g,8.0,2026-07-23T00:00:00-04:00,2026-07-29T22:59:59-04:00
Sobeys,8034516,Plantain Chips,2.29,2026-07-23T00:00:00-04:00,2026-07-29T22:59:59-04:00
Sobeys,8034516,"NESTLÉ Cellos 76-203 g, TIC TAC Mints 98 g or WRIGLEY'S Juicy Fruit or Double Mint Gum Multipacks 3 pk",5.49,2026-07-23T00:00:00-04:00,2026-07-29T22:59:59-04:00
Sobeys,8034516,Frozen Vegetables or Valley Selections,7.0,2026-07-23T00:00:00-04:00,2026-07-29T22:59:59-04:00
Sobeys,8034516,COMPLIMENTS Mini Muffins or Cupcakes,5.99,2026-07-23T00:00:00-04:00,2026-07-29T22:59:59-04:00
Sobeys,8034516,ENDANGERED SPECIES CHOCOLATE Bar,5.99,2026-07-23T00:00:00-04:00,2026-07-29T22:59:59-04:00
Sobeys,8034516,Organic Green or Red Seedless Grapes,4.47,2026-07-23T00:00:00-04:00,2026-07-29T22:59:59-04:00
Sobeys,8034516,Peanut Punch,1.49,2026-07-23T00:00:00-04:00,2026-07-29T22:59:59-04:00
Sobeys,8034516,Pizza,6.99,2026-07-23T00:00:00-04:00,2026-07-29T22:59:59-04:00
Sobeys,8034516,Genuine Jamaican Water Crackers,2.29,2026-07-23T00:00:00-04:00,2026-07-29T22:59:59-04:00
Sobeys,8034516,Energy Drinks 4x355 mL or Energy Drinks 4x473 mL,9.99,2026-07-23T00:00:00-04:00,2026-07-29T22:59:59-04:00
Sobeys,8034516,"Hair Care, Deodorant, Body Wash or Hand Soap",5.79,2026-07-23T00:00:00-04:00,2026-07-29T22:59:59-04:00
Sobeys,8034516,Pasta Sauce,5.49,2026-07-23T00:00:00-04:00,2026-07-29T22:59:59-04:00
Sobeys,8034516,"Lemonade, Pineapple Mango or Cranberry",4.99,2026-07-23T00:00:00-04:00,2026-07-29T22:59:59-04:00
Sobeys,8034516,Fresh Pork Shoulder Blade Roasts or Steaks,4.49,2026-07-23T00:00:00-04:00,2026-07-29T22:59:59-04:00
Atlantic Superstore,8036650,"PC® FROZEN FRUIT, 300-600 G",5.0,2026-07-23T00:00:00-04:00,2026-07-29T23:59:59-04:00
Atlantic Superstore,8036650,PC BENTOH! CUSTOMIZABLE CONTAINER,12.0,2026-07-23T00:00:00-04:00,2026-07-29T23:59:59-04:00
Atlantic Superstore,8036650,"KING'S HAWAIIAN ROLLS, 340 G",4.5,2026-07-23T00:00:00-04:00,2026-07-29T23:59:59-04:00
Atlantic Superstore,8036650,ALWAYS DISCREET UNDERWEAR OR PADS,19.0,2026-07-23T00:00:00-04:00,2026-07-29T23:59:59-04:00
Atlantic Superstore,8036650,"OKA, 190 G",8.99,2026-07-23T00:00:00-04:00,2026-07-29T23:59:59-04:00
Atlantic Superstore,8036650,"CASTELLO HAVARTI, CHEDDAR OR BLUE CHEESE, 125-200 G",7.0,2026-07-23T00:00:00-04:00,2026-07-29T23:59:59-04:00
Atlantic Superstore,8036650,"HUGGIES BABY WIPES, 56/64'S",3.0,2026-07-23T00:00:00-04:00,2026-07-29T23:59:59-04:00
Atlantic Superstore,8036650,"BUTTER CROISSANTS, 12'S",7.0,2026-07-23T00:00:00-04:00,2026-07-29T23:59:59-04:00
Atlantic Superstore,8036650,"ULTIMATE DINNER OR BREAKFAST CHICKEN SAUSAGES, 375/500 G",7.0,2026-07-23T00:00:00-04:00,2026-07-29T23:59:59-04:00
Atlantic Superstore,8036650,"NO NAME® ICE CREAM SANDWICHES OR BARS, 24 - 30'S",11.0,2026-07-23T00:00:00-04:00,2026-07-29T23:59:59-04:00
Atlantic Superstore,8036650,"VALENTINA HOT SAUCE, 370 ML OR GRACE HOT PEPPER SAUCE, 170 ML",2.25,2026-07-23T00:00:00-04:00,2026-07-29T23:59:59-04:00
Atlantic Superstore,8036650,"LIBERTÉ GREEK® TUBS, 650-750 G, LIBERTÉ MÉDITERRANÉE®, 900 G",8.0,2026-07-23T00:00:00-04:00,2026-07-29T23:59:59-04:00
Atlantic Superstore,8036650,"GRACE COCONUT WATER, 310 ML OR MALT BEVERAGE, 330 ML",1.25,2026-07-23T00:00:00-04:00,2026-07-29T23:59:59-04:00
Atlantic Superstore,8036650,LESLEY STOWE RAINCOAST CRISPS 150 G OR WILDLY DELICIOUS JELLY 185 ML,6.0,2026-07-23T00:00:00-04:00,2026-07-29T23:59:59-04:00
Atlantic Superstore,8036650,"COTTONELLE FLUSHABLE WIPES, 1 OR 4'S",12.0,2026-07-23T00:00:00-04:00,2026-07-29T23:59:59-04:00
Atlantic Superstore,8036650,"OLYMEL BACON, 375 G",5.0,2026-07-23T00:00:00-04:00,2026-07-29T23:59:59-04:00
Atlantic Superstore,8036650,"SMALL RESER'S SALADS, 425/454 G",5.0,2026-07-23T00:00:00-04:00,2026-07-29T23:59:59-04:00
Atlantic Superstore,8036650,"LARSEN WIENERS LARGE PACK, 900 G",10.0,2026-07-23T00:00:00-04:00,2026-07-29T23:59:59-04:00
Atlantic Superstore,8036650,"IAMS CAT FOOD, 2.72-3.18 KG",23.0,2026-07-23T00:00:00-04:00,2026-07-29T23:59:59-04:00
Atlantic Superstore,8036650,"CLOVER LEAF FLAKED TUNA, 170 G OR FLAVOURED TUNA, 85 G",7.0,2026-07-23T00:00:00-04:00,2026-07-29T23:59:59-04:00
Atlantic Superstore,8036650,"DAWN DISH SOAP, 473 ML-1.12 L",6.0,2026-07-23T00:00:00-04:00,2026-07-29T23:59:59-04:00
Atlantic Superstore,8036650,"PC® CHICKEN NUGGETS, STRIPS OR BURGERS, 700 G",8.0,2026-07-23T00:00:00-04:00,2026-07-29T23:59:59-04:00
Atlantic Superstore,8036650,"DARE BEAR PAWS 168-210 G, WAGON WHEELS 315/360 G, WHIPPETS 250-290 G, ULTIMATE OR VIVA PUFFS COOKIES 290/300 G",7.0,2026-07-23T00:00:00-04:00,2026-07-29T23:59:59-04:00
Atlantic Superstore,8036650,"SURATI SNACKS, 250/341 G",2.0,2026-07-23T00:00:00-04:00,2026-07-29T23:59:59-04:00
Atlantic Superstore,8036650,"PURINA ONE DOG FOOD, 5.4-7 KG",32.0,2026-07-23T00:00:00-04:00,2026-07-29T23:59:59-04:00
Atlantic Superstore,8036650,"KUHNE SAUERKRAUT, 796 ML OR GRACE JERK MARINADE, 350 ML",4.75,2026-07-23T00:00:00-04:00,2026-07-29T23:59:59-04:00
Atlantic Superstore,8036650,"PRÉSIDENT LEERDAMMER, 250 G",9.5,2026-07-23T00:00:00-04:00,2026-07-29T23:59:59-04:00
Atlantic Superstore,8036650,"SNYDER'S PRETZEL, 240 G",3.99,2026-07-23T00:00:00-04:00,2026-07-29T23:59:59-04:00
Atlantic Superstore,8036650,"PC® OR BLUE MENU® KETCHUP, 750 ML/1 L",3.5,2026-07-23T00:00:00-04:00,2026-07-29T23:59:59-04:00
Atlantic Superstore,8036650,"CORONA CERO 0.0% ALCOHOL- FREE BEER, 6X330 ML",10.99,2026-07-23T00:00:00-04:00,2026-07-29T23:59:59-04:00
Atlantic Superstore,8036650,"KAUKAUNA SHARP CHEDDAR OR SMOK CHEDDAR, 170 G",5.5,2026-07-23T00:00:00-04:00,2026-07-29T23:59:59-04:00
Atlantic Superstore,8036650,"BLUE MOON NON-ALCOHOLIC BELGIAN WHITE, 6X355 ML",15.99,2026-07-23T00:00:00-04:00,2026-07-29T23:59:59-04:00
Atlantic Superstore,8036650,CILANTRO BUNCH,1.25,2026-07-23T00:00:00-04:00,2026-07-29T23:59:59-04:00
Atlantic Superstore,8036650,WHOLE TILAPIA,3.0,2026-07-23T00:00:00-04:00,2026-07-29T23:59:59-04:00
Atlantic Superstore,8036650,"RAVINE CANNED MUSHROOMS, 284 ML",1.25,2026-07-23T00:00:00-04:00,2026-07-29T23:59:59-04:00
Atlantic Superstore,8036650,"T&T READY TO EAT ORGANIC CHESTNUT, 100 G",1.49,2026-07-23T00:00:00-04:00,2026-07-29T23:59:59-04:00
Atlantic Superstore,8036650,"T&T STRAWBERRY OR LEMON TROPICAL CAKE, 180 G",2.0,2026-07-23T00:00:00-04:00,2026-07-29T23:59:59-04:00
Atlantic Superstore,8036650,"PC© ORGANICS PLANT-BASED PUFF, 142 G",3.5,2026-07-23T00:00:00-04:00,2026-07-29T23:59:59-04:00
Atlantic Superstore,8036650,"GREY MATLOCK BAKERY WHITE LOAF BREAD BUTTERFILLED, 700 G",3.89,2026-07-23T00:00:00-04:00,2026-07-29T23:59:59-04:00
Atlantic Superstore,8036650,"BUBLY SPARKLING WATER, 6X222 ML",8.0,2026-07-23T00:00:00-04:00,2026-07-29T23:59:59-04:00
Atlantic Superstore,8036650,"TREE HUT SUGAR SCRUBS, 510 G",12.0,2026-07-23T00:00:00-04:00,2026-07-29T23:59:59-04:00
Atlantic Superstore,8036650,CILANTRO,1.25,2026-07-23T00:00:00-04:00,2026-07-29T23:59:59-04:00
Atlantic Superstore,8036650,"BULL'S-EYE BBQ SAUCE, 425 ML, DIANA BBQ SAUCE, 500 ML OR KRAFT SALAD DRESSING, 425 ML",2.5,2026-07-23T00:00:00-04:00,2026-07-29T23:59:59-04:00
Atlantic Superstore,8036650,"MAPLE LODGE FARMS ULTIMATE ORIGINAL & SPICY FRANKFURTERS, 900 g",6.0,2026-07-23T00:00:00-04:00,2026-07-29T23:59:59-04:00
Atlantic Superstore,8036650,"PC ® CHERRY AXIANY OR LITTLE BEAUTS GRAPE TOMATOES, 567 G",6.5,2026-07-23T00:00:00-04:00,2026-07-29T23:59:59-04:00
Atlantic Superstore,8036650,"PC ORGANICS OATS, 900 G/1 KG",5.0,2026-07-23T00:00:00-04:00,2026-07-29T23:59:59-04:00
Atlantic Superstore,8036650,"CORONA CERO 0.0% ALCOHOL-FREE BEER, 12X355 ML",20.0,2026-07-23T00:00:00-04:00,2026-07-29T23:59:59-04:00
Atlantic Superstore,8036650,"BLUE DRAGON CHILI SAUCE, 310 ML",3.0,2026-07-23T00:00:00-04:00,2026-07-29T23:59:59-04:00
Atlantic Superstore,8036650,"ROMAINE HEARTS, 3'S",4.5,2026-07-23T00:00:00-04:00,2026-07-29T23:59:59-04:00
Atlantic Superstore,8036650,"OLD SPICE DEODORANT, 73-144 G, SECRET DEODORANT, 68-116 G OR GILLETTE DEODORANT, 108 G",7.5,2026-07-23T00:00:00-04:00,2026-07-29T23:59:59-04:00
Atlantic Superstore,8036650,"FURLANI TEXAS TOAST, 16X40 G",5.0,2026-07-23T00:00:00-04:00,2026-07-29T23:59:59-04:00
Atlantic Superstore,8036650,"PEPSI SOFT DRINKS, 6X710 ML",4.5,2026-07-23T00:00:00-04:00,2026-07-29T23:59:59-04:00
Atlantic Superstore,8036650,OKRA,5.49,2026-07-23T00:00:00-04:00,2026-07-29T23:59:59-04:00
Atlantic Superstore,8036650,"MILKBONE DOG BISCUITS, 535-900 G",5.0,2026-07-23T00:00:00-04:00,2026-07-29T23:59:59-04:00
Atlantic Superstore,8036650,DOZEN ROSES,20.0,2026-07-23T00:00:00-04:00,2026-07-29T23:59:59-04:00
Atlantic Superstore,8036650,"CHELSEA BONED SALTED COD FILLETS, 454 G",15.99,2026-07-23T00:00:00-04:00,2026-07-29T23:59:59-04:00
Atlantic Superstore,8036650,"CALEDON FARMS DOG TREATS VALUE PACK, 340-795 G",17.0,2026-07-23T00:00:00-04:00,2026-07-29T23:59:59-04:00
Atlantic Superstore,8036650,COCONUT,2.25,2026-07-23T00:00:00-04:00,2026-07-29T23:59:59-04:00
Atlantic Superstore,8036650,HEYS TWEEN BACKPACKS,20.0,2026-07-23T00:00:00-04:00,2026-07-29T23:59:59-04:00
Atlantic Superstore,8036650,"PC ORGANICS FRUIT SPREAD, 365 ML",5.0,2026-07-23T00:00:00-04:00,2026-07-29T23:59:59-04:00
Atlantic Superstore,8036650,"BRISK® ICED TEA, 710 mL",4.0,2026-07-23T00:00:00-04:00,2026-07-29T23:59:59-04:00
Atlantic Superstore,8036650,"PC® MIXED SALAD GREENS, 142 G",4.29,2026-07-23T00:00:00-04:00,2026-07-29T23:59:59-04:00
Atlantic Superstore,8036650,"ZABIHA HALAL JUICY & SPICY SUPREME FRANKFURTERS, 900 g",6.0,2026-07-23T00:00:00-04:00,2026-07-29T23:59:59-04:00
Atlantic Superstore,8036650,"NO NAME® CREAM CHEESE, 227/250 G",7.5,2026-07-23T00:00:00-04:00,2026-07-29T23:59:59-04:00
Atlantic Superstore,8036650,COUNTRY HARVEST BAGELS 450 G OR BREAD 600 G,7.0,2026-07-23T00:00:00-04:00,2026-07-29T23:59:59-04:00
Atlantic Superstore,8036650,"DABUR JUICE NECTAR, 1 L",3.0,2026-07-23T00:00:00-04:00,2026-07-29T23:59:59-04:00
Atlantic Superstore,8036650,"SKINNYPOP POPCORN, 125/150 G",4.0,2026-07-23T00:00:00-04:00,2026-07-29T23:59:59-04:00
Atlantic Superstore,8036650,"HUGGIES GOODNITES NIGHTTIME UNDERWEAR PANTS, 28-44'S",27.0,2026-07-23T00:00:00-04:00,2026-07-29T23:59:59-04:00
Atlantic Superstore,8036650,"GILLETTE MACH 3 OR VENUS DISPOSABLE RAZORS, 1-8'S",10.0,2026-07-23T00:00:00-04:00,2026-07-29T23:59:59-04:00
Atlantic Superstore,8036650,"PORK TENDERLOIN, 2 PACK",3.99,2026-07-23T00:00:00-04:00,2026-07-29T23:59:59-04:00
Atlantic Superstore,8036650,"TRESEMMÉ SHAMPOO OR CONDITIONER, 1.15 L",10.0,2026-07-23T00:00:00-04:00,2026-07-29T23:59:59-04:00
Atlantic Superstore,8036650,"PC® KETTLE COOKED OR RIPPLED KETTLE POTATO CHIPS, 200 G",2.5,2026-07-23T00:00:00-04:00,2026-07-29T23:59:59-04:00
Atlantic Superstore,8036650,"FARMER'S MARKET™ BAR CAKES, 675-770 G",16.0,2026-07-23T00:00:00-04:00,2026-07-29T23:59:59-04:00
Atlantic Superstore,8036650,FRESH MSC HADDOCK FILLETS,11.0,2026-07-23T00:00:00-04:00,2026-07-29T23:59:59-04:00
Atlantic Superstore,8036650,"PAMPERS SUPER BIG PACK DIAPERS SIZES N-7, 42-96'S",27.0,2026-07-23T00:00:00-04:00,2026-07-29T23:59:59-04:00
Atlantic Superstore,8036650,"LIFE BRAND® PAIN PRODUCTS, 18-80'S",11.0,2026-07-23T00:00:00-04:00,2026-07-29T23:59:59-04:00
Atlantic Superstore,8036650,"PC® OLD-FASHIONED STYLE BACON, 1 KG",15.0,2026-07-23T00:00:00-04:00,2026-07-29T23:59:59-04:00
Atlantic Superstore,8036650,"BLACK DIAMOND CHEESTRINGS, 252/336 G OR CHEESE STICKS, 252 G OR CRACKER BARREL CHEESE BARS, 400 G OR SHREDDED CHEESE, 250-320 G",5.97,2026-07-23T00:00:00-04:00,2026-07-29T23:59:59-04:00
Atlantic Superstore,8036650,SOLA BREAD AND BAGELS,5.5,2026-07-23T00:00:00-04:00,2026-07-29T23:59:59-04:00
Atlantic Superstore,8036650,"PC® DIPS OR HUMMUS, 454 G",6.5,2026-07-23T00:00:00-04:00,2026-07-29T23:59:59-04:00
Atlantic Superstore,8036650,"GLAD OUTDOOR BAGS, 10-40'S",11.0,2026-07-23T00:00:00-04:00,2026-07-29T23:59:59-04:00
Atlantic Superstore,8036650,"KIKKOMAN PANKO BREAD CRUMBS, 227 G",4.5,2026-07-23T00:00:00-04:00,2026-07-29T23:59:59-04:00
Atlantic Superstore,8036650,"CASHMERE BATHROOM TISSUE, 24=72 ROLLS",22.0,2026-07-23T00:00:00-04:00,2026-07-29T23:59:59-04:00
Atlantic Superstore,8036650,"WONDER HOT DOG OR HAMBURGER BUNS, 8'S, 356-480 G, WONDER HAMBURGER ROLLS, 672 G OR D'ITALIANO CRUSTINI BUNS, 420-568 G",6.5,2026-07-23T00:00:00-04:00,2026-07-29T23:59:59-04:00
Atlantic Superstore,8036650,"MONSTER ENERGY DRINKS, 4X473 ML",10.99,2026-07-23T00:00:00-04:00,2026-07-29T23:59:59-04:00
Atlantic Superstore,8036650,CAULIFLOWER,5.0,2026-07-23T00:00:00-04:00,2026-07-29T23:59:59-04:00
Atlantic Superstore,8036650,LARGE VEGETABLE OR FRUIT PLATTER,23.0,2026-07-23T00:00:00-04:00,2026-07-29T23:59:59-04:00
Atlantic Superstore,8036650,"REACTINE, 24-36'S, CLARITIN, 15-30'S, ALLEGRA, 30'S OR BENADRYL, 25 MG, 100'S CAPLETS, TABLETS OR GELS",22.0,2026-07-23T00:00:00-04:00,2026-07-29T23:59:59-04:00
Atlantic Superstore,8036650,SEAQUEST® COLOSSAL PACIFIC WHITE SHRIMP RAW ZIPPERBACK®,7.0,2026-07-23T00:00:00-04:00,2026-07-29T23:59:59-04:00
Atlantic Superstore,8036650,"NO NAME® FROZEN JUICE, 283 ML",2.25,2026-07-23T00:00:00-04:00,2026-07-29T23:59:59-04:00
Atlantic Superstore,8036650,"MAPLE LEAF NATURAL SELECTIONS, SCHNEIDER'S DELI SLICED MEATS, 150-175 G OR PC® DELI SLICED CHEESE, 140-170 G",7.0,2026-07-23T00:00:00-04:00,2026-07-29T23:59:59-04:00
Atlantic Superstore,8036650,"DANONE OIKOS, 4X100 G",3.99,2026-07-23T00:00:00-04:00,2026-07-29T23:59:59-04:00
Atlantic Superstore,8036650,"GERBER ORGANIC YOGURT MELTS, 28G OR LIL' EXPLORERS BISCUITS, 150 G",8.0,2026-07-23T00:00:00-04:00,2026-07-29T23:59:59-04:00
Atlantic Superstore,8036650,"SIMILAC BABY FORMULA POWDER TUBS, 837/859 G",50.0,2026-07-23T00:00:00-04:00,2026-07-29T23:59:59-04:00
Atlantic Superstore,8036650,"SCOTSBURN PREMIUM ICE CREAM, 1.5 L",5.5,2026-07-23T00:00:00-04:00,2026-07-29T23:59:59-04:00
Atlantic Superstore,8036650,"BALDERSON CHEESE, 250 g",8.0,2026-07-23T00:00:00-04:00,2026-07-29T23:59:59-04:00
Atlantic Superstore,8036650,"PILLER'S PEPPERONI STICKS OR BITES, 300/500 G",10.0,2026-07-23T00:00:00-04:00,2026-07-29T23:59:59-04:00
Atlantic Superstore,8036650,"PC® NUTRITION FIRST™ DOG FOOD, 374 G",3.0,2026-07-23T00:00:00-04:00,2026-07-29T23:59:59-04:00
Atlantic Superstore,8036650,"MAISON PERRIER SPARKLING WATER, 8X330 ML",7.99,2026-07-23T00:00:00-04:00,2026-07-29T23:59:59-04:00
Atlantic Superstore,8036650,"PC ORGANICS BEANS, 398 ML",2.0,2026-07-23T00:00:00-04:00,2026-07-29T23:59:59-04:00
Atlantic Superstore,8036650,"GRUVI ALCOHOL FREE SPARKLING WINE, 4 X 275 ML",13.99,2026-07-23T00:00:00-04:00,2026-07-29T23:59:59-04:00
Atlantic Superstore,8036650,"NESTLÉ SMARTIES, KITKAT, AERO OR COFFEE CRISP SNACK SIZE CHOCOLATE BARS, 78-94 G",3.0,2026-07-23T00:00:00-04:00,2026-07-29T23:59:59-04:00
Atlantic Superstore,8036650,"TOSTITOS TORTILLA CHIPS, 215-230 G",8.0,2026-07-23T00:00:00-04:00,2026-07-29T23:59:59-04:00
Atlantic Superstore,8036650,"PC® BATHROOM TISSUE, 12=24 ROLLS OR PAPER TOWELS, 3=6 ROLLS OR FACIAL TISSUE, 6's",6.0,2026-07-23T00:00:00-04:00,2026-07-29T23:59:59-04:00
Atlantic Superstore,8036650,"PAMPERS EASY UPS TRAINING UNDERWEAR, SIZES 3T4T/4T5T, 56/66'S OR NINJAMAS BEDWETTING NIGHTTIME UNDERWEAR, SIZE S/M, 44'S",27.0,2026-07-23T00:00:00-04:00,2026-07-29T23:59:59-04:00
Atlantic Superstore,8036650,"UNI EAGLE SRIRACHA SAUCE, 740 ML",4.99,2026-07-23T00:00:00-04:00,2026-07-29T23:59:59-04:00
Atlantic Superstore,8036650,"PC® SUPER SOFT BATHROOM TISSUE, 30-100 ROLLS",19.99,2026-07-23T00:00:00-04:00,2026-07-29T23:59:59-04:00
Atlantic Superstore,8036650,5 STEM SUNFLOWERS,10.0,2026-07-23T00:00:00-04:00,2026-07-29T23:59:59-04:00
Atlantic Superstore,8036650,AMAZING BUBBLE WANDS,1.0,2026-07-23T00:00:00-04:00,2026-07-29T23:59:59-04:00
Atlantic Superstore,8036650,"NO NAME® SUNFLOWER OIL, 3 L OR PC® COCONUT OIL, 860 ML",15.0,2026-07-23T00:00:00-04:00,2026-07-29T23:59:59-04:00
Atlantic Superstore,8036650,"NO NAME® NATURALLY IMPERFECT™ WHITE OR BROWN MUSHROOMS, 680 G",6.0,2026-07-23T00:00:00-04:00,2026-07-29T23:59:59-04:00
Atlantic Superstore,8036650,"NO NAME® LASAGNA, 2.27 KG",13.0,2026-07-23T00:00:00-04:00,2026-07-29T23:59:59-04:00
Atlantic Superstore,8036650,"CHRISTIE CRACKERS, 162-200 G",8.0,2026-07-23T00:00:00-04:00,2026-07-29T23:59:59-04:00
Atlantic Superstore,8036650,PORK BELLY PORTIONS,5.88,2026-07-23T00:00:00-04:00,2026-07-29T23:59:59-04:00
Atlantic Superstore,8036650,"PC® STAINLESS STEEL COLANDERS, 2 PIECE SET",15.0,2026-07-23T00:00:00-04:00,2026-07-29T23:59:59-04:00
Atlantic Superstore,8036650,"LIBERTÉ MÉDITERRANÉE, 4 X 100 G, LIBERTÉ GREEK, 4 X 100 G, LIBERTÉ GREEK CRUNCH, 2 X 325 G",4.5,2026-07-23T00:00:00-04:00,2026-07-29T23:59:59-04:00
Atlantic Superstore,8036650,"NO NAME® BLACK OIL SUNFLOWER WILD BIRD SEEDS, 8 KG",22.0,2026-07-23T00:00:00-04:00,2026-07-29T23:59:59-04:00
Atlantic Superstore,8036650,"PEARL MILLING COMPANY PANCAKE MIX, 905 G OR SYRUP, 710 ML",4.5,2026-07-23T00:00:00-04:00,2026-07-29T23:59:59-04:00
Atlantic Superstore,8036650,"NESTEA ICED TEA, 1.89 L",3.5,2026-07-23T00:00:00-04:00,2026-07-29T23:59:59-04:00
Atlantic Superstore,8036650,"PC® INSTANT OATMEAL, 264-344 G",6.5,2026-07-23T00:00:00-04:00,2026-07-29T23:59:59-04:00
Atlantic Superstore,8036650,"BASSÉ NUTS, 415-600 G",7.0,2026-07-23T00:00:00-04:00,2026-07-29T23:59:59-04:00
Atlantic Superstore,8036650,"PC® MAX™ PAPER TOWELS, 8'S",22.0,2026-07-23T00:00:00-04:00,2026-07-29T23:59:59-04:00
Atlantic Superstore,8036650,"MILKBONE COMFORT CHEWS, 210/312 G",9.0,2026-07-23T00:00:00-04:00,2026-07-29T23:59:59-04:00
Atlantic Superstore,8036650,"BLUE BUFFALO DOG FOOD, 354 G",3.5,2026-07-23T00:00:00-04:00,2026-07-29T23:59:59-04:00
Atlantic Superstore,8036650,"CELSIUS® ENERGY DRINK, 355 ML OR ALANI® ENERGY DRINK, 355 ML",6.0,2026-07-23T00:00:00-04:00,2026-07-29T23:59:59-04:00
Atlantic Superstore,8036650,CABBAGE,1.0,2026-07-23T00:00:00-04:00,2026-07-29T23:59:59-04:00
Atlantic Superstore,8036650,"BALDERSON CHEESE, 250 g",12.0,2026-07-23T00:00:00-04:00,2026-07-29T23:59:59-04:00
Atlantic Superstore,8036650,"PEACE TEA OR FUZE ICED TEA, 12X341 ML",8.99,2026-07-23T00:00:00-04:00,2026-07-29T23:59:59-04:00
Atlantic Superstore,8036650,"NATURAL BAKERY CANADIAN RYE BREAD, 500 G",4.0,2026-07-23T00:00:00-04:00,2026-07-29T23:59:59-04:00
Atlantic Superstore,8036650,"PEPPERIDGE FARM GOLDFISH CRACKERS, 156-227 G OR CRISPS, 177 G",7.0,2026-07-23T00:00:00-04:00,2026-07-29T23:59:59-04:00
Atlantic Superstore,8036650,"SPONGE TOWELS ULTRA PAPER TOWELS, DOUBLE ROLLS, 2 PLY",23.0,2026-07-23T00:00:00-04:00,2026-07-29T23:59:59-04:00
Atlantic Superstore,8036650,"YOPLAIT TUBES®, 8 X 56 G, YOPLAIT MINIGO®, 6 X 60 G",3.5,2026-07-23T00:00:00-04:00,2026-07-29T23:59:59-04:00
Atlantic Superstore,8036650,"WERTHER'S ORIGINAL CARAMEL HARD CANDY, 161-135 G",5.0,2026-07-23T00:00:00-04:00,2026-07-29T23:59:59-04:00
Atlantic Superstore,8036650,CARIBBEAN SWEET POTATOES,2.5,2026-07-23T00:00:00-04:00,2026-07-29T23:59:59-04:00
Atlantic Superstore,8036650,"PC® DE-ALCOHOLIZED WINE, 750 ML",7.5,2026-07-23T00:00:00-04:00,2026-07-29T23:59:59-04:00
Atlantic Superstore,8036650,"PC® GOAT CHEESE, 140 G",6.0,2026-07-23T00:00:00-04:00,2026-07-29T23:59:59-04:00
Atlantic Superstore,8036650,"BREADED CHICKEN, MEATBALLS, POTSTICKERS OR HOR D'OEUVRES 700 G-1.81 KG OR SOLE, PINK SALMON, BASA, COD OR POLLOCK FILLETS, BREADED POPCORN SHRIMP, BREADED SQUID RINGS, SEAFOOD MIX OR SMOKED SOCKEYE SALMON 200-908 G",10.0,2026-07-23T00:00:00-04:00,2026-07-29T23:59:59-04:00
Atlantic Superstore,8036650,"PC® WILD BIRD FOOD, 4 KG",15.0,2026-07-23T00:00:00-04:00,2026-07-29T23:59:59-04:00
Atlantic Superstore,8036650,"PC® VINAIGRETTE, 350 ML OR HEINZ PICNIC PACK, 1.12 L",5.0,2026-07-23T00:00:00-04:00,2026-07-29T23:59:59-04:00
Atlantic Superstore,8036650,"THE GREAT GENTLEMAN GINGER BEER OR SODA, 250 ML",1.0,2026-07-23T00:00:00-04:00,2026-07-29T23:59:59-04:00
Atlantic Superstore,8036650,"LANTIC SUGAR, 1 KG",3.5,2026-07-23T00:00:00-04:00,2026-07-29T23:59:59-04:00
Atlantic Superstore,8036650,"CRACKER BARREL CHEESE SLICES, 200-240 G",5.0,2026-07-23T00:00:00-04:00,2026-07-29T23:59:59-04:00
Atlantic Superstore,8036650,"SAPPORO 0.0% ALCOHOL FREE, 6X350 ML",11.5,2026-07-23T00:00:00-04:00,2026-07-29T23:59:59-04:00
Atlantic Superstore,8036650,"WHISKAS CAT FOOD, 75/100 G",7.5,2026-07-23T00:00:00-04:00,2026-07-29T23:59:59-04:00
Atlantic Superstore,8036650,"CHRIS BROTHERS DONAIR DIPPERS, 633 G OR THE HANDPIE COMPANY POT PIES, 250 G",10.0,2026-07-23T00:00:00-04:00,2026-07-29T23:59:59-04:00
Atlantic Superstore,8036650,"PC® PORTUGUESE CUSTARD TARTS, 360 G",7.0,2026-07-23T00:00:00-04:00,2026-07-29T23:59:59-04:00
Atlantic Superstore,8036650,"NO NAME® WAFFLES OR BUTTERMILK PANCAKES, 280/310 G",2.75,2026-07-23T00:00:00-04:00,2026-07-29T23:59:59-04:00
Atlantic Superstore,8036650,"KELLOGG'S RAISIN BRAN, ALL BRAN, CRISPIX, FUN PAC, MINI WHEATS, MUSLIX, SPECIAL K OR VECTOR PREMIUM CEREAL, 210-525 G",4.5,2026-07-23T00:00:00-04:00,2026-07-29T23:59:59-04:00
Atlantic Superstore,8036650,"MAISON ORPHÉE EXTRA VIRGIN OLIVE OIL, 750 ML OR MUELOLIVA AVOCADO OIL, 1 L",20.0,2026-07-23T00:00:00-04:00,2026-07-29T23:59:59-04:00
Atlantic Superstore,8036650,"CHRISTIE PEEK FREANS COOKIES, 275-350 G CADBURY FINGERS, 114 - 125 G",9.0,2026-07-23T00:00:00-04:00,2026-07-29T23:59:59-04:00
Atlantic Superstore,8036650,"PARLE HIDE & SEEK COOKIES OR BISCUITS, 75/85 G, 200 G",1.0,2026-07-23T00:00:00-04:00,2026-07-29T23:59:59-04:00
Atlantic Superstore,8036650,GRACE POWDERED COCONUT MILK 50 G OR BOUILLON 60 G,1.0,2026-07-23T00:00:00-04:00,2026-07-29T23:59:59-04:00
Atlantic Superstore,8036650,"TEMPTATIONS CAT TREATS 160/180 G, PURRRRÉE 48 G OR LICKABLE SPOONS 40 G",6.5,2026-07-23T00:00:00-04:00,2026-07-29T23:59:59-04:00
Atlantic Superstore,8036650,"ROOSTER™ COCONUT MILK, 398 ML",1.5,2026-07-23T00:00:00-04:00,2026-07-29T23:59:59-04:00
Atlantic Superstore,8036650,"HAPPY DAIRY PANEER CHEESE, 300 G",4.5,2026-07-23T00:00:00-04:00,2026-07-29T23:59:59-04:00
Atlantic Superstore,8036650,BROCCOLI CROWNS,2.5,2026-07-23T00:00:00-04:00,2026-07-29T23:59:59-04:00
Atlantic Superstore,8036650,"PILLSBURY PIZZA POPS, 4'S, 380 G",3.5,2026-07-23T00:00:00-04:00,2026-07-29T23:59:59-04:00
Atlantic Superstore,8036650,"T&T SHISHI NORI ROASTED SEAWEED SHEETS, 27 G",2.79,2026-07-23T00:00:00-04:00,2026-07-29T23:59:59-04:00
Atlantic Superstore,8036650,"SEAQUEST WHOLE TILAPIA, 1,364 G OR WHOLE POMPANO, 900 G",9.0,2026-07-23T00:00:00-04:00,2026-07-29T23:59:59-04:00
Atlantic Superstore,8036650,"PARBOILED GOLD LONG GRAIN RICE, 8 KG",11.99,2026-07-23T00:00:00-04:00,2026-07-29T23:59:59-04:00
Atlantic Superstore,8036650,"KELLOGG'S EGGO WAFFLES OR PANCAKES, 280 G OR FRENCH TOASTER STICKS, 270 G",7.0,2026-07-23T00:00:00-04:00,2026-07-29T23:59:59-04:00
Atlantic Superstore,8036650,BEEF LIVER,5.0,2026-07-23T00:00:00-04:00,2026-07-29T23:59:59-04:00
Atlantic Superstore,8036650,CHICKEN GIZZARDS AND LIVERS,5.49,2026-07-23T00:00:00-04:00,2026-07-29T23:59:59-04:00
Atlantic Superstore,8036650,"MCCAFÉ K-CUP COFFEE PODS, 24/30'S",24.0,2026-07-23T00:00:00-04:00,2026-07-29T23:59:59-04:00
Atlantic Superstore,8036650,"CHRIS BROTHERS SLICED MEATS, 250 G",5.0,2026-07-23T00:00:00-04:00,2026-07-29T23:59:59-04:00
Atlantic Superstore,8036650,"FARMER'S MARKET™ MINI CUCUMBERS, 6'S",4.0,2026-07-23T00:00:00-04:00,2026-07-29T23:59:59-04:00
Atlantic Superstore,8036650,"MCCAIN SUPERFRIES CRINKLE CUT FRIES, SHOESTRING FRIES, BISTRO SELECTS SAVOURY WEDGES OR TASTY POTATOES, 1.45-1.8 KG",8.0,2026-07-23T00:00:00-04:00,2026-07-29T23:59:59-04:00
Atlantic Superstore,8036650,"PC® NUTRITION FIRST® CAT FOOD, 2 KG",14.0,2026-07-23T00:00:00-04:00,2026-07-29T23:59:59-04:00
Atlantic Superstore,8036650,"LOCAL ATLANTIC STRAWBERRIES, QUART",6.0,2026-07-23T00:00:00-04:00,2026-07-29T23:59:59-04:00
Atlantic Superstore,8036650,"VITAMALT MALT BEVERAGE, 330 ML",1.5,2026-07-23T00:00:00-04:00,2026-07-29T23:59:59-04:00
Atlantic Superstore,8036650,"FRANK'S REDHOT SAUCE, 354 ML",5.0,2026-07-23T00:00:00-04:00,2026-07-29T23:59:59-04:00
Atlantic Superstore,8036650,"GALBANI MOZZARELLA FRESCA, 227 g",7.0,2026-07-23T00:00:00-04:00,2026-07-29T23:59:59-04:00
Atlantic Superstore,8036650,NO NAME® UTILITY LIGHTER,1.5,2026-07-23T00:00:00-04:00,2026-07-29T23:59:59-04:00
Atlantic Superstore,8036650,"BLUE DRAGON NOODLES, 300 g",3.5,2026-07-23T00:00:00-04:00,2026-07-29T23:59:59-04:00
Atlantic Superstore,8036650,"FONTAINE SANTÉ TOFU, 400 G",6.0,2026-07-23T00:00:00-04:00,2026-07-29T23:59:59-04:00
Atlantic Superstore,8036650,"MAPLE LODGE FARMS CHICKEN BACON OR ZABIHA HALAL BREAKFAST CHICKEN STRIPS, 375 g",5.0,2026-07-23T00:00:00-04:00,2026-07-29T23:59:59-04:00
Atlantic Superstore,8036650,SWEET ONIONS,2.5,2026-07-23T00:00:00-04:00,2026-07-29T23:59:59-04:00
Atlantic Superstore,8036650,"PC® DELI CHEESE BLOCKS, 250 G",8.0,2026-07-23T00:00:00-04:00,2026-07-29T23:59:59-04:00
Atlantic Superstore,8036650,BLUE DRAGON CURRY PASTE,4.0,2026-07-23T00:00:00-04:00,2026-07-29T23:59:59-04:00
Atlantic Superstore,8036650,"PEPSICO BEVERAGES, 6x222 ml",10.0,2026-07-23T00:00:00-04:00,2026-07-29T23:59:59-04:00
Atlantic Superstore,8036650,"TIDE LAUNDRY DETERGENT, 3.46-3.9 L, TIDE POWER PODS OR GAIN SUPER FLINGS, 45'S, TIDE PODS OR GAIN FLINGS, 57-76'S, OR BEADS 751-853 G",20.0,2026-07-23T00:00:00-04:00,2026-07-29T23:59:59-04:00
Atlantic Superstore,8036650,"PC® CRACKERS, 225 G, BUTTER TWISTS, 100 G, PITA CRACKERS, 142 G OR SCALLOPED CRACKERS, 185 G",2.5,2026-07-23T00:00:00-04:00,2026-07-29T23:59:59-04:00
Atlantic Superstore,8036650,"ZIGGY'S DELI SERVICE CASE, SLICED MEAT, 200 G",5.0,2026-07-23T00:00:00-04:00,2026-07-29T23:59:59-04:00
Atlantic Superstore,8036650,CELERY,4.0,2026-07-23T00:00:00-04:00,2026-07-29T23:59:59-04:00
Atlantic Superstore,8036650,"BLACK DIAMOND CHEESE SNACKS, 12/16'S, 252-336 G",5.97,2026-07-23T00:00:00-04:00,2026-07-29T23:59:59-04:00
Atlantic Superstore,8036650,"CESAR DOG FOOD, 12'S",16.99,2026-07-23T00:00:00-04:00,2026-07-29T23:59:59-04:00
Atlantic Superstore,8036650,"GATORADE SPORTS DRINK, 6X591 ML",13.0,2026-07-23T00:00:00-04:00,2026-07-29T23:59:59-04:00
Atlantic Superstore,8036650,"KELLOGG'S JUMBO CEREAL, 700 G-1.05 KG",9.99,2026-07-23T00:00:00-04:00,2026-07-29T23:59:59-04:00
Atlantic Superstore,8036650,"BODY WASH, 591-710 ML OR BAR SOAP, 6X106 G",10.0,2026-07-23T00:00:00-04:00,2026-07-29T23:59:59-04:00
Atlantic Superstore,8036650,"PC® PEANUTS, 700 G",6.5,2026-07-23T00:00:00-04:00,2026-07-29T23:59:59-04:00
Atlantic Superstore,8036650,"LIBERTÉ MÉDITERRANÉE, 500 G",4.5,2026-07-23T00:00:00-04:00,2026-07-29T23:59:59-04:00
Atlantic Superstore,8036650,"AYLMER TOMATOES, 796 ML OR ACCENTS TOMATOES, 540 ML",2.5,2026-07-23T00:00:00-04:00,2026-07-29T23:59:59-04:00
Atlantic Superstore,8036650,"MAPLE LODGE FARMS OR ZABIHA HALAL CHICKEN WIENERS, 375-450 G, MAPLE LODGE FARMS OR ZABIHA HALAL CHICKEN BOLOGNA, 375-450 G",2.0,2026-07-23T00:00:00-04:00,2026-07-29T23:59:59-04:00
Atlantic Superstore,8036650,"T&T POTSTICKERS, 567 G",4.99,2026-07-23T00:00:00-04:00,2026-07-29T23:59:59-04:00
Atlantic Superstore,8036650,"PC® DINNER NAPKINS, 180 SHEETS",8.0,2026-07-23T00:00:00-04:00,2026-07-29T23:59:59-04:00
Atlantic Superstore,8036650,"BUBLY® SPARKLING WATER, 12x355 mL",15.0,2026-07-23T00:00:00-04:00,2026-07-29T23:59:59-04:00
Atlantic Superstore,8036650,"PC® PACIFIC WHITE SHRIMP PLATTER WITH MILD COCKTAIL SAUCE, 568 G",19.0,2026-07-23T00:00:00-04:00,2026-07-29T23:59:59-04:00
Atlantic Superstore,8036650,"NESTEA ICED TEA, 12X341 ML",7.99,2026-07-23T00:00:00-04:00,2026-07-29T23:59:59-04:00
Atlantic Superstore,8036650,"IN-STORE PREPARED CEASER WRAP TRAY, 6 PK",16.0,2026-07-23T00:00:00-04:00,2026-07-29T23:59:59-04:00
Atlantic Superstore,8036650,"SNACKISH HIGH PROTEIN POTATO CHIPS, 142 G",4.0,2026-07-23T00:00:00-04:00,2026-07-29T23:59:59-04:00
Atlantic Superstore,8036650,"PC® NUTRITION FIRST PREMIUM DOG FOOD, 7 KG",35.0,2026-07-23T00:00:00-04:00,2026-07-29T23:59:59-04:00
Atlantic Superstore,8036650,BULK ROMA TOMATOES,2.5,2026-07-23T00:00:00-04:00,2026-07-29T23:59:59-04:00
Atlantic Superstore,8036650,"BLUE DRAGON COCONUT MILK, 400 ML",3.5,2026-07-23T00:00:00-04:00,2026-07-29T23:59:59-04:00
Atlantic Superstore,8036650,"PC® DE-ALCOHOLIZED BEER, 12 X 355 ML",9.0,2026-07-23T00:00:00-04:00,2026-07-29T23:59:59-04:00
Atlantic Superstore,8036650,"MAPLE LEAF SMOKED HAM, 600 G",10.0,2026-07-23T00:00:00-04:00,2026-07-29T23:59:59-04:00
Atlantic Superstore,8036650,PC® FREE FROM AUSTRALIAN BONELESS LAMB LEG,12.0,2026-07-23T00:00:00-04:00,2026-07-29T23:59:59-04:00
Atlantic Superstore,8036650,"PC® OR BLUE MENU® TORTILLAS, 10 INCH, 342/650 G",3.75,2026-07-23T00:00:00-04:00,2026-07-29T23:59:59-04:00
Atlantic Superstore,8036650,GREENHOUSE BEEFSTEAK TOMATOES,2.5,2026-07-23T00:00:00-04:00,2026-07-29T23:59:59-04:00
Atlantic Superstore,8036650,"ROYALE TOILET PAPER, 30-60 ROLLS",20.0,2026-07-23T00:00:00-04:00,2026-07-29T23:59:59-04:00
Atlantic Superstore,8036650,"ALWAYS FLEX FOAM PADS, 18-36'S",10.0,2026-07-23T00:00:00-04:00,2026-07-29T23:59:59-04:00
Atlantic Superstore,8036650,"NO NAME® BIRCH CUTLERY, 30'S",2.0,2026-07-23T00:00:00-04:00,2026-07-29T23:59:59-04:00
Atlantic Superstore,8036650,"14 PIECE WINGS, 861-933 G",16.0,2026-07-23T00:00:00-04:00,2026-07-29T23:59:59-04:00
Atlantic Superstore,8036650,"FAMILY SIZE SALADS, 665-901 G",18.0,2026-07-23T00:00:00-04:00,2026-07-29T23:59:59-04:00
Atlantic Superstore,8036650,"HOSTESS CUPCAKES OR CAKES, 202/206 G",2.95,2026-07-23T00:00:00-04:00,2026-07-29T23:59:59-04:00
Atlantic Superstore,8036650,"SCOTSBURN OR BAXTER CREAM, 1 L",4.0,2026-07-23T00:00:00-04:00,2026-07-29T23:59:59-04:00
Atlantic Superstore,8036650,"IN-STORE PREPARED CAESAR WRAP TRAY, 3'S",16.0,2026-07-23T00:00:00-04:00,2026-07-29T23:59:59-04:00
Atlantic Superstore,8036650,EVERYDAY ESSENTIALS™ COMFORTER SET,20.0,2026-07-23T00:00:00-04:00,2026-07-29T23:59:59-04:00
Atlantic Superstore,8036650,"NO NAME® NATURALLY IMPERFECT™ AVOCADO, 2.2 LB BAG",7.0,2026-07-23T00:00:00-04:00,2026-07-29T23:59:59-04:00
Atlantic Superstore,8036650,"PC® DISH SOAP, 638 ML/739 ML/1 L",1.75,2026-07-23T00:00:00-04:00,2026-07-29T23:59:59-04:00
Atlantic Superstore,8036650,"PÂTES BARILLA, 34-410 G",2.0,2026-07-23T00:00:00-04:00,2026-07-29T23:59:59-04:00
Atlantic Superstore,8036650,"KRAFT PEANUT BUTTER, 750 G/1 KG",4.97,2026-07-23T00:00:00-04:00,2026-07-29T23:59:59-04:00
Atlantic Superstore,8036650,NO NAME® ICE MILK,4.0,2026-07-23T00:00:00-04:00,2026-07-29T23:59:59-04:00
Atlantic Superstore,8036650,FRESH RAINBOW TROUT FILLETS,12.0,2026-07-23T00:00:00-04:00,2026-07-29T23:59:59-04:00
Atlantic Superstore,8036650,NAVEL ORANGES,2.0,2026-07-23T00:00:00-04:00,2026-07-29T23:59:59-04:00
Atlantic Superstore,8036650,"PC® NUTRITION FIRST™ CAT FOOD, 4 KG",25.0,2026-07-23T00:00:00-04:00,2026-07-29T23:59:59-04:00
Atlantic Superstore,8036650,"AMAZING BUBBLES WANDS, 5'S",3.0,2026-07-23T00:00:00-04:00,2026-07-29T23:59:59-04:00
Atlantic Superstore,8036650,TOMO STATIONERY,1.5,2026-07-23T00:00:00-04:00,2026-07-29T23:59:59-04:00
Atlantic Superstore,8036650,"PC SEAFOOD BAKE, 810 G OR TRUE NORTH SCALLOP MEDALLIONS, 454 G",20.0,2026-07-23T00:00:00-04:00,2026-07-29T23:59:59-04:00
Atlantic Superstore,8036650,NO NAME® OR HALAL WHOLE CHICKEN,2.99,2026-07-23T00:00:00-04:00,2026-07-29T23:59:59-04:00
Atlantic Superstore,8036650,"HARDBITE POTATO CHIPS, 128-150 G",3.0,2026-07-23T00:00:00-04:00,2026-07-29T23:59:59-04:00
Atlantic Superstore,8036650,CARNATIONS BUNCH,10.0,2026-07-23T00:00:00-04:00,2026-07-29T23:59:59-04:00
Atlantic Superstore,8036650,"KELLOGG'S FAMILY SIZE CEREAL, 450-650 G",5.5,2026-07-23T00:00:00-04:00,2026-07-29T23:59:59-04:00
Atlantic Superstore,8036650,"THE SNACK FACTORY PRETZEL CRISPS DRIZZLERS CHOCOLATE PRETZELS, 155 G",7.0,2026-07-23T00:00:00-04:00,2026-07-29T23:59:59-04:00
Atlantic Superstore,8036650,"PC® CREAM PIE, 730 G",12.0,2026-07-23T00:00:00-04:00,2026-07-29T23:59:59-04:00
Atlantic Superstore,8036650,PC® GREEN OR RED SEEDLESS GRAPES,2.99,2026-07-23T00:00:00-04:00,2026-07-29T23:59:59-04:00
Atlantic Superstore,8036650,MARINATED PORK TENDERLOIN,5.0,2026-07-23T00:00:00-04:00,2026-07-29T23:59:59-04:00
Atlantic Superstore,8036650,"BABY GOURMET ORGANIC PURÉE POUCHES, 128 ML",10.0,2026-07-23T00:00:00-04:00,2026-07-29T23:59:59-04:00
Atlantic Superstore,8036650,INSIDE ROUND STEAK OR ROAST,7.99,2026-07-23T00:00:00-04:00,2026-07-29T23:59:59-04:00
Atlantic Superstore,8036650,LIFE AT HOME™ NOVELTY CUSHIONS,15.0,2026-07-23T00:00:00-04:00,2026-07-29T23:59:59-04:00
Atlantic Superstore,8036650,"GRACE ISLAND SODAS, 355 ML OR PLANTAIN CHIPS, 85 G",0.99,2026-07-23T00:00:00-04:00,2026-07-29T23:59:59-04:00
Atlantic Superstore,8036650,"FARMER'S MARKET™ CUPCAKES, 284/318 G",4.0,2026-07-23T00:00:00-04:00,2026-07-29T23:59:59-04:00
Atlantic Superstore,8036650,"PC® PASTA SAUCE, 410-600 ML",3.0,2026-07-23T00:00:00-04:00,2026-07-29T23:59:59-04:00
Atlantic Superstore,8036650,EXTRA LEAN GROUND BEEF,11.0,2026-07-23T00:00:00-04:00,2026-07-29T23:59:59-04:00
Atlantic Superstore,8036650,"GRACE COCONUT MILK, 400 ML, PURE CREAMED COCONUT, 141 G OR SWEETENED CONDENSED WHITENER, 297 ML",1.5,2026-07-23T00:00:00-04:00,2026-07-29T23:59:59-04:00
Atlantic Superstore,8036650,"PC® NUTRITON FIRST® DOG TREATS SWEET POTATO OR APPLE, 240/270 G",8.0,2026-07-23T00:00:00-04:00,2026-07-29T23:59:59-04:00
Atlantic Superstore,8036650,"OWALA FREESIP BOTTLES, 24 OZ",40.0,2026-07-23T00:00:00-04:00,2026-07-29T23:59:59-04:00
Atlantic Superstore,8036650,"PC® LIGHT WEIGHT CAT LITTER, 3.86 KG",11.0,2026-07-23T00:00:00-04:00,2026-07-29T23:59:59-04:00
Atlantic Superstore,8036650,MILLIE MOON CLUB PACK DIAPERS,25.0,2026-07-23T00:00:00-04:00,2026-07-29T23:59:59-04:00
Atlantic Superstore,8036650,"PC® NATURAL SPRING WATER, 24X500 ML",7.0,2026-07-23T00:00:00-04:00,2026-07-29T23:59:59-04:00
Atlantic Superstore,8036650,"ROBIN HOOD OR FIVE ROSES FLOUR, 2.5 KG",5.5,2026-07-23T00:00:00-04:00,2026-07-29T23:59:59-04:00
Atlantic Superstore,8036650,"CHEETOS SNACKS, 180-285 G",4.0,2026-07-23T00:00:00-04:00,2026-07-29T23:59:59-04:00
Atlantic Superstore,8036650,"PC MEATBALLS, 907 G",18.0,2026-07-23T00:00:00-04:00,2026-07-29T23:59:59-04:00
Atlantic Superstore,8036650,"GATORADE PERFORM®/ G ZERO POWDER STICKS, 10x3 g",7.99,2026-07-23T00:00:00-04:00,2026-07-29T23:59:59-04:00
Atlantic Superstore,8036650,"ROOSTER™ GARLIC, 3'S",0.88,2026-07-23T00:00:00-04:00,2026-07-29T23:59:59-04:00
Atlantic Superstore,8036650,"PC® WOOD-FIRED PIZZA, 351-413 G OR DR. OETKER GIUSEPPE PIZZA, 439-785 G",5.0,2026-07-23T00:00:00-04:00,2026-07-29T23:59:59-04:00
Atlantic Superstore,8036650,"KRAFT BBQ SAUCE, 455 ML",2.78,2026-07-23T00:00:00-04:00,2026-07-29T23:59:59-04:00
Atlantic Superstore,8036650,"CHRISTIE COOKIES, 224-303 G",3.0,2026-07-23T00:00:00-04:00,2026-07-29T23:59:59-04:00
Atlantic Superstore,8036650,"HEAD & SHOULDERS SHAMPOO, 370 ML OR CONDITIONER, 315-325 ML",6.0,2026-07-23T00:00:00-04:00,2026-07-29T23:59:59-04:00
Atlantic Superstore,8036650,"PC® BONELESS SKINLESS CHICKEN BREAST, 5'S, UP TO 1.10 KG",21.0,2026-07-23T00:00:00-04:00,2026-07-29T23:59:59-04:00
Atlantic Superstore,8036650,"CHAPMAN'S PREMIUM ICE CREAM, FROZEN YOGURT, SORBET 2 L OR SUPER SANDWICHES, CONES OR NOVELTIES 8-20'S",5.5,2026-07-23T00:00:00-04:00,2026-07-29T23:59:59-04:00
Atlantic Superstore,8036650,"COCA-COLA OR PEPSI SOFT DRINKS, 24X355 ML",12.99,2026-07-23T00:00:00-04:00,2026-07-29T23:59:59-04:00
Atlantic Superstore,8036650,"ENFAGROW NUTRITIONAL SUPPLEMENT MILK-BASED POWDER 1-5 YEARS, 907 G",37.0,2026-07-23T00:00:00-04:00,2026-07-29T23:59:59-04:00
Atlantic Superstore,8036650,"CINNAMON RAISIN BREAD, 468 G",3.5,2026-07-23T00:00:00-04:00,2026-07-29T23:59:59-04:00
Atlantic Superstore,8036650,"NO NAME™ FROZEN FRUIT, 300/400 G",3.0,2026-07-23T00:00:00-04:00,2026-07-29T23:59:59-04:00
Atlantic Superstore,8036650,"PC® BUTTERMILK BREADED CHICKEN BREAST STRIPS, 907 G",19.0,2026-07-23T00:00:00-04:00,2026-07-29T23:59:59-04:00
Atlantic Superstore,8036650,"PC® READY VEGGIE CUTS, 350-500 G OR MCCAIN SUPERFRIES, FRENCH FRIES OR HASHBROWNS, 800 G",3.0,2026-07-23T00:00:00-04:00,2026-07-29T23:59:59-04:00
Atlantic Superstore,8036650,"DOVE DRY SPRAY, 107/113 G, WOMEN'S PREMIUM, 74 G OR ALUMINUM FREE, 74/85 G DEODORANT",8.0,2026-07-23T00:00:00-04:00,2026-07-29T23:59:59-04:00
Atlantic Superstore,8036650,"CALEDON FARMS BAKED TREATS, 90-265 G",6.0,2026-07-23T00:00:00-04:00,2026-07-29T23:59:59-04:00
Atlantic Superstore,8036650,PC ULTRA SHAKES READY TO DRINK SHAKES,12.0,2026-07-23T00:00:00-04:00,2026-07-29T23:59:59-04:00
Atlantic Superstore,8036650,"BECEL MARGARINE, 637/800 G",7.0,2026-07-23T00:00:00-04:00,2026-07-29T23:59:59-04:00
Atlantic Superstore,8036650,"BEN & JERRY'S ICE CREAM OR FROZEN DESSERT, 473 ML OR MAGNUM BARS, 3/4'S",5.0,2026-07-23T00:00:00-04:00,2026-07-29T23:59:59-04:00
Atlantic Superstore,8036650,"SIMILAC 360 TOTAL CARE MILK-BASED IRON-FORTIFIED INFANT FORMULA STEP 1 0-12 MONTHS OR STEP 2 6-24 MONTHS, 16X235 ML",70.0,2026-07-23T00:00:00-04:00,2026-07-29T23:59:59-04:00
Atlantic Superstore,8036650,"CRAYOLA SUPER TIPS MARKERS, ORIGINAL COLOURS, 20'S OR ULTRA CLEAN WASHABLE BROAD LINE MARKERS, CLASSIC COLOURS, 10'S",2.0,2026-07-23T00:00:00-04:00,2026-07-29T23:59:59-04:00
Atlantic Superstore,8036650,"HEAT AND TOSS MINI DONUTS, 320 G",5.0,2026-07-23T00:00:00-04:00,2026-07-29T23:59:59-04:00
Atlantic Superstore,8036650,"GERBER INFANT CEREAL, 227 G",11.0,2026-07-23T00:00:00-04:00,2026-07-29T23:59:59-04:00
Atlantic Superstore,8036650,NUTRIBULLET MAGIC BULLET 17-PIECE BLENDER,50.0,2026-07-23T00:00:00-04:00,2026-07-29T23:59:59-04:00
Atlantic Superstore,8036650,"NO NAME® TOMATOES, 2.5 LB",6.0,2026-07-23T00:00:00-04:00,2026-07-29T23:59:59-04:00
Atlantic Superstore,8036650,"HEINZ PASTA OR BEANS, 398 ML",1.39,2026-07-23T00:00:00-04:00,2026-07-29T23:59:59-04:00
Atlantic Superstore,8036650,"OCEAN'S LIGHT TUNA OR GOLD SEAL SALMON FLAVOUR, 80-170 G",1.5,2026-07-23T00:00:00-04:00,2026-07-29T23:59:59-04:00
Atlantic Superstore,8036650,"GENERAL MILLS CEREAL, 475-778 G",6.0,2026-07-23T00:00:00-04:00,2026-07-29T23:59:59-04:00
Atlantic Superstore,8036650,"Z-GRIP RETRACTABLE BALLPOINT PENS BLUE, BLACK OR RED 4 PACK OR Z-GRIP RETRACTABLE BALLPOINT PENS SMOOTH, SOFT TOUCH OR ICE CREAM BARREL, BLACK, 3 PACK",2.5,2026-07-23T00:00:00-04:00,2026-07-29T23:59:59-04:00
Atlantic Superstore,8036650,EVERYDAY ESSENTIALS™ KITCHEN GADGETS,2.0,2026-07-23T00:00:00-04:00,2026-07-29T23:59:59-04:00
Atlantic Superstore,8036650,"COLGATE TOTAL OR SENSITIVE PRO-RELIEF TOOTHPASTE, COLGATE, 360 OR PERIOGARD MANUAL TOOTHBRUSHES, 1 EA, OR COLGATE KIDS MOUTHWASH, 500 ML",5.25,2026-07-23T00:00:00-04:00,2026-07-29T23:59:59-04:00
Atlantic Superstore,8036650,"IN-STORE PREPARED ONE PAN FAMILY MEALS, 440-960 G",16.0,2026-07-23T00:00:00-04:00,2026-07-29T23:59:59-04:00
Atlantic Superstore,8036650,"ALLEN'S JUICE OR COCKTAILS 1 L OR OASIS JUICE OR HYDRAFRUIT BEVERAGES, DEL MONTE NECTARS OR ARIZONA ICED TEA 960 ML",1.5,2026-07-23T00:00:00-04:00,2026-07-29T23:59:59-04:00
Atlantic Superstore,8036650,"PC® MINI MUFFINS, 336 G",5.0,2026-07-23T00:00:00-04:00,2026-07-29T23:59:59-04:00
Atlantic Superstore,8036650,"SOURDOUGH LOAF, 404 G",3.5,2026-07-23T00:00:00-04:00,2026-07-29T23:59:59-04:00
Atlantic Superstore,8036650,"PC® TORTILLA CHIPS, 320-350 G",2.5,2026-07-23T00:00:00-04:00,2026-07-29T23:59:59-04:00
Atlantic Superstore,8036650,"PAMPERS SWADDLERS OR CRUISERS 360° DIAPERS, 92-192'S",45.0,2026-07-23T00:00:00-04:00,2026-07-29T23:59:59-04:00
Atlantic Superstore,8036650,"NO NAME® CANOLA OR VEGETABLE OIL, 3 L",10.0,2026-07-23T00:00:00-04:00,2026-07-29T23:59:59-04:00
Atlantic Superstore,8036650,"PC® OR BLUE MENU® SPARKLING WATER, 12X355 ML",5.75,2026-07-23T00:00:00-04:00,2026-07-29T23:59:59-04:00
Atlantic Superstore,8036650,"HEINEKEN 0.0% ALCOHOL FREE BEER, 6X330 ML",9.99,2026-07-23T00:00:00-04:00,2026-07-29T23:59:59-04:00
Atlantic Superstore,8036650,"PC ORGANICS ANIMAL COOKIES, 250 G",4.5,2026-07-23T00:00:00-04:00,2026-07-29T23:59:59-04:00
Atlantic Superstore,8036650,"PC BLACK LABEL ICE CREAM, 500 ML",4.5,2026-07-23T00:00:00-04:00,2026-07-29T23:59:59-04:00
Atlantic Superstore,8036650,"GRACE PEANUT PUNCH, 240 ML OR WIBISCO SHIRLEY BISCUITS, 100 G",1.25,2026-07-23T00:00:00-04:00,2026-07-29T23:59:59-04:00
Atlantic Superstore,8036650,"STAGG CHILI, 425 G",9.99,2026-07-23T00:00:00-04:00,2026-07-29T23:59:59-04:00
Atlantic Superstore,8036650,"NO NAME® THIN CRUST PIZZA OR CHEESY GARLIC FINGERS, 295 G/369-411 G",3.5,2026-07-23T00:00:00-04:00,2026-07-29T23:59:59-04:00
Atlantic Superstore,8036650,"NESTLÉ DRUMSTICK 4-6's, CONFECTIONARY NOVELTIES 5-10'S OR TUBS 1.5 L,",4.0,2026-07-23T00:00:00-04:00,2026-07-29T23:59:59-04:00
Atlantic Superstore,8036650,"FARMER'S MARKET™ RUSSET POTATOES, 10 LB",4.0,2026-07-23T00:00:00-04:00,2026-07-29T23:59:59-04:00
Atlantic Superstore,8036650,"BIC 4-COLOUR RETRACTABLE FASHION BALLPOINT PENS 1.0MM, 2'S OR BIC BRITE LINER GRIP PASTEL HIGHLIGHTERS, 6'S",5.0,2026-07-23T00:00:00-04:00,2026-07-29T23:59:59-04:00
Atlantic Superstore,8036650,"CADBURY CARAMILK OR DAIRY MILK CHOCOLATE BARS, 80-305 G",2.75,2026-07-23T00:00:00-04:00,2026-07-29T23:59:59-04:00
Atlantic Superstore,8036650,"DYNA WHEY PROTEIN POWDER, 1080 G",30.0,2026-07-23T00:00:00-04:00,2026-07-29T23:59:59-04:00
Atlantic Superstore,8036650,"PC® BABY WIPES, 768/1200'S",20.0,2026-07-23T00:00:00-04:00,2026-07-29T23:59:59-04:00
Atlantic Superstore,8036650,"LARSEN EXTRA LEAN SMOKED BONELESS HAM SLICES, 375 G",7.0,2026-07-23T00:00:00-04:00,2026-07-29T23:59:59-04:00
Atlantic Superstore,8036650,CANTALOUPES,5.0,2026-07-23T00:00:00-04:00,2026-07-29T23:59:59-04:00
Atlantic Superstore,8036650,"GENERAL MILLS OATMEAL CRISP, CHEX OR NATURE VALLEY GRANOLA, 310 - 437 G",5.0,2026-07-23T00:00:00-04:00,2026-07-29T23:59:59-04:00
Atlantic Superstore,8036650,"BATISTE DRY SHAMPOO, 200 ML",9.0,2026-07-23T00:00:00-04:00,2026-07-29T23:59:59-04:00
Atlantic Superstore,8036650,"NO NAME® NATURALLY IMPERFECT™ SWEET PEPPERS, 2.5 LB",6.0,2026-07-23T00:00:00-04:00,2026-07-29T23:59:59-04:00
Atlantic Superstore,8036650,"GARNIER WHOLE BLENDS SHAMPOO, CONDITIONER, 650 ML OR TREATMENT",9.0,2026-07-23T00:00:00-04:00,2026-07-29T23:59:59-04:00
Atlantic Superstore,8036650,NICE 'N EASY OR NATURAL INSTINCTS HAIR COLOUR OR ROOT TOUCH UP,8.0,2026-07-23T00:00:00-04:00,2026-07-29T23:59:59-04:00
Atlantic Superstore,8036650,"PC® NAAN DIPPERS OR NAAN CRISP CRACKERS, 170/200 G",6.0,2026-07-23T00:00:00-04:00,2026-07-29T23:59:59-04:00
Atlantic Superstore,8036650,"NO NAME® NATURALLY IMPERFECT™ PEARS, 3 LB",6.0,2026-07-23T00:00:00-04:00,2026-07-29T23:59:59-04:00
Atlantic Superstore,8036650,RAWLINGS SPORTS BALLS,12.0,2026-07-23T00:00:00-04:00,2026-07-29T23:59:59-04:00
Atlantic Superstore,8036650,KIWI,9.0,2026-07-23T00:00:00-04:00,2026-07-29T23:59:59-04:00
Atlantic Superstore,8036650,"SENSODYNE OR PRONAMEL BASE TOOTHPASTE, 75/100 ML",5.25,2026-07-23T00:00:00-04:00,2026-07-29T23:59:59-04:00
No Frills,8036768,"TRE STELLE MOZZARELLA BALL, 340 g",7.0,2026-07-23T00:00:00-04:00,2026-07-29T23:59:59-04:00
No Frills,8036768,"ZIGGY'S® SLICED DELI MEAT, 175 g",3.25,2026-07-23T00:00:00-04:00,2026-07-29T23:59:59-04:00
No Frills,8036768,"GALLO EXTRA VIRGIN OLIVE OIL, 1 L",8.99,2026-07-23T00:00:00-04:00,2026-07-29T23:59:59-04:00
No Frills,8036768,"PC® WAFFLE CONES OR BOWLS, 205 G",5.0,2026-07-23T00:00:00-04:00,2026-07-29T23:59:59-04:00
No Frills,8036768,"DILL CUCUMBERS, 3L",6.99,2026-07-23T00:00:00-04:00,2026-07-29T23:59:59-04:00
No Frills,8036768,"RED BARON RISING CRUST, 740-775 g or FULLY LOADED PIZZA, 805-815 g",6.0,2026-07-23T00:00:00-04:00,2026-07-29T23:59:59-04:00
No Frills,8036768,"RED ROSE TE BAGS ORANGE PEKOE, 70'S",3.99,2026-07-23T00:00:00-04:00,2026-07-29T23:59:59-04:00
No Frills,8036768,"PC® VEGETABLES, 300-750 g",4.5,2026-07-23T00:00:00-04:00,2026-07-29T23:59:59-04:00
No Frills,8036768,"HERSHEY'S KING SIZE CHOCOLATE BAR, 62 - 83 G",1.5,2026-07-23T00:00:00-04:00,2026-07-29T23:59:59-04:00
No Frills,8036768,"GLAD GARBAGE BAGS, 10-52's",6.99,2026-07-23T00:00:00-04:00,2026-07-29T23:59:59-04:00
No Frills,8036768,"YOPLAIT SOURCE or CREAMY YOGURT CUPS, 16x100 g, LIBERTÉ GREEK YOGURT, 650/750 g or MÉDITERRANÉE YOGURT, 900 g",7.0,2026-07-23T00:00:00-04:00,2026-07-29T23:59:59-04:00
No Frills,8036768,"SENSODYNE TOOTHPASTE, 75/100 ml",5.0,2026-07-23T00:00:00-04:00,2026-07-29T23:59:59-04:00
No Frills,8036768,"TRE STELLE CUBES FETA or BOCCONCINI, 200 g, MASCARPONE, 275 g or RICOTTA, 475 g",5.5,2026-07-23T00:00:00-04:00,2026-07-29T23:59:59-04:00
No Frills,8036768,"SEAQUEST® RAW WHITE COLOSSAL SHRIMP, 16-20 per lb, 300 g",8.0,2026-07-23T00:00:00-04:00,2026-07-29T23:59:59-04:00
No Frills,8036768,"BICK'S PICKLES, 1 L",4.99,2026-07-23T00:00:00-04:00,2026-07-29T23:59:59-04:00
No Frills,8036768,"CAMPBELL'S CHUNKY SOUP, 515 mL",2.5,2026-07-23T00:00:00-04:00,2026-07-29T23:59:59-04:00
No Frills,8036768,GREEN ZUCCHINI,1.99,2026-07-23T00:00:00-04:00,2026-07-29T23:59:59-04:00
No Frills,8036768,"OLD EL PASO REFRIED BEANS, 398 mL, SHELLS, 125/133 g or TORTILLAS, 297-334 g",2.0,2026-07-23T00:00:00-04:00,2026-07-29T23:59:59-04:00
No Frills,8036768,"PHILADELPHIA CREAM CHEESE PRODUCT, 227/250 g",3.99,2026-07-23T00:00:00-04:00,2026-07-29T23:59:59-04:00
No Frills,8036768,"UNICO TOMATO PASTE, 156 mL",1.0,2026-07-23T00:00:00-04:00,2026-07-29T23:59:59-04:00
No Frills,8036768,"IMPERIAL MARGARINE, 1.2 kg",6.99,2026-07-23T00:00:00-04:00,2026-07-29T23:59:59-04:00
No Frills,8036768,"LECLERC CÉLÉBRATION COOKIES, 200/240 g",3.0,2026-07-23T00:00:00-04:00,2026-07-29T23:59:59-04:00
No Frills,8036768,"NO NAME® SOUR CREAM, 500 mL",2.99,2026-07-23T00:00:00-04:00,2026-07-29T23:59:59-04:00
No Frills,8036768,TOMATOES ON THE VINE,1.99,2026-07-23T00:00:00-04:00,2026-07-29T23:59:59-04:00
No Frills,8036768,"NO NAME® NATURALLY IMPERFECT™ LIMES, 680 BAG",5.0,2026-07-23T00:00:00-04:00,2026-07-29T23:59:59-04:00
No Frills,8036768,"ADVIL or CHILDREN'S ADVIL PAIN PRODUCTS, 24 mL/100 mL/ 24-50's",10.0,2026-07-23T00:00:00-04:00,2026-07-29T23:59:59-04:00
No Frills,8036768,"TUMS ANTACID FOR HEARTBURN RELIEF PRODUCT, 60-100's or 28-32's CHEWABLE TABLETS",5.5,2026-07-23T00:00:00-04:00,2026-07-29T23:59:59-04:00
No Frills,8036768,"WHOLE SEEDLESS WATERMELON, 9 LB AVERAGE",6.99,2026-07-23T00:00:00-04:00,2026-07-29T23:59:59-04:00
No Frills,8036768,"ASTRO, 650/750 G, NANO BUBBLES OR POUCHES, 4X90/100 G YOGURT",3.48,2026-07-23T00:00:00-04:00,2026-07-29T23:59:59-04:00
No Frills,8036768,SISTEMA STARTER KIT,12.0,2026-07-23T00:00:00-04:00,2026-07-29T23:59:59-04:00
No Frills,8036768,"BLUEBERRIES, PINT",3.99,2026-07-23T00:00:00-04:00,2026-07-29T23:59:59-04:00
No Frills,8036768,"NEOCITRAN POWDER, 10's or BUCKLEY'S SYRUPS, 150 mL",13.0,2026-07-23T00:00:00-04:00,2026-07-29T23:59:59-04:00
No Frills,8036768,BROCCOLI CROWNS,2.49,2026-07-23T00:00:00-04:00,2026-07-29T23:59:59-04:00
No Frills,8036768,"NO NAME® NAPKINS, 500's",5.49,2026-07-23T00:00:00-04:00,2026-07-29T23:59:59-04:00
No Frills,8036768,"NO NAME® TORTILLA CHIPS, 200 G",2.5,2026-07-23T00:00:00-04:00,2026-07-29T23:59:59-04:00
No Frills,8036768,"HEINZ KETCHUP, 750 ML/1 L",4.99,2026-07-23T00:00:00-04:00,2026-07-29T23:59:59-04:00
No Frills,8036768,"FRENCH'S MUSTARD, 325/400 ML",2.7,2026-07-23T00:00:00-04:00,2026-07-29T23:59:59-04:00
No Frills,8036768,"AVOCADOS, PKG OF 5",3.49,2026-07-23T00:00:00-04:00,2026-07-29T23:59:59-04:00
No Frills,8036768,"NO NAME® NATURALLY IMPERFECT™ ENGLISH CUCUMBERS, 3 LB BAG",5.0,2026-07-23T00:00:00-04:00,2026-07-29T23:59:59-04:00
No Frills,8036768,EVERYDAY ESSENTIALS™ 3 PIECE KNIFE SET,7.0,2026-07-23T00:00:00-04:00,2026-07-29T23:59:59-04:00
No Frills,8036768,"ZUKE'S NATURAL DOG TREATS, 170 g",8.5,2026-07-23T00:00:00-04:00,2026-07-29T23:59:59-04:00
No Frills,8036768,GREEN CABBAGE,0.99,2026-07-23T00:00:00-04:00,2026-07-29T23:59:59-04:00
No Frills,8036768,CASTELLO BLUE or CLASSIC HAVARTI 300 G,5.0,2026-07-23T00:00:00-04:00,2026-07-29T23:59:59-04:00
No Frills,8036768,"IRISH SPRING BODY WASH 591 mL, BAR SOAP 6x104 g or SOFTSOAP BODY WASH 591 ml",4.5,2026-07-23T00:00:00-04:00,2026-07-29T23:59:59-04:00
No Frills,8036768,"QUAKER DIPPS or CHEWY GRANOLA BARS, 120-156 g",2.29,2026-07-23T00:00:00-04:00,2026-07-29T23:59:59-04:00
No Frills,8036768,"KELLOGG'S EGGO WAFFLES or PANCAKES 16x30g, EGGO PROTEIN WAFFLES 8x30g",6.0,2026-07-23T00:00:00-04:00,2026-07-29T23:59:59-04:00
No Frills,8036768,GRILL TIME CHARCOAL BRIQUETS,8.0,2026-07-23T00:00:00-04:00,2026-07-29T23:59:59-04:00
No Frills,8036768,"HELUVA GOOD! FRENCH ONION DIP, 680 g",4.99,2026-07-23T00:00:00-04:00,2026-07-29T23:59:59-04:00
No Frills,8036768,"STRAWBERRIES, 1 LB CLAMSHELL",4.99,2026-07-23T00:00:00-04:00,2026-07-29T23:59:59-04:00
No Frills,8036768,"CHRISTIE PEEK FREANS, FUDGEE-O, OREO OR CHIPS AHOY! COOKIES, 251-350 G",2.79,2026-07-23T00:00:00-04:00,2026-07-29T23:59:59-04:00
No Frills,8036768,GREEN OR RED SEEDLESS GRAPES,3.99,2026-07-23T00:00:00-04:00,2026-07-29T23:59:59-04:00
No Frills,8036768,"MR.FREEZE JUMBO FREEZE POPS, 60x150 mL",15.99,2026-07-23T00:00:00-04:00,2026-07-29T23:59:59-04:00
No Frills,8036768,"FARMER'S MARKET® CARROTS, 3 LB BAG",2.99,2026-07-23T00:00:00-04:00,2026-07-29T23:59:59-04:00
No Frills,8036768,"FARMER'S MARKET™ LEMONS, 2 LB BAG or ORANGES, 3 LB BAG",4.99,2026-07-23T00:00:00-04:00,2026-07-29T23:59:59-04:00
No Frills,8036768,"NO NAME® NATURALLY IMPERFECT™ APPLES, 6 LB BAG",7.0,2026-07-23T00:00:00-04:00,2026-07-29T23:59:59-04:00
No Frills,8036768,"VOLTAREN PAIN RELIEF CREAM, 100-150 G OR CENTRUM MULTIVITAMIN",15.0,2026-07-23T00:00:00-04:00,2026-07-29T23:59:59-04:00
No Frills,8036768,"NO NAME® LEMONADE OR ICED TEA, 1.75 L",2.5,2026-07-23T00:00:00-04:00,2026-07-29T23:59:59-04:00
No Frills,8036768,CHERRIES,4.99,2026-07-23T00:00:00-04:00,2026-07-29T23:59:59-04:00
No Frills,8036768,KALE,1.99,2026-07-23T00:00:00-04:00,2026-07-29T23:59:59-04:00
No Frills,8036768,"GATORADE SPORT DRINKS, 24x591 mL",21.5,2026-07-23T00:00:00-04:00,2026-07-29T23:59:59-04:00
No Frills,8036768,CANTALOUPE,3.99,2026-07-23T00:00:00-04:00,2026-07-29T23:59:59-04:00
No Frills,8036768,"LYSOL WIPES 75/84's, DISINFECTANT SPRAY 350 g, MULTI-PURPOSE TRIGGER 950 mL or EASY-OFF CLEANER 400 g/946 mL",5.5,2026-07-23T00:00:00-04:00,2026-07-29T23:59:59-04:00
No Frills,8036768,"FARMER'S MARKET™ YELLOW ONIONS, 3 LB BAG",3.49,2026-07-23T00:00:00-04:00,2026-07-29T23:59:59-04:00
No Frills,8036768,"PC® SAUSAGES or MAPLE LODGE FARMS ULTIMATE DINNER or BREAKFAST CHICKEN SAUSAGES, 375/500 g",6.49,2026-07-23T00:00:00-04:00,2026-07-29T23:59:59-04:00
No Frills,8036768,"CESAR WET DOG FOOD, 12X100 G",16.0,2026-07-23T00:00:00-04:00,2026-07-29T23:59:59-04:00
No Frills,8036768,"PC® BIGGER SIP BOTTLE, 1 L",10.0,2026-07-23T00:00:00-04:00,2026-07-29T23:59:59-04:00
No Frills,8036768,"NO NAME® NATURALLY IMPERFECT AVOCADO, 2.2 LB BAG",7.0,2026-07-23T00:00:00-04:00,2026-07-29T23:59:59-04:00
No Frills,8036768,"FARMER'S MARKET™ SWEET PEPPERS, PKG OF 4",4.99,2026-07-23T00:00:00-04:00,2026-07-29T23:59:59-04:00
No Frills,8036768,"HARTZ SQUEEZE UP LICKABLE TREAT FOR CATS, 20x14 g",13.0,2026-07-23T00:00:00-04:00,2026-07-29T23:59:59-04:00
No Frills,8036768,"TASSIMO MAXWELL HOUSE or NABOB COFFEE T-DISCS, 8-16's",7.99,2026-07-23T00:00:00-04:00,2026-07-29T23:59:59-04:00
No Frills,8036768,ENGLISH CUCUMBERS,1.49,2026-07-23T00:00:00-04:00,2026-07-29T23:59:59-04:00
No Frills,8036768,"SCOTSBURN or BAXTER CHOCOLATE MILK, 2 L",5.0,2026-07-23T00:00:00-04:00,2026-07-29T23:59:59-04:00
No Frills,8036768,"NO NAME® ICE MILK, 1.65 L",4.0,2026-07-23T00:00:00-04:00,2026-07-29T23:59:59-04:00
No Frills,8036768,"PC® WHOLE CREMINI OR WHITE MUSHROOMS, 227 G",1.99,2026-07-23T00:00:00-04:00,2026-07-29T23:59:59-04:00
No Frills,8036768,"ITALPASTA, 750 g",1.33,2026-07-23T00:00:00-04:00,2026-07-29T23:59:59-04:00
No Frills,8036768,"JANES PUB STYLE CHICKEN STRIPS, NUGGETS, BURGERS, FRIES OR POPCORN CHICKEN, 700 G",6.99,2026-07-23T00:00:00-04:00,2026-07-29T23:59:59-04:00
No Frills,8036768,"PC® DISHWASHER LIQUID, 638/739 mL",1.75,2026-07-23T00:00:00-04:00,2026-07-29T23:59:59-04:00
No Frills,8036768,"PC® TORTILLA CHIPS, 320-350 G",3.29,2026-07-23T00:00:00-04:00,2026-07-29T23:59:59-04:00
No Frills,8036768,TOP BLADE STEAK,11.0,2026-07-23T00:00:00-04:00,2026-07-29T23:59:59-04:00
No Frills,8036768,"LA GRILLE SEASONING or CLUB HOUSE BLENDS, 120-248 g",5.0,2026-07-23T00:00:00-04:00,2026-07-29T23:59:59-04:00
No Frills,8036768,RUTABAGAS,0.99,2026-07-23T00:00:00-04:00,2026-07-29T23:59:59-04:00
No Frills,8036768,"CATELLI GLUTEN-FREE PASTA, 300/340 G",2.79,2026-07-23T00:00:00-04:00,2026-07-29T23:59:59-04:00
No Frills,8036768,"OIKOS GREEK YOGURT, 4x100 g",3.5,2026-07-23T00:00:00-04:00,2026-07-29T23:59:59-04:00
No Frills,8036768,"BONELESS, SKINLESS, CHICKEN BREASTS, 3 PIECES",8.0,2026-07-23T00:00:00-04:00,2026-07-29T23:59:59-04:00
No Frills,8036768,"NO NAME® EVAPORATED MILK, 354 ml",1.75,2026-07-23T00:00:00-04:00,2026-07-29T23:59:59-04:00
No Frills,8036768,"ARLA LACTOSE FREE CREAM CHEESE, 200 g",2.99,2026-07-23T00:00:00-04:00,2026-07-29T23:59:59-04:00
No Frills,8036768,T-BONE or WING STEAK,10.99,2026-07-23T00:00:00-04:00,2026-07-29T23:59:59-04:00
No Frills,8036768,"NERDS GUMMY CLUSTERS CANDY, 142 g",3.0,2026-07-23T00:00:00-04:00,2026-07-29T23:59:59-04:00
No Frills,8036768,"GOLDFISH CRACKERS, 167-200 g",2.25,2026-07-23T00:00:00-04:00,2026-07-29T23:59:59-04:00
No Frills,8036768,"YELLOW PLUMS, 1.5 L",4.99,2026-07-23T00:00:00-04:00,2026-07-29T23:59:59-04:00
No Frills,8036768,"LARSEN CLASSIC WIENERS or SCHNEIDERS FRANKS RED HOTs, 375 g",4.0,2026-07-23T00:00:00-04:00,2026-07-29T23:59:59-04:00
No Frills,8036768,"WONDER BREAD, 570/675 g or BUNS, 8's",3.0,2026-07-23T00:00:00-04:00,2026-07-29T23:59:59-04:00
No Frills,8036768,"POST CEREAL, 283-525 g",3.0,2026-07-23T00:00:00-04:00,2026-07-29T23:59:59-04:00
No Frills,8036768,"RAW SHRIMP SKEWERS, 5 PACK, 300G",4.77,2026-07-23T00:00:00-04:00,2026-07-29T23:59:59-04:00
No Frills,8036768,"BREYERS CLASSIC FROZEN DESSERT 1.41 L, NESTLE DRUMSTICK, KIT KAT or ROLO CONES 4'S",4.0,2026-07-23T00:00:00-04:00,2026-07-29T23:59:59-04:00
No Frills,8036768,"PC® DINNER ENTRÉES, 770 g - 1.13 kg",7.0,2026-07-23T00:00:00-04:00,2026-07-29T23:59:59-04:00
No Frills,8036768,"MR. NOODLES INSTANT NOODLES, 85 g",0.35,2026-07-23T00:00:00-04:00,2026-07-29T23:59:59-04:00
No Frills,8036768,"BAGEL BITES, 198 g",2.0,2026-07-23T00:00:00-04:00,2026-07-29T23:59:59-04:00
No Frills,8036768,"Dare Breton Crackers, Dare Bites, Simple Goodness or Vinta Crackers, 132 - 225 g",1.88,2026-07-23T00:00:00-04:00,2026-07-29T23:59:59-04:00
No Frills,8036768,"OASIS JUICE, DEL MONTE NECTAR OR ARIZONA ICED TEA, 960 ML OR FRUITE BEVERAGES, 2 L",1.25,2026-07-23T00:00:00-04:00,2026-07-29T23:59:59-04:00
No Frills,8036768,"EVERYDAY ESSENTIALS™ 20 CAN BACKPACK COOLER, 20 canettes",12.0,2026-07-23T00:00:00-04:00,2026-07-29T23:59:59-04:00
No Frills,8036768,"OASIS, DEL MONTE or ARIZONA DRINK BOXES, 8x200 mL",4.0,2026-07-23T00:00:00-04:00,2026-07-29T23:59:59-04:00
No Frills,8036768,"CAULIFLOWER, each",3.99,2026-07-23T00:00:00-04:00,2026-07-29T23:59:59-04:00
No Frills,8036768,EGGPLANT,1.99,2026-07-23T00:00:00-04:00,2026-07-29T23:59:59-04:00
No Frills,8036768,"MAYNARDS THEATRE BOX CANDY, 100 g or ICEE FROST, 170 g",1.5,2026-07-23T00:00:00-04:00,2026-07-29T23:59:59-04:00
No Frills,8036768,"CATELLI GARDEN SELECT SAUCE, 600 mL",2.0,2026-07-23T00:00:00-04:00,2026-07-29T23:59:59-04:00
No Frills,8036768,"NO NAME® POTATO CHIPS, 200 g",1.5,2026-07-23T00:00:00-04:00,2026-07-29T23:59:59-04:00
No Frills,8036768,"BOTAN CALROSE RICE, 8 kg",14.99,2026-07-23T00:00:00-04:00,2026-07-29T23:59:59-04:00
No Frills,8036768,"SWISS CHALET PORK RIBS, 600 g or MONTANA'S PORK RIBS, 650 g",8.99,2026-07-23T00:00:00-04:00,2026-07-29T23:59:59-04:00
No Frills,8036768,"KELLOGG'S RICE KRISPIES BARS 154/176 g, NUTRI-GRAIN CEREAL BARS 295 g, POP TARTS PASTRIES 384 g or SPECIAL K FRUIT CRISPS 125 g",2.88,2026-07-23T00:00:00-04:00,2026-07-29T23:59:59-04:00
No Frills,8036768,"FARMER'S MARKET™ LOAF CAKES, 344-400 G OR MINI DOUGHNUTS, 600 G",5.0,2026-07-23T00:00:00-04:00,2026-07-29T23:59:59-04:00
No Frills,8036768,"PC® KETTLE COOKED, LOADS OF®, WORLD OF FLAVOURS OR KETTLE COOKED RIPPLED POTATOES CHIP, 200 G",2.5,2026-07-23T00:00:00-04:00,2026-07-29T23:59:59-04:00
No Frills,8036768,PINEAPPLE,5.99,2026-07-23T00:00:00-04:00,2026-07-29T23:59:59-04:00
No Frills,8036768,"NO NAME® BACON, 375 g",3.5,2026-07-23T00:00:00-04:00,2026-07-29T23:59:59-04:00
No Frills,8036768,"WHITE POTATOES, 10 LB BAG",3.99,2026-07-23T00:00:00-04:00,2026-07-29T23:59:59-04:00
Walmart,8043874,"GE 5,000 BTU Electronic Window Air Conditioner",139.0,2026-07-23T00:00:00-04:00,2026-07-29T23:59:59-04:00
Walmart,8043874,Kraft BBQ sauce,1.97,2026-07-23T00:00:00-04:00,2026-07-29T23:59:59-04:00
Walmart,8043874,Seedless Cucumbers,1.24,2026-07-23T00:00:00-04:00,2026-07-29T23:59:59-04:00
Walmart,8043874,Maple Leaf prime raised without antibiotics boneless skinless chicken breasts 3-pieces,6.34,2026-07-23T00:00:00-04:00,2026-07-29T23:59:59-04:00
Walmart,8043874,Gerber Lil' Crunchies,3.47,2026-07-23T00:00:00-04:00,2026-07-29T23:59:59-04:00
Walmart,8043874,AirPods Pro 3,279.0,2026-07-23T00:00:00-04:00,2026-07-29T23:59:59-04:00
Walmart,8043874,Haribo gummy candies,2.48,2026-07-23T00:00:00-04:00,2026-07-29T23:59:59-04:00
Walmart,8043874,Villaggio sliced bread,2.98,2026-07-23T00:00:00-04:00,2026-07-29T23:59:59-04:00
Walmart,8043874,Green Zucchini,2.44,2026-07-23T00:00:00-04:00,2026-07-29T23:59:59-04:00
Walmart,8043874,Tena incontinence products,28.97,2026-07-23T00:00:00-04:00,2026-07-29T23:59:59-04:00
Walmart,8043874,Great Value Regular Black Garbage Bags,9.97,2026-07-23T00:00:00-04:00,2026-07-29T23:59:59-04:00
Walmart,8043874,Dove shampoo,11.76,2026-07-23T00:00:00-04:00,2026-07-29T23:59:59-04:00
Walmart,8043874,The Little Potato Co. red potatoes,2.98,2026-07-23T00:00:00-04:00,2026-07-29T23:59:59-04:00
Walmart,8043874,Webber Naturals ashwagandha,16.97,2026-07-23T00:00:00-04:00,2026-07-29T23:59:59-04:00
Walmart,8043874,Lysol disinfectant cleaners,5.47,2026-07-23T00:00:00-04:00,2026-07-29T23:59:59-04:00
Walmart,8043874,Great Value Beef Meatballs,7.96,2026-07-23T00:00:00-04:00,2026-07-29T23:59:59-04:00
Walmart,8043874,Tena incontinence products,28.97,2026-07-23T00:00:00-04:00,2026-07-29T23:59:59-04:00
Walmart,8043874,Swiffer PowerMop liquid refills,7.47,2026-07-23T00:00:00-04:00,2026-07-29T23:59:59-04:00
Walmart,8043874,Webber Naturals magnesium bisglycinate,16.97,2026-07-23T00:00:00-04:00,2026-07-29T23:59:59-04:00
Walmart,8043874,WonderBra side shaping seamless underwire bra,29.67,2026-07-23T00:00:00-04:00,2026-07-29T23:59:59-04:00
Walmart,8043874,Blueberries,2.44,2026-07-23T00:00:00-04:00,2026-07-29T23:59:59-04:00
Walmart,8043874,Graco Modes Nest 3-in-1 baby stroller and infant car seat travel system,650.0,2026-07-23T00:00:00-04:00,2026-07-29T23:59:59-04:00
Walmart,8043874,Hawaiian Tropic island Sport sunscreen spray or Sheer Touch sunscreen lotion SPF 50 or 50+,12.48,2026-07-23T00:00:00-04:00,2026-07-29T23:59:59-04:00
Walmart,8043874,Earth's Own plant-based beverages,3.47,2026-07-23T00:00:00-04:00,2026-07-29T23:59:59-04:00
Walmart,8043874,Earth's Own plant-based beverages,3.47,2026-07-23T00:00:00-04:00,2026-07-29T23:59:59-04:00
Walmart,8043874,Starbucks liquid coffee enhancers,6.98,2026-07-23T00:00:00-04:00,2026-07-29T23:59:59-04:00
Walmart,8043874,Bulk cherries,4.94,2026-07-23T00:00:00-04:00,2026-07-29T23:59:59-04:00
Walmart,8043874,Nestlé Drumstick novelties,3.97,2026-07-23T00:00:00-04:00,2026-07-29T23:59:59-04:00
Walmart,8043874,Cashmere 30 = 62 rolls bathroom tissue,14.96,2026-07-23T00:00:00-04:00,2026-07-29T23:59:59-04:00
Walmart,8043874,Cashmere UltraLuxe 20 = 60 rolls bathroom Tissue,14.96,2026-07-23T00:00:00-04:00,2026-07-29T23:59:59-04:00
Walmart,8043874,General Mills jumbo cereal,8.94,2026-07-23T00:00:00-04:00,2026-07-29T23:59:59-04:00
Walmart,8043874,Corn,0.98,2026-07-23T00:00:00-04:00,2026-07-29T23:59:59-04:00
Walmart,8043874,Miss Vickie's chips,3.77,2026-07-23T00:00:00-04:00,2026-07-29T23:59:59-04:00
Walmart,8043874,Cracker Barrel shreds 320 g,5.97,2026-07-23T00:00:00-04:00,2026-07-29T23:59:59-04:00
Walmart,8043874,Equate High Protein Meal Replacement Shakes,10.97,2026-07-23T00:00:00-04:00,2026-07-29T23:59:59-04:00
Walmart,8043874,Heinz ketchup,4.97,2026-07-23T00:00:00-04:00,2026-07-29T23:59:59-04:00
Walmart,8043874,Minute Maid zero sugar drinks,3.77,2026-07-23T00:00:00-04:00,2026-07-29T23:59:59-04:00
Walmart,8043874,Lay's chips,2.97,2026-07-23T00:00:00-04:00,2026-07-29T23:59:59-04:00
Walmart,8043874,Thermos licensed 12-oz bottle food jar,17.97,2026-07-23T00:00:00-04:00,2026-07-29T23:59:59-04:00
Walmart,8043874,Simply Lemonade fruit Juices,3.77,2026-07-23T00:00:00-04:00,2026-07-29T23:59:59-04:00
Walmart,8043874,Kraft Singles Cheese Slices,3.97,2026-07-23T00:00:00-04:00,2026-07-29T23:59:59-04:00
Walmart,8043874,1-Person boat set,29.97,2026-07-23T00:00:00-04:00,2026-07-29T23:59:59-04:00
Walmart,8043874,Christie cookies,4.48,2026-07-23T00:00:00-04:00,2026-07-29T23:59:59-04:00
Walmart,8043874,3.3-cu. ft. Compact fridge,119.97,2026-07-23T00:00:00-04:00,2026-07-29T23:59:59-04:00
Walmart,8043874,Maple Leaf hot dogs,3.97,2026-07-23T00:00:00-04:00,2026-07-29T23:59:59-04:00
Walmart,8043874,Premier Protein shakes,33.97,2026-07-23T00:00:00-04:00,2026-07-29T23:59:59-04:00
Walmart,8043874,Schneiders Original Recipe wieners,3.97,2026-07-23T00:00:00-04:00,2026-07-29T23:59:59-04:00
Walmart,8043874,Two-bite brownies,6.42,2026-07-23T00:00:00-04:00,2026-07-29T23:59:59-04:00
Walmart,8043874,Astro yogurt,4.27,2026-07-23T00:00:00-04:00,2026-07-29T23:59:59-04:00
Walmart,8043874,two-bite brownies,6.42,2026-07-23T00:00:00-04:00,2026-07-29T23:59:59-04:00
Walmart,8043874,Hellmann's mayonnaise,5.77,2026-07-23T00:00:00-04:00,2026-07-29T23:59:59-04:00
Walmart,8043874,Cavendish Farms potato wedges or onion rings,8.96,2026-07-23T00:00:00-04:00,2026-07-29T23:59:59-04:00
Walmart,8043874,Royale facial tissue,19.97,2026-07-23T00:00:00-04:00,2026-07-29T23:59:59-04:00
Walmart,8043874,Hellmann's mayonnaise,5.77,2026-07-23T00:00:00-04:00,2026-07-29T23:59:59-04:00
Walmart,8043874,Red seedless grapes,4.94,2026-07-23T00:00:00-04:00,2026-07-29T23:59:59-04:00
Walmart,8043874,Secret Fresh antiperspirant or deodorant,6.97,2026-07-23T00:00:00-04:00,2026-07-29T23:59:59-04:00
Walmart,8043874,Avocados,1.64,2026-07-23T00:00:00-04:00,2026-07-29T23:59:59-04:00
Walmart,8043874,Wonder hot dog buns,2.88,2026-07-23T00:00:00-04:00,2026-07-29T23:59:59-04:00
Walmart,8043874,Green seedless grapes,4.94,2026-07-23T00:00:00-04:00,2026-07-29T23:59:59-04:00
Walmart,8043874,Schneiders Lunch mate kits or snack kits,2.87,2026-07-23T00:00:00-04:00,2026-07-29T23:59:59-04:00
Walmart,8043874,Wonder hamburger buns,2.88,2026-07-23T00:00:00-04:00,2026-07-29T23:59:59-04:00
Walmart,8043874,Boursin cheese,5.47,2026-07-23T00:00:00-04:00,2026-07-29T23:59:59-04:00
Walmart,8043874,Strawberries,4.44,2026-07-23T00:00:00-04:00,2026-07-29T23:59:59-04:00
Walmart,8043874,Your Fresh Market Canada AAA Angus beef sandwich steak,15.39,2026-07-23T00:00:00-04:00,2026-07-29T23:59:59-04:00
Walmart,8043874,Marcangelo fresh chicken or pork kabobs,9.97,2026-07-23T00:00:00-04:00,2026-07-29T23:59:59-04:00
Walmart,8043874,Healthy Choice Gourmet frozen entrees,4.97,2026-07-23T00:00:00-04:00,2026-07-29T23:59:59-04:00
Walmart,8043874,Lou's Kitchen fully cooked pork back ribs,9.97,2026-07-23T00:00:00-04:00,2026-07-29T23:59:59-04:00
Walmart,8043874,"The Little Potato Co. red, yellow or trio potatoes",2.98,2026-07-23T00:00:00-04:00,2026-07-29T23:59:59-04:00
Walmart,8043874,Your Fresh Market™ beef stir fry strips,15.39,2026-07-23T00:00:00-04:00,2026-07-29T23:59:59-04:00
Walmart,8043874,Your Fresh Market™ mini croissants,5.14,2026-07-23T00:00:00-04:00,2026-07-29T23:59:59-04:00
Walmart,8043874,Advil Liqui-Gels,19.97,2026-07-23T00:00:00-04:00,2026-07-29T23:59:59-04:00
Walmart,8043874,Raspberries,4.94,2026-07-23T00:00:00-04:00,2026-07-29T23:59:59-04:00
Walmart,8043874,blackberries,4.94,2026-07-23T00:00:00-04:00,2026-07-29T23:59:59-04:00
Walmart,8043874,Liberté Greek yogurt tubs,6.97,2026-07-23T00:00:00-04:00,2026-07-29T23:59:59-04:00
Walmart,8043874,Nestlé chocolate pieces,3.98,2026-07-23T00:00:00-04:00,2026-07-29T23:59:59-04:00
Walmart,8043874,Knorr Sidekicks,1.98,2026-07-23T00:00:00-04:00,2026-07-29T23:59:59-04:00
Walmart,8043874,Banana Boat Ultra Sport Sunscreen spray or lotion SPF 50+,9.47,2026-07-23T00:00:00-04:00,2026-07-29T23:59:59-04:00
Walmart,8043874,iPAD A16 Wi-Fi 125GB,549.0,2026-07-23T00:00:00-04:00,2026-07-29T23:59:59-04:00
Walmart,8043874,Ozark Trail 10'x20' Pop-up gazebo,199.98,2026-07-23T00:00:00-04:00,2026-07-29T23:59:59-04:00
Walmart,8043874,Soft wash tee,7.0,2026-07-23T00:00:00-04:00,2026-07-29T23:59:59-04:00
Walmart,8043874,Temptations treats,2.58,2026-07-23T00:00:00-04:00,2026-07-29T23:59:59-04:00
Walmart,8043874,Arm & Hammer clumping cat litter,16.93,2026-07-23T00:00:00-04:00,2026-07-29T23:59:59-04:00
Walmart,8043874,Pure Protein bars,19.47,2026-07-23T00:00:00-04:00,2026-07-29T23:59:59-04:00
Walmart,8043874,Kids' or toddlers' athletic shoes,12.0,2026-07-23T00:00:00-04:00,2026-07-29T23:59:59-04:00
Walmart,8043874,Activia yogurt tubs,3.47,2026-07-23T00:00:00-04:00,2026-07-29T23:59:59-04:00
Walmart,8043874,VH Sauce,3.38,2026-07-23T00:00:00-04:00,2026-07-29T23:59:59-04:00
Walmart,8043874,Pillsbury Toaster Strudel,2.97,2026-07-23T00:00:00-04:00,2026-07-29T23:59:59-04:00
Walmart,8043874,Activia yogurt tubs,3.47,2026-07-23T00:00:00-04:00,2026-07-29T23:59:59-04:00
Walmart,8043874,Nestlé Chocolate Pieces,3.98,2026-07-23T00:00:00-04:00,2026-07-29T23:59:59-04:00
Walmart,8043874,International Delight flavoured coffee creamer 946 mL or cold foam 369g - 396 g,4.78,2026-07-23T00:00:00-04:00,2026-07-29T23:59:59-04:00
Walmart,8043874,Cesar wet dog food,8.48,2026-07-23T00:00:00-04:00,2026-07-29T23:59:59-04:00
Walmart,8043874,Kraft Salad Dressing,2.44,2026-07-23T00:00:00-04:00,2026-07-29T23:59:59-04:00
Walmart,8043874,Sharpie Markers,3.48,2026-07-23T00:00:00-04:00,2026-07-29T23:59:59-04:00
Walmart,8043874,Omega-3 large white eggs,6.27,2026-07-23T00:00:00-04:00,2026-07-29T23:59:59-04:00
Walmart,8043874,Ben & Jerry's ice cream tubs,4.98,2026-07-23T00:00:00-04:00,2026-07-29T23:59:59-04:00
Walmart,8043874,Kraft Dinner,12.97,2026-07-23T00:00:00-04:00,2026-07-29T23:59:59-04:00
Walmart,8043874,Natrel Plus protein lactose-free beverage,7.54,2026-07-23T00:00:00-04:00,2026-07-29T23:59:59-04:00
Walmart,8043874,Ben's Original converted rice,12.97,2026-07-23T00:00:00-04:00,2026-07-29T23:59:59-04:00
Walmart,8043874,GoGo squeez fruit snack pouches 22s,13.47,2026-07-23T00:00:00-04:00,2026-07-29T23:59:59-04:00
Walmart,8043874,Pillsbury Pizza Pops,18.97,2026-07-23T00:00:00-04:00,2026-07-29T23:59:59-04:00
Walmart,8043874,Natrel Plus protein lactose-free beverage,7.34,2026-07-23T00:00:00-04:00,2026-07-29T23:59:59-04:00
Walmart,8043874,Starbucks 24s K-Cup coffee pods,22.97,2026-07-23T00:00:00-04:00,2026-07-29T23:59:59-04:00
Walmart,8043874,Talenti sorbet ice cream tubs,5.98,2026-07-23T00:00:00-04:00,2026-07-29T23:59:59-04:00
Walmart,8043874,Nerds Gummy Clusters,3.18,2026-07-23T00:00:00-04:00,2026-07-29T23:59:59-04:00
Walmart,8043874,Athletic Works Kids' or toddlers' tight-up athletic shoes,24.0,2026-07-23T00:00:00-04:00,2026-07-29T23:59:59-04:00
Walmart,8043874,Smucker's Sundae Syrup,4.97,2026-07-23T00:00:00-04:00,2026-07-29T23:59:59-04:00
Walmart,8043874,Nestlé Parlour frozen dessert tubs,3.67,2026-07-23T00:00:00-04:00,2026-07-29T23:59:59-04:00
Walmart,8043874,Band-Aid bandages,4.27,2026-07-23T00:00:00-04:00,2026-07-29T23:59:59-04:00
Walmart,8043874,Claritin Non-Drowsy,19.77,2026-07-23T00:00:00-04:00,2026-07-29T23:59:59-04:00
Walmart,8043874,Smucker's Sundae Syrup,4.97,2026-07-23T00:00:00-04:00,2026-07-29T23:59:59-04:00
Walmart,8043874,Chipwich ice cream sandwiches,6.94,2026-07-23T00:00:00-04:00,2026-07-29T23:59:59-04:00
Walmart,8043874,Leclerc Célébration ice cream sandwiches,6.94,2026-07-23T00:00:00-04:00,2026-07-29T23:59:59-04:00
Walmart,8043874,Great Value Milk Chocolatey Almond ice cream bars,9.96,2026-07-23T00:00:00-04:00,2026-07-29T23:59:59-04:00
Walmart,8043874,Great Value ice cream waffle cones,3.97,2026-07-23T00:00:00-04:00,2026-07-29T23:59:59-04:00
Walmart,8043874,Great Value ice cream waffle cones,3.97,2026-07-23T00:00:00-04:00,2026-07-29T23:59:59-04:00
Walmart,8043874,Hershey's syrup,6.97,2026-07-23T00:00:00-04:00,2026-07-29T23:59:59-04:00
Walmart,8043874,Great Value ice milk,6.97,2026-07-23T00:00:00-04:00,2026-07-29T23:59:59-04:00
Walmart,8043874,Palmolive dish soap,1.97,2026-07-23T00:00:00-04:00,2026-07-29T23:59:59-04:00
Walmart,8043874,Bounce dryer sheets,5.97,2026-07-23T00:00:00-04:00,2026-07-29T23:59:59-04:00
Walmart,8043874,Report cover,0.22,2026-07-23T00:00:00-04:00,2026-07-29T23:59:59-04:00
Walmart,8043874,Cracker Barrel cheese block 400 g,5.97,2026-07-23T00:00:00-04:00,2026-07-29T23:59:59-04:00
Walmart,8043874,Becel margarine 637 g - 850,6.98,2026-07-23T00:00:00-04:00,2026-07-29T23:59:59-04:00
Walmart,8043874,Titan parchment paper 40',1.47,2026-07-23T00:00:00-04:00,2026-07-29T23:59:59-04:00
Walmart,8043874,Great Value bacon,5.47,2026-07-23T00:00:00-04:00,2026-07-29T23:59:59-04:00
Walmart,8043874,Titan aluminum foil 25',1.47,2026-07-23T00:00:00-04:00,2026-07-29T23:59:59-04:00
Walmart,8043874,Hershey's candy,1.0,2026-07-23T00:00:00-04:00,2026-07-29T23:59:59-04:00
Walmart,8043874,Depend incontinence products,28.97,2026-07-23T00:00:00-04:00,2026-07-29T23:59:59-04:00
Walmart,8043874,Kids' or toddlers' athletic shoes,12.0,2026-07-23T00:00:00-04:00,2026-07-29T23:59:59-04:00
Walmart,8043874,Hershey's candy,1.0,2026-07-23T00:00:00-04:00,2026-07-29T23:59:59-04:00
Walmart,8043874,Tostitos chips,2.97,2026-07-23T00:00:00-04:00,2026-07-29T23:59:59-04:00
Walmart,8043874,Janes Ultimates chicken bites,9.96,2026-07-23T00:00:00-04:00,2026-07-29T23:59:59-04:00
Walmart,8043874,Royale 2-ply bathroom tissue,7.97,2026-07-23T00:00:00-04:00,2026-07-29T23:59:59-04:00
Walmart,8043874,Bounce Dryer Sheets,5.97,2026-07-23T00:00:00-04:00,2026-07-29T23:59:59-04:00
Walmart,8043874,Palmolive dish soap,1.97,2026-07-23T00:00:00-04:00,2026-07-29T23:59:59-04:00
Walmart,8043874,Sleep shorts,9.0,2026-07-23T00:00:00-04:00,2026-07-29T23:59:59-04:00
Walmart,8043874,Nivea Derma Comfort body wash,3.28,2026-07-23T00:00:00-04:00,2026-07-29T23:59:59-04:00
Walmart,8043874,"Zinus Spa Sensations 10"" memory foam mattress",199.98,2026-07-23T00:00:00-04:00,2026-07-29T23:59:59-04:00
Walmart,8043874,Cavendish Farms wedges or onion rings,8.96,2026-07-23T00:00:00-04:00,2026-07-29T23:59:59-04:00
Walmart,8043874,Great Value spring water,3.27,2026-07-23T00:00:00-04:00,2026-07-29T23:59:59-04:00
Walmart,8043874,Royale 2-ply bathroom tissue,7.97,2026-07-23T00:00:00-04:00,2026-07-29T23:59:59-04:00
Walmart,8043874,Mott's Clamato cocktail,3.47,2026-07-23T00:00:00-04:00,2026-07-29T23:59:59-04:00
Walmart,8043874,Nivea Derma Comfort Body Wash,3.28,2026-07-23T00:00:00-04:00,2026-07-29T23:59:59-04:00
Walmart,8043874,Kraft BBQ sauce,1.97,2026-07-23T00:00:00-04:00,2026-07-29T23:59:59-04:00
Walmart,8043874,Equate high protein meal replacement shakes,10.97,2026-07-23T00:00:00-04:00,2026-07-29T23:59:59-04:00
Walmart,8043874,Sensible Portions Garden Veggie Straws,2.96,2026-07-23T00:00:00-04:00,2026-07-29T23:59:59-04:00
Walmart,8043874,Premier Protein shakes,33.97,2026-07-23T00:00:00-04:00,2026-07-29T23:59:59-04:00
Walmart,8043874,Marcangelo fresh chicken,9.97,2026-07-23T00:00:00-04:00,2026-07-29T23:59:59-04:00
Walmart,8043874,Great Value Smoked Sausages,7.97,2026-07-23T00:00:00-04:00,2026-07-29T23:59:59-04:00
Walmart,8043874,"Gain Flings! 48s, liquid fabric softener 190 loads",14.97,2026-07-23T00:00:00-04:00,2026-07-29T23:59:59-04:00
Walmart,8043874,Mr. Clean multi-surface cleaner,9.97,2026-07-23T00:00:00-04:00,2026-07-29T23:59:59-04:00
Walmart,8043874,Butterball turkey bacon,6.97,2026-07-23T00:00:00-04:00,2026-07-29T23:59:59-04:00
Walmart,8043874,Your Fresh Market™ sliced bread,3.47,2026-07-23T00:00:00-04:00,2026-07-29T23:59:59-04:00
Walmart,8043874,Romaine lettuce hearts,4.97,2026-07-23T00:00:00-04:00,2026-07-29T23:59:59-04:00
Walmart,8043874,Your Fresh Market BBQ or herb & garlic chicken,11.57,2026-07-23T00:00:00-04:00,2026-07-29T23:59:59-04:00
Walmart,8043874,Villaggio sliced bread,2.98,2026-07-23T00:00:00-04:00,2026-07-29T23:59:59-04:00
Walmart,8043874,Royale 2-ply bathroom tissue,19.96,2026-07-23T00:00:00-04:00,2026-07-29T23:59:59-04:00
Walmart,8043874,Lysol disinfectant- cleaners,5.47,2026-07-23T00:00:00-04:00,2026-07-29T23:59:59-04:00
Walmart,8043874,Allen's apple juice boxes,3.74,2026-07-23T00:00:00-04:00,2026-07-29T23:59:59-04:00
Walmart,8043874,Febreze bathroom,2.97,2026-07-23T00:00:00-04:00,2026-07-29T23:59:59-04:00
Walmart,8043874,Crayola Coloured pencils,5.97,2026-07-23T00:00:00-04:00,2026-07-29T23:59:59-04:00
Walmart,8043874,Febreze Bathroom or Car Air Freshener,2.97,2026-07-23T00:00:00-04:00,2026-07-29T23:59:59-04:00
Walmart,8043874,Old Dutch potato chips or Takis rolled tortilla chips,2.96,2026-07-23T00:00:00-04:00,2026-07-29T23:59:59-04:00
Walmart,8043874,Crayons,2.0,2026-07-23T00:00:00-04:00,2026-07-29T23:59:59-04:00
Walmart,8043874,Finish dishwasher tabs,19.97,2026-07-23T00:00:00-04:00,2026-07-29T23:59:59-04:00
Walmart,8043874,Cesar wet dog food,8.48,2026-07-23T00:00:00-04:00,2026-07-29T23:59:59-04:00
Walmart,8043874,"Rascals Boys Night Pants, Nighttime Underwear",25.88,2026-07-23T00:00:00-04:00,2026-07-29T23:59:59-04:00
Walmart,8043874,Temptations cat treats 180 g or lickables 40 g or 48 g,2.58,2026-07-23T00:00:00-04:00,2026-07-29T23:59:59-04:00
Walmart,8043874,Huggies Pull Ups Superpack Training Pants,28.78,2026-07-23T00:00:00-04:00,2026-07-29T23:59:59-04:00
Walmart,8043874,Dove deodorant or antiperspirant,4.88,2026-07-23T00:00:00-04:00,2026-07-29T23:59:59-04:00
Walmart,8043874,Purex laundry detergent,9.27,2026-07-23T00:00:00-04:00,2026-07-29T23:59:59-04:00
Walmart,8043874,Huggies Pull-Ups superpack training pants,28.78,2026-07-23T00:00:00-04:00,2026-07-29T23:59:59-04:00
Walmart,8043874,Netflix KPop Demon Hunters Craft Set,12.97,2026-07-23T00:00:00-04:00,2026-07-29T23:59:59-04:00
Walmart,8043874,Ol' Roy dry dog food,27.98,2026-07-23T00:00:00-04:00,2026-07-29T23:59:59-04:00
Walmart,8043874,Crest Scope Outlast Mouthwash,5.97,2026-07-23T00:00:00-04:00,2026-07-29T23:59:59-04:00
Walmart,8043874,Pampers Value Pack Swaddlers,44.94,2026-07-23T00:00:00-04:00,2026-07-29T23:59:59-04:00
Walmart,8043874,Banana Boat Ultra Sport sunscreen spray or lotion SPF 50+,9.47,2026-07-23T00:00:00-04:00,2026-07-29T23:59:59-04:00
Walmart,8043874,Dove or Dove Men+Care body wash,13.18,2026-07-23T00:00:00-04:00,2026-07-29T23:59:59-04:00
Walmart,8043874,Gatorade Mashups,6.27,2026-07-23T00:00:00-04:00,2026-07-29T23:59:59-04:00
Walmart,8043874,Nescafé Rich instant coffee,6.44,2026-07-23T00:00:00-04:00,2026-07-29T23:59:59-04:00
Walmart,8043874,Knorr Sidekicks,1.98,2026-07-23T00:00:00-04:00,2026-07-29T23:59:59-04:00
Walmart,8043874,Pampers value pack Swaddlers,44.94,2026-07-23T00:00:00-04:00,2026-07-29T23:59:59-04:00
Walmart,8043874,Nestlé Real Dairy confectioneries or tubs,3.97,2026-07-23T00:00:00-04:00,2026-07-29T23:59:59-04:00
Walmart,8043874,Evive Smoothie Bites,7.42,2026-07-23T00:00:00-04:00,2026-07-29T23:59:59-04:00
Walmart,8043874,Great Value bacon,5.47,2026-07-23T00:00:00-04:00,2026-07-29T23:59:59-04:00
Walmart,8043874,Liberté Greek yogurt tubs,6.97,2026-07-23T00:00:00-04:00,2026-07-29T23:59:59-04:00
Walmart,8043874,General Mills jumbo cereal,8.94,2026-07-23T00:00:00-04:00,2026-07-29T23:59:59-04:00
Walmart,8043874,Miss Vickie's chips,3.77,2026-07-23T00:00:00-04:00,2026-07-29T23:59:59-04:00
Walmart,8043874,Royale facial tissue,19.97,2026-07-23T00:00:00-04:00,2026-07-29T23:59:59-04:00
Walmart,8043874,Picnic pork roast,2.97,2026-07-23T00:00:00-04:00,2026-07-29T23:59:59-04:00
Walmart,8043874,Great Value ice cream cups 18-pack,2.77,2026-07-23T00:00:00-04:00,2026-07-29T23:59:59-04:00
Walmart,8043874,Hawaiian Tropic Island Sport Sunscreen Spray,12.48,2026-07-23T00:00:00-04:00,2026-07-29T23:59:59-04:00
Walmart,8043874,Kraft Miracle Whip,4.97,2026-07-23T00:00:00-04:00,2026-07-29T23:59:59-04:00
Walmart,8043874,Hershey's syrup,6.97,2026-07-23T00:00:00-04:00,2026-07-29T23:59:59-04:00
Walmart,8043874,M&M's chocolate,3.98,2026-07-23T00:00:00-04:00,2026-07-29T23:59:59-04:00
Walmart,8043874,Baskin-Robbins ice cream tubs or novelties,9.94,2026-07-23T00:00:00-04:00,2026-07-29T23:59:59-04:00
Walmart,8043874,Iögo frozen yogurt tubs,5.97,2026-07-23T00:00:00-04:00,2026-07-29T23:59:59-04:00
Walmart,8043874,AirPods 4,144.0,2026-07-23T00:00:00-04:00,2026-07-29T23:59:59-04:00
Walmart,8043874,Full synthetic or high mileage motor oil,34.88,2026-07-23T00:00:00-04:00,2026-07-29T23:59:59-04:00
Walmart,8043874,Red Baron Classic Crust Frozen Pizza,2.97,2026-07-23T00:00:00-04:00,2026-07-29T23:59:59-04:00
Walmart,8043874,Maple Leaf fresh chicken leg quarters,3.62,2026-07-23T00:00:00-04:00,2026-07-29T23:59:59-04:00
Walmart,8043874,Thermos licensed 12-oz. food jar,17.97,2026-07-23T00:00:00-04:00,2026-07-29T23:59:59-04:00
Walmart,8043874,Energizer AAA24 batteries,17.97,2026-07-23T00:00:00-04:00,2026-07-29T23:59:59-04:00
Walmart,8043874,Purex laundry detergent,9.27,2026-07-23T00:00:00-04:00,2026-07-29T23:59:59-04:00
Walmart,8043874,Reser's family sized salads,5.96,2026-07-23T00:00:00-04:00,2026-07-29T23:59:59-04:00
Walmart,8043874,Large Eggplant,2.44,2026-07-23T00:00:00-04:00,2026-07-29T23:59:59-04:00
Walmart,8043874,Janes Ultimates chicken wings,9.96,2026-07-23T00:00:00-04:00,2026-07-29T23:59:59-04:00
Walmart,8043874,Great Value Fully Cooked Chicken Breast Strips,7.96,2026-07-23T00:00:00-04:00,2026-07-29T23:59:59-04:00
Walmart,8043874,Schneiders Lunch mate kits or snack kits,2.87,2026-07-23T00:00:00-04:00,2026-07-29T23:59:59-04:00
Walmart,8043874,Gain Flings 48s liquid fabric softener 190 loads or beads 598 g - 680 g,14.97,2026-07-23T00:00:00-04:00,2026-07-29T23:59:59-04:00
Walmart,8043874,Swiffer WetJet liquid refills,7.47,2026-07-23T00:00:00-04:00,2026-07-29T23:59:59-04:00
Walmart,8043874,Mr. Clean multi-surface cleaner,9.97,2026-07-23T00:00:00-04:00,2026-07-29T23:59:59-04:00
Walmart,8043874,"Jamieson vitamin B12 100s or calcium, magnesium and vitamin D3 200s",9.67,2026-07-23T00:00:00-04:00,2026-07-29T23:59:59-04:00
Walmart,8043874,Band-Aid bandages,4.27,2026-07-23T00:00:00-04:00,2026-07-29T23:59:59-04:00
Walmart,8043874,Giant Bubble playset,12.97,2026-07-23T00:00:00-04:00,2026-07-29T23:59:59-04:00
Walmart,8043874,Adults' Sneakers,34.97,2026-07-23T00:00:00-04:00,2026-07-29T23:59:59-04:00
Walmart,8043874,Avia Adult sneakers,34.97,2026-07-23T00:00:00-04:00,2026-07-29T23:59:59-04:00
Walmart,8043874,"GE 5,000 BTU Electronic Window Air Conditioner",139.0,2026-07-23T00:00:00-04:00,2026-07-29T23:59:59-04:00
Walmart,8043874,Dyson HP10 Hot+Cool Air Purifier (Refurbished),299.99,2026-07-23T00:00:00-04:00,2026-07-29T23:59:59-04:00
Walmart,8043874,Samsung Galaxy A17 5G Smartphone,218.97,2026-07-23T00:00:00-04:00,2026-07-29T23:59:59-04:00
Walmart,8043874,Mersco 12' Trampoline with Basketball Hoop,397.99,2026-07-23T00:00:00-04:00,2026-07-29T23:59:59-04:00
Walmart,8043874,VH sauce,3.38,2026-07-23T00:00:00-04:00,2026-07-29T23:59:59-04:00
Walmart,8043874,Dyson HP10 Hot+Cool Air Purifier (Refurbished),299.99,2026-07-23T00:00:00-04:00,2026-07-29T23:59:59-04:00
Walmart,8043874,Samsung Galaxy A17 5G Smartphone,218.97,2026-07-23T00:00:00-04:00,2026-07-29T23:59:59-04:00
Walmart,8043874,Magnum frozen novelties,4.98,2026-07-23T00:00:00-04:00,2026-07-29T23:59:59-04:00
Walmart,8043874,Royale Ultra Strength paper towels 12 = 18 pack,15.97,2026-07-23T00:00:00-04:00,2026-07-29T23:59:59-04:00
Walmart,8043874,Mott's Clamato cocktail,3.47,2026-07-23T00:00:00-04:00,2026-07-29T23:59:59-04:00
Walmart,8043874,PawHut Elevated Pet Bed with Canopy,58.99,2026-07-23T00:00:00-04:00,2026-07-29T23:59:59-04:00
Walmart,8043874,Outsunny 4-Piece Patio Furniture Set,665.99,2026-07-23T00:00:00-04:00,2026-07-29T23:59:59-04:00
Walmart,8043874,Beats Solo 4 Wireless Headphones,146.88,2026-07-23T00:00:00-04:00,2026-07-29T23:59:59-04:00
Walmart,8043874,Outsunny 4-Piece Patio Furniture Set,665.99,2026-07-23T00:00:00-04:00,2026-07-29T23:59:59-04:00
Walmart,8043874,Pillsbury Toaster Strudel,2.97,2026-07-23T00:00:00-04:00,2026-07-29T23:59:59-04:00
Walmart,8043874,McCafé 30s coffee pods,22.97,2026-07-23T00:00:00-04:00,2026-07-29T23:59:59-04:00
Walmart,8043874,Green Giant canned vegetables,1.37,2026-07-23T00:00:00-04:00,2026-07-29T23:59:59-04:00
Walmart,8043874,Evive Smoothie Bites,7.42,2026-07-23T00:00:00-04:00,2026-07-29T23:59:59-04:00
Walmart,8043874,Kraft Salad Dressing,2.44,2026-07-23T00:00:00-04:00,2026-07-29T23:59:59-04:00
Walmart,8043874,International Delight cold foam 369 g - 396 g,4.78,2026-07-23T00:00:00-04:00,2026-07-29T23:59:59-04:00
Walmart,8043874,Beats Solo 4 Wireless Headphones,146.88,2026-07-23T00:00:00-04:00,2026-07-29T23:59:59-04:00
Walmart,8043874,"Joyway 20"" Carry-On Hardshell Luggage",54.99,2026-07-23T00:00:00-04:00,2026-07-29T23:59:59-04:00
Walmart,8043874,Gyrocopters Zeno 2.0 Electric Scooter,449.96,2026-07-23T00:00:00-04:00,2026-07-29T23:59:59-04:00
Walmart,8043874,Talenti gelato or sorbet ice cream tubs or Popsicle novelties,5.98,2026-07-23T00:00:00-04:00,2026-07-29T23:59:59-04:00
Walmart,8043874,"15.6"" Laptop15.6"" Laptop",379.79,2026-07-23T00:00:00-04:00,2026-07-29T23:59:59-04:00
Walmart,8043874,Therabody Theragun Sense Massager,249.99,2026-07-23T00:00:00-04:00,2026-07-29T23:59:59-04:00
Walmart,8043874,"15.6"" Laptop15.6"" Laptop",379.79,2026-07-23T00:00:00-04:00,2026-07-29T23:59:59-04:00
Walmart,8043874,Old Dutch potato chips,2.96,2026-07-23T00:00:00-04:00,2026-07-29T23:59:59-04:00
Walmart,8043874,Doritos tortilla chips,3.97,2026-07-23T00:00:00-04:00,2026-07-29T23:59:59-04:00
Walmart,8043874,MadeGood cookies,2.78,2026-07-23T00:00:00-04:00,2026-07-29T23:59:59-04:00
Walmart,8043874,Gyrocopters Zeno 2.0 Electric Scooter,449.96,2026-07-23T00:00:00-04:00,2026-07-29T23:59:59-04:00
Walmart,8043874,Therabody Theragun Sense Massager,249.99,2026-07-23T00:00:00-04:00,2026-07-29T23:59:59-04:00
Walmart,8043874,George Waffle Pajama shorts,12.0,2026-07-23T00:00:00-04:00,2026-07-29T23:59:59-04:00
Walmart,8043874,No Boundaries Boxy nightshirt,12.0,2026-07-23T00:00:00-04:00,2026-07-29T23:59:59-04:00
Walmart,8043874,Kids' underwear,8.0,2026-07-23T00:00:00-04:00,2026-07-29T23:59:59-04:00
Walmart,8043874,Haribo gummy candies,2.48,2026-07-23T00:00:00-04:00,2026-07-29T23:59:59-04:00
Walmart,8043874,Secret Fresh antiperspirant or deodorant,6.97,2026-07-23T00:00:00-04:00,2026-07-29T23:59:59-04:00
Walmart,8043874,Kotex liners,7.97,2026-07-23T00:00:00-04:00,2026-07-29T23:59:59-04:00
Walmart,8043874,Bali bras,29.97,2026-07-23T00:00:00-04:00,2026-07-29T23:59:59-04:00
Walmart,8043874,George Brushed flannel pajama pants,14.0,2026-07-23T00:00:00-04:00,2026-07-29T23:59:59-04:00
Walmart,8043874,Shapermint cami,22.97,2026-07-23T00:00:00-04:00,2026-07-29T23:59:59-04:00
Walmart,8043874,Boost original meal replacement drink,12.57,2026-07-23T00:00:00-04:00,2026-07-29T23:59:59-04:00
Walmart,8043874,Equate distilled Water,1.24,2026-07-23T00:00:00-04:00,2026-07-29T23:59:59-04:00
Walmart,8043874,Durex cherry water-based personal lubricant,9.22,2026-07-23T00:00:00-04:00,2026-07-29T23:59:59-04:00
Walmart,8043874,Pillsbury Pizza Pops,18.97,2026-07-23T00:00:00-04:00,2026-07-29T23:59:59-04:00
Walmart,8043874,Kotex liner or Teen pads,7.97,2026-07-23T00:00:00-04:00,2026-07-29T23:59:59-04:00
Walmart,8043874,Cotton tee,14.0,2026-07-23T00:00:00-04:00,2026-07-29T23:59:59-04:00
Walmart,8043874,Arm & Hammer clumping cat litter,16.93,2026-07-23T00:00:00-04:00,2026-07-29T23:59:59-04:00
Walmart,8043874,Dove deodorant or antiperspirant,4.88,2026-07-23T00:00:00-04:00,2026-07-29T23:59:59-04:00
Walmart,8043874,Reactine,24.97,2026-07-23T00:00:00-04:00,2026-07-29T23:59:59-04:00
Walmart,8043874,Webber ashwagandha 60s,16.97,2026-07-23T00:00:00-04:00,2026-07-29T23:59:59-04:00
Walmart,8043874,Sanpellegrino CIAO! sparkling water,6.97,2026-07-23T00:00:00-04:00,2026-07-29T23:59:59-04:00
Walmart,8043874,Farmers 10% blend cream,3.96,2026-07-23T00:00:00-04:00,2026-07-29T23:59:59-04:00
Walmart,8043874,Green Giant canned vegetables,1.37,2026-07-23T00:00:00-04:00,2026-07-29T23:59:59-04:00
Walmart,8043874,Equate 70% isopropyl alcohol,5.87,2026-07-23T00:00:00-04:00,2026-07-29T23:59:59-04:00
Walmart,8043874,Sensodyne Toothpaste,4.94,2026-07-23T00:00:00-04:00,2026-07-29T23:59:59-04:00
Walmart,8043874,Boost Original meal replacement drink,12.57,2026-07-23T00:00:00-04:00,2026-07-29T23:59:59-04:00
Walmart,8043874,Equate 70% Hydrogen Peroxide,5.87,2026-07-23T00:00:00-04:00,2026-07-29T23:59:59-04:00
Walmart,8043874,Swanson frozen entrees,4.97,2026-07-23T00:00:00-04:00,2026-07-29T23:59:59-04:00
Walmart,8043874,Baskin-Robbins ice cream tubs or novelties,9.94,2026-07-23T00:00:00-04:00,2026-07-29T23:59:59-04:00
Walmart,8043874,Depend incontinence products,28.97,2026-07-23T00:00:00-04:00,2026-07-29T23:59:59-04:00
Walmart,8043874,Ensure High Protein Or Plus Calories Nutritional Liquid,31.47,2026-07-23T00:00:00-04:00,2026-07-29T23:59:59-04:00
Walmart,8043874,Jamieson Magnesium,17.97,2026-07-23T00:00:00-04:00,2026-07-29T23:59:59-04:00
Walmart,8043874,"Jamieson vitamin B12 100s or calcium, magnesium and vitamin D3 200s",9.67,2026-07-23T00:00:00-04:00,2026-07-29T23:59:59-04:00
Walmart,8043874,Great Value ice milk,6.97,2026-07-23T00:00:00-04:00,2026-07-29T23:59:59-04:00
Walmart,8043874,iögo frozen yogurt tubs,5.97,2026-07-23T00:00:00-04:00,2026-07-29T23:59:59-04:00
Walmart,8043874,Tylenol Extra Strength,18.97,2026-07-23T00:00:00-04:00,2026-07-29T23:59:59-04:00
Walmart,8043874,Tylenol extra strength,18.97,2026-07-23T00:00:00-04:00,2026-07-29T23:59:59-04:00
Walmart,8043874,Ensure High Protein or Plus Calories nutritional liquid,31.47,2026-07-23T00:00:00-04:00,2026-07-29T23:59:59-04:00
Walmart,8043874,Oversized camping chair,9.97,2026-07-23T00:00:00-04:00,2026-07-29T23:59:59-04:00
Walmart,8043874,Sterilite Weave laundry hamper,19.97,2026-07-23T00:00:00-04:00,2026-07-29T23:59:59-04:00
Walmart,8043874,Energizer AA36 batteries,17.97,2026-07-23T00:00:00-04:00,2026-07-29T23:59:59-04:00
Walmart,8043874,Equate incontinence guard for men 52s,13.98,2026-07-23T00:00:00-04:00,2026-07-29T23:59:59-04:00
Walmart,8043874,Revolution Nutrition High Whey Protein,35.97,2026-07-23T00:00:00-04:00,2026-07-29T23:59:59-04:00
Walmart,8043874,Nestlé Parlour frozen dessert tubs,3.67,2026-07-23T00:00:00-04:00,2026-07-29T23:59:59-04:00
Walmart,8043874,Jamieson Magnesium,17.97,2026-07-23T00:00:00-04:00,2026-07-29T23:59:59-04:00
Walmart,8043874,Great Value ice cream cups 18-pack or sugar cones 12-pack,2.77,2026-07-23T00:00:00-04:00,2026-07-29T23:59:59-04:00
Walmart,8043874,Bausch + Lomb Sensitive Eyes® multi-purpose contact lens solution,14.97,2026-07-23T00:00:00-04:00,2026-07-29T23:59:59-04:00
Walmart,8043874,Nerds Gummy Clusters,3.18,2026-07-23T00:00:00-04:00,2026-07-29T23:59:59-04:00
Walmart,8043874,M&M's chocolate,3.98,2026-07-23T00:00:00-04:00,2026-07-29T23:59:59-04:00
Walmart,8043874,Voltaren Emulgel Joint pain,16.48,2026-07-23T00:00:00-04:00,2026-07-29T23:59:59-04:00
Walmart,8043874,One-touch upper arm blood pressure monitor,49.87,2026-07-23T00:00:00-04:00,2026-07-29T23:59:59-04:00
Walmart,8043874,Kids' or toddlers' light-up athletic shoes,24.0,2026-07-23T00:00:00-04:00,2026-07-29T23:59:59-04:00
Walmart,8043874,Ziploc sandwich or freezer bags mega pack,10.96,2026-07-23T00:00:00-04:00,2026-07-29T23:59:59-04:00
Walmart,8043874,Prime vanilla Protein Shakes,39.97,2026-07-23T00:00:00-04:00,2026-07-29T23:59:59-04:00
Walmart,8043874,"Revolution Nutrition, High Whey, Protein",35.97,2026-07-23T00:00:00-04:00,2026-07-29T23:59:59-04:00
Walmart,8043874,George Graphic tee,5.0,2026-07-23T00:00:00-04:00,2026-07-29T23:59:59-04:00
Walmart,8043874,PRIME cookies & cream protein shakes,39.97,2026-07-23T00:00:00-04:00,2026-07-29T23:59:59-04:00
Walmart,8043874,Finish dishwasher tabs,19.97,2026-07-23T00:00:00-04:00,2026-07-29T23:59:59-04:00
Walmart,8043874,Kids or toddlers' athletic shoes,12.0,2026-07-23T00:00:00-04:00,2026-07-29T23:59:59-04:00
Walmart,8043874,LEGO Darth Vader bust,64.86,2026-07-23T00:00:00-04:00,2026-07-29T23:59:59-04:00
Walmart,8043874,Sensible Portions Garden Veggie Straws,2.96,2026-07-23T00:00:00-04:00,2026-07-29T23:59:59-04:00
Walmart,8043874,Doritos Tortilla Chips,3.97,2026-07-23T00:00:00-04:00,2026-07-29T23:59:59-04:00
Walmart,8043874,"Marvel Legends Series Spider-Man, Action Figure",35.97,2026-07-23T00:00:00-04:00,2026-07-29T23:59:59-04:00
Walmart,8043874,Tansformers Studio Series Deluxe Class Orion Pax Action Figure,36.93,2026-07-23T00:00:00-04:00,2026-07-29T23:59:59-04:00
Walmart,8043874,Pen+Gear Report Cover,0.22,2026-07-23T00:00:00-04:00,2026-07-29T23:59:59-04:00
Walmart,8043874,Triscuit crackers,2.78,2026-07-23T00:00:00-04:00,2026-07-29T23:59:59-04:00
Walmart,8043874,PawHut Elevated Pet Bed with Canopy,58.99,2026-07-23T00:00:00-04:00,2026-07-29T23:59:59-04:00
Walmart,8043874,Crest 3D White Advanced toothpaste,5.97,2026-07-23T00:00:00-04:00,2026-07-29T23:59:59-04:00
Walmart,8043874,"Pokémon 8"" deluxe vinyl figures",44.93,2026-07-23T00:00:00-04:00,2026-07-29T23:59:59-04:00
Walmart,8043874,Kids light-up athletic shoes,24.0,2026-07-23T00:00:00-04:00,2026-07-29T23:59:59-04:00
Walmart,8043874,Ziploc sandwich or freezer bags mega pack,10.96,2026-07-23T00:00:00-04:00,2026-07-29T23:59:59-04:00
Walmart,8043874,Royale 2 Ply Bathroom Tissue,19.96,2026-07-23T00:00:00-04:00,2026-07-29T23:59:59-04:00
Walmart,8043874,"Joyway 20"" Carry-On Hardshell Luggage",54.99,2026-07-23T00:00:00-04:00,2026-07-29T23:59:59-04:00
Walmart,8043874,Mersco 12' Trampoline with Basketball Hoop,397.99,2026-07-23T00:00:00-04:00,2026-07-29T23:59:59-04:00
Walmart,8043874,Sucderia Ferrari HP charles Leclerc or Lewis Hamilton Helmet Lego,119.86,2026-07-23T00:00:00-04:00,2026-07-29T23:59:59-04:00
Walmart,8043874,LEGO Lionel Messi or Cristiano Ronaldo Soccer Legend,99.86,2026-07-23T00:00:00-04:00,2026-07-29T23:59:59-04:00
Walmart,8043874,"WWE X Streetfighter Yokozuna as E. Honda, Ultimate Warrior or Dominik Mysterio as Ken action figures",36.93,2026-07-23T00:00:00-04:00,2026-07-29T23:59:59-04:00
Walmart,8043874,Lego Editions Lionel Messi-Celebration,269.86,2026-07-23T00:00:00-04:00,2026-07-29T23:59:59-04:00
Walmart,8043874,Rascals girls' Night Pants nighttime underwear,25.88,2026-07-23T00:00:00-04:00,2026-07-29T23:59:59-04:00
Walmart,8043874,Similac 360 Total Care step 2 ready to feed formula,73.98,2026-07-23T00:00:00-04:00,2026-07-29T23:59:59-04:00
Walmart,8043874,George Kid's underwear,8.0,2026-07-23T00:00:00-04:00,2026-07-29T23:59:59-04:00
Walmart,8043874,Lego Pokémon Eevee Model Building Kit,84.86,2026-07-23T00:00:00-04:00,2026-07-29T23:59:59-04:00
Walmart,8043874,Transformers Devastation Deluxe Class Bumblebee action figure,36.93,2026-07-23T00:00:00-04:00,2026-07-29T23:59:59-04:00
Walmart,8043874,Toy Story Buzz remote control,99.92,2026-07-23T00:00:00-04:00,2026-07-29T23:59:59-04:00
Walmart,8043874,Lego The Legend of zelda: Ocarina of time the final battle,179.86,2026-07-23T00:00:00-04:00,2026-07-29T23:59:59-04:00
Walmart,8043874,"WWE X Streetfighter yokozuna as E. honda, ultimate Warrior or Dominik Mysterio as ken Action figures",36.93,2026-07-23T00:00:00-04:00,2026-07-29T23:59:59-04:00
Walmart,8043874,Sensodyne or Pronamel toothpaste,4.94,2026-07-23T00:00:00-04:00,2026-07-29T23:59:59-04:00
Walmart,8043874,Kendamil organic powder infant formula,49.97,2026-07-23T00:00:00-04:00,2026-07-29T23:59:59-04:00
Walmart,8043874,LEGO Tintin moon rocket,209.98,2026-07-23T00:00:00-04:00,2026-07-29T23:59:59-04:00
Walmart,8043874,Star Wars The Black Series Force FX Elite Sabine Wren lightsaber,249.97,2026-07-23T00:00:00-04:00,2026-07-29T23:59:59-04:00
Walmart,8043874,Lego Pokémon Pikachu and Poké Ball,269.98,2026-07-23T00:00:00-04:00,2026-07-29T23:59:59-04:00
Walmart,8043874,Equate incontinence guard foe men 52s or bladder control pads 39s,13.98,2026-07-23T00:00:00-04:00,2026-07-29T23:59:59-04:00
Walmart,8043874,Pure protein protein powder,24.47,2026-07-23T00:00:00-04:00,2026-07-29T23:59:59-04:00
Walmart,8043874,Marvel Legends Series Hulk action figure,55.97,2026-07-23T00:00:00-04:00,2026-07-29T23:59:59-04:00
Walmart,8043874,Technic Aston Martin Aramco AMR25F1 Car,299.86,2026-07-23T00:00:00-04:00,2026-07-29T23:59:59-04:00
Walmart,8043874,Similac 360 Total Care step 1 ready to feed formula,73.98,2026-07-23T00:00:00-04:00,2026-07-29T23:59:59-04:00
Walmart,8043874,Super Mario Mario Kart Luigi & Mach 8 set,249.98,2026-07-23T00:00:00-04:00,2026-07-29T23:59:59-04:00
Walmart,8043874,Dove Men+Care Shampoo,11.76,2026-07-23T00:00:00-04:00,2026-07-29T23:59:59-04:00
Walmart,8043874,Ol'Roy dry dog food,27.98,2026-07-23T00:00:00-04:00,2026-07-29T23:59:59-04:00
Walmart,8043874,Lego Lionel Messi,99.86,2026-07-23T00:00:00-04:00,2026-07-29T23:59:59-04:00
Walmart,8043874,Advil Liqui-Gels,19.97,2026-07-23T00:00:00-04:00,2026-07-29T23:59:59-04:00
Walmart,8043874,Gerber Get'ems crakes or cookies,4.74,2026-07-23T00:00:00-04:00,2026-07-29T23:59:59-04:00
Walmart,8043874,GERBER Get'ems Crackers,4.74,2026-07-23T00:00:00-04:00,2026-07-29T23:59:59-04:00
Walmart,8043874,"Acer Nitro 24"" FHD IPS gaming monitor",129.98,2026-07-23T00:00:00-04:00,2026-07-29T23:59:59-04:00
Walmart,8043874,Gerber Triple Goodness baby yogurt cereal,5.47,2026-07-23T00:00:00-04:00,2026-07-29T23:59:59-04:00
Walmart,8043874,"onn. 24"" HD 720p TV",128.0,2026-07-23T00:00:00-04:00,2026-07-29T23:59:59-04:00
Walmart,8043874,Gerber Get'ems crackers or cookies,4.74,2026-07-23T00:00:00-04:00,2026-07-29T23:59:59-04:00
Walmart,8043874,Pure Protein bars,19.47,2026-07-23T00:00:00-04:00,2026-07-29T23:59:59-04:00
Walmart,8043874,George Twill pants,12.0,2026-07-23T00:00:00-04:00,2026-07-29T23:59:59-04:00
Walmart,8043874,Gerber oatmeal,5.47,2026-07-23T00:00:00-04:00,2026-07-29T23:59:59-04:00
Walmart,8043874,Gerber Get'ems roundos,4.74,2026-07-23T00:00:00-04:00,2026-07-29T23:59:59-04:00
Walmart,8043874,Gerber Lil' Explorers biscuits,4.97,2026-07-23T00:00:00-04:00,2026-07-29T23:59:59-04:00
Walmart,8043874,Gerber Triple Goodness Yogurt cereal,5.47,2026-07-23T00:00:00-04:00,2026-07-29T23:59:59-04:00
Walmart,8043874,Gerber Get'ems Roundos,4.74,2026-07-23T00:00:00-04:00,2026-07-29T23:59:59-04:00
Walmart,8043874,Gerber oatmeal,5.47,2026-07-23T00:00:00-04:00,2026-07-29T23:59:59-04:00
Walmart,8043874,Gerber Lil' Explorers biscuits,4.97,2026-07-23T00:00:00-04:00,2026-07-29T23:59:59-04:00
Walmart,8043874,KPop Demon Hunters craft set,12.97,2026-07-23T00:00:00-04:00,2026-07-29T23:59:59-04:00
Walmart,8043874,George,5.0,2026-07-23T00:00:00-04:00,2026-07-29T23:59:59-04:00
Walmart,8043874,ViscoLogic Prestige Full Foam Mattress,149.99,2026-07-23T00:00:00-04:00,2026-07-29T23:59:59-04:00
Walmart,8043874,ViscoLogic Prestige Full Foam Mattress,149.99,2026-07-23T00:00:00-04:00,2026-07-29T23:59:59-04:00
Walmart,8043874,No Boundaries Peached tee and pants set,20.0,2026-07-23T00:00:00-04:00,2026-07-29T23:59:59-04:00
Walmart,8043874,Kids' licensed underwear,12.0,2026-07-23T00:00:00-04:00,2026-07-29T23:59:59-04:00
Walmart,8043874,Shapermint shorts,25.97,2026-07-23T00:00:00-04:00,2026-07-29T23:59:59-04:00
Walmart,8043874,Pure Protein protein powder,24.47,2026-07-23T00:00:00-04:00,2026-07-29T23:59:59-04:00
Walmart,8043874,Durex Original or Cherry Water Based Personal Lubricant,9.22,2026-07-23T00:00:00-04:00,2026-07-29T23:59:59-04:00
Walmart,8043874,Benadryl,24.97,2026-07-23T00:00:00-04:00,2026-07-29T23:59:59-04:00
Walmart,8043874,"WWE X Streetfighter Yokozuna as E. Honda, Ultimate or Dominik Mysterio as Ken action figures",36.93,2026-07-23T00:00:00-04:00,2026-07-29T23:59:59-04:00
Walmart,8043874,Interactive Hatchin' Yoshi,79.92,2026-07-23T00:00:00-04:00,2026-07-29T23:59:59-04:00
Walmart,8043874,Lego Scuderia Ferrari HP Charles Leclerc or Lewis Hamilton helmet,119.86,2026-07-23T00:00:00-04:00,2026-07-29T23:59:59-04:00
Walmart,8043874,Gerber Lil' Crunchies,3.47,2026-07-23T00:00:00-04:00,2026-07-29T23:59:59-04:00
Walmart,8043874,two-bite brownie 608 g or cinnamon rolls 595 g,6.42,2026-07-23T00:00:00-04:00,2026-07-29T23:59:59-04:00
