merchant,flyer_id,name,price,valid_from,valid_to
Walmart,8032316,Pampers Superpack Diapers,28.98,2026-07-16T00:00:00-04:00,2026-07-22T23:59:59-04:00
Walmart,8032316,brüst protein cold brew coffee,10.97,2026-07-16T00:00:00-04:00,2026-07-22T23:59:59-04:00
Walmart,8032316,Attitude cleaners,5.96,2026-07-16T00:00:00-04:00,2026-07-22T23:59:59-04:00
Walmart,8032316,Chips Ahoy! Chewy or Mini Eggs cookies,4.48,2026-07-16T00:00:00-04:00,2026-07-22T23:59:59-04:00
Walmart,8032316,Evenflo LiteMax Sport Infant car seat,174.0,2026-07-16T00:00:00-04:00,2026-07-22T23:59:59-04:00
Walmart,8032316,Great Value Eco all-purpose or toilet bowl cleaner,3.97,2026-07-16T00:00:00-04:00,2026-07-22T23:59:59-04:00
Walmart,8032316,Dempster's Signature hot dog or hamburger buns,3.18,2026-07-16T00:00:00-04:00,2026-07-22T23:59:59-04:00
Walmart,8032316,Vachon snack cakes,4.28,2026-07-16T00:00:00-04:00,2026-07-22T23:59:59-04:00
Walmart,8032316,OREO Cakesters soft snack cakes,4.48,2026-07-16T00:00:00-04:00,2026-07-22T23:59:59-04:00
Walmart,8032316,Cesar wet dog food,8.48,2026-07-16T00:00:00-04:00,2026-07-22T23:59:59-04:00
Walmart,8032316,Mrs. Meyer's Clean Day diffuser kit or scented oil refills 2 x 20 mL.,12.97,2026-07-16T00:00:00-04:00,2026-07-22T23:59:59-04:00
Walmart,8032316,"43"" FHD QLED TV",255.05,2026-07-16T00:00:00-04:00,2026-07-22T23:59:59-04:00
Walmart,8032316,Wonder hot dog buns,2.88,2026-07-16T00:00:00-04:00,2026-07-22T23:59:59-04:00
Walmart,8032316,Oîkos Greek yogurt,3.47,2026-07-16T00:00:00-04:00,2026-07-22T23:59:59-04:00
Walmart,8032316,L'Oréal Paris Infallible 3-Second setting mist,17.96,2026-07-16T00:00:00-04:00,2026-07-22T23:59:59-04:00
Walmart,8032316,Royalty cookies,2.48,2026-07-16T00:00:00-04:00,2026-07-22T23:59:59-04:00
Walmart,8032316,Tilda parboiled rice,12.57,2026-07-16T00:00:00-04:00,2026-07-22T23:59:59-04:00
Walmart,8032316,Kraft Dinner boxes,4.97,2026-07-16T00:00:00-04:00,2026-07-22T23:59:59-04:00
Walmart,8032316,Your Fresh Market™ whole white mushrooms,2.44,2026-07-16T00:00:00-04:00,2026-07-22T23:59:59-04:00
Walmart,8032316,Grace coconut milk.,1.47,2026-07-16T00:00:00-04:00,2026-07-22T23:59:59-04:00
Walmart,8032316,Balderson non-aged cheddar cheese.,6.46,2026-07-16T00:00:00-04:00,2026-07-22T23:59:59-04:00
Walmart,8032316,Reser's family sized salads,5.96,2026-07-16T00:00:00-04:00,2026-07-22T23:59:59-04:00
Walmart,8032316,Pure Protein bars,19.47,2026-07-16T00:00:00-04:00,2026-07-22T23:59:59-04:00
Walmart,8032316,Astro tubs yogurt,3.27,2026-07-16T00:00:00-04:00,2026-07-22T23:59:59-04:00
Walmart,8032316,Glad Black outdoor garbage bags,21.48,2026-07-16T00:00:00-04:00,2026-07-22T23:59:59-04:00
Walmart,8032316,Marcangelo fresh pork kabobs,9.97,2026-07-16T00:00:00-04:00,2026-07-22T23:59:59-04:00
Walmart,8032316,Equate high protein meal replacement shakes,10.97,2026-07-16T00:00:00-04:00,2026-07-22T23:59:59-04:00
Walmart,8032316,Men's performance boxer briefs 3-pack,21.97,2026-07-16T00:00:00-04:00,2026-07-22T23:59:59-04:00
Walmart,8032316,Tropicana drinks,2.97,2026-07-16T00:00:00-04:00,2026-07-22T23:59:59-04:00
Walmart,8032316,Oasis juice or Smoothie,4.46,2026-07-16T00:00:00-04:00,2026-07-22T23:59:59-04:00
Walmart,8032316,Polysporin antibiotic ointment,9.24,2026-07-16T00:00:00-04:00,2026-07-22T23:59:59-04:00
Walmart,8032316,Polysporin antibiotic ointment or cream for kids,9.24,2026-07-16T00:00:00-04:00,2026-07-22T23:59:59-04:00
Walmart,8032316,Leclerc Célébration cookies,2.98,2026-07-16T00:00:00-04:00,2026-07-22T23:59:59-04:00
Walmart,8032316,Mainstays Reversible solid beach towel,9.98,2026-07-16T00:00:00-04:00,2026-07-22T23:59:59-04:00
Walmart,8032316,Ziploc freezer bags mega pack,10.96,2026-07-16T00:00:00-04:00,2026-07-22T23:59:59-04:00
Walmart,8032316,PopStyle Bracelet Maker kit,34.97,2026-07-16T00:00:00-04:00,2026-07-22T23:59:59-04:00
Walmart,8032316,Classico pasta sauce,2.97,2026-07-16T00:00:00-04:00,2026-07-22T23:59:59-04:00
Walmart,8032316,Indomie Instant Noodles 5-pack or KD ramen,3.47,2026-07-16T00:00:00-04:00,2026-07-22T23:59:59-04:00
Walmart,8032316,Bioworld Licensed Backpacks,24.97,2026-07-16T00:00:00-04:00,2026-07-22T23:59:59-04:00
Walmart,8032316,Evenflo Maestro Sport harness booster car seat.,174.0,2026-07-16T00:00:00-04:00,2026-07-22T23:59:59-04:00
Walmart,8032316,Mielle haircare,14.97,2026-07-16T00:00:00-04:00,2026-07-22T23:59:59-04:00
Walmart,8032316,L'Oréal Paris LUMI Bronze Le Stick Soleil bronzer stick,17.96,2026-07-16T00:00:00-04:00,2026-07-22T23:59:59-04:00
Walmart,8032316,Cool Runnings plantain chips,3.27,2026-07-16T00:00:00-04:00,2026-07-22T23:59:59-04:00
Walmart,8032316,Vaseline body gel oil,8.82,2026-07-16T00:00:00-04:00,2026-07-22T23:59:59-04:00
Walmart,8032316,Kraft snack cups 4-pack,4.97,2026-07-16T00:00:00-04:00,2026-07-22T23:59:59-04:00
Walmart,8032316,Redpath sugar,1.98,2026-07-16T00:00:00-04:00,2026-07-22T23:59:59-04:00
Walmart,8032316,Cracker Barrel cheese shreds 320 g,5.97,2026-07-16T00:00:00-04:00,2026-07-22T23:59:59-04:00
Walmart,8032316,Bulk cherries,3.94,2026-07-16T00:00:00-04:00,2026-07-22T23:59:59-04:00
Walmart,8032316,Ben and Jerry's ice cream tubs,4.98,2026-07-16T00:00:00-04:00,2026-07-22T23:59:59-04:00
Walmart,8032316,Kraft peanut butter,4.97,2026-07-16T00:00:00-04:00,2026-07-22T23:59:59-04:00
Walmart,8032316,Purex laundry detergent,9.27,2026-07-16T00:00:00-04:00,2026-07-22T23:59:59-04:00
Walmart,8032316,Liberté Greek yogurt tubs,6.97,2026-07-16T00:00:00-04:00,2026-07-22T23:59:59-04:00
Walmart,8032316,Cracker Barrel cheese block 400 g or shreds 320 g,5.97,2026-07-16T00:00:00-04:00,2026-07-22T23:59:59-04:00
Walmart,8032316,Johnsonville breakfast or dinner sausages,6.27,2026-07-16T00:00:00-04:00,2026-07-22T23:59:59-04:00
Walmart,8032316,Chubby soda,0.48,2026-07-16T00:00:00-04:00,2026-07-22T23:59:59-04:00
Walmart,8032316,Grace coconut water,3.27,2026-07-16T00:00:00-04:00,2026-07-22T23:59:59-04:00
Walmart,8032316,Big Foot cheese snack,0.78,2026-07-16T00:00:00-04:00,2026-07-22T23:59:59-04:00
Walmart,8032316,"Your Fresh Market"" deli salads",3.27,2026-07-16T00:00:00-04:00,2026-07-22T23:59:59-04:00
Walmart,8032316,Liberté Greek yogurt tubs,6.97,2026-07-16T00:00:00-04:00,2026-07-22T23:59:59-04:00
Walmart,8032316,Magnum frozen novelties,4.98,2026-07-16T00:00:00-04:00,2026-07-22T23:59:59-04:00
Walmart,8032316,Bulk beefsteak tomatoes,2.42,2026-07-16T00:00:00-04:00,2026-07-22T23:59:59-04:00
Walmart,8032316,Farmers 10% blend cream,3.96,2026-07-16T00:00:00-04:00,2026-07-22T23:59:59-04:00
Walmart,8032316,Schneiders Original Recipe wieners,3.97,2026-07-16T00:00:00-04:00,2026-07-22T23:59:59-04:00
Walmart,8032316,Great Value smoked sausages,7.97,2026-07-16T00:00:00-04:00,2026-07-22T23:59:59-04:00
Walmart,8032316,Big Banana sweet plantains,3.42,2026-07-16T00:00:00-04:00,2026-07-22T23:59:59-04:00
Walmart,8032316,Piller's smoked sausages,6.97,2026-07-16T00:00:00-04:00,2026-07-22T23:59:59-04:00
Walmart,8032316,Maple Leaf fresh split chicken wings,6.43,2026-07-16T00:00:00-04:00,2026-07-22T23:59:59-04:00
Walmart,8032316,Big Foot cheese snack,0.78,2026-07-16T00:00:00-04:00,2026-07-22T23:59:59-04:00
Walmart,8032316,Patty King Jamaican beef patties,9.42,2026-07-16T00:00:00-04:00,2026-07-22T23:59:59-04:00
Walmart,8032316,Your Fresh Market™ fresh medium ground beef value pack,6.34,2026-07-16T00:00:00-04:00,2026-07-22T23:59:59-04:00
Walmart,8032316,Great Value Spring Water,3.27,2026-07-16T00:00:00-04:00,2026-07-22T23:59:59-04:00
Walmart,8032316,Ol' Roy dry dog food,27.98,2026-07-16T00:00:00-04:00,2026-07-22T23:59:59-04:00
Walmart,8032316,Miss Vickie's chips,3.77,2026-07-16T00:00:00-04:00,2026-07-22T23:59:59-04:00
Walmart,8032316,Great Value cheese slices,5.78,2026-07-16T00:00:00-04:00,2026-07-22T23:59:59-04:00
Walmart,8032316,Red Baron frozen pizza,3.97,2026-07-16T00:00:00-04:00,2026-07-22T23:59:59-04:00
Walmart,8032316,Starbucks liquid coffee enhancers,6.98,2026-07-16T00:00:00-04:00,2026-07-22T23:59:59-04:00
Walmart,8032316,Becel margarine,6.98,2026-07-16T00:00:00-04:00,2026-07-22T23:59:59-04:00
Walmart,8032316,Marcangelo fresh chicken kabobs,9.97,2026-07-16T00:00:00-04:00,2026-07-22T23:59:59-04:00
Walmart,8032316,Powerade Sports drink,0.98,2026-07-16T00:00:00-04:00,2026-07-22T23:59:59-04:00
Walmart,8032316,Gusher fruit snacks,2.67,2026-07-16T00:00:00-04:00,2026-07-22T23:59:59-04:00
Walmart,8032316,Nexium 24HR Acid Reducer,14.98,2026-07-16T00:00:00-04:00,2026-07-22T23:59:59-04:00
Walmart,8032316,Parent's Choice trainer cup with weighted straw,8.23,2026-07-16T00:00:00-04:00,2026-07-22T23:59:59-04:00
Walmart,8032316,Reversible Gel-Infused Foam Mattress,93.99,2026-07-16T00:00:00-04:00,2026-07-22T23:59:59-04:00
Walmart,8032316,Parent's Choice wipes,19.94,2026-07-16T00:00:00-04:00,2026-07-22T23:59:59-04:00
Walmart,8032316,Nestlé Cerelac baby cereal,9.97,2026-07-16T00:00:00-04:00,2026-07-22T23:59:59-04:00
Walmart,8032316,Quest tortilla-style chips,3.74,2026-07-16T00:00:00-04:00,2026-07-22T23:59:59-04:00
Walmart,8032316,Allorganic air freshener,9.48,2026-07-16T00:00:00-04:00,2026-07-22T23:59:59-04:00
Walmart,8032316,Maple Leaf fresh air-chilled back-attached chicken leg quarters,3.62,2026-07-16T00:00:00-04:00,2026-07-22T23:59:59-04:00
Walmart,8032316,Coca-cola Pop,3.97,2026-07-16T00:00:00-04:00,2026-07-22T23:59:59-04:00
Walmart,8032316,Large seedless watermelon,6.98,2026-07-16T00:00:00-04:00,2026-07-22T23:59:59-04:00
Walmart,8032316,Maple Leaf hot dogs,3.97,2026-07-16T00:00:00-04:00,2026-07-22T23:59:59-04:00
Walmart,8032316,Purex laundry detergent,9.27,2026-07-16T00:00:00-04:00,2026-07-22T23:59:59-04:00
Walmart,8032316,Your Fresh Market™ cremini mushrooms,2.44,2026-07-16T00:00:00-04:00,2026-07-22T23:59:59-04:00
Walmart,8032316,Plantains,1.03,2026-07-16T00:00:00-04:00,2026-07-22T23:59:59-04:00
Walmart,8032316,Cool Runnings 100% Coconut Water,1.28,2026-07-16T00:00:00-04:00,2026-07-22T23:59:59-04:00
Walmart,8032316,Hard Candy Eye Def eyeshadow marker,8.98,2026-07-16T00:00:00-04:00,2026-07-22T23:59:59-04:00
Walmart,8032316,Cool Runnings plantain chips,3.27,2026-07-16T00:00:00-04:00,2026-07-22T23:59:59-04:00
Walmart,8032316,Grace Island Soda,1.08,2026-07-16T00:00:00-04:00,2026-07-22T23:59:59-04:00
Walmart,8032316,Grace Island Soda,1.08,2026-07-16T00:00:00-04:00,2026-07-22T23:59:59-04:00
Walmart,8032316,Yucca root,1.77,2026-07-16T00:00:00-04:00,2026-07-22T23:59:59-04:00
Walmart,8032316,Grace sardines in tomato sauce,0.98,2026-07-16T00:00:00-04:00,2026-07-22T23:59:59-04:00
Walmart,8032316,SheaMoisture treatments,14.42,2026-07-16T00:00:00-04:00,2026-07-22T23:59:59-04:00
Walmart,8032316,Grace sardines in tomato sauce,0.98,2026-07-16T00:00:00-04:00,2026-07-22T23:59:59-04:00
Walmart,8032316,SheaMoisture styling products or treatments,14.42,2026-07-16T00:00:00-04:00,2026-07-22T23:59:59-04:00
Walmart,8032316,Mielle haircare,14.97,2026-07-16T00:00:00-04:00,2026-07-22T23:59:59-04:00
Walmart,8032316,Patty King Jamaican beef patties,9.42,2026-07-16T00:00:00-04:00,2026-07-22T23:59:59-04:00
Walmart,8032316,Nutrament Supplement Drink,3.27,2026-07-16T00:00:00-04:00,2026-07-22T23:59:59-04:00
Walmart,8032316,Coconut,2.28,2026-07-16T00:00:00-04:00,2026-07-22T23:59:59-04:00
Walmart,8032316,Vaseline body gel oil,8.82,2026-07-16T00:00:00-04:00,2026-07-22T23:59:59-04:00
Walmart,8032316,George Men's sweatshirt,18.0,2026-07-16T00:00:00-04:00,2026-07-22T23:59:59-04:00
Walmart,8032316,Bear Paws cookies,2.98,2026-07-16T00:00:00-04:00,2026-07-22T23:59:59-04:00
Walmart,8032316,Tostitos chips,2.97,2026-07-16T00:00:00-04:00,2026-07-22T23:59:59-04:00
Walmart,8032316,Kraft Singles cheese slices,3.97,2026-07-16T00:00:00-04:00,2026-07-22T23:59:59-04:00
Walmart,8032316,Sensodyne 135 mL toothpaste,5.77,2026-07-16T00:00:00-04:00,2026-07-22T23:59:59-04:00
Walmart,8032316,Lay's chips,2.97,2026-07-16T00:00:00-04:00,2026-07-22T23:59:59-04:00
Walmart,8032316,Bear Paws cookies,2.98,2026-07-16T00:00:00-04:00,2026-07-22T23:59:59-04:00
Walmart,8032316,Pronamel 110 ml toothpaste,5.77,2026-07-16T00:00:00-04:00,2026-07-22T23:59:59-04:00
Walmart,8032316,Wonder hamburger buns,2.88,2026-07-16T00:00:00-04:00,2026-07-22T23:59:59-04:00
Walmart,8032316,4-Burner propane gas grill with side burner,218.0,2026-07-16T00:00:00-04:00,2026-07-22T23:59:59-04:00
Walmart,8032316,Oîkos Greek yogurt 4 x 100 g,3.47,2026-07-16T00:00:00-04:00,2026-07-22T23:59:59-04:00
Walmart,8032316,Lou's Kitchen Fully Cooked Entrees,9.88,2026-07-16T00:00:00-04:00,2026-07-22T23:59:59-04:00
Walmart,8032316,Janes Ultimates Chicken Bites,9.96,2026-07-16T00:00:00-04:00,2026-07-22T23:59:59-04:00
Walmart,8032316,Dr. Oetker Ristorante or Casa Di Mama,3.97,2026-07-16T00:00:00-04:00,2026-07-22T23:59:59-04:00
Walmart,8032316,Lou's Kitchen fully cooked entrees,9.88,2026-07-16T00:00:00-04:00,2026-07-22T23:59:59-04:00
Walmart,8032316,Janes Ultimates chicken wings,9.96,2026-07-16T00:00:00-04:00,2026-07-22T23:59:59-04:00
Walmart,8032316,"Hyper 26"" Shocker mountain bike",228.0,2026-07-16T00:00:00-04:00,2026-07-22T23:59:59-04:00
Walmart,8032316,McCafé 30s K-Cup coffee pods,22.97,2026-07-16T00:00:00-04:00,2026-07-22T23:59:59-04:00
Walmart,8032316,"""Miss Vickie's chips",3.77,2026-07-16T00:00:00-04:00,2026-07-22T23:59:59-04:00
Walmart,8032316,Ol' Roy dry dog food,27.98,2026-07-16T00:00:00-04:00,2026-07-22T23:59:59-04:00
Walmart,8032316,Cashmere bathroom tissue,14.96,2026-07-16T00:00:00-04:00,2026-07-22T23:59:59-04:00
Walmart,8032316,Starbucks 24s K-cup coffee pods,22.97,2026-07-16T00:00:00-04:00,2026-07-22T23:59:59-04:00
Walmart,8032316,"Cashmere bathroom tissue 30 = 62 rolls, 253 sheets per roll 20 = 60 rolls, 198 sheets per roll",14.96,2026-07-16T00:00:00-04:00,2026-07-22T23:59:59-04:00
Walmart,8032316,Blueberries,3.44,2026-07-16T00:00:00-04:00,2026-07-22T23:59:59-04:00
Walmart,8032316,Green kiwi,0.97,2026-07-16T00:00:00-04:00,2026-07-22T23:59:59-04:00
Walmart,8032316,Popeye spinach 283 g or rainbow or broccoli slaw 340 g,3.24,2026-07-16T00:00:00-04:00,2026-07-22T23:59:59-04:00
Walmart,8032316,Prime raised without antibiotics boneless skinless chicken breasts 3-pack,6.34,2026-07-16T00:00:00-04:00,2026-07-22T23:59:59-04:00
Walmart,8032316,Your Fresh Market™ sliced deli meat,2.98,2026-07-16T00:00:00-04:00,2026-07-22T23:59:59-04:00
Walmart,8032316,Summer Fresh Hummus or Dips,3.47,2026-07-16T00:00:00-04:00,2026-07-22T23:59:59-04:00
Walmart,8032316,Your Fresh Market™ deli salads,3.27,2026-07-16T00:00:00-04:00,2026-07-22T23:59:59-04:00
Walmart,8032316,Your Fresh Market™ sliced deli meat,2.98,2026-07-16T00:00:00-04:00,2026-07-22T23:59:59-04:00
Walmart,8032316,Summer Fresh hummus or dips,3.47,2026-07-16T00:00:00-04:00,2026-07-22T23:59:59-04:00
Walmart,8032316,Great Value Bacon,5.47,2026-07-16T00:00:00-04:00,2026-07-22T23:59:59-04:00
Walmart,8032316,Your Fresh Market coho salmon fillet,12.69,2026-07-16T00:00:00-04:00,2026-07-22T23:59:59-04:00
Walmart,8032316,Iceberg lettuce,2.44,2026-07-16T00:00:00-04:00,2026-07-22T23:59:59-04:00
Walmart,8032316,Maple Leaf fresh lean ground pork,4.97,2026-07-16T00:00:00-04:00,2026-07-22T23:59:59-04:00
Walmart,8032316,Red Seedless Grapes,4.94,2026-07-16T00:00:00-04:00,2026-07-22T23:59:59-04:00
Walmart,8032316,Great Value bacon,5.47,2026-07-16T00:00:00-04:00,2026-07-22T23:59:59-04:00
Walmart,8032316,Green seedless grapes,4.94,2026-07-16T00:00:00-04:00,2026-07-22T23:59:59-04:00
Walmart,8032316,Your Fresh Market™ beef strip loin steak,22.67,2026-07-16T00:00:00-04:00,2026-07-22T23:59:59-04:00
Walmart,8032316,Peaches,7.94,2026-07-16T00:00:00-04:00,2026-07-22T23:59:59-04:00
Walmart,8032316,Brar's vegetable samosas,6.18,2026-07-16T00:00:00-04:00,2026-07-22T23:59:59-04:00
Walmart,8032316,Johnsonville smoked sausages,6.97,2026-07-16T00:00:00-04:00,2026-07-22T23:59:59-04:00
Walmart,8032316,Marcangelo Montreal seasoned strip loin steaks,19.97,2026-07-16T00:00:00-04:00,2026-07-22T23:59:59-04:00
Walmart,8032316,Your Fresh Market™ grape tomatoes,4.94,2026-07-16T00:00:00-04:00,2026-07-22T23:59:59-04:00
Walmart,8032316,green zucchini,2.44,2026-07-16T00:00:00-04:00,2026-07-22T23:59:59-04:00
Walmart,8032316,Schneiders Pepperettes,8.97,2026-07-16T00:00:00-04:00,2026-07-22T23:59:59-04:00
Walmart,8032316,Nectarines,7.94,2026-07-16T00:00:00-04:00,2026-07-22T23:59:59-04:00
Walmart,8032316,Schneiders Pepperettes,8.97,2026-07-16T00:00:00-04:00,2026-07-22T23:59:59-04:00
Walmart,8032316,Swiss rolls,5.18,2026-07-16T00:00:00-04:00,2026-07-22T23:59:59-04:00
Walmart,8032316,Yoplait Tubes 8 x 56 g yogurt,2.97,2026-07-16T00:00:00-04:00,2026-07-22T23:59:59-04:00
Walmart,8032316,Hershey's chocolate,4.48,2026-07-16T00:00:00-04:00,2026-07-22T23:59:59-04:00
Walmart,8032316,Dempster's hot dog,2.98,2026-07-16T00:00:00-04:00,2026-07-22T23:59:59-04:00
Walmart,8032316,Swiss Rolls or Squares,5.18,2026-07-16T00:00:00-04:00,2026-07-22T23:59:59-04:00
Walmart,8032316,Oasis juice,4.46,2026-07-16T00:00:00-04:00,2026-07-22T23:59:59-04:00
Walmart,8032316,Yoplait Minigo 6 x 60 g yogurt,2.97,2026-07-16T00:00:00-04:00,2026-07-22T23:59:59-04:00
Walmart,8032316,Powerade Sports drink,0.98,2026-07-16T00:00:00-04:00,2026-07-22T23:59:59-04:00
Walmart,8032316,Classico pasta sauce,2.97,2026-07-16T00:00:00-04:00,2026-07-22T23:59:59-04:00
Walmart,8032316,Simply Lemonade,7.96,2026-07-16T00:00:00-04:00,2026-07-22T23:59:59-04:00
Walmart,8032316,Kraft salad dressing,2.44,2026-07-16T00:00:00-04:00,2026-07-22T23:59:59-04:00
Walmart,8032316,Hershey's Pokemon Kisses,5.98,2026-07-16T00:00:00-04:00,2026-07-22T23:59:59-04:00
Walmart,8032316,Portofino hot dog buns,5.48,2026-07-16T00:00:00-04:00,2026-07-22T23:59:59-04:00
Walmart,8032316,iögo nanö Bubbles 4-pack yogurt,3.27,2026-07-16T00:00:00-04:00,2026-07-22T23:59:59-04:00
Walmart,8032316,Kraft salad dressing,2.44,2026-07-16T00:00:00-04:00,2026-07-22T23:59:59-04:00
Walmart,8032316,Leclerc Célébration cookies,2.98,2026-07-16T00:00:00-04:00,2026-07-22T23:59:59-04:00
Walmart,8032316,Simply Lemonade,7.96,2026-07-16T00:00:00-04:00,2026-07-22T23:59:59-04:00
Walmart,8032316,Country Harvest grain bread,3.48,2026-07-16T00:00:00-04:00,2026-07-22T23:59:59-04:00
Walmart,8032316,Ferrero Collection fine assorted chocolates,9.97,2026-07-16T00:00:00-04:00,2026-07-22T23:59:59-04:00
Walmart,8032316,Great Value cashews or almonds,19.47,2026-07-16T00:00:00-04:00,2026-07-22T23:59:59-04:00
Walmart,8032316,Fruit by the Foot fruit snacks,2.67,2026-07-16T00:00:00-04:00,2026-07-22T23:59:59-04:00
Walmart,8032316,Heinz pasta,1.27,2026-07-16T00:00:00-04:00,2026-07-22T23:59:59-04:00
Walmart,8032316,Tropicana drinks,2.97,2026-07-16T00:00:00-04:00,2026-07-22T23:59:59-04:00
Walmart,8032316,Indomie instant noodles 5-pack or KD ramen,3.47,2026-07-16T00:00:00-04:00,2026-07-22T23:59:59-04:00
Walmart,8032316,Great Value cashews or almonds,19.47,2026-07-16T00:00:00-04:00,2026-07-22T23:59:59-04:00
Walmart,8032316,Heinz pasta,1.27,2026-07-16T00:00:00-04:00,2026-07-22T23:59:59-04:00
Walmart,8032316,Lysol disinfectant cleaner,5.47,2026-07-16T00:00:00-04:00,2026-07-22T23:59:59-04:00
Walmart,8032316,McCain Superfries,2.77,2026-07-16T00:00:00-04:00,2026-07-22T23:59:59-04:00
Walmart,8032316,Janes Pub Style breaded chicken strips,6.96,2026-07-16T00:00:00-04:00,2026-07-22T23:59:59-04:00
Walmart,8032316,SOS steel wool pads 10s,2.97,2026-07-16T00:00:00-04:00,2026-07-22T23:59:59-04:00
Walmart,8032316,SpongeTowels Ultra 3 = 6 paper towels,6.96,2026-07-16T00:00:00-04:00,2026-07-22T23:59:59-04:00
Walmart,8032316,Febreze PLUG bathroom refills 2-pack or AIR air freshener 2 x 230 g,6.97,2026-07-16T00:00:00-04:00,2026-07-22T23:59:59-04:00
Walmart,8032316,Royale facial tissue,19.97,2026-07-16T00:00:00-04:00,2026-07-22T23:59:59-04:00
Walmart,8032316,Titan aluminum foil 25',1.47,2026-07-16T00:00:00-04:00,2026-07-22T23:59:59-04:00
Walmart,8032316,Lysol disinfectant cleaner or wipes,5.47,2026-07-16T00:00:00-04:00,2026-07-22T23:59:59-04:00
Walmart,8032316,Titan parchment paper 40',1.47,2026-07-16T00:00:00-04:00,2026-07-22T23:59:59-04:00
Walmart,8032316,Janes Pub Style breaded chicken nuggets,6.96,2026-07-16T00:00:00-04:00,2026-07-22T23:59:59-04:00
Walmart,8032316,Febreze PLUG bathroom refills,6.97,2026-07-16T00:00:00-04:00,2026-07-22T23:59:59-04:00
Walmart,8032316,McCain Superfries,2.77,2026-07-16T00:00:00-04:00,2026-07-22T23:59:59-04:00
Walmart,8032316,Royale facial tissue,19.97,2026-07-16T00:00:00-04:00,2026-07-22T23:59:59-04:00
Walmart,8032316,Swiffer wet cloths,9.97,2026-07-16T00:00:00-04:00,2026-07-22T23:59:59-04:00
Walmart,8032316,Cavendish Farms potato wedges or onion rings,8.96,2026-07-16T00:00:00-04:00,2026-07-22T23:59:59-04:00
Walmart,8032316,Chapman's Yukon frozen novelties,4.97,2026-07-16T00:00:00-04:00,2026-07-22T23:59:59-04:00
Walmart,8032316,Fleecy fabric softener 3.5 L or sheets 200s,10.67,2026-07-16T00:00:00-04:00,2026-07-22T23:59:59-04:00
Walmart,8032316,Febreze PLUG scented oil refills 2-pack or scent booster,9.97,2026-07-16T00:00:00-04:00,2026-07-22T23:59:59-04:00
Walmart,8032316,Fleecy fabric sheets 200s,10.67,2026-07-16T00:00:00-04:00,2026-07-22T23:59:59-04:00
Walmart,8032316,Cavendish Farms Potato Wedges or Onion Rings,8.96,2026-07-16T00:00:00-04:00,2026-07-22T23:59:59-04:00
Walmart,8032316,Chapman's Yukon frozen novelties,4.97,2026-07-16T00:00:00-04:00,2026-07-22T23:59:59-04:00
Walmart,8032316,Febreze PLUG Scented oil refills -pack,9.97,2026-07-16T00:00:00-04:00,2026-07-22T23:59:59-04:00
Walmart,8032316,Pine-Sol cleaner,11.97,2026-07-16T00:00:00-04:00,2026-07-22T23:59:59-04:00
Walmart,8032316,Swiffer 3' starter kit,9.97,2026-07-16T00:00:00-04:00,2026-07-22T23:59:59-04:00
Walmart,8032316,Cascade ActionPacs,24.97,2026-07-16T00:00:00-04:00,2026-07-22T23:59:59-04:00
Walmart,8032316,Pine-Sol cleaner,11.97,2026-07-16T00:00:00-04:00,2026-07-22T23:59:59-04:00
Walmart,8032316,Royale 2-ply bathroom tissue 30-pack,19.96,2026-07-16T00:00:00-04:00,2026-07-22T23:59:59-04:00
Walmart,8032316,Eggo waffles,6.48,2026-07-16T00:00:00-04:00,2026-07-22T23:59:59-04:00
Walmart,8032316,Great Value appetizers,9.98,2026-07-16T00:00:00-04:00,2026-07-22T23:59:59-04:00
Walmart,8032316,Tide laundry detergent 65 – 80 loads or Pods 57s,16.97,2026-07-16T00:00:00-04:00,2026-07-22T23:59:59-04:00
Walmart,8032316,Glad Black outdoor garbage bags,21.48,2026-07-16T00:00:00-04:00,2026-07-22T23:59:59-04:00
Walmart,8032316,Cascade ActionPacs,24.97,2026-07-16T00:00:00-04:00,2026-07-22T23:59:59-04:00
Walmart,8032316,Royale 2-ply bathroom tissue,19.96,2026-07-16T00:00:00-04:00,2026-07-22T23:59:59-04:00
Walmart,8032316,Ziploc Sandwich,10.96,2026-07-16T00:00:00-04:00,2026-07-22T23:59:59-04:00
Walmart,8032316,Tide laundry detergent,16.97,2026-07-16T00:00:00-04:00,2026-07-22T23:59:59-04:00
Walmart,8032316,Eggo waffles or pancakes,6.48,2026-07-16T00:00:00-04:00,2026-07-22T23:59:59-04:00
Walmart,8032316,Great Value appetizers,9.98,2026-07-16T00:00:00-04:00,2026-07-22T23:59:59-04:00
Walmart,8032316,Secret Clinical Thérapeutique soft solid or clear gel deodorant,8.97,2026-07-16T00:00:00-04:00,2026-07-22T23:59:59-04:00
Walmart,8032316,Huggies 11x wipes,19.77,2026-07-16T00:00:00-04:00,2026-07-22T23:59:59-04:00
Walmart,8032316,Scent Theory hand soap,4.67,2026-07-16T00:00:00-04:00,2026-07-22T23:59:59-04:00
Walmart,8032316,Clairol Nice'n Easy permanent hair colour,7.98,2026-07-16T00:00:00-04:00,2026-07-22T23:59:59-04:00
Walmart,8032316,Cesar wet dog food,8.48,2026-07-16T00:00:00-04:00,2026-07-22T23:59:59-04:00
Walmart,8032316,Skintimate X3 disposable razors 4-pack,5.98,2026-07-16T00:00:00-04:00,2026-07-22T23:59:59-04:00
Walmart,8032316,Whiskas dry cat food,6.98,2026-07-16T00:00:00-04:00,2026-07-22T23:59:59-04:00
Walmart,8032316,Scent Theory hand soap,4.67,2026-07-16T00:00:00-04:00,2026-07-22T23:59:59-04:00
Walmart,8032316,Clairol Nice'n Easy permanent hair colour,7.98,2026-07-16T00:00:00-04:00,2026-07-22T23:59:59-04:00
Walmart,8032316,Secret Clinical Thérapeutique soft solid or clear gel deodorant,8.97,2026-07-16T00:00:00-04:00,2026-07-22T23:59:59-04:00
Walmart,8032316,Pampers superpack diapers,28.98,2026-07-16T00:00:00-04:00,2026-07-22T23:59:59-04:00
Walmart,8032316,Whiskas dry cat food,6.98,2026-07-16T00:00:00-04:00,2026-07-22T23:59:59-04:00
Walmart,8032316,Pampers 6x or 7x,19.77,2026-07-16T00:00:00-04:00,2026-07-22T23:59:59-04:00
Walmart,8032316,Skintimate X3 disposable razors 4—pack,5.98,2026-07-16T00:00:00-04:00,2026-07-22T23:59:59-04:00
Walmart,8032316,Kotex Gravity Core pads with wings,11.47,2026-07-16T00:00:00-04:00,2026-07-22T23:59:59-04:00
Walmart,8032316,Crest 3D White deep stain remover toothpaste,12.43,2026-07-16T00:00:00-04:00,2026-07-22T23:59:59-04:00
Walmart,8032316,Huggies mega colossal super econo pack diapers,34.97,2026-07-16T00:00:00-04:00,2026-07-22T23:59:59-04:00
Walmart,8032316,L'Oréal Paris Hair Expertise shampoo,8.97,2026-07-16T00:00:00-04:00,2026-07-22T23:59:59-04:00
Walmart,8032316,Enfamil A+ NeuroPro powder formula,49.97,2026-07-16T00:00:00-04:00,2026-07-22T23:59:59-04:00
Walmart,8032316,Kotex Gravity Core pads with wings.,11.47,2026-07-16T00:00:00-04:00,2026-07-22T23:59:59-04:00
Walmart,8032316,Crest 3D White deep stain remover whitening rinse,12.43,2026-07-16T00:00:00-04:00,2026-07-22T23:59:59-04:00
Walmart,8032316,L'Oréal Paris Hair Expertise conditioner,8.97,2026-07-16T00:00:00-04:00,2026-07-22T23:59:59-04:00
Walmart,8032316,Enfamil A+ NeuroPro or NeuroPro Gentlease powder formula,49.97,2026-07-16T00:00:00-04:00,2026-07-22T23:59:59-04:00
Walmart,8032316,Huggies mega colossal super econo pack diapers,34.97,2026-07-16T00:00:00-04:00,2026-07-22T23:59:59-04:00
Walmart,8032316,IAMS dry dog food,26.97,2026-07-16T00:00:00-04:00,2026-07-22T23:59:59-04:00
Walmart,8032316,Secret Fresh antiperspirant or deodorant,6.97,2026-07-16T00:00:00-04:00,2026-07-22T23:59:59-04:00
Walmart,8032316,Purina ONE dry cat food,19.47,2026-07-16T00:00:00-04:00,2026-07-22T23:59:59-04:00
Walmart,8032316,IAMS dry dog food,26.97,2026-07-16T00:00:00-04:00,2026-07-22T23:59:59-04:00
Walmart,8032316,Native moisturizing lotion,14.97,2026-07-16T00:00:00-04:00,2026-07-22T23:59:59-04:00
Walmart,8032316,Evenflo Symphony Sport all-in-one convertible car seat,299.0,2026-07-16T00:00:00-04:00,2026-07-22T23:59:59-04:00
Walmart,8032316,Pampers Easy Ups giant pack training pants,36.94,2026-07-16T00:00:00-04:00,2026-07-22T23:59:59-04:00
Walmart,8032316,Always Maxi pads,12.47,2026-07-16T00:00:00-04:00,2026-07-22T23:59:59-04:00
Walmart,8032316,Head & Shoulders shampoo or conditioner,10.47,2026-07-16T00:00:00-04:00,2026-07-22T23:59:59-04:00
Walmart,8032316,Purina ONE dry cat food,19.47,2026-07-16T00:00:00-04:00,2026-07-22T23:59:59-04:00
Walmart,8032316,Secret Fresh antiperspirant or deodorant,6.97,2026-07-16T00:00:00-04:00,2026-07-22T23:59:59-04:00
Walmart,8032316,Native moisturizing lotion,14.97,2026-07-16T00:00:00-04:00,2026-07-22T23:59:59-04:00
Walmart,8032316,Pampers Easy Ups giant pack training pants,36.94,2026-07-16T00:00:00-04:00,2026-07-22T23:59:59-04:00
Walmart,8032316,Hamilton Beach 4-Slice Stainless Steel Toaster Oven,26.32,2026-07-16T00:00:00-04:00,2026-07-22T23:59:59-04:00
Walmart,8032316,Solo 4 Wireless Headphones,130.89,2026-07-16T00:00:00-04:00,2026-07-22T23:59:59-04:00
Walmart,8032316,OFF! Active insect repellent,11.98,2026-07-16T00:00:00-04:00,2026-07-22T23:59:59-04:00
Walmart,8032316,Equate high protein meal replacement Shakes,10.97,2026-07-16T00:00:00-04:00,2026-07-22T23:59:59-04:00
Walmart,8032316,Tylenol Extra Strength,11.97,2026-07-16T00:00:00-04:00,2026-07-22T23:59:59-04:00
Walmart,8032316,Ozark Trail 2-Position oversized camp chair,29.93,2026-07-16T00:00:00-04:00,2026-07-22T23:59:59-04:00
Walmart,8032316,Tylenol Extra Strength,11.97,2026-07-16T00:00:00-04:00,2026-07-22T23:59:59-04:00
Walmart,8032316,KEURIG K-Express Essentials single-serve coffee maker,76.33,2026-07-16T00:00:00-04:00,2026-07-22T23:59:59-04:00
Walmart,8032316,"Acer 27"" Curved FHD 200 H gaming monitor",184.98,2026-07-16T00:00:00-04:00,2026-07-22T23:59:59-04:00
Walmart,8032316,brüst protein cold brew coffee,10.97,2026-07-16T00:00:00-04:00,2026-07-22T23:59:59-04:00
Walmart,8032316,Coleman Propane cylinders 4-pack.,29.88,2026-07-16T00:00:00-04:00,2026-07-22T23:59:59-04:00
Walmart,8032316,K-Express Essentials single-serve coffee maker,76.33,2026-07-16T00:00:00-04:00,2026-07-22T23:59:59-04:00
Walmart,8032316,Propane cylinders,29.88,2026-07-16T00:00:00-04:00,2026-07-22T23:59:59-04:00
Walmart,8032316,Samsung Galaxy A17 postpaid phone‡‡,0.0,2026-07-16T00:00:00-04:00,2026-07-22T23:59:59-04:00
Walmart,8032316,OZARK TRAIL® 10' x 10' Slant-leg canopy,69.97,2026-07-16T00:00:00-04:00,2026-07-22T23:59:59-04:00
Walmart,8032316,Diesel whey protein powder,39.98,2026-07-16T00:00:00-04:00,2026-07-22T23:59:59-04:00
Walmart,8032316,Tylenol Extra Strength,18.97,2026-07-16T00:00:00-04:00,2026-07-22T23:59:59-04:00
Walmart,8032316,Tylenol Extra Strength,18.97,2026-07-16T00:00:00-04:00,2026-07-22T23:59:59-04:00
Walmart,8032316,Hamilton Beach 1.1-cu. ft. Stainless steel microwave,105.93,2026-07-16T00:00:00-04:00,2026-07-22T23:59:59-04:00
Walmart,8032316,Full synthetic motor oil,49.88,2026-07-16T00:00:00-04:00,2026-07-22T23:59:59-04:00
Walmart,8032316,Top-loading water dispenser,119.0,2026-07-16T00:00:00-04:00,2026-07-22T23:59:59-04:00
Walmart,8032316,Diesel whey protein powder,39.98,2026-07-16T00:00:00-04:00,2026-07-22T23:59:59-04:00
Walmart,8032316,Sterilite 68 L Storage tote,8.47,2026-07-16T00:00:00-04:00,2026-07-22T23:59:59-04:00
Walmart,8032316,George Fleece zip hoodie,18.0,2026-07-16T00:00:00-04:00,2026-07-22T23:59:59-04:00
Walmart,8032316,Basic Hangers,2.97,2026-07-16T00:00:00-04:00,2026-07-22T23:59:59-04:00
Walmart,8032316,Crayola Crayons 24-pack,1.0,2026-07-16T00:00:00-04:00,2026-07-22T23:59:59-04:00
Walmart,8032316,ATHLETIC WORKS Adults' sneakers,15.0,2026-07-16T00:00:00-04:00,2026-07-22T23:59:59-04:00
Walmart,8032316,NATIONAL GEOGRAPHIC jumbo gemstone kit,17.97,2026-07-16T00:00:00-04:00,2026-07-22T23:59:59-04:00
Walmart,8032316,68 L Storage tote,8.47,2026-07-16T00:00:00-04:00,2026-07-22T23:59:59-04:00
Walmart,8032316,T-rex dino fossil dig kit,17.97,2026-07-16T00:00:00-04:00,2026-07-22T23:59:59-04:00
Walmart,8032316,Athletic Works Adults' sneakers,15.0,2026-07-16T00:00:00-04:00,2026-07-22T23:59:59-04:00
Walmart,8032316,Neatfreak! Basic hangers,2.97,2026-07-16T00:00:00-04:00,2026-07-22T23:59:59-04:00
Walmart,8032316,George Men's zip hoodie,18.0,2026-07-16T00:00:00-04:00,2026-07-22T23:59:59-04:00
Walmart,8032316,Bioworld licensed backpacks,24.97,2026-07-16T00:00:00-04:00,2026-07-22T23:59:59-04:00
Walmart,8032316,Mainstays Bed in a bag,49.94,2026-07-16T00:00:00-04:00,2026-07-22T23:59:59-04:00
Walmart,8032316,Decorative regular mouth 500 mL Mason jars with lids and bands,14.97,2026-07-16T00:00:00-04:00,2026-07-22T23:59:59-04:00
Walmart,8032316,Adults' performance sneakers.,34.97,2026-07-16T00:00:00-04:00,2026-07-22T23:59:59-04:00
Walmart,8032316,Coloured pencils 24-pack,2.34,2026-07-16T00:00:00-04:00,2026-07-22T23:59:59-04:00
Walmart,8032316,250 mL Mason jars with lids and bands,14.97,2026-07-16T00:00:00-04:00,2026-07-22T23:59:59-04:00
Walmart,8032316,Backpacks,34.97,2026-07-16T00:00:00-04:00,2026-07-22T23:59:59-04:00
Walmart,8032316,Reebok Men's sport socks 6-pack,14.97,2026-07-16T00:00:00-04:00,2026-07-22T23:59:59-04:00
Walmart,8032316,Adults' performance sneakers,34.97,2026-07-16T00:00:00-04:00,2026-07-22T23:59:59-04:00
Walmart,8032316,Men's sport socks 6-pack,14.97,2026-07-16T00:00:00-04:00,2026-07-22T23:59:59-04:00
Walmart,8032316,Reebok Backpacks,34.97,2026-07-16T00:00:00-04:00,2026-07-22T23:59:59-04:00
Walmart,8032316,"Electric Bike 26"", 1000W Peak Motor E-Mountain Bike, 35KM/H 36V 10.4AH",496.99,2026-07-16T00:00:00-04:00,2026-07-22T23:59:59-04:00
Walmart,8032316,2 Pack Garbage Bins with Lid Automatic Sensor Touchless trash can,45.99,2026-07-16T00:00:00-04:00,2026-07-22T23:59:59-04:00
Walmart,8032316,"40-inch Smart TV, 1080P FHD Google TV with Google Play Built-in Google Cast",251.97,2026-07-16T00:00:00-04:00,2026-07-22T23:59:59-04:00
Walmart,8032316,2PCS Raised Garden Beds 6x3x1FT Outdoor Galvanised Planter Boxes Large,107.99,2026-07-16T00:00:00-04:00,2026-07-22T23:59:59-04:00
Walmart,8032316,"Electric Bike 26"", 1000W Peak Motor E-Mountain Bike, 35KM/H 36V 10.4AH",496.99,2026-07-16T00:00:00-04:00,2026-07-22T23:59:59-04:00
Walmart,8032316,2PCS Raised Garden Beds 6x3x1FT Outdoor Galvanised Planter Boxes Large,107.99,2026-07-16T00:00:00-04:00,2026-07-22T23:59:59-04:00
Walmart,8032316,2 Pack Garbage Bins with Lid Automatic Sensor Touchless trash can,45.99,2026-07-16T00:00:00-04:00,2026-07-22T23:59:59-04:00
Walmart,8032316,"40-inch Smart TV, 1080P FHD Google TV with Google Play Built-in Google Cast",251.97,2026-07-16T00:00:00-04:00,2026-07-22T23:59:59-04:00
Walmart,8032316,"Electric Power Pressure Washer, 4000PSI Max 2.6 GPM with 30 ft Hose",153.99,2026-07-16T00:00:00-04:00,2026-07-22T23:59:59-04:00
Walmart,8032316,94L Collapsible Wagon Cart Ultra Compact Lightweight 10.25LbS,59.99,2026-07-16T00:00:00-04:00,2026-07-22T23:59:59-04:00
Walmart,8032316,"Cordless Beard Trimmer for Men, LCD Display Hair Clippers and Trimmer Sets",65.99,2026-07-16T00:00:00-04:00,2026-07-22T23:59:59-04:00
Walmart,8032316,"Electric Power Pressure Washer, 4000PSI Max 2.6 GPM with 30 ft Hose",153.99,2026-07-16T00:00:00-04:00,2026-07-22T23:59:59-04:00
Walmart,8032316,94L Collapsible Wagon Cart Ultra Compact Lightweight 10.25LbS,59.99,2026-07-16T00:00:00-04:00,2026-07-22T23:59:59-04:00
Walmart,8032316,"Cordless Beard Trimmer for Men, LCD Display Hair Clippers and Trimmer Sets",65.99,2026-07-16T00:00:00-04:00,2026-07-22T23:59:59-04:00
Walmart,8032316,Reversible Gel-Infused Foam Mattress,93.99,2026-07-16T00:00:00-04:00,2026-07-22T23:59:59-04:00
Walmart,8032316,Noise Cancelling Wireless Bluetooth Headphones,45.99,2026-07-16T00:00:00-04:00,2026-07-22T23:59:59-04:00
Walmart,8032316,"2 in 1 Baby Stroller, High Landscape Infant Stroller and Reversible Bassinet Pram",188.99,2026-07-16T00:00:00-04:00,2026-07-22T23:59:59-04:00
Walmart,8032316,Intexca Pop-Up Camping Tent - Lightweight Waterproof 2-4 Person,39.99,2026-07-16T00:00:00-04:00,2026-07-22T23:59:59-04:00
Walmart,8032316,"SENIX LPPX2-M5 17"" 40V Battery Powered Push Walk-Behind Lawn Mower",289.99,2026-07-16T00:00:00-04:00,2026-07-22T23:59:59-04:00
Walmart,8032316,Noise Cancelling Wireless Bluetooth Headphones,45.99,2026-07-16T00:00:00-04:00,2026-07-22T23:59:59-04:00
Walmart,8032316,"SENIX LPPX2-M5 17"" 40V Battery Powered Push Walk-Behind Lawn Mower",289.99,2026-07-16T00:00:00-04:00,2026-07-22T23:59:59-04:00
Walmart,8032316,Intexca Pop-Up Camping Tent - Lightweight Waterproof 2-4 Person,39.99,2026-07-16T00:00:00-04:00,2026-07-22T23:59:59-04:00
Walmart,8032316,"2 in 1 Baby Stroller, High Landscape Infant Stroller and Reversible Bassinet Pram",188.99,2026-07-16T00:00:00-04:00,2026-07-22T23:59:59-04:00
Walmart,8032316,Tums,4.97,2026-07-16T00:00:00-04:00,2026-07-22T23:59:59-04:00
Walmart,8032316,Equate distilled water,1.24,2026-07-16T00:00:00-04:00,2026-07-22T23:59:59-04:00
Walmart,8032316,Aerius,18.97,2026-07-16T00:00:00-04:00,2026-07-22T23:59:59-04:00
Walmart,8032316,Equate incontinence guard for men 52s or bladder control pads 39s,13.98,2026-07-16T00:00:00-04:00,2026-07-22T23:59:59-04:00
Walmart,8032316,Band-Aid bandages,4.27,2026-07-16T00:00:00-04:00,2026-07-22T23:59:59-04:00
Walmart,8032316,Pedialyte electrolyte oral rehydration solution,8.97,2026-07-16T00:00:00-04:00,2026-07-22T23:59:59-04:00
Walmart,8032316,Claritin 40s,18.97,2026-07-16T00:00:00-04:00,2026-07-22T23:59:59-04:00
Walmart,8032316,Equate incontinence guard for men,13.98,2026-07-16T00:00:00-04:00,2026-07-22T23:59:59-04:00
Walmart,8032316,Tums,4.97,2026-07-16T00:00:00-04:00,2026-07-22T23:59:59-04:00
Walmart,8032316,Band-Aid bandages,4.27,2026-07-16T00:00:00-04:00,2026-07-22T23:59:59-04:00
Walmart,8032316,Pedialyte electrolyte oral rehydration solution,8.97,2026-07-16T00:00:00-04:00,2026-07-22T23:59:59-04:00
Walmart,8032316,Equate 70% isopropyl alcohol,5.87,2026-07-16T00:00:00-04:00,2026-07-22T23:59:59-04:00
Walmart,8032316,Equate 70% isopropyl alcohol or hydrogen peroxide,5.87,2026-07-16T00:00:00-04:00,2026-07-22T23:59:59-04:00
Walmart,8032316,Pure Protein bars,19.47,2026-07-16T00:00:00-04:00,2026-07-22T23:59:59-04:00
Walmart,8032316,Ensure high protein meal replacement shakes,31.47,2026-07-16T00:00:00-04:00,2026-07-22T23:59:59-04:00
Walmart,8032316,Advil Liqui-Gels,19.97,2026-07-16T00:00:00-04:00,2026-07-22T23:59:59-04:00
Walmart,8032316,SUKU multivitamins for women,17.97,2026-07-16T00:00:00-04:00,2026-07-22T23:59:59-04:00
Walmart,8032316,Jamieson vitamin C chewables,6.67,2026-07-16T00:00:00-04:00,2026-07-22T23:59:59-04:00
Walmart,8032316,Depend incontinence underwear for women,28.97,2026-07-16T00:00:00-04:00,2026-07-22T23:59:59-04:00
Walmart,8032316,Ensure high protein meal replacement shake,31.47,2026-07-16T00:00:00-04:00,2026-07-22T23:59:59-04:00
Walmart,8032316,Depend incontinence underwear for women,28.97,2026-07-16T00:00:00-04:00,2026-07-22T23:59:59-04:00
Walmart,8032316,Jamieson Vitamin C Chewables,6.67,2026-07-16T00:00:00-04:00,2026-07-22T23:59:59-04:00
Walmart,8032316,Trojan Magnum 36s condoms,20.47,2026-07-16T00:00:00-04:00,2026-07-22T23:59:59-04:00
Walmart,8032316,SUKU multivitamins for men or women,17.97,2026-07-16T00:00:00-04:00,2026-07-22T23:59:59-04:00
Walmart,8032316,Always Discreet incontinence pads,28.97,2026-07-16T00:00:00-04:00,2026-07-22T23:59:59-04:00
Walmart,8032316,Trojan BareSkin 36s,20.47,2026-07-16T00:00:00-04:00,2026-07-22T23:59:59-04:00
Walmart,8032316,Always Discreet incontinence pads or underwear,28.97,2026-07-16T00:00:00-04:00,2026-07-22T23:59:59-04:00
Walmart,8032316,Attitude Nature + Technology laundry detergent,12.97,2026-07-16T00:00:00-04:00,2026-07-22T23:59:59-04:00
Walmart,8032316,Eco-Max laundry detergent,12.97,2026-07-16T00:00:00-04:00,2026-07-22T23:59:59-04:00
Walmart,8032316,Allorganic air freshener,9.48,2026-07-16T00:00:00-04:00,2026-07-22T23:59:59-04:00
Walmart,8032316,Eco-Max natural dish soap,3.97,2026-07-16T00:00:00-04:00,2026-07-22T23:59:59-04:00
Walmart,8032316,Eco-Max All Purpose Cleaners,4.47,2026-07-16T00:00:00-04:00,2026-07-22T23:59:59-04:00
Walmart,8032316,Method all-purpose cleaners,5.97,2026-07-16T00:00:00-04:00,2026-07-22T23:59:59-04:00
Walmart,8032316,Great value Eco all-purpose,3.97,2026-07-16T00:00:00-04:00,2026-07-22T23:59:59-04:00
Walmart,8032316,Attitude cleaners,5.96,2026-07-16T00:00:00-04:00,2026-07-22T23:59:59-04:00
Walmart,8032316,"""Attitude Nature + Technology laundry detergent",12.97,2026-07-16T00:00:00-04:00,2026-07-22T23:59:59-04:00
Walmart,8032316,Eco-Max laundry detergent,12.97,2026-07-16T00:00:00-04:00,2026-07-22T23:59:59-04:00
Walmart,8032316,Eco-Max natural dish soap,3.97,2026-07-16T00:00:00-04:00,2026-07-22T23:59:59-04:00
Walmart,8032316,Eco-Max All Purpose Cleaners,4.47,2026-07-16T00:00:00-04:00,2026-07-22T23:59:59-04:00
Walmart,8032316,Method all-purpose cleaners,5.97,2026-07-16T00:00:00-04:00,2026-07-22T23:59:59-04:00
Walmart,8032316,Lemon Aide all natural cleaner,7.97,2026-07-16T00:00:00-04:00,2026-07-22T23:59:59-04:00
Walmart,8032316,Tru Earth laundry detergent,13.97,2026-07-16T00:00:00-04:00,2026-07-22T23:59:59-04:00
Walmart,8032316,Biovert HE laundry detergent,13.97,2026-07-16T00:00:00-04:00,2026-07-22T23:59:59-04:00
Walmart,8032316,Mrs. Meyer's Clean Day multi-surface cleaners,6.27,2026-07-16T00:00:00-04:00,2026-07-22T23:59:59-04:00
Walmart,8032316,Lemon Aide all natural cleaner,7.97,2026-07-16T00:00:00-04:00,2026-07-22T23:59:59-04:00
Walmart,8032316,Mrs. Meyer's Clean Day multi-surface cleaners,6.27,2026-07-16T00:00:00-04:00,2026-07-22T23:59:59-04:00
Walmart,8032316,Biovert HE laundry detergent,13.97,2026-07-16T00:00:00-04:00,2026-07-22T23:59:59-04:00
Walmart,8032316,Tru Earth laundry detergent or fabric softener strips 32s,13.97,2026-07-16T00:00:00-04:00,2026-07-22T23:59:59-04:00
Walmart,8032316,Mrs. Meyer's Clean Day diffuser kit,12.97,2026-07-16T00:00:00-04:00,2026-07-22T23:59:59-04:00
Walmart,8032316,Nature Clean dishwasher pods,20.94,2026-07-16T00:00:00-04:00,2026-07-22T23:59:59-04:00
Walmart,8032316,Scrub Mommy dye free sponge,4.97,2026-07-16T00:00:00-04:00,2026-07-22T23:59:59-04:00
Walmart,8032316,Mrs. Meyer's Clean Day room freshener spray,9.97,2026-07-16T00:00:00-04:00,2026-07-22T23:59:59-04:00
Walmart,8032316,Nature Clean liquid laundry detergent,14.97,2026-07-16T00:00:00-04:00,2026-07-22T23:59:59-04:00
Walmart,8032316,Green Works all-purpose cleaner,6.97,2026-07-16T00:00:00-04:00,2026-07-22T23:59:59-04:00
Walmart,8032316,Mrs. Meyer's Clean Day room freshener spray,9.97,2026-07-16T00:00:00-04:00,2026-07-22T23:59:59-04:00
Walmart,8032316,Lemon Aide liquid laundry detergent,16.97,2026-07-16T00:00:00-04:00,2026-07-22T23:59:59-04:00
Walmart,8032316,Allorganic Superdish spray,10.97,2026-07-16T00:00:00-04:00,2026-07-22T23:59:59-04:00
Walmart,8032316,Green Works bathroom cleaner,6.97,2026-07-16T00:00:00-04:00,2026-07-22T23:59:59-04:00
Walmart,8032316,Allorganic Superdish spray,10.97,2026-07-16T00:00:00-04:00,2026-07-22T23:59:59-04:00
Walmart,8032316,Lemon Aide liquid laundry detergent,16.97,2026-07-16T00:00:00-04:00,2026-07-22T23:59:59-04:00
Walmart,8032316,Nature Clean liquid laundry detergent,14.97,2026-07-16T00:00:00-04:00,2026-07-22T23:59:59-04:00
Walmart,8032316,Parent's Choice assorted baby food puree,1.0,2026-07-16T00:00:00-04:00,2026-07-22T23:59:59-04:00
Walmart,8032316,Rascals premium superpack diapers,21.88,2026-07-16T00:00:00-04:00,2026-07-22T23:59:59-04:00
Walmart,8032316,Aveeno Baby eczema care nighttime balm,22.47,2026-07-16T00:00:00-04:00,2026-07-22T23:59:59-04:00
Walmart,8032316,Graco Turbobooster highback booster car seat,87.0,2026-07-16T00:00:00-04:00,2026-07-22T23:59:59-04:00
Walmart,8032316,Philips Avent natural baby bottle 3-pack,24.97,2026-07-16T00:00:00-04:00,2026-07-22T23:59:59-04:00
Walmart,8032316,Parent's Choice wipes,19.94,2026-07-16T00:00:00-04:00,2026-07-22T23:59:59-04:00
Walmart,8032316,Parent's Choice trainer cup with weighted straw,8.23,2026-07-16T00:00:00-04:00,2026-07-22T23:59:59-04:00
Walmart,8032316,Rascals premium superpack diapers,21.88,2026-07-16T00:00:00-04:00,2026-07-22T23:59:59-04:00
Walmart,8032316,North States Supergate,39.97,2026-07-16T00:00:00-04:00,2026-07-22T23:59:59-04:00
Walmart,8032316,Kendamil organic powder infant formula,49.97,2026-07-16T00:00:00-04:00,2026-07-22T23:59:59-04:00
Walmart,8032316,Simmons Caresse 2-in-1 bamboo baby crib mattress,79.97,2026-07-16T00:00:00-04:00,2026-07-22T23:59:59-04:00
Walmart,8032316,Good Start Plus stage 1 and 2 baby formula,56.67,2026-07-16T00:00:00-04:00,2026-07-22T23:59:59-04:00
Walmart,8032316,Good Start Plus stage 2 baby formula,56.67,2026-07-16T00:00:00-04:00,2026-07-22T23:59:59-04:00
Walmart,8032316,Parent's Choice training pants,24.94,2026-07-16T00:00:00-04:00,2026-07-22T23:59:59-04:00
Walmart,8032316,Delta Children Sweet Slumber bassinet,84.97,2026-07-16T00:00:00-04:00,2026-07-22T23:59:59-04:00
Walmart,8032316,Parent's Choice Gentle+ iron fortified infant formula powder,26.94,2026-07-16T00:00:00-04:00,2026-07-22T23:59:59-04:00
Walmart,8032316,"Graco Modes Nest travel system, 3-in-1 baby stroller and infant car seat combo",650.0,2026-07-16T00:00:00-04:00,2026-07-22T23:59:59-04:00
Walmart,8032316,Medela pump in style pro pump your way bundle,198.0,2026-07-16T00:00:00-04:00,2026-07-22T23:59:59-04:00
Walmart,8032316,Storkcraft Beckett 3-in-l convertible crib,224.0,2026-07-16T00:00:00-04:00,2026-07-22T23:59:59-04:00
Walmart,8032316,Parent's Choice training pants,24.94,2026-07-16T00:00:00-04:00,2026-07-22T23:59:59-04:00
Walmart,8032316,Friskies Lil Soups variety pack cat treats,20.97,2026-07-16T00:00:00-04:00,2026-07-22T23:59:59-04:00
Walmart,8032316,Hartz Ultraguard One Spot Drops Flea and Tick Prevention for Cats and Kittens,12.98,2026-07-16T00:00:00-04:00,2026-07-22T23:59:59-04:00
Walmart,8032316,Pedigree dog treats,9.98,2026-07-16T00:00:00-04:00,2026-07-22T23:59:59-04:00
Walmart,8032316,Friskies Lil Soups variety pack cat treats,20.97,2026-07-16T00:00:00-04:00,2026-07-22T23:59:59-04:00
Walmart,8032316,Vibrant Life dog toys,4.97,2026-07-16T00:00:00-04:00,2026-07-22T23:59:59-04:00
Walmart,8032316,Rollover beef dog food,12.98,2026-07-16T00:00:00-04:00,2026-07-22T23:59:59-04:00
Walmart,8032316,Living World Timothy Hay for small animals,16.98,2026-07-16T00:00:00-04:00,2026-07-22T23:59:59-04:00
Walmart,8032316,Vibrant Life toys,4.97,2026-07-16T00:00:00-04:00,2026-07-22T23:59:59-04:00
Walmart,8032316,Vibrant Life dog toys,4.97,2026-07-16T00:00:00-04:00,2026-07-22T23:59:59-04:00
Walmart,8032316,Arm & Hammer cat litter deodorizer with baking soda,4.98,2026-07-16T00:00:00-04:00,2026-07-22T23:59:59-04:00
Walmart,8032316,Vibrant Life dog toys,4.97,2026-07-16T00:00:00-04:00,2026-07-22T23:59:59-04:00
Walmart,8032316,Pedigree dog treats,9.98,2026-07-16T00:00:00-04:00,2026-07-22T23:59:59-04:00
Walmart,8032316,Vibrant Life dog toys,4.97,2026-07-16T00:00:00-04:00,2026-07-22T23:59:59-04:00
Walmart,8032316,Vibrant Life dog toys,4.97,2026-07-16T00:00:00-04:00,2026-07-22T23:59:59-04:00
Walmart,8032316,Arm & Hammer Cat Litter Deodorizer With Baking Soda,4.98,2026-07-16T00:00:00-04:00,2026-07-22T23:59:59-04:00
Walmart,8032316,Vibrant Life dog toys,4.97,2026-07-16T00:00:00-04:00,2026-07-22T23:59:59-04:00
Walmart,8032316,Playology Cat Toys with Catnip,17.47,2026-07-16T00:00:00-04:00,2026-07-22T23:59:59-04:00
Walmart,8032316,Quirky Kitty glowing cat toys,9.97,2026-07-16T00:00:00-04:00,2026-07-22T23:59:59-04:00
Walmart,8032316,Chewmasters dog treats,14.47,2026-07-16T00:00:00-04:00,2026-07-22T23:59:59-04:00
Walmart,8032316,Meow Mix dry cat food original choice,21.98,2026-07-16T00:00:00-04:00,2026-07-22T23:59:59-04:00
Walmart,8032316,One Paw Arno lounge dog bed with memory foam,49.97,2026-07-16T00:00:00-04:00,2026-07-22T23:59:59-04:00
Walmart,8032316,Playology cat toys with catnip,17.47,2026-07-16T00:00:00-04:00,2026-07-22T23:59:59-04:00
Walmart,8032316,Quirky Kitty glowing forest cat toys,9.97,2026-07-16T00:00:00-04:00,2026-07-22T23:59:59-04:00
Walmart,8032316,Chewmasters dog treats,14.47,2026-07-16T00:00:00-04:00,2026-07-22T23:59:59-04:00
Walmart,8032316,Special Kitty health monitoring cat litter,21.97,2026-07-16T00:00:00-04:00,2026-07-22T23:59:59-04:00
Walmart,8032316,Vibrant Life large dog bed nude or black gusset,29.97,2026-07-16T00:00:00-04:00,2026-07-22T23:59:59-04:00
Walmart,8032316,Special Kitty health monitoring cat litter,21.97,2026-07-16T00:00:00-04:00,2026-07-22T23:59:59-04:00
Walmart,8032316,One Paw dog leashes,14.98,2026-07-16T00:00:00-04:00,2026-07-22T23:59:59-04:00
Walmart,8032316,Purina ONE wet dog food variety pack,49.48,2026-07-16T00:00:00-04:00,2026-07-22T23:59:59-04:00
Walmart,8032316,One Paw Heavy Duty dog harness with reflective stitching,15.97,2026-07-16T00:00:00-04:00,2026-07-22T23:59:59-04:00
Walmart,8032316,"Vibrant Life 47"" minimalist cat tree with condo",63.97,2026-07-16T00:00:00-04:00,2026-07-22T23:59:59-04:00
Walmart,8032316,MidWest iCrate double-door folding dog crate with divider panel 42 in,105.02,2026-07-16T00:00:00-04:00,2026-07-22T23:59:59-04:00
Walmart,8032316,Friskies wet cat food multi-pack,26.88,2026-07-16T00:00:00-04:00,2026-07-22T23:59:59-04:00
Walmart,8032316,Hostess Craze snack cakes,4.28,2026-07-16T00:00:00-04:00,2026-07-22T23:59:59-04:00
Walmart,8032316,Dempster's putt-apart rolls,3.18,2026-07-16T00:00:00-04:00,2026-07-22T23:59:59-04:00
Walmart,8032316,Hostess Craze snack cakes,4.28,2026-07-16T00:00:00-04:00,2026-07-22T23:59:59-04:00
Walmart,8032316,Dempster's pull-apart rolls,3.18,2026-07-16T00:00:00-04:00,2026-07-22T23:59:59-04:00
Walmart,8032316,Vachon snack cakes,4.28,2026-07-16T00:00:00-04:00,2026-07-22T23:59:59-04:00
Walmart,8032316,Hostess Craze snack cakes,4.28,2026-07-16T00:00:00-04:00,2026-07-22T23:59:59-04:00
Walmart,8032316,Vachon Snack Cakes,4.28,2026-07-16T00:00:00-04:00,2026-07-22T23:59:59-04:00
Walmart,8032316,Dempster's Signature hot dog or hamburger buns,3.18,2026-07-16T00:00:00-04:00,2026-07-22T23:59:59-04:00
Walmart,8032316,Vachon snack cakes,4.28,2026-07-16T00:00:00-04:00,2026-07-22T23:59:59-04:00
Walmart,8032316,OREO Music 2026 cookies,4.48,2026-07-16T00:00:00-04:00,2026-07-22T23:59:59-04:00
Walmart,8032316,OREO Golden cookies,4.48,2026-07-16T00:00:00-04:00,2026-07-22T23:59:59-04:00
Walmart,8032316,Chips Ahoy! original chocolate chip cookies,4.48,2026-07-16T00:00:00-04:00,2026-07-22T23:59:59-04:00
Walmart,8032316,Chips Ahoy! family size chunks,4.48,2026-07-16T00:00:00-04:00,2026-07-22T23:59:59-04:00
Walmart,8032316,Chips Ahoy! Rainbow cookies,4.48,2026-07-16T00:00:00-04:00,2026-07-22T23:59:59-04:00
Walmart,8032316,OREO Original or Golden cookies,4.48,2026-07-16T00:00:00-04:00,2026-07-22T23:59:59-04:00
Walmart,8032316,OREO Cakesters soft snack cake,4.48,2026-07-16T00:00:00-04:00,2026-07-22T23:59:59-04:00
Walmart,8032316,OREO Cakesters soft snack cakes,4.48,2026-07-16T00:00:00-04:00,2026-07-22T23:59:59-04:00
Walmart,8032316,Chips Ahoy! Mini Eggs cookies,4.48,2026-07-16T00:00:00-04:00,2026-07-22T23:59:59-04:00
Walmart,8032316,OREO Double Stuf cookies,4.48,2026-07-16T00:00:00-04:00,2026-07-22T23:59:59-04:00
Walmart,8032316,OREO Mega Stuf cookies,4.48,2026-07-16T00:00:00-04:00,2026-07-22T23:59:59-04:00
Walmart,8032316,Royalty cookies,2.48,2026-07-16T00:00:00-04:00,2026-07-22T23:59:59-04:00
Atlantic Superstore,8026232,GREEN CABBAGE,1.0,2026-07-16T00:00:00-04:00,2026-07-22T23:59:59-04:00
Atlantic Superstore,8026232,"NO NAME® NATURALLY IMPERFECT™ SWEET PEPPERS, 2.5 LB",6.0,2026-07-16T00:00:00-04:00,2026-07-22T23:59:59-04:00
Atlantic Superstore,8026232,"NO NAME® NAPKINS, 500'S",6.0,2026-07-16T00:00:00-04:00,2026-07-22T23:59:59-04:00
Atlantic Superstore,8026232,"MADEGOOD GRANOLA BITES OR CRUNCHY SQUARES, 120-150 G",3.5,2026-07-16T00:00:00-04:00,2026-07-22T23:59:59-04:00
Atlantic Superstore,8026232,"GOGO SQUEEZ FRUIT SAUCE, 20X90 G",14.99,2026-07-16T00:00:00-04:00,2026-07-22T23:59:59-04:00
Atlantic Superstore,8026232,"CORONA CERO 0.0% NON-ALCOHOLIC BEER, 6X330 ML",10.99,2026-07-16T00:00:00-04:00,2026-07-22T23:59:59-04:00
Atlantic Superstore,8026232,CILANTRO,1.25,2026-07-16T00:00:00-04:00,2026-07-22T23:59:59-04:00
Atlantic Superstore,8026232,"GAY LEA WHIPPED CREAM, 225 G",4.5,2026-07-16T00:00:00-04:00,2026-07-22T23:59:59-04:00
Atlantic Superstore,8026232,"BOUNTY PAPER TOWEL, 6=12",18.0,2026-07-16T00:00:00-04:00,2026-07-22T23:59:59-04:00
Atlantic Superstore,8026232,"NO NAME® POUTINE GRAVY, HOT CHICKEN OR BARBECUE SAUCE, 398 ML",5.0,2026-07-16T00:00:00-04:00,2026-07-22T23:59:59-04:00
Atlantic Superstore,8026232,"CHOCOLATE MACAROONS, 260 G",6.0,2026-07-16T00:00:00-04:00,2026-07-22T23:59:59-04:00
Atlantic Superstore,8026232,"NO NAME® PEPPERONI OR SALAMI CHUBS OR SLICED SMOKED BOLOGNA, 500 G",5.0,2026-07-16T00:00:00-04:00,2026-07-22T23:59:59-04:00
Atlantic Superstore,8026232,"POPSICLE, 12'S",5.0,2026-07-16T00:00:00-04:00,2026-07-22T23:59:59-04:00
Atlantic Superstore,8026232,"GLAD INDOOR BUNDLE, 12-52'S",9.0,2026-07-16T00:00:00-04:00,2026-07-22T23:59:59-04:00
Atlantic Superstore,8026232,"NO NAME® HOT DOG OR HAMBURGER BUNS, 344/360 G",2.5,2026-07-16T00:00:00-04:00,2026-07-22T23:59:59-04:00
Atlantic Superstore,8026232,"NO NAME® CHICKEN WINGS, 908 G",14.0,2026-07-16T00:00:00-04:00,2026-07-22T23:59:59-04:00
Atlantic Superstore,8026232,"NO NAME® GARLIC TOAST, 638 G",3.5,2026-07-16T00:00:00-04:00,2026-07-22T23:59:59-04:00
Atlantic Superstore,8026232,"NO NAME® WHIPPED SALAD DRESSING OR MAYONNAISE, 890 ML",5.0,2026-07-16T00:00:00-04:00,2026-07-22T23:59:59-04:00
Atlantic Superstore,8026232,"MILK CHOCOLATE COVERED ALMONDS, 240 G",7.0,2026-07-16T00:00:00-04:00,2026-07-22T23:59:59-04:00
Atlantic Superstore,8026232,"SOUR JU JUBE, 320 G",5.0,2026-07-16T00:00:00-04:00,2026-07-22T23:59:59-04:00
Atlantic Superstore,8026232,"NESTEA ICED TEA, 12X341 ML",7.99,2026-07-16T00:00:00-04:00,2026-07-22T23:59:59-04:00
Atlantic Superstore,8026232,"ROAR ORGANIC ELECTROLYTE BEVERAGE, 532 ML",2.0,2026-07-16T00:00:00-04:00,2026-07-22T23:59:59-04:00
Atlantic Superstore,8026232,"DAWN LIQUID, 431/502 ML, DAWN EZ SQUEEZE, 366/443 ML",3.0,2026-07-16T00:00:00-04:00,2026-07-22T23:59:59-04:00
Atlantic Superstore,8026232,"LINDT EXCELLENCE CHOCOLATE BAR, 80-200 G OR GHIRARDELLI CHOCOLATE BAR, 138 G",10.0,2026-07-16T00:00:00-04:00,2026-07-22T23:59:59-04:00
Atlantic Superstore,8026232,"GENERAL MILLS JUMBO CEREAL, 825 G-1.3 KG",9.99,2026-07-16T00:00:00-04:00,2026-07-22T23:59:59-04:00
Atlantic Superstore,8026232,"LITTLE NORTHERN BAKEHOUSE BREADS, 454-567 G",8.0,2026-07-16T00:00:00-04:00,2026-07-22T23:59:59-04:00
Atlantic Superstore,8026232,"PC OR BLUE MENU® PANCAKE OR WAFFLE MIX, 905 G OR TABLE SYRUP, 750 ML",3.5,2026-07-16T00:00:00-04:00,2026-07-22T23:59:59-04:00
Atlantic Superstore,8026232,"NO NAME® CONDENSED SOUP OR BROTH, 284 ML",5.0,2026-07-16T00:00:00-04:00,2026-07-22T23:59:59-04:00
Atlantic Superstore,8026232,"SKITTLES POP' D FREEZE DRIED CANDY, 155 G",7.5,2026-07-16T00:00:00-04:00,2026-07-22T23:59:59-04:00
Atlantic Superstore,8026232,"NO NAME® SOUR CREAM, 500 ML",6.0,2026-07-16T00:00:00-04:00,2026-07-22T23:59:59-04:00
Atlantic Superstore,8026232,"NO NAME® PEANUT OIL, 946 ML OR NO NAME® OLIVE OIL, 750 ML",18.0,2026-07-16T00:00:00-04:00,2026-07-22T23:59:59-04:00
Atlantic Superstore,8026232,"GLAD CLING WRAP, 60 M",4.5,2026-07-16T00:00:00-04:00,2026-07-22T23:59:59-04:00
Atlantic Superstore,8026232,"GRACE VIRGIN COCONUT OIL, 500 ML",6.5,2026-07-16T00:00:00-04:00,2026-07-22T23:59:59-04:00
Atlantic Superstore,8026232,"NO NAME ""NATURALLY IMPERFECT"" APPLES, 6 LB",7.0,2026-07-16T00:00:00-04:00,2026-07-22T23:59:59-04:00
Atlantic Superstore,8026232,"NO NAME® ALL-PURPOSE FLOUR, 10 KG",10.0,2026-07-16T00:00:00-04:00,2026-07-22T23:59:59-04:00
Atlantic Superstore,8026232,"PC® GLASS CONTAINER SET, 20 PIECE",20.0,2026-07-16T00:00:00-04:00,2026-07-22T23:59:59-04:00
Atlantic Superstore,8026232,"KELLOGG'S JUMBO CEREAL, 700 G-1.05 KG",9.99,2026-07-16T00:00:00-04:00,2026-07-22T23:59:59-04:00
Atlantic Superstore,8026232,"NO NAME® STUFFED BREADED CHICKEN BREAST CUTLETTES, 284 G",3.75,2026-07-16T00:00:00-04:00,2026-07-22T23:59:59-04:00
Atlantic Superstore,8026232,"WONDER BREAD OR BUNS OR D'ITALIANO BREAD OR BUNS, 356-675 G",7.0,2026-07-16T00:00:00-04:00,2026-07-22T23:59:59-04:00
Atlantic Superstore,8026232,"CREST TOOTHPASTE, 63-200 ML, SCOPE CLASSIC, 1 L OR KIDS, 500 ML MOUTHWASH, ORAL-B MANUAL TOOTHBRUSH, 1 EA. OR FLOSS PICKS, 75'S",5.25,2026-07-16T00:00:00-04:00,2026-07-22T23:59:59-04:00
Atlantic Superstore,8026232,"HUGGIES, MILLIE MOON OR PAMPERS 3X BABY WIPES, 112-216'S",8.0,2026-07-16T00:00:00-04:00,2026-07-22T23:59:59-04:00
Atlantic Superstore,8026232,"PC® BLUE MENU CHICKEN THIGHS, 8'S",15.0,2026-07-16T00:00:00-04:00,2026-07-22T23:59:59-04:00
Atlantic Superstore,8026232,"RUBICON JUICE OR JUICE DRINK, 1 L/4X200 ML",2.5,2026-07-16T00:00:00-04:00,2026-07-22T23:59:59-04:00
Atlantic Superstore,8026232,"SURAJ NAAN BREADS, 500 G",5.0,2026-07-16T00:00:00-04:00,2026-07-22T23:59:59-04:00
Atlantic Superstore,8026232,EVERYDAY ESSENTIALS™ MIRRORS,11.0,2026-07-16T00:00:00-04:00,2026-07-22T23:59:59-04:00
Atlantic Superstore,8026232,"ORION TURTLE CHIPS OR ORION MARINE BOY SNACK, 4'S, 160 G",3.49,2026-07-16T00:00:00-04:00,2026-07-22T23:59:59-04:00
Atlantic Superstore,8026232,"CHRISTIE CRACKERS, 162-200 G",2.0,2026-07-16T00:00:00-04:00,2026-07-22T23:59:59-04:00
Atlantic Superstore,8026232,EVERYDAY ESSENTIALS™ CANDLES,6.0,2026-07-16T00:00:00-04:00,2026-07-22T23:59:59-04:00
Atlantic Superstore,8026232,"INTERMEDIATE ROSES, 9 STEM",10.0,2026-07-16T00:00:00-04:00,2026-07-22T23:59:59-04:00
Atlantic Superstore,8026232,"SMUCKERS JAM, JELLIES OR FRUIT SPREAD, 310-500 ML",7.0,2026-07-16T00:00:00-04:00,2026-07-22T23:59:59-04:00
Atlantic Superstore,8026232,NICE'NEASY OR NATURAL INSTINCTS HAIR COLOUR OR ROOT TOUCH UP,8.0,2026-07-16T00:00:00-04:00,2026-07-22T23:59:59-04:00
Atlantic Superstore,8026232,"INTERNATIONAL DELIGHT COFFEE ENHANCER, 946 ML OR INTERNATIONAL DELIGHT COLD FOAM, 369/396 G",7.0,2026-07-16T00:00:00-04:00,2026-07-22T23:59:59-04:00
Atlantic Superstore,8026232,JOYBURST HYDRATION DRINKS,9.0,2026-07-16T00:00:00-04:00,2026-07-22T23:59:59-04:00
Atlantic Superstore,8026232,"ENFAMIL A+ NEUROPRO AND GENTLEASE POWDER REFILLS, 862/890 G",65.5,2026-07-16T00:00:00-04:00,2026-07-22T23:59:59-04:00
Atlantic Superstore,8026232,EVERYDAY ESSENTIALS™ JUMBO PILLOW,5.5,2026-07-16T00:00:00-04:00,2026-07-22T23:59:59-04:00
Atlantic Superstore,8026232,"CASA MENDOSA TORTILLAS, 340 - 640 G",5.0,2026-07-16T00:00:00-04:00,2026-07-22T23:59:59-04:00
Atlantic Superstore,8026232,EVERYDAY ESSENTIALS™ TO GO CONTAINERS,3.0,2026-07-16T00:00:00-04:00,2026-07-22T23:59:59-04:00
Atlantic Superstore,8026232,"PC® BLACK TIGER SHRIMP RAW ZIPPERBACK, 16-20/LB, 400 G",11.0,2026-07-16T00:00:00-04:00,2026-07-22T23:59:59-04:00
Atlantic Superstore,8026232,EVERYDAY ESSENTIALS™ METAL BAKEWARE OR BAKEWARE SETS,7.0,2026-07-16T00:00:00-04:00,2026-07-22T23:59:59-04:00
Atlantic Superstore,8026232,"GARNIER FRUCTIS, 334-384 ML OR HERBAL ESSENCES BASICS SHAMPOO AND CONDITIONER, 346 ML",4.0,2026-07-16T00:00:00-04:00,2026-07-22T23:59:59-04:00
Atlantic Superstore,8026232,PORK LOIN COMBINATION CHOPS SIRLOIN AND RIB PORTION,3.0,2026-07-16T00:00:00-04:00,2026-07-22T23:59:59-04:00
Atlantic Superstore,8026232,"NO NAME® NATURALLY IMPERFECT LIMES, 680 G",5.0,2026-07-16T00:00:00-04:00,2026-07-22T23:59:59-04:00
Atlantic Superstore,8026232,"KFI COOKING SAUCE, 375/395 ML",3.99,2026-07-16T00:00:00-04:00,2026-07-22T23:59:59-04:00
Atlantic Superstore,8026232,"GRACE PEANUT PUNCH, 450 ML OR ISLAND SODAS, 355 ML",1.25,2026-07-16T00:00:00-04:00,2026-07-22T23:59:59-04:00
Atlantic Superstore,8026232,"DURACELL BATTERIES, AA16 OR AAA12",17.0,2026-07-16T00:00:00-04:00,2026-07-22T23:59:59-04:00
Atlantic Superstore,8026232,"PRETZELS, 2'S",3.5,2026-07-16T00:00:00-04:00,2026-07-22T23:59:59-04:00
Atlantic Superstore,8026232,"NO NAME™ POTATO CHIPS, 200 G",1.5,2026-07-16T00:00:00-04:00,2026-07-22T23:59:59-04:00
Atlantic Superstore,8026232,"CHRISTIE RITZ DRIZZLED MINIS, 226 G",6.75,2026-07-16T00:00:00-04:00,2026-07-22T23:59:59-04:00
Atlantic Superstore,8026232,"NO NAME® GROUND COFFEE, 907 G",16.0,2026-07-16T00:00:00-04:00,2026-07-22T23:59:59-04:00
Atlantic Superstore,8026232,"PC® DELI CHEESE BLOCKS, 250 G",8.0,2026-07-16T00:00:00-04:00,2026-07-22T23:59:59-04:00
Atlantic Superstore,8026232,BABY BOK CHOY OR SHANGHAI BOK CHOY,2.88,2026-07-16T00:00:00-04:00,2026-07-22T23:59:59-04:00
Atlantic Superstore,8026232,"30 PIECE WINGS & WEDGES BUCKET, 1.2 KG",20.0,2026-07-16T00:00:00-04:00,2026-07-22T23:59:59-04:00
Atlantic Superstore,8026232,"RAW PECAN HALVES, 210 G",9.0,2026-07-16T00:00:00-04:00,2026-07-22T23:59:59-04:00
Atlantic Superstore,8026232,"PC® 100% PURE MAPLE SYRUP, 500 ML",12.49,2026-07-16T00:00:00-04:00,2026-07-22T23:59:59-04:00
Atlantic Superstore,8026232,TAIWANESE FLAT CABBAGE,1.48,2026-07-16T00:00:00-04:00,2026-07-22T23:59:59-04:00
Atlantic Superstore,8026232,"GRACE CARIBBEAN COMBOS RICE & RED KIDNEY BEANS MIX, 175 G OR HOT PEPPER SAUCE, 170 ML",2.75,2026-07-16T00:00:00-04:00,2026-07-22T23:59:59-04:00
Atlantic Superstore,8026232,"SMART SWEETS CANDY, 45/50 G",8.0,2026-07-16T00:00:00-04:00,2026-07-22T23:59:59-04:00
Atlantic Superstore,8026232,"MINI ASSORTED DANISHES, 8'S",5.5,2026-07-16T00:00:00-04:00,2026-07-22T23:59:59-04:00
Atlantic Superstore,8026232,"KINDER SURPRISE MILK CHOCOLATE EGGS, 20 G OR BUENO MILK CHOCOLATE COVERED CRISPY WAFER BARS, 43 G",3.0,2026-07-16T00:00:00-04:00,2026-07-22T23:59:59-04:00
Atlantic Superstore,8026232,"HUGGIES PULL-UPS OR PAMPERS EASY UPS GIANT PACK TRAINING PANTS, 68-112'S",36.99,2026-07-16T00:00:00-04:00,2026-07-22T23:59:59-04:00
Atlantic Superstore,8026232,"GAIN/CHEER DETERGENT, 100-107 LD OR FLINGS, 28/48'S, TIDE DETERGENT, 52/64 LD OR PODS, 25/42'S, DOWNY/GAIN/BOUNCE FABRIC SOFTENER, 96/150 LD, BEADS, 453/515/550 G, DRYER SHEETS, 240'S, OR RINSE 70 LD",15.0,2026-07-16T00:00:00-04:00,2026-07-22T23:59:59-04:00
Atlantic Superstore,8026232,"ACE ARTISAN STYLE ROLLS, 400-530 G",4.5,2026-07-16T00:00:00-04:00,2026-07-22T23:59:59-04:00
Atlantic Superstore,8026232,"CHELSEA BONED SALTED COD FILLETS,454 G",15.99,2026-07-16T00:00:00-04:00,2026-07-22T23:59:59-04:00
Atlantic Superstore,8026232,BENTGO LUNCH BOX,25.0,2026-07-16T00:00:00-04:00,2026-07-22T23:59:59-04:00
Atlantic Superstore,8026232,"GERBER ORGANIC BABY CEREAL OR NESTLÉ-CERELAC SAVOURY CEREAL, 200/208 G",11.0,2026-07-16T00:00:00-04:00,2026-07-22T23:59:59-04:00
Atlantic Superstore,8026232,"NO NAME® FACIAL TISSUE, 2 PLY, 1 PK, 126'S",1.5,2026-07-16T00:00:00-04:00,2026-07-22T23:59:59-04:00
Atlantic Superstore,8026232,"NO NAME® CHICKEN HOT DOGS, 450 G",2.0,2026-07-16T00:00:00-04:00,2026-07-22T23:59:59-04:00
Atlantic Superstore,8026232,GREENHOUSE TOMATOES ON THE VINE,1.5,2026-07-16T00:00:00-04:00,2026-07-22T23:59:59-04:00
Atlantic Superstore,8026232,CAULIFLOWER,5.0,2026-07-16T00:00:00-04:00,2026-07-22T23:59:59-04:00
Atlantic Superstore,8026232,"NO NAME® SALAD DRESSING, 475 ML",3.49,2026-07-16T00:00:00-04:00,2026-07-22T23:59:59-04:00
Atlantic Superstore,8026232,ICEBERG LETTUCE,3.0,2026-07-16T00:00:00-04:00,2026-07-22T23:59:59-04:00
Atlantic Superstore,8026232,"AROY-D COCONUT MILK, 400 ML",5.0,2026-07-16T00:00:00-04:00,2026-07-22T23:59:59-04:00
Atlantic Superstore,8026232,BANANA BOAT SUN CARE PRODUCTS,11.0,2026-07-16T00:00:00-04:00,2026-07-22T23:59:59-04:00
Atlantic Superstore,8026232,"SAN DANIELE® MORTADELLA, 175 g",6.0,2026-07-16T00:00:00-04:00,2026-07-22T23:59:59-04:00
Atlantic Superstore,8026232,RHUBARB,8.0,2026-07-16T00:00:00-04:00,2026-07-22T23:59:59-04:00
Atlantic Superstore,8026232,"ELMER'S SCHOOL GLUE STICKS, 3X20 G",4.5,2026-07-16T00:00:00-04:00,2026-07-22T23:59:59-04:00
Atlantic Superstore,8026232,"NO NAME™ BUTTER, 454 G",11.0,2026-07-16T00:00:00-04:00,2026-07-22T23:59:59-04:00
Atlantic Superstore,8026232,"KRAFT DINNER MACARONI & CHEESE, 200 G",4.98,2026-07-16T00:00:00-04:00,2026-07-22T23:59:59-04:00
Atlantic Superstore,8026232,"PC® DIPS OR HUMMUS, 200-228 G OR NAAN DIPPERS, 200 G",7.0,2026-07-16T00:00:00-04:00,2026-07-22T23:59:59-04:00
Atlantic Superstore,8026232,5 INCH ORCHID,28.0,2026-07-16T00:00:00-04:00,2026-07-22T23:59:59-04:00
Atlantic Superstore,8026232,"IMPOSSIBLE PLANT-BASED BURGER PATTIES, 227 G OR GROUND BEEF, 340 G",7.0,2026-07-16T00:00:00-04:00,2026-07-22T23:59:59-04:00
Atlantic Superstore,8026232,"NO NAME® PREPARED YELLOW MUSTARD, 550 ML",2.0,2026-07-16T00:00:00-04:00,2026-07-22T23:59:59-04:00
Atlantic Superstore,8026232,OKA OR L'EXTRA BRIE IN-STORE DELI CUT CHEESE,3.5,2026-07-16T00:00:00-04:00,2026-07-22T23:59:59-04:00
Atlantic Superstore,8026232,PAMPERS® SWADDLERS™ ULTRA VALUE PACK,45.0,2026-07-16T00:00:00-04:00,2026-07-22T23:59:59-04:00
Atlantic Superstore,8026232,"ZIPLOC SNACK SANDWICH OR STORAGE BAGS, 10-100'S",4.0,2026-07-16T00:00:00-04:00,2026-07-22T23:59:59-04:00
Atlantic Superstore,8026232,"ATLANTIC CHOICE PORK SAUSAGES, 375-500 G",7.0,2026-07-16T00:00:00-04:00,2026-07-22T23:59:59-04:00
Atlantic Superstore,8026232,"SILK NON-DAIRY BEVERAGES, 1.74-1.89 L",7.0,2026-07-16T00:00:00-04:00,2026-07-22T23:59:59-04:00
Atlantic Superstore,8026232,HUGGIES SNUG & DRY BABY DIAPERS,45.0,2026-07-16T00:00:00-04:00,2026-07-22T23:59:59-04:00
Atlantic Superstore,8026232,"PC® RUSSET POTATOES, 5 LB",4.5,2026-07-16T00:00:00-04:00,2026-07-22T23:59:59-04:00
Atlantic Superstore,8026232,"RAW SHRIMP SKEWERS, 300 G",4.77,2026-07-16T00:00:00-04:00,2026-07-22T23:59:59-04:00
Atlantic Superstore,8026232,"PC® LITTLE BEAUTS GRAPE TOMATOES, 567 G",6.5,2026-07-16T00:00:00-04:00,2026-07-22T23:59:59-04:00
Atlantic Superstore,8026232,"HUGGIES GIGA PACK DIAPERS, 42-128 S",28.0,2026-07-16T00:00:00-04:00,2026-07-22T23:59:59-04:00
Atlantic Superstore,8026232,"PC® OR BLUE MENU® FROZEN ENTRÉES, 212-365 G",3.5,2026-07-16T00:00:00-04:00,2026-07-22T23:59:59-04:00
Atlantic Superstore,8026232,"COLGATE PREMIUM ADULT OR KIDS TOOTHPASTE, 70-150 ML OR COLGATE MANUAL TOOTHBRUSH",2.5,2026-07-16T00:00:00-04:00,2026-07-22T23:59:59-04:00
Atlantic Superstore,8026232,"PC® WOOD-FIRED PIZZA, 351-413 G",5.0,2026-07-16T00:00:00-04:00,2026-07-22T23:59:59-04:00
Atlantic Superstore,8026232,"GRIMMS EUROPEAN WIENERS, 375 G OR SMOKIES™, 450 G",6.0,2026-07-16T00:00:00-04:00,2026-07-22T23:59:59-04:00
Atlantic Superstore,8026232,"RISE KOMBUCHA, 414 ML",3.0,2026-07-16T00:00:00-04:00,2026-07-22T23:59:59-04:00
Atlantic Superstore,8026232,"TIDE LIQUID, 887 ML-1 L, PODS 9/16'S, DOWNY FABRIC SOFTENER, 780 ML-1.31 L OR SCENT BOOSTERS, 141 G, OR BOUNCE DRYER SHEETS, 40/80'S",5.0,2026-07-16T00:00:00-04:00,2026-07-22T23:59:59-04:00
Atlantic Superstore,8026232,"NO NAME® FROZEN FRUIT, 300/400 G OR CHAPMAN'S SUPER PREMIUM PLUS ICE CREAM, 500 ML",3.0,2026-07-16T00:00:00-04:00,2026-07-22T23:59:59-04:00
Atlantic Superstore,8026232,CHAYOTE SQUASH,2.0,2026-07-16T00:00:00-04:00,2026-07-22T23:59:59-04:00
Atlantic Superstore,8026232,"NO NAME® JAM, MARMALADE, 500 ML OR PEANUT BUTTER, 1 KG",5.5,2026-07-16T00:00:00-04:00,2026-07-22T23:59:59-04:00
Atlantic Superstore,8026232,"FERRERO ROCHER CHOCOLATE BAR, 90 G",8.0,2026-07-16T00:00:00-04:00,2026-07-22T23:59:59-04:00
Atlantic Superstore,8026232,"IN-STORE MADE POUTINE ON WEDGES, 225 G",7.0,2026-07-16T00:00:00-04:00,2026-07-22T23:59:59-04:00
Atlantic Superstore,8026232,"HALDIRAM'S SNACK MIX OR PEANUTS, 150 G",6.0,2026-07-16T00:00:00-04:00,2026-07-22T23:59:59-04:00
Atlantic Superstore,8026232,"FARMER'S MARKET™ COOKIES, 12'S",7.0,2026-07-16T00:00:00-04:00,2026-07-22T23:59:59-04:00
Atlantic Superstore,8026232,"OGX, MAUI OR AVEENO HAIR CARE",9.0,2026-07-16T00:00:00-04:00,2026-07-22T23:59:59-04:00
Atlantic Superstore,8026232,"SEAQUEST® BASA FILLETS, SOLE FILLETS, TILAPIA FILLETS, WILD POLLOCK FILLETS, 400 G OR WILD BY NATURE MINCED LOBSTER MEAT, 320G",6.5,2026-07-16T00:00:00-04:00,2026-07-22T23:59:59-04:00
Atlantic Superstore,8026232,TENA UNDERWEAR OR PADS,18.0,2026-07-16T00:00:00-04:00,2026-07-22T23:59:59-04:00
Atlantic Superstore,8026232,"AMAZING BUBBLES WANDS, 5 PACK",3.0,2026-07-16T00:00:00-04:00,2026-07-22T23:59:59-04:00
Atlantic Superstore,8026232,"PURINA TIDY CATS LIGHTWEIGHT CAT LITTER, 2.72 KG",12.99,2026-07-16T00:00:00-04:00,2026-07-22T23:59:59-04:00
Atlantic Superstore,8026232,"CHAPMAN'S PREMIUM ICE CREAM, FROZEN YOGURT, SORBET, 2 L OR SUPER SANDWICHES, CONES OR NOVELTIES, 8-20'S",5.5,2026-07-16T00:00:00-04:00,2026-07-22T23:59:59-04:00
Atlantic Superstore,8026232,PC® PREMIUM GIFT BOUQUET,34.0,2026-07-16T00:00:00-04:00,2026-07-22T23:59:59-04:00
Atlantic Superstore,8026232,"HUGGIES 16X BABY WIPES, 960-1152'S",24.0,2026-07-16T00:00:00-04:00,2026-07-22T23:59:59-04:00
Atlantic Superstore,8026232,"LA FOURNÉE DORÉE BRIOCHE BUNS, 200-800 G OR BRIOCHE SWIRLS, 300 G",4.5,2026-07-16T00:00:00-04:00,2026-07-22T23:59:59-04:00
Atlantic Superstore,8026232,PAMPERS SWADDLERS OR SWADDLERS 360° ECONO PACK,35.0,2026-07-16T00:00:00-04:00,2026-07-22T23:59:59-04:00
Atlantic Superstore,8026232,FIVE STAR 2-INCH ZIPPER BINDER,20.97,2026-07-16T00:00:00-04:00,2026-07-22T23:59:59-04:00
Atlantic Superstore,8026232,"PILLERS PEPPERONI PIZZA TOPPINGS OR PILLERS SALAMI CHUBS, 175-250 G",7.5,2026-07-16T00:00:00-04:00,2026-07-22T23:59:59-04:00
Atlantic Superstore,8026232,"NO NAME® VEGETABLES, 750 G",3.0,2026-07-16T00:00:00-04:00,2026-07-22T23:59:59-04:00
Atlantic Superstore,8026232,"NO NAME® PASTA, 900 G",2.0,2026-07-16T00:00:00-04:00,2026-07-22T23:59:59-04:00
Atlantic Superstore,8026232,"CEREBELLY POUCHES, 128 ML",4.0,2026-07-16T00:00:00-04:00,2026-07-22T23:59:59-04:00
Atlantic Superstore,8026232,"NO NAME® NATURALLY IMPERFECT™ AVOCADO, 2.2 LB BAG",7.0,2026-07-16T00:00:00-04:00,2026-07-22T23:59:59-04:00
Atlantic Superstore,8026232,COOK SALMON OR CHICKEN ENTRÉE WITH A READY TO COOK SIDE,20.0,2026-07-16T00:00:00-04:00,2026-07-22T23:59:59-04:00
Atlantic Superstore,8026232,"KETTLE BRAND POTATO CHIPS, 156/198 G",3.0,2026-07-16T00:00:00-04:00,2026-07-22T23:59:59-04:00
Atlantic Superstore,8026232,"BLUEBERRIES, 340 G",4.5,2026-07-16T00:00:00-04:00,2026-07-22T23:59:59-04:00
Atlantic Superstore,8026232,"NO NAME® SHREDDED CHEESE, 320 G OR CHEESE BARS, 400 G",11.0,2026-07-16T00:00:00-04:00,2026-07-22T23:59:59-04:00
Atlantic Superstore,8026232,"RIO MARE TUNA, 195/240 G",7.5,2026-07-16T00:00:00-04:00,2026-07-22T23:59:59-04:00
Atlantic Superstore,8026232,"REMEDY KOMBUCHA, 4X355 ML",6.5,2026-07-16T00:00:00-04:00,2026-07-22T23:59:59-04:00
Atlantic Superstore,8026232,LONG EGGPLANT,3.0,2026-07-16T00:00:00-04:00,2026-07-22T23:59:59-04:00
Atlantic Superstore,8026232,WHOLE PORK HOCKS,2.48,2026-07-16T00:00:00-04:00,2026-07-22T23:59:59-04:00
Atlantic Superstore,8026232,"KURKURE SNACKS, 115 G",1.5,2026-07-16T00:00:00-04:00,2026-07-22T23:59:59-04:00
Atlantic Superstore,8026232,"PAMPERS SENSITIVE BABY WIPES, 1008'S",26.0,2026-07-16T00:00:00-04:00,2026-07-22T23:59:59-04:00
Atlantic Superstore,8026232,"TWININGS TEA BAGS, 100'S, ILLY GROUND COFFEE, 250 G OR BORBONE WHOLE COFFEE BEANS, 500 G",15.0,2026-07-16T00:00:00-04:00,2026-07-22T23:59:59-04:00
Atlantic Superstore,8026232,PC 2 PIECE STAINLESS STEEL COLANDER SET,15.0,2026-07-16T00:00:00-04:00,2026-07-22T23:59:59-04:00
Atlantic Superstore,8026232,"KOPIKO INSTANT COFFEE MIX, 825/900 G",9.0,2026-07-16T00:00:00-04:00,2026-07-22T23:59:59-04:00
Atlantic Superstore,8026232,"HUY FONG SRIRACHA SAUCE, 714 ML",6.0,2026-07-16T00:00:00-04:00,2026-07-22T23:59:59-04:00
Atlantic Superstore,8026232,"BRITANNIA GOOD DAY, 231 G OR FIRST FIFTY COOKIES, 372 G",2.5,2026-07-16T00:00:00-04:00,2026-07-22T23:59:59-04:00
Atlantic Superstore,8026232,"FARMER'S MARKET™ LOAF CAKE, 344-400 G",5.0,2026-07-16T00:00:00-04:00,2026-07-22T23:59:59-04:00
Atlantic Superstore,8026232,"DOVE SHAMPOO OR CONDITIONER 355 ML, HAIR TREATMENT OR DRY SHAMPOO, 195-273 ML/142-198 G",6.0,2026-07-16T00:00:00-04:00,2026-07-22T23:59:59-04:00
Atlantic Superstore,8026232,"U BY KOTEX LINERS, 80-129'S, PADS 24-44'S OR TAMPONS, 30/32'S",11.0,2026-07-16T00:00:00-04:00,2026-07-22T23:59:59-04:00
Atlantic Superstore,8026232,"HOSTESS CUPCAKES OR CAKES, 202-206 G",2.95,2026-07-16T00:00:00-04:00,2026-07-22T23:59:59-04:00
Atlantic Superstore,8026232,"IN-STORE MADE ORIGINAL OR MARRY ME CHICKEN SALAD, 400 G",8.0,2026-07-16T00:00:00-04:00,2026-07-22T23:59:59-04:00
Atlantic Superstore,8026232,EVERYDAY ESSENTIALS™ APPLIANCES,15.0,2026-07-16T00:00:00-04:00,2026-07-22T23:59:59-04:00
Atlantic Superstore,8026232,"GOODNITES® CLUB PACK TRAINING PANTS, 28-74'S",27.0,2026-07-16T00:00:00-04:00,2026-07-22T23:59:59-04:00
Atlantic Superstore,8026232,"MCCAIN SUPERFRIES, FRIES, POTATO PANCAKES, HOMEFRIES, TATER TOTS, WEDGES OR POTATO PATTIES, 454-800 G, FROZEN OR HEINZ DIPS, 340 ML",3.0,2026-07-16T00:00:00-04:00,2026-07-22T23:59:59-04:00
Atlantic Superstore,8026232,"ASPIRIN 100/120'S, ALEVE 40-100'S, ALEVE-X 72 G, TYLENOL 72-150'S, MOTRIN 60/150'S OR ADVIL 40-72'S PAIN RELIEF TABLETS, CAPLETS, GELS OR RUB",15.5,2026-07-16T00:00:00-04:00,2026-07-22T23:59:59-04:00
Atlantic Superstore,8026232,"BROOKE BOND RED LABEL TEA, 900 G",10.0,2026-07-16T00:00:00-04:00,2026-07-22T23:59:59-04:00
Atlantic Superstore,8026232,"FRESH ATLANTIC SALMON PORTIONS, 100 G",5.0,2026-07-16T00:00:00-04:00,2026-07-22T23:59:59-04:00
Atlantic Superstore,8026232,"PAMPERS ECONO PACK DIAPERS, 58-200'S",35.0,2026-07-16T00:00:00-04:00,2026-07-22T23:59:59-04:00
Atlantic Superstore,8026232,"NESTLÉ INSTANT TEA MIX, 200 G",5.0,2026-07-16T00:00:00-04:00,2026-07-22T23:59:59-04:00
Atlantic Superstore,8026232,"PC® MINI SAMOSAS, 288/345 G",6.0,2026-07-16T00:00:00-04:00,2026-07-22T23:59:59-04:00
Atlantic Superstore,8026232,"FARMER'S MARKET™ NAVEL ORANGES, 3 LB",6.0,2026-07-16T00:00:00-04:00,2026-07-22T23:59:59-04:00
Atlantic Superstore,8026232,"KOSA COCONUT WATER, 1 L",3.0,2026-07-16T00:00:00-04:00,2026-07-22T23:59:59-04:00
Atlantic Superstore,8026232,"JASMINE GOLD THAI JASMINE RICE, 8 KG",12.99,2026-07-16T00:00:00-04:00,2026-07-22T23:59:59-04:00
Atlantic Superstore,8026232,TOP SIRLOIN STEAK,18.0,2026-07-16T00:00:00-04:00,2026-07-22T23:59:59-04:00
Atlantic Superstore,8026232,"ZABIHA HALAL CHICKEN WIENERS OR BOLOGNA, 375-450 G",2.0,2026-07-16T00:00:00-04:00,2026-07-22T23:59:59-04:00
Atlantic Superstore,8026232,"PC® ORGANICS BABY FOOD POUCHES, 128 G/ML",1.0,2026-07-16T00:00:00-04:00,2026-07-22T23:59:59-04:00
Atlantic Superstore,8026232,CANTALOUPE,5.0,2026-07-16T00:00:00-04:00,2026-07-22T23:59:59-04:00
Atlantic Superstore,8026232,"CASHMERE BATHROOM TISSUE, 12 DOUBLE ROLLS, SPONGETOWELS PAPER TOWELS, 3=6 ROLLS, OR SCOTTIES FACIAL TISSUE, 6'S",5.99,2026-07-16T00:00:00-04:00,2026-07-22T23:59:59-04:00
Atlantic Superstore,8026232,"CRACKER BARREL CHEESE SLICES, 200-240 G",4.77,2026-07-16T00:00:00-04:00,2026-07-22T23:59:59-04:00
Atlantic Superstore,8026232,EVERYDAY ESSENTIALS™ COOKWARE,9.0,2026-07-16T00:00:00-04:00,2026-07-22T23:59:59-04:00
Atlantic Superstore,8026232,"LEAN GROUND PORK, 450 G",4.5,2026-07-16T00:00:00-04:00,2026-07-22T23:59:59-04:00
Atlantic Superstore,8026232,PC® EXTRA LARGE GREEN OR RED SEEDLESS GRAPES,4.5,2026-07-16T00:00:00-04:00,2026-07-22T23:59:59-04:00
Atlantic Superstore,8026232,"SUMM! SPRING ROLLS OR DUMPLINGS, 250-350 G",5.0,2026-07-16T00:00:00-04:00,2026-07-22T23:59:59-04:00
Atlantic Superstore,8026232,"NO NAME® EXTRA THICK CUT BACON, 1 KG",10.5,2026-07-16T00:00:00-04:00,2026-07-22T23:59:59-04:00
Atlantic Superstore,8026232,"DAWN LIQUID 1.52/1.98 L, CASCADE BAGS 21/26/30'S COMPLETE GEL 2.1/3.4 KG, SWIFFER DUSTER REFILLS 6/10'S, SWEEPER WET REFILLS 12/20/24'S, SWEEPER DRY REFILLS 16/20/32'S, WETJET REFILLS 12'S, POWERMOP REFILLS 5'S, WETJET LIQUID 2.5 L POWERMOP LIQUID 2.5 L",10.0,2026-07-16T00:00:00-04:00,2026-07-22T23:59:59-04:00
Atlantic Superstore,8026232,"NO NAME® RED WINE, MALT OR APPLE CIDER VINEGAR, 500 ML / 1 L",5.0,2026-07-16T00:00:00-04:00,2026-07-22T23:59:59-04:00
Atlantic Superstore,8026232,"FARMER'S MARKET ENGLISH CUCUMBERS, 3's",4.5,2026-07-16T00:00:00-04:00,2026-07-22T23:59:59-04:00
Atlantic Superstore,8026232,"SCOTSBURN & BAXTER CREAM, 1 L",4.0,2026-07-16T00:00:00-04:00,2026-07-22T23:59:59-04:00
Atlantic Superstore,8026232,NO NAME™ NATURALLY IMPERFECT™ MANGO,7.0,2026-07-16T00:00:00-04:00,2026-07-22T23:59:59-04:00
Atlantic Superstore,8026232,"ELAN ORGANIC NUTS, 125-200 G",7.0,2026-07-16T00:00:00-04:00,2026-07-22T23:59:59-04:00
Atlantic Superstore,8026232,"PC® ORGANICS CREMINI OR WHITE MUSHROOMS, 227 G",4.0,2026-07-16T00:00:00-04:00,2026-07-22T23:59:59-04:00
Atlantic Superstore,8026232,"NO NAME® PLASTIC CLING WRAP, 305 M",12.0,2026-07-16T00:00:00-04:00,2026-07-22T23:59:59-04:00
Atlantic Superstore,8026232,"T&T TAIWAN STYLE GARLIC PORK SAUSAGE, 375 G",6.5,2026-07-16T00:00:00-04:00,2026-07-22T23:59:59-04:00
Atlantic Superstore,8026232,"KABRITA GOAT MILK BASED TODDLER NUTRITION POWDER, 800 G",43.0,2026-07-16T00:00:00-04:00,2026-07-22T23:59:59-04:00
Atlantic Superstore,8026232,"PEPCID TABLETS, 50/60'S OR IMODIUM, 20/24'S TABLETS, CAPLETS OR LIQUI-GELS",23.0,2026-07-16T00:00:00-04:00,2026-07-22T23:59:59-04:00
Atlantic Superstore,8026232,EVERYDAY ESSENTIALS™ 12 PIECE DINNERWARE SET,25.0,2026-07-16T00:00:00-04:00,2026-07-22T23:59:59-04:00
Atlantic Superstore,8026232,SINFIT PROTEIN CHIPS,3.0,2026-07-16T00:00:00-04:00,2026-07-22T23:59:59-04:00
Atlantic Superstore,8026232,RED CARROTS,2.0,2026-07-16T00:00:00-04:00,2026-07-22T23:59:59-04:00
Atlantic Superstore,8026232,"NO NAME™ TOMATOES, 795 ML",1.75,2026-07-16T00:00:00-04:00,2026-07-22T23:59:59-04:00
Atlantic Superstore,8026232,"DANONE ACTIVIA, 12X100 G OR DRINKS, 8X93 ML",7.0,2026-07-16T00:00:00-04:00,2026-07-22T23:59:59-04:00
Atlantic Superstore,8026232,AMAZING BUBBLES WAND,1.0,2026-07-16T00:00:00-04:00,2026-07-22T23:59:59-04:00
Atlantic Superstore,8026232,PLANTAIN,1.5,2026-07-16T00:00:00-04:00,2026-07-22T23:59:59-04:00
Atlantic Superstore,8026232,"FONTAINE SANTÉ TOFU, 400 G",6.0,2026-07-16T00:00:00-04:00,2026-07-22T23:59:59-04:00
Atlantic Superstore,8026232,"NO NAME® GRANOLA BARS, 120-175 G",2.25,2026-07-16T00:00:00-04:00,2026-07-22T23:59:59-04:00
Atlantic Superstore,8026232,"SOFTSOAP LIQUID HAND SOAP PUMP, 332 ML",3.5,2026-07-16T00:00:00-04:00,2026-07-22T23:59:59-04:00
Atlantic Superstore,8026232,"PC® LEMONADE, 1.89 L",3.0,2026-07-16T00:00:00-04:00,2026-07-22T23:59:59-04:00
Atlantic Superstore,8026232,"VITA COCO COCONUT WATER, 1 L",4.0,2026-07-16T00:00:00-04:00,2026-07-22T23:59:59-04:00
Atlantic Superstore,8026232,"PREMIUM BAGELS, 6'S OR MINI BAGELS, 8'S",8.0,2026-07-16T00:00:00-04:00,2026-07-22T23:59:59-04:00
Atlantic Superstore,8026232,"GRACE JERK SEASONING, 284 G",4.0,2026-07-16T00:00:00-04:00,2026-07-22T23:59:59-04:00
Atlantic Superstore,8026232,"HIGH LINER PAN SEAR OR SIGNATURE FISH, 425-540 G OR PC® FISH, 500-680 G",11.0,2026-07-16T00:00:00-04:00,2026-07-22T23:59:59-04:00
Atlantic Superstore,8026232,"FEBREZE AIR EFFECTS, 230 G, CAR, 2 ML, BATHROOM, 7.5 ML, MR. CLEAN LIQUIDS, 1.2 L, ERASERS, 2'S",4.5,2026-07-16T00:00:00-04:00,2026-07-22T23:59:59-04:00
Atlantic Superstore,8026232,"CRACKER BARREL CHEESE BARS, 400 G OR SHREDS, 250-320 G",7.29,2026-07-16T00:00:00-04:00,2026-07-22T23:59:59-04:00
Atlantic Superstore,8026232,"NO NAME® CREAM CHEESE, 227/250 G",7.5,2026-07-16T00:00:00-04:00,2026-07-22T23:59:59-04:00
Atlantic Superstore,8026232,"NATUR SOURCE SALAD TOPPERS, 500-625 G",13.0,2026-07-16T00:00:00-04:00,2026-07-22T23:59:59-04:00
Atlantic Superstore,8026232,"MASTRO® SLICED COOKED, 125 g",6.0,2026-07-16T00:00:00-04:00,2026-07-22T23:59:59-04:00
Atlantic Superstore,8026232,RED CHERRIES,3.5,2026-07-16T00:00:00-04:00,2026-07-22T23:59:59-04:00
Atlantic Superstore,8026232,"SAPUTO FETA, BOCCONCINI, MOZZARELLA FRESCA OR SHREDS, 140-200",4.0,2026-07-16T00:00:00-04:00,2026-07-22T23:59:59-04:00
Atlantic Superstore,8026232,"GOLDEN HAPPINESS SPECIALTY BUN, 100 G",1.5,2026-07-16T00:00:00-04:00,2026-07-22T23:59:59-04:00
Atlantic Superstore,8026232,NOT YOUR MOTHER'S HAIR CARE,9.0,2026-07-16T00:00:00-04:00,2026-07-22T23:59:59-04:00
Atlantic Superstore,8026232,"THE LAUGHING COW, 8P, 133 G",5.0,2026-07-16T00:00:00-04:00,2026-07-22T23:59:59-04:00
Atlantic Superstore,8026232,"ROYALE BATHROOM TISSUE, 30=60 ROLLS OR TIGER TOWELS, 6=12 ROLLS",20.0,2026-07-16T00:00:00-04:00,2026-07-22T23:59:59-04:00
Atlantic Superstore,8026232,"NO NAME® RICE CRACKERS, 100 G",1.49,2026-07-16T00:00:00-04:00,2026-07-22T23:59:59-04:00
Atlantic Superstore,8026232,"THE GREAT GENTLEMAN GINGER BEER OR SODA, 250 ML",1.0,2026-07-16T00:00:00-04:00,2026-07-22T23:59:59-04:00
Atlantic Superstore,8026232,"PHILADELPHIA CREAM CHEESE OR DIPS, 227/250 G",10.0,2026-07-16T00:00:00-04:00,2026-07-22T23:59:59-04:00
Atlantic Superstore,8026232,"OÎKOS PRO DRINKABLE YOGURT, 300 ML",2.5,2026-07-16T00:00:00-04:00,2026-07-22T23:59:59-04:00
Atlantic Superstore,8026232,"AUSSIE, 778 ML OR PANTENE, 476-530 ML SHAMPOO OR CONDITIONER",9.0,2026-07-16T00:00:00-04:00,2026-07-22T23:59:59-04:00
Atlantic Superstore,8026232,"PC® ORGANICS VEGETABLES, 300-500 G",4.5,2026-07-16T00:00:00-04:00,2026-07-22T23:59:59-04:00
Atlantic Superstore,8026232,GREEN ZUCCHINI,2.99,2026-07-16T00:00:00-04:00,2026-07-22T23:59:59-04:00
Atlantic Superstore,8026232,"PC ORGANICS PEANUT BUTTER, 500 G",5.5,2026-07-16T00:00:00-04:00,2026-07-22T23:59:59-04:00
Atlantic Superstore,8026232,"RUFFLES POTATO CHIPS, 180-200 G",8.0,2026-07-16T00:00:00-04:00,2026-07-22T23:59:59-04:00
Atlantic Superstore,8026232,"GUMMI BEARS, 280 G",5.0,2026-07-16T00:00:00-04:00,2026-07-22T23:59:59-04:00
Atlantic Superstore,8026232,"BEN & JERRY'S, 473 ML OR MAGNUM BARS, 3'S OR MINI, 4'S",5.0,2026-07-16T00:00:00-04:00,2026-07-22T23:59:59-04:00
Atlantic Superstore,8026232,"BIG FOOT JUBES, 250 G",5.0,2026-07-16T00:00:00-04:00,2026-07-22T23:59:59-04:00
Atlantic Superstore,8026232,"DORITOS TORTILLA CHIPS, 210/235 G",4.5,2026-07-16T00:00:00-04:00,2026-07-22T23:59:59-04:00
Atlantic Superstore,8026232,"NO NAME® DRINKS, 2 L",4.5,2026-07-16T00:00:00-04:00,2026-07-22T23:59:59-04:00
Atlantic Superstore,8026232,"PC® WAFFLE CONES OR BOWLS, 135/205 G",5.5,2026-07-16T00:00:00-04:00,2026-07-22T23:59:59-04:00
Atlantic Superstore,8026232,"HEINZ KETCHUP, 750 ML/1 L OR KRAFT MIRACLE WHIP SPREAD, 650/890 ML",5.5,2026-07-16T00:00:00-04:00,2026-07-22T23:59:59-04:00
Atlantic Superstore,8026232,"KELLOGG'S FAMILY SIZE CEREAL, 450-650 G",6.5,2026-07-16T00:00:00-04:00,2026-07-22T23:59:59-04:00
Atlantic Superstore,8026232,"NO NAME® SOUTHERN-STYLE CRISPY CHICKEN, 1 KG",18.0,2026-07-16T00:00:00-04:00,2026-07-22T23:59:59-04:00
Atlantic Superstore,8026232,"NO NAME® BEEF BURGERS, 1.36 KG",20.0,2026-07-16T00:00:00-04:00,2026-07-22T23:59:59-04:00
Atlantic Superstore,8026232,"RIGHTEOUS GELATO OR SORBETTO, 473 ML",7.5,2026-07-16T00:00:00-04:00,2026-07-22T23:59:59-04:00
Atlantic Superstore,8026232,"LECLERC CÉLÉBRATION COOKIES, 200-350 G",10.0,2026-07-16T00:00:00-04:00,2026-07-22T23:59:59-04:00
Atlantic Superstore,8026232,COFFEE CREAMERS 400 ML BAILEYS,3.0,2026-07-16T00:00:00-04:00,2026-07-22T23:59:59-04:00
Atlantic Superstore,8026232,"DARE VINTA CRACKERS, 200/225 G, BRETON CRACKERS, 173/200 G, BRETON BITES, 132-200 G OR BRETON SIMPLE GOODNESS CRACKERS, 180 G",1.88,2026-07-16T00:00:00-04:00,2026-07-22T23:59:59-04:00
Atlantic Superstore,8026232,"NO NAME® HONEY, 500 G",8.0,2026-07-16T00:00:00-04:00,2026-07-22T23:59:59-04:00
Atlantic Superstore,8026232,LOCAL ATLANTIC STRAWBERRIES,6.0,2026-07-16T00:00:00-04:00,2026-07-22T23:59:59-04:00
Atlantic Superstore,8026232,"NATUR SOURCE NUTS, 450-600 G",15.0,2026-07-16T00:00:00-04:00,2026-07-22T23:59:59-04:00
Atlantic Superstore,8026232,"30 PIECE WINGS & WEDGES BUCKET, 1.2 KG, PEPSICO BEVERAGES 1 L or LAY'S® POTATO CHIPS 177-235 G",26.0,2026-07-16T00:00:00-04:00,2026-07-22T23:59:59-04:00
Atlantic Superstore,8026232,"NO NAME® PLASTIC PARTY CUPS, 50'S",5.5,2026-07-16T00:00:00-04:00,2026-07-22T23:59:59-04:00
Atlantic Superstore,8026232,"DARE MALLOW CANDY, 150 G",4.5,2026-07-16T00:00:00-04:00,2026-07-22T23:59:59-04:00
Atlantic Superstore,8026232,"COCA-COLA OR CANADA DRY MINI CARDS, 6X222 ML",10.0,2026-07-16T00:00:00-04:00,2026-07-22T23:59:59-04:00
Atlantic Superstore,8026232,"CLIF GRANOLA BARS, 5X68 G",8.5,2026-07-16T00:00:00-04:00,2026-07-22T23:59:59-04:00
Atlantic Superstore,8026232,"PAN CORN MEAL, 1 KG",3.29,2026-07-16T00:00:00-04:00,2026-07-22T23:59:59-04:00
Atlantic Superstore,8026232,"COCA-COLA OR CANADA DRY SOFT DRINKS, 12X355 ML",17.0,2026-07-16T00:00:00-04:00,2026-07-22T23:59:59-04:00
Atlantic Superstore,8026232,"LANTIC GRANULATED SUGAR, 2 KG",3.0,2026-07-16T00:00:00-04:00,2026-07-22T23:59:59-04:00
Atlantic Superstore,8026232,"CADBURY DAIRY MILK CHOCOLATE BARS, 180 G",4.75,2026-07-16T00:00:00-04:00,2026-07-22T23:59:59-04:00
Atlantic Superstore,8026232,CASSAVA,2.25,2026-07-16T00:00:00-04:00,2026-07-22T23:59:59-04:00
Atlantic Superstore,8026232,"NO NAME® ICE CREAM SANDWICHES OR BARS, 24-30'S",11.0,2026-07-16T00:00:00-04:00,2026-07-22T23:59:59-04:00
Atlantic Superstore,8026232,"UNBLANCHED RAW ROASTED ALMONDS, 200 G",9.0,2026-07-16T00:00:00-04:00,2026-07-22T23:59:59-04:00
Atlantic Superstore,8026232,"NO NAME ENGLISH MUFFINS 342 G OR BAGELS 450-510 G, 6'S",2.5,2026-07-16T00:00:00-04:00,2026-07-22T23:59:59-04:00
Atlantic Superstore,8026232,TWIZZLER LICORICE CANDY 311-454 G OR JOLLY RANCHER CANDY ROPES 283 G,5.0,2026-07-16T00:00:00-04:00,2026-07-22T23:59:59-04:00
Atlantic Superstore,8026232,"BAXTER & SCOTSBURN CHOCOLATE MILK, 1 L",3.0,2026-07-16T00:00:00-04:00,2026-07-22T23:59:59-04:00
Atlantic Superstore,8026232,"POPSICLE, 6'S OR 18'S",6.0,2026-07-16T00:00:00-04:00,2026-07-22T23:59:59-04:00
Atlantic Superstore,8026232,"NO NAME® ICE MILK, 4 L",8.49,2026-07-16T00:00:00-04:00,2026-07-22T23:59:59-04:00
Atlantic Superstore,8026232,"GENERAL MILLS NATURE VALLEY SWEET & SALTY OR PROTEIN BARS, BISCUITS OR FIBRE 1 DELIGHTS BARS OR BROWNIES, 125-210 G",3.25,2026-07-16T00:00:00-04:00,2026-07-22T23:59:59-04:00
Atlantic Superstore,8026232,"NO NAME® BROTH, 900 ML",5.0,2026-07-16T00:00:00-04:00,2026-07-22T23:59:59-04:00
Atlantic Superstore,8026232,"KRAFT SALAD DRESSING, 425 ML",3.0,2026-07-16T00:00:00-04:00,2026-07-22T23:59:59-04:00
Atlantic Superstore,8026232,"TALENTI, 473 ML",5.0,2026-07-16T00:00:00-04:00,2026-07-22T23:59:59-04:00
Atlantic Superstore,8026232,NO NAME® FOOD STORAGE CONTAINERS,4.0,2026-07-16T00:00:00-04:00,2026-07-22T23:59:59-04:00
Atlantic Superstore,8026232,"KRAFT DINNER RAMEN, 95 - 97 g",3.0,2026-07-16T00:00:00-04:00,2026-07-22T23:59:59-04:00
Atlantic Superstore,8026232,"BOURSIN, 150 G, 130-220 G",7.0,2026-07-16T00:00:00-04:00,2026-07-22T23:59:59-04:00
Atlantic Superstore,8026232,"RAW CASHEWS, 250 G",9.0,2026-07-16T00:00:00-04:00,2026-07-22T23:59:59-04:00
Atlantic Superstore,8026232,"TIDE LAUNDRY DETERGENT 3.46-3.9 L, TIDE POWER PODS 45'S, PODS OR GAIN FLINGS 57-76'S , DOWNY OR GAIN BEADS 853 G OR CASCADE TUBS 51/67/90'S",20.0,2026-07-16T00:00:00-04:00,2026-07-22T23:59:59-04:00
Atlantic Superstore,8026232,"NO NAME® CANTONESE-STYLE EGG ROLLS, 1.25 KG",10.0,2026-07-16T00:00:00-04:00,2026-07-22T23:59:59-04:00
Atlantic Superstore,8026232,"MENTOS CHEWY MINTS, 4X37 G/4'S OR NERDS GUMMY CLUSTERS CANDY, 142 G",6.0,2026-07-16T00:00:00-04:00,2026-07-22T23:59:59-04:00
Atlantic Superstore,8026232,"HERSHEY'S CHOCOLATE POUCHES, 165-270 G",10.0,2026-07-16T00:00:00-04:00,2026-07-22T23:59:59-04:00
Atlantic Superstore,8026232,BOUNTY PAPER TOWEL 2=5,8.0,2026-07-16T00:00:00-04:00,2026-07-22T23:59:59-04:00
Atlantic Superstore,8026232,"NO NAME NATURALLY IMPERFECT™ MINI CUCUMBERS, 2LB",5.0,2026-07-16T00:00:00-04:00,2026-07-22T23:59:59-04:00
Atlantic Superstore,8026232,"SCOTTIES FACIAL TISSUE, 2 PLY, 12'S",17.0,2026-07-16T00:00:00-04:00,2026-07-22T23:59:59-04:00
Atlantic Superstore,8026232,"MR. FREEZE JUMBO FREEZE POPS, 60X150 ML",16.0,2026-07-16T00:00:00-04:00,2026-07-22T23:59:59-04:00
Atlantic Superstore,8026232,"PC® MAX PAPER TOWELS MAX STRENGTH & THICKNESS, 8'S",22.0,2026-07-16T00:00:00-04:00,2026-07-22T23:59:59-04:00
Atlantic Superstore,8026232,"LADY OR MEN'S SPEED STICK PREMIUM DEODORANT, 45-85 G OR SKINTIMATE/EDGE SHAVE GEL, 198 ML",3.5,2026-07-16T00:00:00-04:00,2026-07-22T23:59:59-04:00
Atlantic Superstore,8026232,EVERYDAY ESSENTIALS™ HIP HUGGER LAUNDRY BASKET,10.0,2026-07-16T00:00:00-04:00,2026-07-22T23:59:59-04:00
Atlantic Superstore,8026232,"XEROX VITALITY MULTIPURPOSE PRINTER PAPER, 8.5""X11"" , 500 SHEETS",8.0,2026-07-16T00:00:00-04:00,2026-07-22T23:59:59-04:00
Atlantic Superstore,8026232,"GET'EMS! ORGANIC ROUNDOS, COOKIES OR CRACKERS, 64-142 G",8.0,2026-07-16T00:00:00-04:00,2026-07-22T23:59:59-04:00
Atlantic Superstore,8026232,"HUGGIES ECONO PACK DIAPERS, 60-200'S",35.0,2026-07-16T00:00:00-04:00,2026-07-22T23:59:59-04:00
Atlantic Superstore,8026232,"DAIYA DAIRY FREE CHEESE, 170-227 G OR GUSTA VEGGIE BURGER, 300 G",10.0,2026-07-16T00:00:00-04:00,2026-07-22T23:59:59-04:00
Atlantic Superstore,8026232,"PC® SHRIMP APPETIZERS, 340-454 G OR FROZEN BAY SCALLOPS",10.0,2026-07-16T00:00:00-04:00,2026-07-22T23:59:59-04:00
Atlantic Superstore,8026232,EVERYDAY ESSENTIALS™ KITCHEN GADGETS OR TOOLS,2.0,2026-07-16T00:00:00-04:00,2026-07-22T23:59:59-04:00
Atlantic Superstore,8026232,"LITTLE BELLIES ORGANIC PICK-ME STICKS, 16 G",7.0,2026-07-16T00:00:00-04:00,2026-07-22T23:59:59-04:00
Atlantic Superstore,8026232,"SEAQUEST WHOLE TILAPIA, 1.36 KG OR WHOLE POMPANO, 800 G",9.0,2026-07-16T00:00:00-04:00,2026-07-22T23:59:59-04:00
Atlantic Superstore,8026232,BROCCOLI CROWNS,2.5,2026-07-16T00:00:00-04:00,2026-07-22T23:59:59-04:00
Atlantic Superstore,8026232,MILLIE MOON DIAPERS ECONO PACKS,35.0,2026-07-16T00:00:00-04:00,2026-07-22T23:59:59-04:00
Atlantic Superstore,8026232,"BIC DISPOSABLE RAZORS, 2-8'S",7.0,2026-07-16T00:00:00-04:00,2026-07-22T23:59:59-04:00
Atlantic Superstore,8026232,"SIGGI'S SKYR YOGURT, 650-750 G OR PC® ORANGE JUICE, 2.5 L",6.5,2026-07-16T00:00:00-04:00,2026-07-22T23:59:59-04:00
Atlantic Superstore,8026232,"GENERAL MILLS RETAIL SIZE CEREAL, 300-437 G",9.99,2026-07-16T00:00:00-04:00,2026-07-22T23:59:59-04:00
Atlantic Superstore,8026232,"QUAKER CRISPY MINIS OR RICE CAKES, 90-199 G",7.5,2026-07-16T00:00:00-04:00,2026-07-22T23:59:59-04:00
Atlantic Superstore,8026232,"CHUBBY SOFT DRINKS, 250 ML",0.4,2026-07-16T00:00:00-04:00,2026-07-22T23:59:59-04:00
Atlantic Superstore,8026232,"GUACAMOLE, 255 G OR PICO DE GALLO SALSA, 187 G",6.0,2026-07-16T00:00:00-04:00,2026-07-22T23:59:59-04:00
Atlantic Superstore,8026232,"NO NAME® VEGETABLES, 398 ML",5.0,2026-07-16T00:00:00-04:00,2026-07-22T23:59:59-04:00
Atlantic Superstore,8026232,"MAYNARDS CANDY, 135-154 G",2.5,2026-07-16T00:00:00-04:00,2026-07-22T23:59:59-04:00
Atlantic Superstore,8026232,"SCOTSBURN FAMILY FAVOURITES ICE CREAM, 1.5 L OR NOVELTIES, 900 ML/1.32 L",5.0,2026-07-16T00:00:00-04:00,2026-07-22T23:59:59-04:00
Atlantic Superstore,8026232,"ANNIE'S MACARONI & CHEESE, 140-170 G",5.0,2026-07-16T00:00:00-04:00,2026-07-22T23:59:59-04:00
Atlantic Superstore,8026232,WIBISCO SHIRLEY BISCUITS 100 G OR GIANT CHEESE FLAVOURED CORN SNACKS 25 G,1.25,2026-07-16T00:00:00-04:00,2026-07-22T23:59:59-04:00
Atlantic Superstore,8026232,"MILO CHOCOLATE FLAVOURED DRINK MIX, 40 G",5.5,2026-07-16T00:00:00-04:00,2026-07-22T23:59:59-04:00
Atlantic Superstore,8026232,"LISTERINE MULTIBENEFITS, 1 L OR CLASSIC, 1.5 L MOUTHWASH",8.0,2026-07-16T00:00:00-04:00,2026-07-22T23:59:59-04:00
Atlantic Superstore,8026232,"THE SPICE TAILOR SAUCE KITS, 200-285 mL",9.0,2026-07-16T00:00:00-04:00,2026-07-22T23:59:59-04:00
Atlantic Superstore,8026232,"SCHNEIDERS PEPPERETTES, 225 - 375 G",8.0,2026-07-16T00:00:00-04:00,2026-07-22T23:59:59-04:00
Atlantic Superstore,8026232,"PILLSBURY 100% WHOLE WHEAT FLOUR CHAKKI ATTA, 9.07 KG",14.0,2026-07-16T00:00:00-04:00,2026-07-22T23:59:59-04:00
Atlantic Superstore,8026232,"LIFE BRAND® VALUE SIZE PAIN PRODUCTS, 100-500'S",6.37,2026-07-16T00:00:00-04:00,2026-07-22T23:59:59-04:00
Atlantic Superstore,8026232,"IVORY BODY WASH, 1035 ML",7.49,2026-07-16T00:00:00-04:00,2026-07-22T23:59:59-04:00
Atlantic Superstore,8026232,"BASSÉ NUTS, 415-600 G",7.0,2026-07-16T00:00:00-04:00,2026-07-22T23:59:59-04:00
Atlantic Superstore,8026232,"MASTRO® SLICED GRAN PIATTO, 200 G AND BABY GENOA CHUBS, 600 G",14.0,2026-07-16T00:00:00-04:00,2026-07-22T23:59:59-04:00
Atlantic Superstore,8026232,"KRAFT DINNER MACARONI & CHEESE, 175 G",5.0,2026-07-16T00:00:00-04:00,2026-07-22T23:59:59-04:00
Atlantic Superstore,8026232,"NO NAME® BAKED BEANS, 398 ML",5.0,2026-07-16T00:00:00-04:00,2026-07-22T23:59:59-04:00
Atlantic Superstore,8026232,"HERSHEY'S REESE'S KING BARS, 62-85 G",1.5,2026-07-16T00:00:00-04:00,2026-07-22T23:59:59-04:00
Atlantic Superstore,8026232,"SAN DANIELE® SLICED PROSCIUTTO, 100 G, MASTRO®SLICED DRY CURED, 100-150 G",6.0,2026-07-16T00:00:00-04:00,2026-07-22T23:59:59-04:00
Atlantic Superstore,8026232,GREEN ONION,1.5,2026-07-16T00:00:00-04:00,2026-07-22T23:59:59-04:00
Atlantic Superstore,8026232,"ALMOND BREEZE NON-DAIRY BEVERAGES, 946 ML",6.0,2026-07-16T00:00:00-04:00,2026-07-22T23:59:59-04:00
Atlantic Superstore,8026232,"HERSHEY'S ICE CREAM SYRUP, 462-523 ML",6.49,2026-07-16T00:00:00-04:00,2026-07-22T23:59:59-04:00
Atlantic Superstore,8026232,"SLICES, 500 G ARMSTRONG MOZZARELLISSIMA, 690/700 G SAPUTO",9.49,2026-07-16T00:00:00-04:00,2026-07-22T23:59:59-04:00
Atlantic Superstore,8026232,"PC® OR BLUE MENU® KETCHUP, 750 ML/1 L",3.5,2026-07-16T00:00:00-04:00,2026-07-22T23:59:59-04:00
Atlantic Superstore,8026232,"NESTLÉ NIDO NUTRITIONAL SUPPLEMENT, 850 G",25.0,2026-07-16T00:00:00-04:00,2026-07-22T23:59:59-04:00
Atlantic Superstore,8026232,"ROYALE BATHROOM TISSUE, 8-16 ROLLS",5.0,2026-07-16T00:00:00-04:00,2026-07-22T23:59:59-04:00
Atlantic Superstore,8026232,"CHEF BOYARDEE PASTA, 418/425 G",8.0,2026-07-16T00:00:00-04:00,2026-07-22T23:59:59-04:00
Atlantic Superstore,8026232,"PAMPERS® AMORE DIAPERS, SIZES N-6",27.0,2026-07-16T00:00:00-04:00,2026-07-22T23:59:59-04:00
Atlantic Superstore,8026232,"NEW ZEALAND LAMB LOIN CHOPS, 350 G",14.0,2026-07-16T00:00:00-04:00,2026-07-22T23:59:59-04:00
Atlantic Superstore,8026232,"SIMILAC 360 TOTAL CARE STAGE 1 & 2 POWDER INFANT FORMULA, 859 G",60.0,2026-07-16T00:00:00-04:00,2026-07-22T23:59:59-04:00
Atlantic Superstore,8026232,NO NAME® OR HALAL CHICKEN BREAST,4.99,2026-07-16T00:00:00-04:00,2026-07-22T23:59:59-04:00
Atlantic Superstore,8026232,"NO NAME® BREAD, 520 G",2.89,2026-07-16T00:00:00-04:00,2026-07-22T23:59:59-04:00
Atlantic Superstore,8026232,JULIE MANGO,5.0,2026-07-16T00:00:00-04:00,2026-07-22T23:59:59-04:00
Atlantic Superstore,8026232,"PC® AVOCADO OIL, 500 ML OR GRAPESEED OIL, 750 ML",10.0,2026-07-16T00:00:00-04:00,2026-07-22T23:59:59-04:00
Atlantic Superstore,8026232,"MILK CHOCOLATE COVERED PRETZELS, 220 G",9.0,2026-07-16T00:00:00-04:00,2026-07-22T23:59:59-04:00
Atlantic Superstore,8026232,"NO NAME® NATURALLY IMPERFECT™ TOMATOES, 2.5 LB",6.0,2026-07-16T00:00:00-04:00,2026-07-22T23:59:59-04:00
Atlantic Superstore,8026232,CELERY,4.0,2026-07-16T00:00:00-04:00,2026-07-22T23:59:59-04:00
Atlantic Superstore,8026232,"CHARMIN ULTRA SOFT OR STRONG BATHROOM TISSUE, 12=48 rolls",18.0,2026-07-16T00:00:00-04:00,2026-07-22T23:59:59-04:00
Atlantic Superstore,8026232,"GOLD SEAL SOCKEYE SALMON, 213 G",6.5,2026-07-16T00:00:00-04:00,2026-07-22T23:59:59-04:00
Atlantic Superstore,8026232,"KABRITA GOAT MILK BASED INFANT FORMULA, 800 G",47.0,2026-07-16T00:00:00-04:00,2026-07-22T23:59:59-04:00
Atlantic Superstore,8026232,"PILLSBURY PIZZA POPS, 4'S/380 G",3.5,2026-07-16T00:00:00-04:00,2026-07-22T23:59:59-04:00
Atlantic Superstore,8026232,JOE FRESH,10.0,2026-07-16T00:00:00-04:00,2026-07-22T23:59:59-04:00
Atlantic Superstore,8026232,"Q-TIPS COTTON SWABS, 500'S",4.0,2026-07-16T00:00:00-04:00,2026-07-22T23:59:59-04:00
Atlantic Superstore,8026232,GRACE COCONUT WATER 310 ML OR SUPLIGEN INSTANT BREAKFAST BEVERAGE 250 ML,1.25,2026-07-16T00:00:00-04:00,2026-07-22T23:59:59-04:00
Atlantic Superstore,8026232,MEDIUM GROUND BEEF,5.77,2026-07-16T00:00:00-04:00,2026-07-22T23:59:59-04:00
Atlantic Superstore,8026232,"GOOD PROTEIN ALL-IN-ONE SHAKE, 440 G",29.0,2026-07-16T00:00:00-04:00,2026-07-22T23:59:59-04:00
Atlantic Superstore,8026232,"NO NAME® MARSHMALLOWS, 400 G",6.0,2026-07-16T00:00:00-04:00,2026-07-22T23:59:59-04:00
Atlantic Superstore,8026232,"TIDE DETERGENT 39/48 LD OR PODS 18-31'S, GAIN DETERGENT 61 LD OR FLINGS 18-31'S, IVORY SNOW DETERGENT 32 LD, DOWNY/GAIN/BOUNCE FABRIC SOFTENER 83/120 LD OR BEADS 303-379 G, DRYER SHEETS 120/200'S, OR RINSE 54 LD",10.0,2026-07-16T00:00:00-04:00,2026-07-22T23:59:59-04:00
Atlantic Superstore,8026232,"DANISA BUTTER COOKIES, 454 G",6.0,2026-07-16T00:00:00-04:00,2026-07-22T23:59:59-04:00
No Frills,8025935,"CREST PRO-HEALTH or COMPLETE TOOTHPASTE, 100-130 ML",3.5,2026-07-16T00:00:00-04:00,2026-07-22T23:59:59-04:00
No Frills,8025935,"BARILLA PASTA, 340/410 G",2.0,2026-07-16T00:00:00-04:00,2026-07-22T23:59:59-04:00
No Frills,8025935,"GAIN LIQUID, 4.25 L OR FLINGS, 42'S LAUNDRY DETERGENT, BEADS, 598/680 G OR DRY SHEETS, 240'S",15.0,2026-07-16T00:00:00-04:00,2026-07-22T23:59:59-04:00
No Frills,8025935,"ROMAINE HEARTS, PKG OF 3",4.99,2026-07-16T00:00:00-04:00,2026-07-22T23:59:59-04:00
No Frills,8025935,"HUGGIES BABY WIPES, 560-1152's",24.0,2026-07-16T00:00:00-04:00,2026-07-22T23:59:59-04:00
No Frills,8025935,"HUGGIES ECONO PACK DIAPERS SIZE N-8, 60-208'S OR KENDAMIL TODDLER FORMULA, 800 G",34.99,2026-07-16T00:00:00-04:00,2026-07-22T23:59:59-04:00
No Frills,8025935,"PAMPERS SUPER BIG PACK DIAPERS,size N-8, 32-120's",26.99,2026-07-16T00:00:00-04:00,2026-07-22T23:59:59-04:00
No Frills,8025935,HERSHEY'S CHOCOLATE BAR 90-120 G OR JOLLY RANCHER CANDY BAG 182/198 G,2.0,2026-07-16T00:00:00-04:00,2026-07-22T23:59:59-04:00
No Frills,8025935,"PC® AUTO DISHWASHER TABS, 60's",14.0,2026-07-16T00:00:00-04:00,2026-07-22T23:59:59-04:00
No Frills,8025935,"SEAQUEST® FISH FILLETS, 400 G",6.0,2026-07-16T00:00:00-04:00,2026-07-22T23:59:59-04:00
No Frills,8025935,"PC® FACIAL TISSUES, 60's",2.19,2026-07-16T00:00:00-04:00,2026-07-22T23:59:59-04:00
No Frills,8025935,"PC® GIGANTICO™ BUNS, 6/8'S",3.0,2026-07-16T00:00:00-04:00,2026-07-22T23:59:59-04:00
No Frills,8025935,CRACKER BARREL CHEESE SHREDS 320 g or BLACK DIAMOND STRING CHEESE 252/336 g,5.99,2026-07-16T00:00:00-04:00,2026-07-22T23:59:59-04:00
No Frills,8025935,"CHAPMAN'S PREMIUM ICE CREAM, 2 L OR SUPER SANDWICH, CONES OR NOVELTIES, 8-20'S",6.5,2026-07-16T00:00:00-04:00,2026-07-22T23:59:59-04:00
No Frills,8025935,"SILK NON-DAIRY BEVERAGES, 1.75/1.89 L",3.75,2026-07-16T00:00:00-04:00,2026-07-22T23:59:59-04:00
No Frills,8025935,"MELONA FROZEN DESSERT BARS, 560 ML",5.0,2026-07-16T00:00:00-04:00,2026-07-22T23:59:59-04:00
No Frills,8025935,"TIMOTHY'S, KRISPY KREME or DONUT HOUSE COFFEE PODS, 30's",17.99,2026-07-16T00:00:00-04:00,2026-07-22T23:59:59-04:00
No Frills,8025935,"CAVENDISH PREMIUM FRIES, 400-750 g",3.5,2026-07-16T00:00:00-04:00,2026-07-22T23:59:59-04:00
No Frills,8025935,"CHAPMAN'S CANADIAN COLLECTION NOVELTIES, 8'S",7.0,2026-07-16T00:00:00-04:00,2026-07-22T23:59:59-04:00
No Frills,8025935,CAULIFLOWER,2.99,2026-07-16T00:00:00-04:00,2026-07-22T23:59:59-04:00
No Frills,8025935,"NESTLÉ OR GERBER BABY CEREALS, 180-400 g",3.0,2026-07-16T00:00:00-04:00,2026-07-22T23:59:59-04:00
No Frills,8025935,"PC® BIGGER SIP BOTTLE, 1 L",10.0,2026-07-16T00:00:00-04:00,2026-07-22T23:59:59-04:00
No Frills,8025935,"ACTIVIA YOGURT, 8X100 G",4.0,2026-07-16T00:00:00-04:00,2026-07-22T23:59:59-04:00
No Frills,8025935,"NO NAME® ICE CREAM CONES or CUPS, 75/80 g",1.5,2026-07-16T00:00:00-04:00,2026-07-22T23:59:59-04:00
No Frills,8025935,"PEDIGREE WET DOG FOOD POUCH, 100 G",0.9,2026-07-16T00:00:00-04:00,2026-07-22T23:59:59-04:00
No Frills,8025935,"HEINZ PICNIC PACK, 3x375 ml",4.99,2026-07-16T00:00:00-04:00,2026-07-22T23:59:59-04:00
No Frills,8025935,"AVEENO LOTION or BABY NEEDS, 532/568 ml",11.0,2026-07-16T00:00:00-04:00,2026-07-22T23:59:59-04:00
No Frills,8025935,"BEN'S BISTRO EXPRESS RICE, 240/250 G",2.79,2026-07-16T00:00:00-04:00,2026-07-22T23:59:59-04:00
No Frills,8025935,"SURAJ® NAAN, 5'S",2.29,2026-07-16T00:00:00-04:00,2026-07-22T23:59:59-04:00
No Frills,8025935,"PC® WHOLE WHITE OR CREMINI MUSHROOMS, 227 G",2.49,2026-07-16T00:00:00-04:00,2026-07-22T23:59:59-04:00
No Frills,8025935,"SEAQUEST® SEAFOOD MEDLEY, 340 g",5.0,2026-07-16T00:00:00-04:00,2026-07-22T23:59:59-04:00
No Frills,8025935,"KRAFT PEANUT BUTTER, 750 G",4.97,2026-07-16T00:00:00-04:00,2026-07-22T23:59:59-04:00
No Frills,8025935,"NO NAME® RICE CRACKERS, 100 g",1.25,2026-07-16T00:00:00-04:00,2026-07-22T23:59:59-04:00
No Frills,8025935,NATIVE HAIR CARE 177/487 ml or BODY WASH 532 mL or DEODORANT 75 g,13.0,2026-07-16T00:00:00-04:00,2026-07-22T23:59:59-04:00
No Frills,8025935,"FARMER'S MARKET™ MCINTOSH or CORTLAND APPLES, 4 LB BAG",4.99,2026-07-16T00:00:00-04:00,2026-07-22T23:59:59-04:00
No Frills,8025935,"GREEN GIANT VEGETABLES, 283-750 G",3.5,2026-07-16T00:00:00-04:00,2026-07-22T23:59:59-04:00
No Frills,8025935,"ALPO COOKOUT CLASSICS DRY DOG FOOD, 16 KG",32.0,2026-07-16T00:00:00-04:00,2026-07-22T23:59:59-04:00
No Frills,8025935,OKRA,3.99,2026-07-16T00:00:00-04:00,2026-07-22T23:59:59-04:00
No Frills,8025935,"SENSODYNE or PRONAMEL TOOTHPASTE, 75 / 100 ML",5.0,2026-07-16T00:00:00-04:00,2026-07-22T23:59:59-04:00
No Frills,8025935,"DR. OETKER RISTORANTE OR CASA DI MAMA PIZZA, 330-410 G",4.0,2026-07-16T00:00:00-04:00,2026-07-22T23:59:59-04:00
No Frills,8025935,BOOST READY TO DRINK SHAKES,12.0,2026-07-16T00:00:00-04:00,2026-07-22T23:59:59-04:00
No Frills,8025935,"CHRISTIE MINI COOKIES, 144-200 G",2.5,2026-07-16T00:00:00-04:00,2026-07-22T23:59:59-04:00
No Frills,8025935,"NATURE VALLEY GRANOLA BARS OR GENERAL MILLS CEREAL BARS, 120-210 G",3.0,2026-07-16T00:00:00-04:00,2026-07-22T23:59:59-04:00
No Frills,8025935,"FARMER'S MARKET™ SWEET PEPPERS, PKG OF 4",4.99,2026-07-16T00:00:00-04:00,2026-07-22T23:59:59-04:00
No Frills,8025935,"HUGGIES PULL UPS or GOODNITES POTTY or NIGHTTIME CP TRAINING PANTS, , 28-74's",26.99,2026-07-20T00:00:00-04:00,2026-07-20T23:59:59-04:00
No Frills,8025935,"NO NAME® 100% PURE CANOLA or VEGETABLE OIL, 3 L",7.99,2026-07-16T00:00:00-04:00,2026-07-22T23:59:59-04:00
No Frills,8025935,"SCHNEIDERS DIPS or PRIME CHICKEN MEATBALLS, 530/700 g",10.99,2026-07-16T00:00:00-04:00,2026-07-22T23:59:59-04:00
No Frills,8025935,MAPLE LODGE FARMS or ZABIHA HALAL CHICKEN WIENERS,2.0,2026-07-16T00:00:00-04:00,2026-07-22T23:59:59-04:00
No Frills,8025935,PORK HALF LOIN,2.49,2026-07-16T00:00:00-04:00,2026-07-22T23:59:59-04:00
No Frills,8025935,"ROBIN HOOD or FIVE ROSES FLOUR, 2/2.5 kg",5.5,2026-07-16T00:00:00-04:00,2026-07-22T23:59:59-04:00
No Frills,8025935,"MAPLE LEAF NATURAL SELECTIONS SLICED DELI MEAT, 175 g",5.5,2026-07-16T00:00:00-04:00,2026-07-22T23:59:59-04:00
No Frills,8025935,"POGO CORN DOGS, 8/10's",8.5,2026-07-16T00:00:00-04:00,2026-07-22T23:59:59-04:00
No Frills,8025935,"HEAD & SHOULDERS HAIR CARE, 315-370 ML",6.0,2026-07-16T00:00:00-04:00,2026-07-22T23:59:59-04:00
No Frills,8025935,LADY OR MEN'S SPEED STICK DEODORANT 45-85 G,3.5,2026-07-16T00:00:00-04:00,2026-07-22T23:59:59-04:00
No Frills,8025935,INTERNATIONAL DELIGHT COFFEE CREAMERS 946 ML OR COLD FOAM 396 ML,5.0,2026-07-16T00:00:00-04:00,2026-07-22T23:59:59-04:00
No Frills,8025935,"TRESEMMÉ HAIR CARE, 198-311 g/236-828 mL",7.0,2026-07-16T00:00:00-04:00,2026-07-22T23:59:59-04:00
No Frills,8025935,"ANNIE'S MACARONI & CHEESE, 170 G",1.75,2026-07-16T00:00:00-04:00,2026-07-22T23:59:59-04:00
No Frills,8025935,"PC® ORGANICS BABY FOOD POUCHES, 128 mL",0.5,2026-07-16T00:00:00-04:00,2026-07-22T23:59:59-04:00
No Frills,8025935,"HUGGIES SUPER BIG PACK DIAPERS, N-7, 36-128'S",27.99,2026-07-16T00:00:00-04:00,2026-07-22T23:59:59-04:00
No Frills,8025935,"WATSON RIDGE CHICKEN STRIPS, 800 g",6.0,2026-07-16T00:00:00-04:00,2026-07-22T23:59:59-04:00
No Frills,8025935,"RAW SHRIMP SKEWERS, 31 - 40 COUNT PER LB, 5 PACK, 300G",4.77,2026-07-16T00:00:00-04:00,2026-07-22T23:59:59-04:00
No Frills,8025935,"BROCCOLI CROWNS, each",1.99,2026-07-16T00:00:00-04:00,2026-07-22T23:59:59-04:00
No Frills,8025935,"COUNTRY HARVEST BREAD, 600 G",3.5,2026-07-16T00:00:00-04:00,2026-07-22T23:59:59-04:00
No Frills,8025935,"ACE ROLLS, 400-530 G",4.5,2026-07-16T00:00:00-04:00,2026-07-22T23:59:59-04:00
No Frills,8025935,"PHILADELPHIA CREAM CHEESE PRODUCT, 340 G",5.0,2026-07-16T00:00:00-04:00,2026-07-22T23:59:59-04:00
No Frills,8025935,"SIMILAC PRO-ADVANCE POWDER BABY FORMULA, STEP 1 OR 2, 837-859 G",50.0,2026-07-16T00:00:00-04:00,2026-07-22T23:59:59-04:00
No Frills,8025935,"MONTELLIER SPARKLING WATER, 1 L",1.33,2026-07-16T00:00:00-04:00,2026-07-22T23:59:59-04:00
No Frills,8025935,"KRITI GOLD EXTRA VIRGIN OLIVE OIL, 750 ml",11.99,2026-07-16T00:00:00-04:00,2026-07-22T23:59:59-04:00
No Frills,8025935,"MARCANGELO SAUSAGE, BREAKFAST SAUSAGE OR PATTIES, 1.2/1.4 KG OR WATSON RIDGE CHICKEN BREASTS, 800 G",9.99,2026-07-16T00:00:00-04:00,2026-07-22T23:59:59-04:00
No Frills,8025935,"PC® BLUE MENU® BONELESS, SKINLESS CHICKEN THIGHS, up to 696 g",13.0,2026-07-16T00:00:00-04:00,2026-07-22T23:59:59-04:00
No Frills,8025935,"MARS CHOCOLATE BAG, 155-170 g",5.0,2026-07-16T00:00:00-04:00,2026-07-22T23:59:59-04:00
No Frills,8025935,"HIGH LINER FAMILY FISH, , 315-700 G",6.0,2026-07-16T00:00:00-04:00,2026-07-22T23:59:59-04:00
No Frills,8025935,BLUEBERRIES OR CHERRIES,4.99,2026-07-16T00:00:00-04:00,2026-07-22T23:59:59-04:00
No Frills,8025935,CALEDON FARMS FREEZE DRIED BEEF LIVER 150 G OR SWEET POTATO CHews 265 G DOG TREATS,7.0,2026-07-16T00:00:00-04:00,2026-07-22T23:59:59-04:00
No Frills,8025935,BECEL MARGARINE 400 G OR PLANT BASED BRICKS 454 G,3.99,2026-07-16T00:00:00-04:00,2026-07-22T23:59:59-04:00
No Frills,8025935,"LIBERTÉ GREEK YOGURT, 4x100 g",3.0,2026-07-16T00:00:00-04:00,2026-07-22T23:59:59-04:00
No Frills,8025935,"LOU'S or BUTCHER'S SELECTION PORK BACK RIBS, 680 g",7.99,2026-07-16T00:00:00-04:00,2026-07-22T23:59:59-04:00
No Frills,8025935,"BELLEISLE COLESLAW, 227 G",1.29,2026-07-16T00:00:00-04:00,2026-07-22T23:59:59-04:00
No Frills,8025935,"IAMS DRY CAT FOOD, 1.36 / 1.59 kg",12.0,2026-07-16T00:00:00-04:00,2026-07-22T23:59:59-04:00
No Frills,8025935,"PAMPERS ECONO PACK DIAPERS, SIZE N-8, 58-200'S",34.99,2026-07-16T00:00:00-04:00,2026-07-22T23:59:59-04:00
No Frills,8025935,"BURNBRAE FARMS NATUREGG NEST LAID WHITE EGGS, 12's",5.25,2026-07-16T00:00:00-04:00,2026-07-22T23:59:59-04:00
No Frills,8025935,"JASMINE GOLD THAI RICE, 8 KG",12.99,2026-07-16T00:00:00-04:00,2026-07-22T23:59:59-04:00
No Frills,8025935,"PC® BABY SPINACH OR SPRING MIX, 321 G",5.0,2026-07-16T00:00:00-04:00,2026-07-22T23:59:59-04:00
No Frills,8025935,"PC® CHOP Solution KITS, 285-369 G",4.99,2026-07-16T00:00:00-04:00,2026-07-22T23:59:59-04:00
No Frills,8025935,PINEAPPLE,3.99,2026-07-16T00:00:00-04:00,2026-07-22T23:59:59-04:00
No Frills,8025935,PLANTAIN,1.25,2026-07-16T00:00:00-04:00,2026-07-22T23:59:59-04:00
No Frills,8025935,PORK BELLY PORTIONS,5.48,2026-07-16T00:00:00-04:00,2026-07-22T23:59:59-04:00
No Frills,8025935,"CHRISTIE CRACKERS, 162-200 G",2.5,2026-07-16T00:00:00-04:00,2026-07-22T23:59:59-04:00
No Frills,8025935,"CADBURY CARAMILK, MINI EGGS or DAIRY MILK CHOCOLATES, 4x50 g/144-200 g",5.0,2026-07-16T00:00:00-04:00,2026-07-22T23:59:59-04:00
No Frills,8025935,"NO NAME® CHEESE SLICES, 210/230 G",4.5,2026-07-16T00:00:00-04:00,2026-07-22T23:59:59-04:00
No Frills,8025935,"PC® INSTANT COFFEE, 80/100 G",5.0,2026-07-16T00:00:00-04:00,2026-07-22T23:59:59-04:00
No Frills,8025935,"JANES CHICKEN BONELESS BITES, FILLETS, TENDERS or CRISPY CHICKEN SANDWICH, 710-750 G",11.99,2026-07-16T00:00:00-04:00,2026-07-22T23:59:59-04:00
No Frills,8025935,"OLD SPICE or SECRET DEODORANT, 73-85 G",4.0,2026-07-16T00:00:00-04:00,2026-07-22T23:59:59-04:00
No Frills,8025935,"NO NAME® LEMONADE or ICED TEA, 1.75 L",2.5,2026-07-16T00:00:00-04:00,2026-07-22T23:59:59-04:00
No Frills,8025935,"ENFAMIL A+ NEUROPRO or GENTLEASE POWDER, 553/587 g",49.99,2026-07-16T00:00:00-04:00,2026-07-22T23:59:59-04:00
No Frills,8025935,"MAYNARDS CANDY BAG, 135-154 G",2.25,2026-07-16T00:00:00-04:00,2026-07-22T23:59:59-04:00
No Frills,8025935,"AVOCADOS, PKG OF 5",4.99,2026-07-16T00:00:00-04:00,2026-07-22T23:59:59-04:00
No Frills,8025935,"SUMMER FRESH SALADS, 700/750 g",7.0,2026-07-16T00:00:00-04:00,2026-07-22T23:59:59-04:00
No Frills,8025935,GREEN ZUCCHINI,1.99,2026-07-16T00:00:00-04:00,2026-07-22T23:59:59-04:00
No Frills,8025935,"FARMER'S MARKET™ MINI CUCUMBERS, PKG OF 6",2.99,2026-07-16T00:00:00-04:00,2026-07-22T23:59:59-04:00
No Frills,8025935,"NO NAME® PEANUT BUTTER, 1 kg",4.5,2026-07-16T00:00:00-04:00,2026-07-22T23:59:59-04:00
No Frills,8025935,STRAWBERRIES,5.99,2026-07-16T00:00:00-04:00,2026-07-22T23:59:59-04:00
No Frills,8025935,"HEALTHY CHOICE VH STEAMERS OR SIMPLY DINNER ENTRÉES, 255-306 g",4.0,2026-07-16T00:00:00-04:00,2026-07-22T23:59:59-04:00
No Frills,8025935,"BREYERS CREAMERY 1 L TUBS, SUDANIC ICE CREAM TUBES 12'S OR PC® FROZEN FRUIT 300-500 G",4.0,2026-07-16T00:00:00-04:00,2026-07-22T23:59:59-04:00
No Frills,8025935,"MAPLE LEAF PRIME CHICKEN WINGS, UP TO 880 G",10.0,2026-07-16T00:00:00-04:00,2026-07-22T23:59:59-04:00
No Frills,8025935,"LIFE BRAND® LIQUID HAND SOAP REFILL, 2 L",5.0,2026-07-16T00:00:00-04:00,2026-07-22T23:59:59-04:00
No Frills,8025935,CLOVER LEAF WHITE TUNA 170 G OR FLAVOURED SALMON 80 G,2.5,2026-07-16T00:00:00-04:00,2026-07-22T23:59:59-04:00
No Frills,8025935,"RUBICON JUICE, 1 L",2.0,2026-07-16T00:00:00-04:00,2026-07-22T23:59:59-04:00
No Frills,8025935,"PC® POPCORN, 220/250 G",3.5,2026-07-16T00:00:00-04:00,2026-07-22T23:59:59-04:00
No Frills,8025935,"KELLOGG'S EGGO WAFFLES OR PANCAKES, 280 G OR KELLOGG'S FRENCH TOAST STICKS, 270 G",3.49,2026-07-16T00:00:00-04:00,2026-07-22T23:59:59-04:00
No Frills,8025935,"NO NAME® BRIOCHE HAMBURGER BUNS, 520 G",3.5,2026-07-16T00:00:00-04:00,2026-07-22T23:59:59-04:00
No Frills,8025935,"U BY KOTEX PADS, LINERS OR TAMPONS, , 20-120'S",10.0,2026-07-16T00:00:00-04:00,2026-07-22T23:59:59-04:00
No Frills,8025935,"COLGATE PREMIUM TOOTHPASTE, 70-150 ML OR MANUAL TOOTHBRUSH, 1 EA",2.5,2026-07-16T00:00:00-04:00,2026-07-22T23:59:59-04:00
No Frills,8025935,"BASA FILLETS, 400 G",5.0,2026-07-16T00:00:00-04:00,2026-07-22T23:59:59-04:00
No Frills,8025935,"Hershey's King Size Chocolate Bar, , 62 - 83 G",1.5,2026-07-16T00:00:00-04:00,2026-07-22T23:59:59-04:00
No Frills,8025935,T-BONE OR WING STEAK,10.99,2026-07-16T00:00:00-04:00,2026-07-22T23:59:59-04:00
No Frills,8025935,"CETAPHIL FACIAL CLEANSERS or MOISTURIZERS, 120/473 ML",15.0,2026-07-16T00:00:00-04:00,2026-07-22T23:59:59-04:00
No Frills,8025935,ICEBERG LETTUCE,2.99,2026-07-16T00:00:00-04:00,2026-07-22T23:59:59-04:00
No Frills,8025935,"L'OREAL HAIR EXPERTISE HAIR CARE, 150-375 ML",5.5,2026-07-16T00:00:00-04:00,2026-07-22T23:59:59-04:00
No Frills,8025935,STEELHEAD TROUT FILLET,10.0,2026-07-16T00:00:00-04:00,2026-07-22T23:59:59-04:00
No Frills,8025935,BUNCHED RADISH,1.79,2026-07-16T00:00:00-04:00,2026-07-22T23:59:59-04:00
No Frills,8025935,"KELLOGG'S FAMILY SIZE CEREAL, 480-650 G",5.47,2026-07-16T00:00:00-04:00,2026-07-22T23:59:59-04:00
No Frills,8025935,"NO NAME® CHOCOLATE BAR, 100 G",2.0,2026-07-16T00:00:00-04:00,2026-07-22T23:59:59-04:00
No Frills,8025935,"WHOLE SEEDLESS WATERMELON, 9 LB AVERAGE",4.99,2026-07-16T00:00:00-04:00,2026-07-22T23:59:59-04:00
No Frills,8025935,"COCA-COLA OR PEPSI SOFT DRINKS, 2 L",2.0,2026-07-16T00:00:00-04:00,2026-07-22T23:59:59-04:00
No Frills,8025935,"LAY'S POTATO CHIPS, 177-235 g",3.25,2026-07-16T00:00:00-04:00,2026-07-22T23:59:59-04:00
No Frills,8025935,"BOURSIN CHEESE, 150/220 g",5.0,2026-07-16T00:00:00-04:00,2026-07-22T23:59:59-04:00
No Frills,8025935,"PC® BRIE OR CAMEMBERT, 165-200 G OR HENRI WILLIG GOUDA, 200 G",6.0,2026-07-16T00:00:00-04:00,2026-07-22T23:59:59-04:00
No Frills,8025935,"TIDE LIQUID, 3.46/3.9 L OR PODS OR FLINGS, 45/57/76'S LAUNDRY DETERGENT",19.99,2026-07-16T00:00:00-04:00,2026-07-22T23:59:59-04:00
No Frills,8025935,"LECLERC GO PURE BARS, 140-175G, NUGABAR BARS, 175 G, MUFFINMAX BAR, 223 G, OR CELEBRATION COOKIES, 200/240 G",2.79,2026-07-16T00:00:00-04:00,2026-07-22T23:59:59-04:00
No Frills,8025935,"CRAVE DINNER ENTRÉES, 200-340 G OR KRAFT DELUXE MAC & CHEESE, 340 G",4.0,2026-07-16T00:00:00-04:00,2026-07-22T23:59:59-04:00
No Frills,8025935,"NO NAME® NATURALLY IMPERFECT™ AVOCADOS, 2.2 LB BAG",7.0,2026-07-16T00:00:00-04:00,2026-07-22T23:59:59-04:00
No Frills,8025935,"KHAAS HALAL YOGURT, 750 g",2.75,2026-07-16T00:00:00-04:00,2026-07-22T23:59:59-04:00
No Frills,8025935,"KELLOGG'S JUMBO CEREAL, 825 g-1.01 kg",9.5,2026-07-16T00:00:00-04:00,2026-07-22T23:59:59-04:00
No Frills,8025935,"DARE BRETON CRACKERS, DARE BITES, SIMPLE GOODNESS OR VINTA CRACKERS, 132 - 225 g",1.88,2026-07-16T00:00:00-04:00,2026-07-22T23:59:59-04:00
No Frills,8025935,"MCCAFÉ K-CUP COFFEE PODS, 30's",22.99,2026-07-16T00:00:00-04:00,2026-07-22T23:59:59-04:00
No Frills,8025935,"KRAFT DINNER ORIGINAL, 200 g",1.25,2026-07-16T00:00:00-04:00,2026-07-22T23:59:59-04:00
No Frills,8025935,PAPAYA,1.99,2026-07-16T00:00:00-04:00,2026-07-22T23:59:59-04:00
No Frills,8025935,"KRAFT SINGLES, 410 g",4.0,2026-07-16T00:00:00-04:00,2026-07-22T23:59:59-04:00
No Frills,8025935,"HANS DAIRY DAHI, 750 g",2.29,2026-07-16T00:00:00-04:00,2026-07-22T23:59:59-04:00
No Frills,8025935,"PC® BLACK LABEL™ ICE CREAM, 500 ML",4.5,2026-07-16T00:00:00-04:00,2026-07-22T23:59:59-04:00
No Frills,8025935,"DARE VIVA PUFFS, WAGON WHEELS OR ULTIMATE COOKIES, 290-360 g",2.5,2026-07-16T00:00:00-04:00,2026-07-22T23:59:59-04:00
No Frills,8025935,"TYLENOL CHILDREN'S or INFANTS' PAIN RELIEF PRODUCTS, 16-20's/24-100 mL",10.0,2026-07-16T00:00:00-04:00,2026-07-22T23:59:59-04:00
No Frills,8025935,"INDOMIE INSTANT NOODLES, 400 - 425 g",3.49,2026-07-16T00:00:00-04:00,2026-07-22T23:59:59-04:00
No Frills,8025935,IVORY or OLAY BODY WASH 621-364 mL or IVORY 10-BAR 90 g BAR SOAP,5.0,2026-07-16T00:00:00-04:00,2026-07-22T23:59:59-04:00
No Frills,8025935,"DRAGON FRUIT, each",2.99,2026-07-16T00:00:00-04:00,2026-07-22T23:59:59-04:00
No Frills,8025935,TOMATOES ON THE VINE,1.99,2026-07-16T00:00:00-04:00,2026-07-22T23:59:59-04:00
No Frills,8025935,LEAN GROUND PORK,4.49,2026-07-16T00:00:00-04:00,2026-07-22T23:59:59-04:00
No Frills,8025935,"CAMPBELL'S CONDENSED SOUP, 284 ml",1.5,2026-07-16T00:00:00-04:00,2026-07-22T23:59:59-04:00
No Frills,8025935,"BRAR'S MALAI PANEER, 375 g",4.99,2026-07-16T00:00:00-04:00,2026-07-22T23:59:59-04:00
No Frills,8025935,CHARMIN BATHROOM TISSUE 8-24 rolls or BOUNTY PAPER TOWELS 3-6 rolls,5.99,2026-07-16T00:00:00-04:00,2026-07-22T23:59:59-04:00
No Frills,8025935,"MCCAIN FRIES, 800 g",2.29,2026-07-16T00:00:00-04:00,2026-07-22T23:59:59-04:00
No Frills,8025935,"BIBIGO STEAMED DUMPLINGS, 187 g",4.49,2026-07-16T00:00:00-04:00,2026-07-22T23:59:59-04:00
No Frills,8025935,BUBLY 12x355 mL OR MONTELLIER 10x355 mL SPARKLING WATER,6.5,2026-07-16T00:00:00-04:00,2026-07-22T23:59:59-04:00
No Frills,8025935,"STOK ICED COFFEE, 1.42 L",7.0,2026-07-16T00:00:00-04:00,2026-07-22T23:59:59-04:00
No Frills,8025935,MAPLE LEAF FLAKED MEAT 156 g OR HOLIDAY CANNED LUNCHEON MEAT 340 g,1.75,2026-07-16T00:00:00-04:00,2026-07-22T23:59:59-04:00
No Frills,8025935,CELERY,2.99,2026-07-16T00:00:00-04:00,2026-07-22T23:59:59-04:00
No Frills,8025935,"GERBER ORGANIC or PREMIUM SNACKS, 28-160 g",3.5,2026-07-16T00:00:00-04:00,2026-07-22T23:59:59-04:00
No Frills,8025935,"UNICO TOMATOES, 796 mL or BEANS, 540 mL",1.69,2026-07-16T00:00:00-04:00,2026-07-22T23:59:59-04:00
No Frills,8025935,"JACK LINK'S BEEF JERKY, 65-81 g",5.5,2026-07-16T00:00:00-04:00,2026-07-22T23:59:59-04:00
No Frills,8025935,"GRACE COCONUT WATER, 500 mL",1.25,2026-07-16T00:00:00-04:00,2026-07-22T23:59:59-04:00
No Frills,8025935,GREEN ONIONS,1.29,2026-07-16T00:00:00-04:00,2026-07-22T23:59:59-04:00
No Frills,8025935,"PAMPERS EASY UPS OR NINJAMA'S TRAINING PANTS, 34-74'S",26.99,2026-07-16T00:00:00-04:00,2026-07-22T23:59:59-04:00
No Frills,8025935,"CORAL CREPE, PANCAKE OR WAFFLE MIX, 700 G OR MUFFIN MIXES, 450 G",4.5,2026-07-16T00:00:00-04:00,2026-07-22T23:59:59-04:00
No Frills,8025935,"CADBURY CHOCOLATE BAR, 38-50 G",1.0,2026-07-16T00:00:00-04:00,2026-07-22T23:59:59-04:00
No Frills,8025935,GREEN CABBAGE,0.99,2026-07-16T00:00:00-04:00,2026-07-22T23:59:59-04:00
No Frills,8025935,"GALLO EXTRA VIRGIN OLIVE OIL, 1 L",8.99,2026-07-16T00:00:00-04:00,2026-07-22T23:59:59-04:00
No Frills,8025935,"PC® TORTILLA CHIPS, 320-350 g",3.29,2026-07-16T00:00:00-04:00,2026-07-22T23:59:59-04:00
No Frills,8025935,"PC® UDON NOODLES, 800 g",2.49,2026-07-16T00:00:00-04:00,2026-07-22T23:59:59-04:00
No Frills,8025935,"NO NAME® CHEESE, 700 g",6.0,2026-07-16T00:00:00-04:00,2026-07-22T23:59:59-04:00
No Frills,8025935,"OÏKOS GREEK or ACTIVIA EXPERT YOGOURT, 600/750 G",6.5,2026-07-16T00:00:00-04:00,2026-07-22T23:59:59-04:00
No Frills,8025935,IÖGO FROZEN YOGURT 946 mL or POPS or BARS 320/400 mL,5.0,2026-07-16T00:00:00-04:00,2026-07-22T23:59:59-04:00
No Frills,8025935,"CREAM, 473 mL-1 L",3.75,2026-07-16T00:00:00-04:00,2026-07-22T23:59:59-04:00
No Frills,8025935,"DEL MONTE JUICE BLENDS, 2 L",7.5,2026-07-16T00:00:00-04:00,2026-07-22T23:59:59-04:00
No Frills,8025935,"HERSHEY'S CHIPITS, 200-270 g",5.5,2026-07-16T00:00:00-04:00,2026-07-22T23:59:59-04:00
No Frills,8025935,"CASCADE AUTO DISHWASHER TABS, 30/39's",15.0,2026-07-16T00:00:00-04:00,2026-07-22T23:59:59-04:00
No Frills,8025935,"HOT KID-MUM-MUM ORGANIC RICE BISCUITS or BABY MUM-MUM RICE BISCUITS, 50/60 g",2.8,2026-07-16T00:00:00-04:00,2026-07-22T23:59:59-04:00
No Frills,8025935,"SISTEMA STARTER KIT, 6PK",12.0,2026-07-16T00:00:00-04:00,2026-07-22T23:59:59-04:00
No Frills,8025935,"ACTIVIA YOGURT, 12X100 G",5.97,2026-07-16T00:00:00-04:00,2026-07-22T23:59:59-04:00
No Frills,8025935,"TACO BELL CREAMY SAUCE, 354 mL or DINNER KIT, 260-420 g",4.0,2026-07-16T00:00:00-04:00,2026-07-22T23:59:59-04:00
No Frills,8025935,RUTABAGAS,1.49,2026-07-16T00:00:00-04:00,2026-07-22T23:59:59-04:00
No Frills,8025935,"CHAPMAN'S CANADIAN COLLECTION NOVELTIES, 8'S",4.0,2026-07-16T00:00:00-04:00,2026-07-22T23:59:59-04:00
No Frills,8025935,"FARMER'S MARKET™ LEMONS OR MANDARINS, 2 LB BAG",4.99,2026-07-16T00:00:00-04:00,2026-07-22T23:59:59-04:00
No Frills,8025935,"SUFRA® HALAL BONELESS SKINLESS CHICKEN THIGHS, 736 G",13.0,2026-07-16T00:00:00-04:00,2026-07-22T23:59:59-04:00
No Frills,8025935,"CLARK BEANS, 398 mL",1.5,2026-07-16T00:00:00-04:00,2026-07-22T23:59:59-04:00
Sobeys,8022888,Chicken Strips,2.49,2026-07-16T00:00:00-04:00,2026-07-22T22:59:59-04:00
Sobeys,8022888,Soft Drinks or Iced Tea,2.99,2026-07-16T00:00:00-04:00,2026-07-22T22:59:59-04:00
Sobeys,8022888,Cheese Bread,6.79,2026-07-16T00:00:00-04:00,2026-07-22T22:59:59-04:00
Sobeys,8022888,COMPLIMENTS ORGANIC Tablet Bars,6.99,2026-07-16T00:00:00-04:00,2026-07-22T22:59:59-04:00
Sobeys,8022888,Basmati Rice,12.99,2026-07-16T00:00:00-04:00,2026-07-22T22:59:59-04:00
Sobeys,8022888,COMPLIMENTS ORGANIC Large Eggs,7.99,2026-07-16T00:00:00-04:00,2026-07-22T22:59:59-04:00
Sobeys,8022888,Dry Dog Food,10.99,2026-07-16T00:00:00-04:00,2026-07-22T22:59:59-04:00
Sobeys,8022888,Kiwi,4.99,2026-07-16T00:00:00-04:00,2026-07-22T22:59:59-04:00
Sobeys,8022888,Boston Lettuce in Soil,2.99,2026-07-16T00:00:00-04:00,2026-07-22T22:59:59-04:00
Sobeys,8022888,Bars,2.29,2026-07-16T00:00:00-04:00,2026-07-22T22:59:59-04:00
Sobeys,8022888,COMPLIMENTS Candies selected,4.99,2026-07-16T00:00:00-04:00,2026-07-22T22:59:59-04:00
Sobeys,8022888,Fresh Regular Ground Beef,5.88,2026-07-16T00:00:00-04:00,2026-07-22T22:59:59-04:00
Sobeys,8022888,Fresh Pork Side Ribs,3.49,2026-07-16T00:00:00-04:00,2026-07-22T22:59:59-04:00
Sobeys,8022888,Jam,4.97,2026-07-16T00:00:00-04:00,2026-07-22T22:59:59-04:00
Sobeys,8022888,Fresh Boneless Top Sirloin Premium Oven Roast or Family Size Steaks,9.99,2026-07-16T00:00:00-04:00,2026-07-22T22:59:59-04:00
Sobeys,8022888,Fresh Atlantic Salmon Portions,3.99,2026-07-16T00:00:00-04:00,2026-07-22T22:59:59-04:00
Sobeys,8022888,"MINA Breaded Chicken Strips or Nuggets, Stuffed Chicken or Burgers",9.99,2026-07-16T00:00:00-04:00,2026-07-22T22:59:59-04:00
Sobeys,8022888,Premium Frozen Dessert or Real Dairy Ice Cream,4.94,2026-07-16T00:00:00-04:00,2026-07-22T22:59:59-04:00
Sobeys,8022888,Chopped or Leaf Salad Kits,4.44,2026-07-16T00:00:00-04:00,2026-07-22T22:59:59-04:00
Sobeys,8022888,COMPLIMENTS Grape Tomatoes,2.99,2026-07-16T00:00:00-04:00,2026-07-22T22:59:59-04:00
Sobeys,8022888,Cheese Slices,5.49,2026-07-16T00:00:00-04:00,2026-07-22T22:59:59-04:00
Sobeys,8022888,"LECLERC Celebration Cookies 240-350 g or KELLOGG'S Town House, Snap'd or Cheez-It Crackers 213-391 g",2.99,2026-07-16T00:00:00-04:00,2026-07-22T22:59:59-04:00
Sobeys,8022888,COMPLIMENTS Smoked Sausages,9.99,2026-07-16T00:00:00-04:00,2026-07-22T22:59:59-04:00
Sobeys,8022888,Sourdough or Potato Buns,5.0,2026-07-16T00:00:00-04:00,2026-07-22T22:59:59-04:00
Sobeys,8022888,Cheese,6.99,2026-07-16T00:00:00-04:00,2026-07-22T22:59:59-04:00
Sobeys,8022888,Corn,0.88,2026-07-16T00:00:00-04:00,2026-07-22T22:59:59-04:00
Sobeys,8022888,Rhubarb,3.99,2026-07-16T00:00:00-04:00,2026-07-22T22:59:59-04:00
Sobeys,8022888,Potatoes,3.99,2026-07-16T00:00:00-04:00,2026-07-22T22:59:59-04:00
Sobeys,8022888,Okra,4.99,2026-07-16T00:00:00-04:00,2026-07-22T22:59:59-04:00
Sobeys,8022888,"Veggie Burgers, Cauli Crumble or Breakfast Patties",6.99,2026-07-16T00:00:00-04:00,2026-07-22T22:59:59-04:00
Sobeys,8022888,Iceberg Lettuce,2.99,2026-07-16T00:00:00-04:00,2026-07-22T22:59:59-04:00
Sobeys,8022888,Red Mangoes,2.79,2026-07-16T00:00:00-04:00,2026-07-22T22:59:59-04:00
Sobeys,8022888,Fresh Farmers Market Bouquet,16.99,2026-07-16T00:00:00-04:00,2026-07-22T22:59:59-04:00
Sobeys,8022888,Pistachios,5.99,2026-07-16T00:00:00-04:00,2026-07-22T22:59:59-04:00
Sobeys,8022888,Tomatoes on the Vine,2.99,2026-07-16T00:00:00-04:00,2026-07-22T22:59:59-04:00
Sobeys,8022888,COMPLIMENTS Clementines,5.99,2026-07-16T00:00:00-04:00,2026-07-22T22:59:59-04:00
Sobeys,8022888,Summer Citrus Bouquet,24.99,2026-07-16T00:00:00-04:00,2026-07-22T22:59:59-04:00
Sobeys,8022888,Canary Melon,1.29,2026-07-16T00:00:00-04:00,2026-07-22T22:59:59-04:00
Sobeys,8022888,"COMPLIMENTS ORGANIC Baby Spinach, Baby Arugula or Baby Mixed Greens",4.99,2026-07-16T00:00:00-04:00,2026-07-22T22:59:59-04:00
Sobeys,8022888,COMPLIMENTS Fresh AIR-CHILLED Whole Chicken,4.49,2026-07-16T00:00:00-04:00,2026-07-22T22:59:59-04:00
Sobeys,8022888,"COMPLIMENTS Breakfast, Mild, Hot or Honey Garlic Pork Sausages",13.99,2026-07-16T00:00:00-04:00,2026-07-22T22:59:59-04:00
Sobeys,8022888,Fair Trade Honduras Shrimp,8.99,2026-07-16T00:00:00-04:00,2026-07-22T22:59:59-04:00
Sobeys,8022888,Prepared In-Store Stuffed Mushroom Caps with Imitation Crab & Seafood Stuffing,8.99,2026-07-16T00:00:00-04:00,2026-07-22T22:59:59-04:00
Sobeys,8022888,Fresh Atlantic Salmon Roasts with Crab and Seafood Mediterranean Style Stuffing,12.99,2026-07-16T00:00:00-04:00,2026-07-22T22:59:59-04:00
Sobeys,8022888,Kolbassa Sausage,7.99,2026-07-16T00:00:00-04:00,2026-07-22T22:59:59-04:00
Sobeys,8022888,Danish,3.99,2026-07-16T00:00:00-04:00,2026-07-22T22:59:59-04:00
Sobeys,8022888,COMPLIMENTS White or Whole Wheat Bread,2.89,2026-07-16T00:00:00-04:00,2026-07-22T22:59:59-04:00
Sobeys,8022888,Cheesecakes,14.99,2026-07-16T00:00:00-04:00,2026-07-22T22:59:59-04:00
Sobeys,8022888,"Strudel Fingers, Mini Strudel or Turnovers",3.49,2026-07-16T00:00:00-04:00,2026-07-22T22:59:59-04:00
Sobeys,8022888,"DEMPSTER'S Whole Grain, Protein or Signature Bread",4.49,2026-07-16T00:00:00-04:00,2026-07-22T22:59:59-04:00
Sobeys,8022888,2-Pack Mini Croissant Breakfast Sandwiches,6.99,2026-07-16T00:00:00-04:00,2026-07-22T22:59:59-04:00
Sobeys,8022888,Coffee K-Cup® Pods,11.99,2026-07-16T00:00:00-04:00,2026-07-22T22:59:59-04:00
Sobeys,8022888,Juice,3.99,2026-07-16T00:00:00-04:00,2026-07-22T22:59:59-04:00
Sobeys,8022888,COMPLIMENTS Freeze-Dried Candy,5.49,2026-07-16T00:00:00-04:00,2026-07-22T22:59:59-04:00
Sobeys,8022888,Creme-Filled Cookies,4.99,2026-07-16T00:00:00-04:00,2026-07-22T22:59:59-04:00
Sobeys,8022888,BUBLY Sparkling Water,7.49,2026-07-16T00:00:00-04:00,2026-07-22T22:59:59-04:00
Sobeys,8022888,JOLLY RANCHER Ropes 283 g or TWIZZLERS Licorice Candy 311-454 g,2.79,2026-07-16T00:00:00-04:00,2026-07-22T22:59:59-04:00
Sobeys,8022888,PARTAKE Non-Alcoholic Beer,12.49,2026-07-16T00:00:00-04:00,2026-07-22T22:59:59-04:00
Sobeys,8022888,KELLOGG'S Special K or KASHI Bars,3.99,2026-07-16T00:00:00-04:00,2026-07-22T22:59:59-04:00
Sobeys,8022888,Apple Juice,3.79,2026-07-16T00:00:00-04:00,2026-07-22T22:59:59-04:00
Sobeys,8022888,LINDT Excellence Bars,5.99,2026-07-16T00:00:00-04:00,2026-07-22T22:59:59-04:00
Sobeys,8022888,COMPLIMENTS Granola Bars,5.0,2026-07-16T00:00:00-04:00,2026-07-22T22:59:59-04:00
Sobeys,8022888,Pretzel Bites,5.49,2026-07-16T00:00:00-04:00,2026-07-22T22:59:59-04:00
Sobeys,8022888,"DARE Ultimate, Viva Puffs or Simple Pleasures Cookies",7.0,2026-07-16T00:00:00-04:00,2026-07-22T22:59:59-04:00
Sobeys,8022888,COMPLIMENTS Potato Chips,2.49,2026-07-16T00:00:00-04:00,2026-07-22T22:59:59-04:00
Sobeys,8022888,Candy,5.99,2026-07-16T00:00:00-04:00,2026-07-22T22:59:59-04:00
Sobeys,8022888,Honey Maid Wafers,5.99,2026-07-16T00:00:00-04:00,2026-07-22T22:59:59-04:00
Sobeys,8022888,ORVILLE REDENBACHER Microwave Popcorn 5-8 pk 340-492 g or Gourmet Popping Corn 850 g,6.49,2026-07-16T00:00:00-04:00,2026-07-22T22:59:59-04:00
Sobeys,8022888,CHRISTIE Family Size Crackers,4.99,2026-07-16T00:00:00-04:00,2026-07-22T22:59:59-04:00
Sobeys,8022888,KELLOGG'S Jumbo Cereal,8.99,2026-07-16T00:00:00-04:00,2026-07-22T22:59:59-04:00
Sobeys,8022888,Muffin or Cookie Mix,5.99,2026-07-16T00:00:00-04:00,2026-07-22T22:59:59-04:00
Sobeys,8022888,HOSTESS Snacks,2.99,2026-07-16T00:00:00-04:00,2026-07-22T22:59:59-04:00
Sobeys,8022888,Crunchy Toppers,4.99,2026-07-16T00:00:00-04:00,2026-07-22T22:59:59-04:00
Sobeys,8022888,Macaroni & Cheese,2.99,2026-07-16T00:00:00-04:00,2026-07-22T22:59:59-04:00
Sobeys,8022888,Breakfast Bars,4.99,2026-07-16T00:00:00-04:00,2026-07-22T22:59:59-04:00
Sobeys,8022888,COMPLIMENTS Bagels,3.0,2026-07-16T00:00:00-04:00,2026-07-22T22:59:59-04:00
Sobeys,8022888,MRS. CUBBISON'S Croutons or Texas Toast 142 g or Salad Strips 99 g,2.99,2026-07-16T00:00:00-04:00,2026-07-22T22:59:59-04:00
Sobeys,8022888,"Burger Binders, Seasonings or Spices",9.99,2026-07-16T00:00:00-04:00,2026-07-22T22:59:59-04:00
Sobeys,8022888,Jam,6.99,2026-07-16T00:00:00-04:00,2026-07-22T22:59:59-04:00
Sobeys,8022888,Organic Spice Bags,2.99,2026-07-16T00:00:00-04:00,2026-07-22T22:59:59-04:00
Sobeys,8022888,COMPLIMENTS Pudding Cups,1.99,2026-07-16T00:00:00-04:00,2026-07-22T22:59:59-04:00
Sobeys,8022888,Fruit,16.99,2026-07-16T00:00:00-04:00,2026-07-22T22:59:59-04:00
Sobeys,8022888,COMPLIMENTS Coconut,3.49,2026-07-16T00:00:00-04:00,2026-07-22T22:59:59-04:00
Sobeys,8022888,Organic Beverages,5.0,2026-07-16T00:00:00-04:00,2026-07-22T22:59:59-04:00
Sobeys,8022888,Real Bacon Bits,5.49,2026-07-16T00:00:00-04:00,2026-07-22T22:59:59-04:00
Sobeys,8022888,Dips,4.99,2026-07-16T00:00:00-04:00,2026-07-22T22:59:59-04:00
Sobeys,8022888,Plant-Based Cheese,4.99,2026-07-16T00:00:00-04:00,2026-07-22T22:59:59-04:00
Sobeys,8022888,COMPLIMENTS Skipjack Tuna,1.69,2026-07-16T00:00:00-04:00,2026-07-22T22:59:59-04:00
Sobeys,8022888,COMPLIMENTS Coconut Milk,2.29,2026-07-16T00:00:00-04:00,2026-07-22T22:59:59-04:00
Sobeys,8022888,CLARK Gourmet Beans,2.59,2026-07-16T00:00:00-04:00,2026-07-22T22:59:59-04:00
Sobeys,8022888,COMPLIMENTS Syrup or Pancake Mix,3.99,2026-07-16T00:00:00-04:00,2026-07-22T22:59:59-04:00
Sobeys,8022888,Shelf Stable Oat Milk,6.0,2026-07-16T00:00:00-04:00,2026-07-22T22:59:59-04:00
Sobeys,8022888,Popcorn Crisps,9.0,2026-07-16T00:00:00-04:00,2026-07-22T22:59:59-04:00
Sobeys,8022888,COMPLIMENTS or COMPLIMENTS BALANCE Salad Dressings,3.49,2026-07-16T00:00:00-04:00,2026-07-22T22:59:59-04:00
Sobeys,8022888,Family Favourites Ice Cream,4.99,2026-07-16T00:00:00-04:00,2026-07-22T22:59:59-04:00
Sobeys,8022888,NESTLÉ Coffee-mate Creamer,5.49,2026-07-16T00:00:00-04:00,2026-07-22T22:59:59-04:00
Sobeys,8022888,Dip,8.49,2026-07-16T00:00:00-04:00,2026-07-22T22:59:59-04:00
Sobeys,8022888,Frozen Entrees,5.49,2026-07-16T00:00:00-04:00,2026-07-22T22:59:59-04:00
Sobeys,8022888,NATREL Lactose Free Creamer,4.99,2026-07-16T00:00:00-04:00,2026-07-22T22:59:59-04:00
Sobeys,8022888,Multi Serve Meals,11.99,2026-07-16T00:00:00-04:00,2026-07-22T22:59:59-04:00
Sobeys,8022888,COMPLIMENTS Cheese,4.99,2026-07-16T00:00:00-04:00,2026-07-22T22:59:59-04:00
Sobeys,8022888,MCCAIN Pizza Pockets,4.49,2026-07-16T00:00:00-04:00,2026-07-22T22:59:59-04:00
Sobeys,8022888,Simply Steamers or Bowls,11.0,2026-07-16T00:00:00-04:00,2026-07-22T22:59:59-04:00
Sobeys,8022888,Yogurt,3.99,2026-07-16T00:00:00-04:00,2026-07-22T22:59:59-04:00
Sobeys,8022888,Sour Cream,3.99,2026-07-16T00:00:00-04:00,2026-07-22T22:59:59-04:00
Sobeys,8022888,MCCAIN Deep'n Delicious Cakes 510 g or RIGHTEOUS Gelato or Sorbetto,5.99,2026-07-16T00:00:00-04:00,2026-07-22T22:59:59-04:00
Sobeys,8022888,GAY LEA Aerosol Whip Cream 225 g,4.99,2026-07-16T00:00:00-04:00,2026-07-22T22:59:59-04:00
Sobeys,8022888,COMPLIMENTS Cream Cheese or Spread,3.49,2026-07-16T00:00:00-04:00,2026-07-22T22:59:59-04:00
Sobeys,8022888,COMPLIMENTS BALANCE Non-Hydrogenated or Olive Oil Margarine,5.99,2026-07-16T00:00:00-04:00,2026-07-22T22:59:59-04:00
Sobeys,8022888,Shredded Cheese,15.99,2026-07-16T00:00:00-04:00,2026-07-22T22:59:59-04:00
Sobeys,8022888,Flavoured Butter,2.99,2026-07-16T00:00:00-04:00,2026-07-22T22:59:59-04:00
Sobeys,8022888,COMPLIMENTS Moxii Ice Pops,4.99,2026-07-16T00:00:00-04:00,2026-07-22T22:59:59-04:00
Sobeys,8022888,Giuseppe Stuffed Crust or Suprema Pizza,7.99,2026-07-16T00:00:00-04:00,2026-07-22T22:59:59-04:00
Sobeys,8022888,Iced Coffee or Cold Brew,8.99,2026-07-16T00:00:00-04:00,2026-07-22T22:59:59-04:00
Sobeys,8022888,Ice Pops,6.99,2026-07-16T00:00:00-04:00,2026-07-22T22:59:59-04:00
Sobeys,8022888,Frozen Snacks,4.99,2026-07-16T00:00:00-04:00,2026-07-22T22:59:59-04:00
Sobeys,8022888,COMPLIMENTS Frozen Vegetables,4.49,2026-07-16T00:00:00-04:00,2026-07-22T22:59:59-04:00
Sobeys,8022888,COMPLIMENTS Dough'chi Bites,3.99,2026-07-16T00:00:00-04:00,2026-07-22T22:59:59-04:00
Sobeys,8022888,Perogies,2.49,2026-07-16T00:00:00-04:00,2026-07-22T22:59:59-04:00
Sobeys,8022888,Butter Sticks,8.49,2026-07-16T00:00:00-04:00,2026-07-22T22:59:59-04:00
Sobeys,8022888,Regular Fries,5.49,2026-07-16T00:00:00-04:00,2026-07-22T22:59:59-04:00
Sobeys,8022888,Cheese Sticks,5.99,2026-07-16T00:00:00-04:00,2026-07-22T22:59:59-04:00
Sobeys,8022888,COMPLIMENTS Flatbread Pizzas,5.99,2026-07-16T00:00:00-04:00,2026-07-22T22:59:59-04:00
Sobeys,8022888,COMPLIMENTS Fries,4.49,2026-07-16T00:00:00-04:00,2026-07-22T22:59:59-04:00
Sobeys,8022888,Liquid Hand Soap,2.29,2026-07-16T00:00:00-04:00,2026-07-22T22:59:59-04:00
Sobeys,8022888,Pads or Liners,5.99,2026-07-16T00:00:00-04:00,2026-07-22T22:59:59-04:00
Sobeys,8022888,Waste Bags,11.99,2026-07-16T00:00:00-04:00,2026-07-22T22:59:59-04:00
Sobeys,8022888,Eye Drops,12.99,2026-07-16T00:00:00-04:00,2026-07-22T22:59:59-04:00
Sobeys,8022888,COMPLIMENTS LED Light Bulbs,4.49,2026-07-16T00:00:00-04:00,2026-07-22T22:59:59-04:00
Sobeys,8022888,SENSODYNE Whitening or Pronamel Toothpaste,6.99,2026-07-16T00:00:00-04:00,2026-07-22T22:59:59-04:00
Sobeys,8022888,"TIDE Liquid Detergent 946 mL, DOWNY Rinse and Refresh 473 mL, BOUNCE Dryer Sheets 40-80 pk or DOWNY Beads 141-150 g",5.99,2026-07-16T00:00:00-04:00,2026-07-22T22:59:59-04:00
Sobeys,8022888,Diaper Rash Cream,19.99,2026-07-16T00:00:00-04:00,2026-07-22T22:59:59-04:00
Sobeys,8022888,ALEVE Pain Relief 40-100 pk or ASPIRIN 81mg 100-120 pk+,14.99,2026-07-16T00:00:00-04:00,2026-07-22T22:59:59-04:00
Sobeys,8022888,Bathroom Tissue,30.99,2026-07-16T00:00:00-04:00,2026-07-22T22:59:59-04:00
Sobeys,8022888,WHISKAS Temptations Cat Treats,5.99,2026-07-16T00:00:00-04:00,2026-07-22T22:59:59-04:00
Sobeys,8022888,Auto Dishwasher Tabs,31.99,2026-07-16T00:00:00-04:00,2026-07-22T22:59:59-04:00
Sobeys,8022888,Test Strips,79.99,2026-07-16T00:00:00-04:00,2026-07-22T22:59:59-04:00
Sobeys,8022888,GOOD START Plus Ready to Feed Infant Formula,56.99,2026-07-16T00:00:00-04:00,2026-07-22T22:59:59-04:00
Sobeys,8022888,BELOV Organic Baby Oat Cereal,5.99,2026-07-16T00:00:00-04:00,2026-07-22T22:59:59-04:00
Sobeys,8022888,COMPLIMENTS Cat Litter,6.99,2026-07-16T00:00:00-04:00,2026-07-22T22:59:59-04:00
Sobeys,8022888,Bathroom or Toilet Bowl Cleaner,9.0,2026-07-16T00:00:00-04:00,2026-07-22T22:59:59-04:00
Sobeys,8022888,Papaya,1.99,2026-07-16T00:00:00-04:00,2026-07-22T22:59:59-04:00
Sobeys,8022888,Fresh Pork Loin Back Rib Tails Button Bones,5.99,2026-07-16T00:00:00-04:00,2026-07-22T22:59:59-04:00
Sobeys,8022888,Barrel Sauerkraut,4.79,2026-07-16T00:00:00-04:00,2026-07-22T22:59:59-04:00
Sobeys,8022888,Roasted Buckwheat,4.49,2026-07-16T00:00:00-04:00,2026-07-22T22:59:59-04:00
Sobeys,8022888,XXL Roasted Sunflower Seeds in shell,4.29,2026-07-16T00:00:00-04:00,2026-07-22T22:59:59-04:00
Sobeys,8022888,Coconut,2.99,2026-07-16T00:00:00-04:00,2026-07-22T22:59:59-04:00
Sobeys,8022888,Flattened Chicken,5.99,2026-07-16T00:00:00-04:00,2026-07-22T22:59:59-04:00
Sobeys,8022888,Chocolate Bars,3.99,2026-07-16T00:00:00-04:00,2026-07-22T22:59:59-04:00
Sobeys,8022888,Carbonated Mineral Water,2.79,2026-07-16T00:00:00-04:00,2026-07-22T22:59:59-04:00
Sobeys,8022888,Sweetened Condensed Milk,2.99,2026-07-16T00:00:00-04:00,2026-07-22T22:59:59-04:00
Sobeys,8022888,Roasted Sesame Oil,5.99,2026-07-16T00:00:00-04:00,2026-07-22T22:59:59-04:00
Sobeys,8022888,Coconut Milk 18%,2.79,2026-07-16T00:00:00-04:00,2026-07-22T22:59:59-04:00
Sobeys,8022888,Dark Soy Sauce,4.49,2026-07-16T00:00:00-04:00,2026-07-22T22:59:59-04:00
Sobeys,8022888,KIM PHAT Salad Dressing,4.99,2026-07-16T00:00:00-04:00,2026-07-22T22:59:59-04:00
Sobeys,8022888,EIGHT TREASURES Rice Stick Noodles 454 g or Vermicelli 400 g,2.29,2026-07-16T00:00:00-04:00,2026-07-22T22:59:59-04:00
Sobeys,8022888,"EIGHT TREASURES Whole Head-On, Shell-On Raw Shrimp",6.88,2026-07-16T00:00:00-04:00,2026-07-22T22:59:59-04:00
Sobeys,8022888,Coconut Milk,1.28,2026-07-16T00:00:00-04:00,2026-07-22T22:59:59-04:00
Sobeys,8022888,Light Soy Sauce,3.99,2026-07-16T00:00:00-04:00,2026-07-22T22:59:59-04:00
Sobeys,8022888,Santa Claus Melon,1.29,2026-07-16T00:00:00-04:00,2026-07-22T22:59:59-04:00
Sobeys,8022888,Mini Watermelon,5.99,2026-07-16T00:00:00-04:00,2026-07-22T22:59:59-04:00
Sobeys,8022888,COMPLIMENTS Cookie Dunkers,3.49,2026-07-16T00:00:00-04:00,2026-07-22T22:59:59-04:00
Sobeys,8022888,POWERADE,5.0,2026-07-16T00:00:00-04:00,2026-07-22T22:59:59-04:00
Sobeys,8022888,Grab n Go All Rolled Up Wraps,1.49,2026-07-16T00:00:00-04:00,2026-07-22T22:59:59-04:00
Sobeys,8022888,Value Size Snacks,6.29,2026-07-16T00:00:00-04:00,2026-07-22T22:59:59-04:00
Sobeys,8022888,Family Size Goldfish Crackers,9.99,2026-07-16T00:00:00-04:00,2026-07-22T22:59:59-04:00
Sobeys,8022888,Dip,8.49,2026-07-16T00:00:00-04:00,2026-07-22T22:59:59-04:00
Sobeys,8022888,CADBURY Bagged Chocolate,5.29,2026-07-16T00:00:00-04:00,2026-07-22T22:59:59-04:00
Sobeys,8022888,COMPLIMENTS Mini Ice Cream Bars,4.49,2026-07-16T00:00:00-04:00,2026-07-22T22:59:59-04:00
Sobeys,8022888,Value Size Cookies,11.0,2026-07-16T00:00:00-04:00,2026-07-22T22:59:59-04:00
Sobeys,8022888,Granulated Sugar,3.49,2026-07-16T00:00:00-04:00,2026-07-22T22:59:59-04:00
Sobeys,8022888,Filled Donut Bites,5.99,2026-07-16T00:00:00-04:00,2026-07-22T22:59:59-04:00
Sobeys,8022888,COMPLIMENTS Cream Cheese or Spread,3.49,2026-07-16T00:00:00-04:00,2026-07-22T22:59:59-04:00
Sobeys,8022888,COMPLIMENTS Cooked Shrimp in Ring or Bag with Sauce,8.0,2026-07-16T00:00:00-04:00,2026-07-22T22:59:59-04:00
Sobeys,8022888,COMPLIMENTS Raw Shrimp,8.99,2026-07-16T00:00:00-04:00,2026-07-22T22:59:59-04:00
Sobeys,8022888,Store Made Sausage Stuffed Mushroom Caps or Portabella Mushroom Caps,5.99,2026-07-16T00:00:00-04:00,2026-07-22T22:59:59-04:00
Sobeys,8022888,COMPLIMENTS Smoked Sausages,4.99,2026-07-16T00:00:00-04:00,2026-07-22T22:59:59-04:00
Sobeys,8022888,COMPLIMENTS Smoked Sausages,9.99,2026-07-16T00:00:00-04:00,2026-07-22T22:59:59-04:00
Sobeys,8022888,"COMPLIMENTS Breakfast, Mild, Hot or Honey Garlic Pork Sausages",13.99,2026-07-16T00:00:00-04:00,2026-07-22T22:59:59-04:00
Sobeys,8022888,"Breakfast, Dinner or Smoked Pork Sausages",5.49,2026-07-16T00:00:00-04:00,2026-07-22T22:59:59-04:00
Sobeys,8022888,Bars or Fruit Bites,8.0,2026-07-16T00:00:00-04:00,2026-07-22T22:59:59-04:00
Sobeys,8022888,ROYALE Premium Diapers,25.99,2026-07-16T00:00:00-04:00,2026-07-22T22:59:59-04:00
Sobeys,8022888,Daily Clear Protection Cream,7.99,2026-07-16T00:00:00-04:00,2026-07-22T22:59:59-04:00
Sobeys,8022888,Go & Grow Toddler Milk Powder,26.99,2026-07-16T00:00:00-04:00,2026-07-22T22:59:59-04:00
Sobeys,8022888,EARTH'S BEST Organic Snacks,3.99,2026-07-16T00:00:00-04:00,2026-07-22T22:59:59-04:00
Sobeys,8022888,Baby Shampoo,5.99,2026-07-16T00:00:00-04:00,2026-07-22T22:59:59-04:00
Sobeys,8022888,COMPLIMENTS Training Pants,15.99,2026-07-16T00:00:00-04:00,2026-07-22T22:59:59-04:00
Sobeys,8022888,Signature Buns,3.99,2026-07-16T00:00:00-04:00,2026-07-22T22:59:59-04:00
Sobeys,8022888,CLOVER LEAF Skipjack Light Tuna,5.0,2026-07-16T00:00:00-04:00,2026-07-22T22:59:59-04:00
Sobeys,8022888,Family Size Cereal,5.99,2026-07-16T00:00:00-04:00,2026-07-22T22:59:59-04:00
Sobeys,8022888,Greek Yogurt,3.49,2026-07-16T00:00:00-04:00,2026-07-22T22:59:59-04:00
Sobeys,8022888,COMPLIMENTS Pure Orange Juice or Lemonade,3.99,2026-07-16T00:00:00-04:00,2026-07-22T22:59:59-04:00
Sobeys,8022888,Potato Chips,2.99,2026-07-16T00:00:00-04:00,2026-07-22T22:59:59-04:00
Sobeys,8022888,"Breakfast, Dinner or Smoked Pork Sausages",5.49,2026-07-16T00:00:00-04:00,2026-07-22T22:59:59-04:00
Sobeys,8022888,Sunflower in Picnic Bag,16.0,2026-07-16T00:00:00-04:00,2026-07-22T22:59:59-04:00
Sobeys,8022888,Spring Water,3.0,2026-07-16T00:00:00-04:00,2026-07-22T22:59:59-04:00
Sobeys,8022888,Organic Tree-Ripened Yellow Flesh Peaches or Nectarines,5.99,2026-07-16T00:00:00-04:00,2026-07-22T22:59:59-04:00
Sobeys,8022888,Instant Coffee,6.49,2026-07-16T00:00:00-04:00,2026-07-22T22:59:59-04:00
Sobeys,8022888,Margarine,6.99,2026-07-16T00:00:00-04:00,2026-07-22T22:59:59-04:00
Sobeys,8022888,Beverages,3.49,2026-07-16T00:00:00-04:00,2026-07-22T22:59:59-04:00
Sobeys,8022888,Baby Broccoli,6.99,2026-07-16T00:00:00-04:00,2026-07-22T22:59:59-04:00
Sobeys,8022888,"Bulk White, Red or Yellow Potatoes",1.99,2026-07-16T00:00:00-04:00,2026-07-22T22:59:59-04:00
Sobeys,8022888,Cosmic Crisp Apples,3.47,2026-07-16T00:00:00-04:00,2026-07-22T22:59:59-04:00
Sobeys,8022888,Papaya,1.99,2026-07-16T00:00:00-04:00,2026-07-22T22:59:59-04:00
Sobeys,8022888,Broccoli Bunches,3.49,2026-07-16T00:00:00-04:00,2026-07-22T22:59:59-04:00
Sobeys,8022888,COMPLIMENTS Asian Inspired Entrées,5.99,2026-07-16T00:00:00-04:00,2026-07-22T22:59:59-04:00
Sobeys,8022888,"COMPLIMENTS Baby Spinach, Baby Arugula or Spring Mix",3.99,2026-07-16T00:00:00-04:00,2026-07-22T22:59:59-04:00
Sobeys,8022888,Passion Fruit,1.0,2026-07-16T00:00:00-04:00,2026-07-22T22:59:59-04:00
Sobeys,8022888,"Peaches, Nectarines or Pluot Plums",7.99,2026-07-16T00:00:00-04:00,2026-07-22T22:59:59-04:00
Sobeys,8022888,Bulk Avocados,2.29,2026-07-16T00:00:00-04:00,2026-07-22T22:59:59-04:00
Sobeys,8022888,GREENHOUSE Protein Shakes,9.99,2026-07-16T00:00:00-04:00,2026-07-22T22:59:59-04:00
Sobeys,8022888,Fully Cooked Entrées or Bacon,7.99,2026-07-16T00:00:00-04:00,2026-07-22T22:59:59-04:00
Sobeys,8022888,Snack Kits or Lunchmate Stackers,3.5,2026-07-16T00:00:00-04:00,2026-07-22T22:59:59-04:00
Sobeys,8022888,JANES Ultimates Breaded or Battered Haddock or Cod or Lightly Dusted Haddock or Sole Fillets,14.99,2026-07-16T00:00:00-04:00,2026-07-22T22:59:59-04:00
Sobeys,8022888,Tuna Poke Kits,8.99,2026-07-16T00:00:00-04:00,2026-07-22T22:59:59-04:00
Sobeys,8022888,"Breaded or Battered Haddock or Pollock, Butterfly or Popcorn Shrimp, Fish & Chips or Fish Cakes",7.99,2026-07-16T00:00:00-04:00,2026-07-22T22:59:59-04:00
Sobeys,8022888,Fresh Pork Loin Rib and Sirloin Combo Chops,3.99,2026-07-16T00:00:00-04:00,2026-07-22T22:59:59-04:00
Sobeys,8022888,Bang Bang Shrimp,6.99,2026-07-16T00:00:00-04:00,2026-07-22T22:59:59-04:00
Sobeys,8022888,Fresh Boneless Peeled Top Blade/Flat Iron Portions,19.99,2026-07-16T00:00:00-04:00,2026-07-22T22:59:59-04:00
Sobeys,8022888,Fresh Whole Skinless Pork Belly,5.99,2026-07-16T00:00:00-04:00,2026-07-22T22:59:59-04:00
Sobeys,8022888,"Planked Atlantic Salmon, Applewood Orange or Hickory Maple",7.99,2026-07-16T00:00:00-04:00,2026-07-22T22:59:59-04:00
Sobeys,8022888,Fresh Boneless Sirloin Tip Oven Roast or Family Size Marinating Steak,12.99,2026-07-16T00:00:00-04:00,2026-07-22T22:59:59-04:00
Sobeys,8022888,In-Store Marinated Raw Shrimp Skewers,1.25,2026-07-16T00:00:00-04:00,2026-07-22T22:59:59-04:00
Sobeys,8022888,"Prepared In-Store Cooked or Raw, Plain or Marinated Shrimp Grillers",6.99,2026-07-16T00:00:00-04:00,2026-07-22T22:59:59-04:00
Sobeys,8022888,Herb & Garlic Shrimp,10.99,2026-07-16T00:00:00-04:00,2026-07-22T22:59:59-04:00
Sobeys,8022888,Bagels,3.99,2026-07-16T00:00:00-04:00,2026-07-22T22:59:59-04:00
Sobeys,8022888,Salads,4.99,2026-07-16T00:00:00-04:00,2026-07-22T22:59:59-04:00
Sobeys,8022888,Fresh Pasta,6.99,2026-07-16T00:00:00-04:00,2026-07-22T22:59:59-04:00
Sobeys,8022888,From Atlantic Canada Fresh Wild Haddock Fillets,11.99,2026-07-16T00:00:00-04:00,2026-07-22T22:59:59-04:00
Sobeys,8022888,Single Layer Shortcakes or Real Cream Layer Cakes,9.99,2026-07-16T00:00:00-04:00,2026-07-22T22:59:59-04:00
Sobeys,8022888,COMPLIMENTS Fresh AIR-CHILLED Chicken Drumsticks or Bone-In Thighs,3.99,2026-07-16T00:00:00-04:00,2026-07-22T22:59:59-04:00
Sobeys,8022888,Multipacks,4.79,2026-07-16T00:00:00-04:00,2026-07-22T22:59:59-04:00
Sobeys,8022888,COMPLIMENTS De-Alcoholized Beer,5.99,2026-07-16T00:00:00-04:00,2026-07-22T22:59:59-04:00
Sobeys,8022888,Leeks,6.99,2026-07-16T00:00:00-04:00,2026-07-22T22:59:59-04:00
Sobeys,8022888,Cheddar,8.49,2026-07-16T00:00:00-04:00,2026-07-22T22:59:59-04:00
Sobeys,8022888,COMPLIMENTS Cranberry or Ruby Red Cocktail,3.99,2026-07-16T00:00:00-04:00,2026-07-22T22:59:59-04:00
Sobeys,8022888,Oreo or Variety Cookies,10.99,2026-07-16T00:00:00-04:00,2026-07-22T22:59:59-04:00
Sobeys,8022888,Mini Rose in Summer Ceramic,12.99,2026-07-16T00:00:00-04:00,2026-07-22T22:59:59-04:00
Sobeys,8022888,Jerky,6.99,2026-07-16T00:00:00-04:00,2026-07-22T22:59:59-04:00
Sobeys,8022888,Gourmet Wet Dog Food,18.99,2026-07-16T00:00:00-04:00,2026-07-22T22:59:59-04:00
Sobeys,8022888,Cream Cheese,3.49,2026-07-16T00:00:00-04:00,2026-07-22T22:59:59-04:00
Sobeys,8022888,Mr. Big Stick Wax Bologna,2.69,2026-07-16T00:00:00-04:00,2026-07-22T22:59:59-04:00
Sobeys,8022888,Canary Melon,1.29,2026-07-16T00:00:00-04:00,2026-07-22T22:59:59-04:00
Sobeys,8022888,Baby Shampoo & Wash,8.99,2026-07-16T00:00:00-04:00,2026-07-22T22:59:59-04:00
Sobeys,8022888,Candy,3.99,2026-07-16T00:00:00-04:00,2026-07-22T22:59:59-04:00
Sobeys,8022888,Snack or Classic Meal Boxes,5.99,2026-07-16T00:00:00-04:00,2026-07-22T22:59:59-04:00
Sobeys,8022888,Bacon Wrapped Scallops,7.99,2026-07-16T00:00:00-04:00,2026-07-22T22:59:59-04:00
Sobeys,8022888,Specialty Tea,6.99,2026-07-16T00:00:00-04:00,2026-07-22T22:59:59-04:00
Sobeys,8022888,COMPLIMENTS Iced Tea Crystals,5.49,2026-07-16T00:00:00-04:00,2026-07-22T22:59:59-04:00
Sobeys,8022888,COMPLIMENTS Garlic Bread,3.99,2026-07-16T00:00:00-04:00,2026-07-22T22:59:59-04:00
Sobeys,8022888,POWERADE,5.0,2026-07-16T00:00:00-04:00,2026-07-22T22:59:59-04:00
Sobeys,8022888,Dish Detergent,3.49,2026-07-16T00:00:00-04:00,2026-07-22T22:59:59-04:00
Sobeys,8022888,"COMPLIMENTS Angus, Sirloin, Prime Rib, Angus & Pork Belly or Traditional Burgers",15.99,2026-07-16T00:00:00-04:00,2026-07-22T22:59:59-04:00
Sobeys,8022888,COMPLIMENTS ORGANIC Whole White or Cremini Mushrooms,5.0,2026-07-16T00:00:00-04:00,2026-07-22T22:59:59-04:00
Sobeys,8022888,Tortilla Chips,8.0,2026-07-16T00:00:00-04:00,2026-07-22T22:59:59-04:00
Sobeys,8022888,Whole Pompano,14.88,2026-07-16T00:00:00-04:00,2026-07-22T22:59:59-04:00
Sobeys,8022888,E.D. SMITH Pie Filling,6.49,2026-07-16T00:00:00-04:00,2026-07-22T22:59:59-04:00
Sobeys,8022888,Okra,4.99,2026-07-16T00:00:00-04:00,2026-07-22T22:59:59-04:00
Sobeys,8022888,COMPLIMENTS ORGANIC Baby Pouches,1.49,2026-07-16T00:00:00-04:00,2026-07-22T22:59:59-04:00
Sobeys,8022888,Chocolate Bars,1.29,2026-07-16T00:00:00-04:00,2026-07-22T22:59:59-04:00
Sobeys,8022888,"Wonton Soup, Shrimp Wontons, Shrimp Toast or Prawn Dumplings",9.88,2026-07-16T00:00:00-04:00,2026-07-22T22:59:59-04:00
Sobeys,8022888,Basa Steaks,4.88,2026-07-16T00:00:00-04:00,2026-07-22T22:59:59-04:00
Sobeys,8022888,Blueberries,2.44,2026-07-16T00:00:00-04:00,2026-07-22T22:59:59-04:00
Sobeys,8022888,COMPLIMENTS Bacon,5.99,2026-07-16T00:00:00-04:00,2026-07-22T22:59:59-04:00
Sobeys,8022888,"DARE Veggie Crisps 100 g or Boulangerie Grissol Melba Toast, Canapé or Baguettes",7.0,2026-07-16T00:00:00-04:00,2026-07-22T22:59:59-04:00
Sobeys,8022888,Roast & Ground Coffee,15.97,2026-07-16T00:00:00-04:00,2026-07-22T22:59:59-04:00
Sobeys,8022888,KONTI Bonjour Chocolates,4.49,2026-07-16T00:00:00-04:00,2026-07-22T22:59:59-04:00
Sobeys,8022888,Fresh Beef Oxtail Portions,15.49,2026-07-16T00:00:00-04:00,2026-07-22T22:59:59-04:00
Sobeys,8022888,Bathroom Tissue,6.49,2026-07-16T00:00:00-04:00,2026-07-22T22:59:59-04:00
Sobeys,8022888,COMPLIMENTS Ice Cream Cones or Cuplets,2.99,2026-07-16T00:00:00-04:00,2026-07-22T22:59:59-04:00
Sobeys,8022888,Cool Whip Frozen Whipped Topping,4.99,2026-07-16T00:00:00-04:00,2026-07-22T22:59:59-04:00
Sobeys,8022888,COMPLIMENTS Muffins,6.44,2026-07-16T00:00:00-04:00,2026-07-22T22:59:59-04:00
Sobeys,8022888,COMPLIMENTS Pretzels,2.99,2026-07-16T00:00:00-04:00,2026-07-22T22:59:59-04:00
Sobeys,8022888,COMPLIMENTS 100% Coconut Water,4.49,2026-07-16T00:00:00-04:00,2026-07-22T22:59:59-04:00
Sobeys,8022888,Bars,9.99,2026-07-16T00:00:00-04:00,2026-07-22T22:59:59-04:00
Sobeys,8022888,"CAMPBELL'S Chunky Soup 515 mL, Broth 900 mL, Concentrated Broth 250 mL or BEN'S ORIGINAL Rice Cups 68 g",2.99,2026-07-16T00:00:00-04:00,2026-07-22T22:59:59-04:00
Sobeys,8022888,COMPLIMENTS Graham or Chocolate Crumb Pie Shells,2.49,2026-07-16T00:00:00-04:00,2026-07-22T22:59:59-04:00
Sobeys,8022888,Pistachios,9.99,2026-07-16T00:00:00-04:00,2026-07-22T22:59:59-04:00
Sobeys,8022888,BBQ Sauce,1.99,2026-07-16T00:00:00-04:00,2026-07-22T22:59:59-04:00
Sobeys,8022888,Crispy Minis,1.99,2026-07-16T00:00:00-04:00,2026-07-22T22:59:59-04:00
