merchant,flyer_id,name,price,valid_from,valid_to
Walmart,8120547,Chapman's Canadian Collection novelties,5.47,2026-09-03T00:00:00-04:00,2026-09-09T23:59:59-04:00
Walmart,8120547,Kellogg's family size cereal,5.47,2026-09-03T00:00:00-04:00,2026-09-09T23:59:59-04:00
Walmart,8120547,Deli Express chicken wings or drumsticks,5.98,2026-09-03T00:00:00-04:00,2026-09-09T23:59:59-04:00
Walmart,8120547,"Colgate MaxFresh 150 mL or Total 120 mL toothpaste or 360°, SlimSoft charcoal or kids' Smiles toothbrush",3.97,2026-09-03T00:00:00-04:00,2026-09-09T23:59:59-04:00
Walmart,8120547,"Dell 16"" entertainment laptop",898.0,2026-09-03T00:00:00-04:00,2026-09-09T23:59:59-04:00
Walmart,8120547,"Phoenix adults' 27.5"" electric bike",698.0,2026-09-03T00:00:00-04:00,2026-09-09T23:59:59-04:00
Walmart,8120547,Tokimi noodles or Siwin dumplings,3.98,2026-09-03T00:00:00-04:00,2026-09-09T23:59:59-04:00
Walmart,8120547,ARCTIC ZONE Insulated lunch box Combo,13.97,2026-09-03T00:00:00-04:00,2026-09-09T23:59:59-04:00
Walmart,8120547,Jetstream School backpack,6.97,2026-09-03T00:00:00-04:00,2026-09-09T23:59:59-04:00
Walmart,8120547,Strawberries 454 g or raspberries or blackberries 170 g,4.44,2026-09-03T00:00:00-04:00,2026-09-09T23:59:59-04:00
Walmart,8120547,Strawberries 454 g or raspberries or blackberries 170 g,4.44,2026-09-03T00:00:00-04:00,2026-09-09T23:59:59-04:00
Walmart,8120547,Green seedless grapes,3.84,2026-09-03T00:00:00-04:00,2026-09-09T23:59:59-04:00
Walmart,8120547,Red seedless grapes,3.84,2026-09-03T00:00:00-04:00,2026-09-09T23:59:59-04:00
Walmart,8120547,Your Fresh Market™ whole white mushrooms,2.44,2026-09-03T00:00:00-04:00,2026-09-09T23:59:59-04:00
Walmart,8120547,Cantaloupes,4.97,2026-09-03T00:00:00-04:00,2026-09-09T23:59:59-04:00
Walmart,8120547,Lou's Kitchen Fully Cooked Entrees,9.88,2026-09-03T00:00:00-04:00,2026-09-09T23:59:59-04:00
Walmart,8120547,Goldfish crackers,2.48,2026-09-03T00:00:00-04:00,2026-09-09T23:59:59-04:00
Walmart,8120547,Pepsi,3.97,2026-09-03T00:00:00-04:00,2026-09-09T23:59:59-04:00
Walmart,8120547,Eggo waffles 8-pack,2.97,2026-09-03T00:00:00-04:00,2026-09-09T23:59:59-04:00
Walmart,8120547,Royale 2-ply bathroom tissue 24 = 48 rolls,11.97,2026-09-03T00:00:00-04:00,2026-09-09T23:59:59-04:00
Walmart,8120547,Men's casual shoes,34.0,2026-09-03T00:00:00-04:00,2026-09-09T23:59:59-04:00
Walmart,8120547,"9"" Fall chrysanthemum",9.98,2026-09-03T00:00:00-04:00,2026-09-09T23:59:59-04:00
Walmart,8120547,Vachon or Hostess Craze snack cakes,2.98,2026-09-03T00:00:00-04:00,2026-09-09T23:59:59-04:00
Walmart,8120547,Lay's chips,3.47,2026-09-03T00:00:00-04:00,2026-09-09T23:59:59-04:00
Walmart,8120547,International Delight cold foam,4.78,2026-09-03T00:00:00-04:00,2026-09-09T23:59:59-04:00
Walmart,8120547,George Short-sleeved graphic tee,5.0,2026-09-03T00:00:00-04:00,2026-09-09T23:59:59-04:00
Walmart,8120547,Your Fresh Market™ mini croissants,5.14,2026-09-03T00:00:00-04:00,2026-09-09T23:59:59-04:00
Walmart,8120547,Organic free-run large brown eggs,6.98,2026-09-03T00:00:00-04:00,2026-09-09T23:59:59-04:00
Walmart,8120547,Eggo Waffles 8 Pack,2.97,2026-09-03T00:00:00-04:00,2026-09-09T23:59:59-04:00
Walmart,8120547,Aroy-D coconut milk 400 mL,1.77,2026-09-03T00:00:00-04:00,2026-09-09T23:59:59-04:00
Walmart,8120547,Kraft peanut butter,9.94,2026-09-03T00:00:00-04:00,2026-09-09T23:59:59-04:00
Walmart,8120547,Dr. Oetker Giuseppe Pizzeria thin or rising crust frozen pizza,5.84,2026-09-03T00:00:00-04:00,2026-09-09T23:59:59-04:00
Walmart,8120547,Tide liquid laundry detergent,19.97,2026-09-03T00:00:00-04:00,2026-09-09T23:59:59-04:00
Walmart,8120547,Nongshim 4-pack or KSF 5-pack noodles,3.98,2026-09-03T00:00:00-04:00,2026-09-09T23:59:59-04:00
Walmart,8120547,Kraft salad dressing,3.24,2026-09-03T00:00:00-04:00,2026-09-09T23:59:59-04:00
Walmart,8120547,Your Fresh Market™ whole white or cremini mushrooms,2.44,2026-09-03T00:00:00-04:00,2026-09-09T23:59:59-04:00
Walmart,8120547,Dempster's grain bread,2.98,2026-09-03T00:00:00-04:00,2026-09-09T23:59:59-04:00
Walmart,8120547,Lou's Kitchen fully cooked entrees,9.88,2026-09-03T00:00:00-04:00,2026-09-09T23:59:59-04:00
Walmart,8120547,Your Fresh Market™ sliced bread,3.47,2026-09-03T00:00:00-04:00,2026-09-09T23:59:59-04:00
Walmart,8120547,Schneiders lunch kits,2.87,2026-09-03T00:00:00-04:00,2026-09-09T23:59:59-04:00
Walmart,8120547,Lou's Kitchen fully cooked pork back ribs,9.97,2026-09-03T00:00:00-04:00,2026-09-09T23:59:59-04:00
Walmart,8120547,Maple Leaf Natural Selections sliced deli meat,5.97,2026-09-03T00:00:00-04:00,2026-09-09T23:59:59-04:00
Walmart,8120547,Lee Kum Kee chicken bouillon powder 1 kg,8.98,2026-09-03T00:00:00-04:00,2026-09-09T23:59:59-04:00
Walmart,8120547,Kraft salad dressing,3.24,2026-09-03T00:00:00-04:00,2026-09-09T23:59:59-04:00
Walmart,8120547,George Men's casual shoes,34.0,2026-09-03T00:00:00-04:00,2026-09-09T23:59:59-04:00
Walmart,8120547,Maple Leaf fresh air-chilled boneless skinless chicken thighs 12-pack,7.75,2026-09-03T00:00:00-04:00,2026-09-09T23:59:59-04:00
Walmart,8120547,O'Tasty dumplings,4.98,2026-09-03T00:00:00-04:00,2026-09-09T23:59:59-04:00
Walmart,8120547,Vachon or Hostess Craze snack cakes,2.98,2026-09-03T00:00:00-04:00,2026-09-09T23:59:59-04:00
Walmart,8120547,Lou's Kitchen fully cooked pork back,9.97,2026-09-03T00:00:00-04:00,2026-09-09T23:59:59-04:00
Walmart,8120547,Maple Leaf Natural Selections sliced deli meat,5.97,2026-09-03T00:00:00-04:00,2026-09-09T23:59:59-04:00
Walmart,8120547,Your Fresh Market™ muffins,5.78,2026-09-03T00:00:00-04:00,2026-09-09T23:59:59-04:00
Walmart,8120547,Mini Babybel cheese 6-pack or The Laughing Cow spreadable cheese 8-pack,3.68,2026-09-03T00:00:00-04:00,2026-09-09T23:59:59-04:00
Walmart,8120547,Maggi seasoning 800 mL,8.98,2026-09-03T00:00:00-04:00,2026-09-09T23:59:59-04:00
Walmart,8120547,Country Harvest bagels,2.98,2026-09-03T00:00:00-04:00,2026-09-09T23:59:59-04:00
Walmart,8120547,Dr. Oetker Giuseppe Pizzeria thin or rising crust frozen pizza,5.84,2026-09-03T00:00:00-04:00,2026-09-09T23:59:59-04:00
Walmart,8120547,Samyang Buldak spicy ramen,6.98,2026-09-03T00:00:00-04:00,2026-09-09T23:59:59-04:00
Walmart,8120547,Deli Express breaded nuggets,5.98,2026-09-03T00:00:00-04:00,2026-09-09T23:59:59-04:00
Walmart,8120547,ChaCheer sunflower seeds,2.28,2026-09-03T00:00:00-04:00,2026-09-09T23:59:59-04:00
Walmart,8120547,Avocados,5.98,2026-09-03T00:00:00-04:00,2026-09-09T23:59:59-04:00
Walmart,8120547,Chips Ahoy! cookies,2.48,2026-09-03T00:00:00-04:00,2026-09-09T23:59:59-04:00
Walmart,8120547,International Delight coffee creamer,4.78,2026-09-03T00:00:00-04:00,2026-09-09T23:59:59-04:00
Walmart,8120547,Naziba black truffle ham soda crackers,6.98,2026-09-03T00:00:00-04:00,2026-09-09T23:59:59-04:00
Walmart,8120547,Black Diamond cheese slices,3.47,2026-09-03T00:00:00-04:00,2026-09-09T23:59:59-04:00
Walmart,8120547,Goldfish crackers,2.48,2026-09-03T00:00:00-04:00,2026-09-09T23:59:59-04:00
Walmart,8120547,Pocky strawberry or chocolate biscuit sticks,3.98,2026-09-03T00:00:00-04:00,2026-09-09T23:59:59-04:00
Walmart,8120547,Bulk jumbo carrots,1.44,2026-09-03T00:00:00-04:00,2026-09-09T23:59:59-04:00
Walmart,8120547,Kopiko instant coffee 840 g or Trensité whole milk powder 500 g,8.98,2026-09-03T00:00:00-04:00,2026-09-09T23:59:59-04:00
Walmart,8120547,J-Basket bubble tea kit 285 g or Binggrae milk drink 6 x 200 mL,6.98,2026-09-03T00:00:00-04:00,2026-09-09T23:59:59-04:00
Walmart,8120547,Dragon fruit,2.28,2026-09-03T00:00:00-04:00,2026-09-09T23:59:59-04:00
Walmart,8120547,Your Fresh Market Mandarins,5.44,2026-09-03T00:00:00-04:00,2026-09-09T23:59:59-04:00
Walmart,8120547,Starfrit 10-Cup rice cooker,29.97,2026-09-03T00:00:00-04:00,2026-09-09T23:59:59-04:00
Walmart,8120547,H&H mango bites,6.98,2026-09-03T00:00:00-04:00,2026-09-09T23:59:59-04:00
Walmart,8120547,Maple Leaf half ham,10.97,2026-09-03T00:00:00-04:00,2026-09-09T23:59:59-04:00
Walmart,8120547,ChaCha frozen dessert,6.98,2026-09-03T00:00:00-04:00,2026-09-09T23:59:59-04:00
Walmart,8120547,Pepsi,13.97,2026-09-03T00:00:00-04:00,2026-09-09T23:59:59-04:00
Walmart,8120547,Hellmann's mayonnaise,6.47,2026-09-03T00:00:00-04:00,2026-09-09T23:59:59-04:00
Walmart,8120547,Royale 2-ply bathroom tissue 24 = 48 rolls,11.97,2026-09-03T00:00:00-04:00,2026-09-09T23:59:59-04:00
Walmart,8120547,Schneiders lunch kits,2.87,2026-09-03T00:00:00-04:00,2026-09-09T23:59:59-04:00
Walmart,8120547,Large seedless watermelon,6.98,2026-09-03T00:00:00-04:00,2026-09-09T23:59:59-04:00
Walmart,8120547,Cheez-It crackers,1.97,2026-09-03T00:00:00-04:00,2026-09-09T23:59:59-04:00
Walmart,8120547,Sakura sushi rice,12.98,2026-09-03T00:00:00-04:00,2026-09-09T23:59:59-04:00
Walmart,8120547,Kadoya sesame oil 327 mL,5.98,2026-09-03T00:00:00-04:00,2026-09-09T23:59:59-04:00
Walmart,8120547,Kids' or toddlers' athletic shoes,15.0,2026-09-03T00:00:00-04:00,2026-09-09T23:59:59-04:00
Walmart,8120547,George Women's casual shoes,15.0,2026-09-03T00:00:00-04:00,2026-09-09T23:59:59-04:00
Walmart,8120547,Samsung Galaxy A16 (4GB RAM | 128GB ROM) Dual SIM Card | Unlocked Brand New Phone (Black),209.99,2026-09-03T00:00:00-04:00,2026-09-09T23:59:59-04:00
Walmart,8120547,Sterilite rectangular open,9.97,2026-09-03T00:00:00-04:00,2026-09-09T23:59:59-04:00
Walmart,8120547,Taylor Farms chopped salad kit,5.77,2026-09-03T00:00:00-04:00,2026-09-09T23:59:59-04:00
Walmart,8120547,"Hair Dryer 1500W lonic Hair Dryer, Fast Drying Low Noise Blow Dryer with Diffuser , Frizz-Reducing Professional Hair Dryer for All Hair Types, Black",95.39,2026-09-03T00:00:00-04:00,2026-09-09T23:59:59-04:00
Walmart,8120547,OxiClean MaxForce laundry stain remover spray,7.47,2026-09-03T00:00:00-04:00,2026-09-09T23:59:59-04:00
Walmart,8120547,Taylor Farms chopped salad kit,5.77,2026-09-03T00:00:00-04:00,2026-09-09T23:59:59-04:00
Walmart,8120547,Schneiders half ham,10.97,2026-09-03T00:00:00-04:00,2026-09-09T23:59:59-04:00
Walmart,8120547,Sudocrem diaper rash cream,5.77,2026-09-03T00:00:00-04:00,2026-09-09T23:59:59-04:00
Walmart,8120547,OxiClean stain remover powder,12.97,2026-09-03T00:00:00-04:00,2026-09-09T23:59:59-04:00
Walmart,8120547,Palmolive dish soap,3.27,2026-09-03T00:00:00-04:00,2026-09-09T23:59:59-04:00
Walmart,8120547,Great Value beef meatballs,7.96,2026-09-03T00:00:00-04:00,2026-09-09T23:59:59-04:00
Walmart,8120547,One Paw harness jacket,17.97,2026-09-03T00:00:00-04:00,2026-09-09T23:59:59-04:00
Walmart,8120547,One Paw dessert cat toys,6.97,2026-09-03T00:00:00-04:00,2026-09-09T23:59:59-04:00
Walmart,8120547,Palmolive dish soap,3.27,2026-09-03T00:00:00-04:00,2026-09-09T23:59:59-04:00
Walmart,8120547,Athletic Works Kids' or toddlers' athletic shoes,15.0,2026-09-03T00:00:00-04:00,2026-09-09T23:59:59-04:00
Walmart,8120547,ChaCha frozen dessert,6.98,2026-09-03T00:00:00-04:00,2026-09-09T23:59:59-04:00
Walmart,8120547,Advil Liqui-Gels value pack,24.63,2026-09-03T00:00:00-04:00,2026-09-09T23:59:59-04:00
Walmart,8120547,Fancy Feast Gems mousse päté wet cat food variety,15.93,2026-09-03T00:00:00-04:00,2026-09-09T23:59:59-04:00
Walmart,8120547,Listerine mouthwash,4.98,2026-09-03T00:00:00-04:00,2026-09-09T23:59:59-04:00
Walmart,8120547,Listerine mouthwash Each. Selected varieties. 1.5 L.,10.48,2026-09-03T00:00:00-04:00,2026-09-09T23:59:59-04:00
Walmart,8120547,Cheez-It crackers,1.97,2026-09-03T00:00:00-04:00,2026-09-09T23:59:59-04:00
Walmart,8120547,Great Value 2-ply or 3-ply facial tissues,7.94,2026-09-03T00:00:00-04:00,2026-09-09T23:59:59-04:00
Walmart,8120547,Black & White bathroom tissue,4.94,2026-09-03T00:00:00-04:00,2026-09-09T23:59:59-04:00
Walmart,8120547,Minute Maid anole juice boxes,3.28,2026-09-03T00:00:00-04:00,2026-09-09T23:59:59-04:00
Walmart,8120547,Oreo cookies,2.48,2026-09-03T00:00:00-04:00,2026-09-09T23:59:59-04:00
Walmart,8120547,Danone Danino drinkable yogurt 6 x 93 mL,2.77,2026-09-03T00:00:00-04:00,2026-09-09T23:59:59-04:00
Walmart,8120547,Heinz ketchup zero sugar,3.97,2026-09-03T00:00:00-04:00,2026-09-09T23:59:59-04:00
Walmart,8120547,Fancy Feast Gems mousse pâté wet cat food variety pack,15.93,2026-09-03T00:00:00-04:00,2026-09-09T23:59:59-04:00
Walmart,8120547,One Paw Halloween Costume,16.97,2026-09-03T00:00:00-04:00,2026-09-09T23:59:59-04:00
Walmart,8120547,Listerine mouthwash,10.48,2026-09-03T00:00:00-04:00,2026-09-09T23:59:59-04:00
Walmart,8120547,Smucker's Uncrustables sandwiches,4.78,2026-09-03T00:00:00-04:00,2026-09-09T23:59:59-04:00
Walmart,8120547,I Can't Believe It's Not Butter!,1.97,2026-09-03T00:00:00-04:00,2026-09-09T23:59:59-04:00
Walmart,8120547,Mott's Fruitsations apple sauce cups,2.47,2026-09-03T00:00:00-04:00,2026-09-09T23:59:59-04:00
Walmart,8120547,Tokimi butterfly crispy palmier gift box,12.98,2026-09-03T00:00:00-04:00,2026-09-09T23:59:59-04:00
Walmart,8120547,Two Good yogurt cups,2.77,2026-09-03T00:00:00-04:00,2026-09-09T23:59:59-04:00
Walmart,8120547,Deli Express chicken wings or drumsticks,5.98,2026-09-03T00:00:00-04:00,2026-09-09T23:59:59-04:00
Walmart,8120547,Minute Maid drinks or lemonade,2.44,2026-09-03T00:00:00-04:00,2026-09-09T23:59:59-04:00
Walmart,8120547,Tokimi noodles or Siwin dumplings,3.98,2026-09-03T00:00:00-04:00,2026-09-09T23:59:59-04:00
Walmart,8120547,O'Tasty dumplings,4.98,2026-09-03T00:00:00-04:00,2026-09-09T23:59:59-04:00
Walmart,8120547,Kewpie mayonnaise 450 g,5.98,2026-09-03T00:00:00-04:00,2026-09-09T23:59:59-04:00
Walmart,8120547,Samyang Buldak spicy ramen,6.98,2026-09-03T00:00:00-04:00,2026-09-09T23:59:59-04:00
Walmart,8120547,Tokimi roasted chestnuts,12.98,2026-09-03T00:00:00-04:00,2026-09-09T23:59:59-04:00
Walmart,8120547,Your Fresh Market™ beef stir fry strips,15.39,2026-09-03T00:00:00-04:00,2026-09-09T23:59:59-04:00
Walmart,8120547,Searay steaks,4.98,2026-09-03T00:00:00-04:00,2026-09-09T23:59:59-04:00
Walmart,8120547,3-Minute Chow Mein 454 g,1.77,2026-09-03T00:00:00-04:00,2026-09-09T23:59:59-04:00
Walmart,8120547,"Starfrit Carbon steel 32 cm (12.5"") wok",19.97,2026-09-03T00:00:00-04:00,2026-09-09T23:59:59-04:00
Walmart,8120547,Golden Happiness bun,1.42,2026-09-03T00:00:00-04:00,2026-09-09T23:59:59-04:00
Walmart,8120547,Quaker instant oatmeal,2.77,2026-09-03T00:00:00-04:00,2026-09-09T23:59:59-04:00
Walmart,8120547,Bear Paws cookies,2.28,2026-09-03T00:00:00-04:00,2026-09-09T23:59:59-04:00
Walmart,8120547,Dao Xiang Cun old-fashioned mooncakes,9.98,2026-09-03T00:00:00-04:00,2026-09-09T23:59:59-04:00
Walmart,8120547,"Samsung Galaxy Watch8 Classic (2025 – Brand New) 46mm GPS Bluetooth AI Smartwatch | AI Assistant (Gemini), Sleep Coaching, Fitness Tracking | International Version",424.19,2026-09-03T00:00:00-04:00,2026-09-09T23:59:59-04:00
Walmart,8120547,Nongshim 4-pack or KSF 5-pack noodles,3.98,2026-09-03T00:00:00-04:00,2026-09-09T23:59:59-04:00
Walmart,8120547,Panda oyster sauce 510 g or Lee Kum Kee hoisin sauce 443 mL,2.98,2026-09-03T00:00:00-04:00,2026-09-09T23:59:59-04:00
Walmart,8120547,Johnsonville smoked sausages,6.97,2026-09-03T00:00:00-04:00,2026-09-09T23:59:59-04:00
Walmart,8120547,Nutella hazelnut spread with skim milk and cocoa,6.97,2026-09-03T00:00:00-04:00,2026-09-09T23:59:59-04:00
Walmart,8120547,Silk Protein plant-based beverage,6.48,2026-09-03T00:00:00-04:00,2026-09-09T23:59:59-04:00
Walmart,8120547,Green Giant Valley Selections 400 g-500 g,3.47,2026-09-03T00:00:00-04:00,2026-09-09T23:59:59-04:00
Walmart,8120547,VH sauce,3.18,2026-09-03T00:00:00-04:00,2026-09-09T23:59:59-04:00
Walmart,8120547,Rascals ultra value pack diapers,38.88,2026-09-03T00:00:00-04:00,2026-09-09T23:59:59-04:00
Walmart,8120547,Lysol wipes 75s - 84s,6.47,2026-09-03T00:00:00-04:00,2026-09-09T23:59:59-04:00
Walmart,8120547,Pringles Snack Stacks chips,12.97,2026-09-03T00:00:00-04:00,2026-09-09T23:59:59-04:00
Walmart,8120547,Swiss Chalet pies,8.98,2026-09-03T00:00:00-04:00,2026-09-09T23:59:59-04:00
Walmart,8120547,Lysol multi-surface cleaner,9.97,2026-09-03T00:00:00-04:00,2026-09-09T23:59:59-04:00
Walmart,8120547,Downy Unstoppables In-wash Laundry scent booster beads,9.97,2026-09-03T00:00:00-04:00,2026-09-09T23:59:59-04:00
Walmart,8120547,Scrubbing Bubbles multi-purpose or bathroom cleaners,4.47,2026-09-03T00:00:00-04:00,2026-09-09T23:59:59-04:00
Walmart,8120547,Dove x Crumbl body wash or deodorant,10.27,2026-09-03T00:00:00-04:00,2026-09-09T23:59:59-04:00
Walmart,8120547,Swiffer Buster or Sweeper refills,15.97,2026-09-03T00:00:00-04:00,2026-09-09T23:59:59-04:00
Walmart,8120547,Finish Ultimate 72 dishwasher tabs,19.97,2026-09-03T00:00:00-04:00,2026-09-09T23:59:59-04:00
Walmart,8120547,Dove x Crumbl body wash or deodorant,10.27,2026-09-03T00:00:00-04:00,2026-09-09T23:59:59-04:00
Walmart,8120547,Great Value condensed soup,0.97,2026-09-03T00:00:00-04:00,2026-09-09T23:59:59-04:00
Walmart,8120547,Your Fresh Market™ value size cookies,7.98,2026-09-03T00:00:00-04:00,2026-09-09T23:59:59-04:00
Walmart,8120547,Parent's Choice Gentle+ iron-fortified 629 g Infant formula,26.94,2026-09-03T00:00:00-04:00,2026-09-09T23:59:59-04:00
Walmart,8120547,Dove Men+Care deodorant,6.97,2026-09-03T00:00:00-04:00,2026-09-09T23:59:59-04:00
Walmart,8120547,"PHILIPS 43"" FHD QLED Smart TV",248.0,2026-09-03T00:00:00-04:00,2026-09-09T23:59:59-04:00
Walmart,8120547,Band-Aid bandages Polysporin ointment,10.77,2026-09-03T00:00:00-04:00,2026-09-09T23:59:59-04:00
Walmart,8120547,Jamieson vitamin C,13.47,2026-09-03T00:00:00-04:00,2026-09-09T23:59:59-04:00
Walmart,8120547,Dove shampoo or conditioner,8.47,2026-09-03T00:00:00-04:00,2026-09-09T23:59:59-04:00
Walmart,8120547,L'Oreal Paris Hair Expertise Hyaluron Plump conditioner,11.56,2026-09-03T00:00:00-04:00,2026-09-09T23:59:59-04:00
Walmart,8120547,Canon PIXMA TS3720 wireless all-in-one printer,47.98,2026-09-03T00:00:00-04:00,2026-09-09T23:59:59-04:00
Walmart,8120547,Sharpie Highlighters,3.0,2026-09-03T00:00:00-04:00,2026-09-09T23:59:59-04:00
Walmart,8120547,80-Page 1-subject notebook,0.48,2026-09-03T00:00:00-04:00,2026-09-09T23:59:59-04:00
Walmart,8120547,Backpack,34.97,2026-09-03T00:00:00-04:00,2026-09-09T23:59:59-04:00
Walmart,8120547,Standard lunch bag,15.97,2026-09-03T00:00:00-04:00,2026-09-09T23:59:59-04:00
Walmart,8120547,Over-the-door mirror,11.77,2026-09-03T00:00:00-04:00,2026-09-09T23:59:59-04:00
Walmart,8120547,Hot Wheels Monster Trucks or Monster Jam vehicles,5.47,2026-09-03T00:00:00-04:00,2026-09-09T23:59:59-04:00
Walmart,8120547,Mainstays Gullwing drying rack,32.97,2026-09-03T00:00:00-04:00,2026-09-09T23:59:59-04:00
Walmart,8120547,Mr. Pencil's Scribble & Write,24.97,2026-09-03T00:00:00-04:00,2026-09-09T23:59:59-04:00
Walmart,8120547,3M Filtrete filters,39.99,2026-09-03T00:00:00-04:00,2026-09-09T23:59:59-04:00
Walmart,8120547,Crewneck sweatshirt,18.0,2026-09-03T00:00:00-04:00,2026-09-09T23:59:59-04:00
Walmart,8120547,Premium yarn,5.27,2026-09-03T00:00:00-04:00,2026-09-09T23:59:59-04:00
Walmart,8120547,"RNRUO 15.6"" Laptop Computer, 8GB RAM 256GB SSD, Intel Pentium Gold 6500Y with 2 Cores Up to 3.4GHz, Full HD Display, Office 2024, WiFi5 BT5.0, Window 11 for Business, Student, Pink",316.69,2026-09-03T00:00:00-04:00,2026-09-09T23:59:59-04:00
Walmart,8120547,"Samsung Galaxy Watch8 Classic (2025 – Brand New) 46mm GPS Bluetooth AI Smartwatch | AI Assistant (Gemini), Sleep Coaching, Fitness Tracking | International Version",424.19,2026-09-03T00:00:00-04:00,2026-09-09T23:59:59-04:00
Walmart,8120547,"Chefman Countertop Microwave Oven 0.7 Cu. Ft., 700 Watts with 3 Presets and 10 Power Levels - Black",109.99,2026-09-03T00:00:00-04:00,2026-09-09T23:59:59-04:00
Walmart,8120547,EXPO Dry-erase markers,5.48,2026-09-03T00:00:00-04:00,2026-09-09T23:59:59-04:00
Walmart,8120547,Dime 3 XT true wireless earbuds,29.98,2026-09-03T00:00:00-04:00,2026-09-09T23:59:59-04:00
Walmart,8120547,KPop Demon Hunters pencil cases,7.97,2026-09-03T00:00:00-04:00,2026-09-09T23:59:59-04:00
Walmart,8120547,"KPop Demon Hunters pencil cases, notebooks or journals",7.97,2026-09-03T00:00:00-04:00,2026-09-09T23:59:59-04:00
Walmart,8120547,Pen+Gear report cover,0.22,2026-09-03T00:00:00-04:00,2026-09-09T23:59:59-04:00
Walmart,8120547,Selected stationery,2.0,2026-09-03T00:00:00-04:00,2026-09-09T23:59:59-04:00
Walmart,8120547,Pen+Gear binders,4.97,2026-09-03T00:00:00-04:00,2026-09-09T23:59:59-04:00
Walmart,8120547,Royal & Langnickel Essentials paint set,7.97,2026-09-03T00:00:00-04:00,2026-09-09T23:59:59-04:00
Walmart,8120547,Kids' denim,22.97,2026-09-03T00:00:00-04:00,2026-09-09T23:59:59-04:00
Walmart,8120547,Stamp 'N Stick Math Roller Addition,12.97,2026-09-03T00:00:00-04:00,2026-09-09T23:59:59-04:00
Walmart,8120547,Licensed Pencil Boxes,11.98,2026-09-03T00:00:00-04:00,2026-09-09T23:59:59-04:00
Walmart,8120547,Mainstays Bath Towel,6.97,2026-09-03T00:00:00-04:00,2026-09-09T23:59:59-04:00
Walmart,8120547,Licensed backpack and lunchbox set,19.97,2026-09-03T00:00:00-04:00,2026-09-09T23:59:59-04:00
Walmart,8120547,"TUCCI Italy SportSurge 17.3"" laptop backpack",61.99,2026-09-03T00:00:00-04:00,2026-09-09T23:59:59-04:00
Walmart,8120547,Dell 14 Productivity Laptop,1098.0,2026-09-03T00:00:00-04:00,2026-09-09T23:59:59-04:00
Walmart,8120547,Hot Wheels Monster Trucks,5.47,2026-09-03T00:00:00-04:00,2026-09-09T23:59:59-04:00
Walmart,8120547,250 mL or 500 mL Canning jars,14.97,2026-09-03T00:00:00-04:00,2026-09-09T23:59:59-04:00
Walmart,8120547,Canon PIXMA TR7122 wireless printer,99.98,2026-09-03T00:00:00-04:00,2026-09-09T23:59:59-04:00
Walmart,8120547,GO Wireless keyboard,19.98,2026-09-03T00:00:00-04:00,2026-09-09T23:59:59-04:00
Walmart,8120547,George Kids' puffer jacket,18.0,2026-09-03T00:00:00-04:00,2026-09-09T23:59:59-04:00
Walmart,8120547,2-in-1 Heater and fan,29.98,2026-09-03T00:00:00-04:00,2026-09-09T23:59:59-04:00
Walmart,8120547,Heys licensed backpack,16.97,2026-09-03T00:00:00-04:00,2026-09-09T23:59:59-04:00
Walmart,8120547,Jamieson omega-3 or omega-3-6-9 supplements,21.47,2026-09-03T00:00:00-04:00,2026-09-09T23:59:59-04:00
Walmart,8120547,Robitussin syrup,14.37,2026-09-03T00:00:00-04:00,2026-09-09T23:59:59-04:00
Walmart,8120547,"Dell 16"" Entertainment laptop",898.0,2026-09-03T00:00:00-04:00,2026-09-09T23:59:59-04:00
Walmart,8120547,Kids' or toddlers' licensed shoes,29.97,2026-09-03T00:00:00-04:00,2026-09-09T23:59:59-04:00
Walmart,8120547,Kids' or toddlers' athletic shoes,15.0,2026-09-03T00:00:00-04:00,2026-09-09T23:59:59-04:00
Walmart,8120547,Christie Chips Ahoy! Mini Cookies Snack Paks,2.48,2026-09-03T00:00:00-04:00,2026-09-09T23:59:59-04:00
Walmart,8120547,Women's casual shoes,15.0,2026-09-03T00:00:00-04:00,2026-09-09T23:59:59-04:00
Walmart,8120547,Snack Pack puddings,1.98,2026-09-03T00:00:00-04:00,2026-09-09T23:59:59-04:00
Walmart,8120547,Coca-Cola Pop,8.28,2026-09-03T00:00:00-04:00,2026-09-09T23:59:59-04:00
Walmart,8120547,Kids' licensed graphic tee,10.0,2026-09-03T00:00:00-04:00,2026-09-09T23:59:59-04:00
Walmart,8120547,Reese's Minis Peanut Butter Cups candy 210 g,5.98,2026-09-03T00:00:00-04:00,2026-09-09T23:59:59-04:00
Walmart,8120547,Nutella hazelnut or peanut 725 g,8.47,2026-09-03T00:00:00-04:00,2026-09-09T23:59:59-04:00
Walmart,8120547,Fuze iced tea,8.47,2026-09-03T00:00:00-04:00,2026-09-09T23:59:59-04:00
Walmart,8120547,Yop strawberry-banana,5.76,2026-09-03T00:00:00-04:00,2026-09-09T23:59:59-04:00
Walmart,8120547,Swanson cheesy rice with broccoli & chicken frozen entrees,4.97,2026-09-03T00:00:00-04:00,2026-09-09T23:59:59-04:00
Walmart,8120547,Natrel Vanilla Coffee Creamer,3.98,2026-09-03T00:00:00-04:00,2026-09-09T23:59:59-04:00
Walmart,8120547,Huffy Capitol cruiser bike,198.0,2026-09-03T00:00:00-04:00,2026-09-09T23:59:59-04:00
Walmart,8120547,Hot Wheels electric scooter,148.0,2026-09-03T00:00:00-04:00,2026-09-09T23:59:59-04:00
Walmart,8120547,Great Value 2-ply or 3-ply facial tissues,7.94,2026-09-03T00:00:00-04:00,2026-09-09T23:59:59-04:00
Walmart,8120547,Adults' sneakers,15.0,2026-09-03T00:00:00-04:00,2026-09-09T23:59:59-04:00
Walmart,8120547,"Nitro 31.5"" Full HD curved gaming monitor",237.03,2026-09-03T00:00:00-04:00,2026-09-09T23:59:59-04:00
Walmart,8120547,PlayStation 5 slim disc console 1TB,823.71,2026-09-03T00:00:00-04:00,2026-09-09T23:59:59-04:00
Walmart,8120547,Laser Jet M110w printer,106.73,2026-09-03T00:00:00-04:00,2026-09-09T23:59:59-04:00
Walmart,8120547,PlayStation 5 DualSense wireless controller,110.46,2026-09-03T00:00:00-04:00,2026-09-09T23:59:59-04:00
Walmart,8120547,Mainstays 6-qt. Slow cooker or griddle,34.98,2026-09-03T00:00:00-04:00,2026-09-09T23:59:59-04:00
Walmart,8120547,LEVI STRAUSS SIGNATURE Kids' denim,22.97,2026-09-03T00:00:00-04:00,2026-09-09T23:59:59-04:00
Walmart,8120547,Reebok Joggers,34.97,2026-09-03T00:00:00-04:00,2026-09-09T23:59:59-04:00
Walmart,8120547,Kids' licensed lunch bag,11.97,2026-09-03T00:00:00-04:00,2026-09-09T23:59:59-04:00
Walmart,8120547,Arctic Zone Expandable Upright Lunch Box,12.97,2026-09-03T00:00:00-04:00,2026-09-09T23:59:59-04:00
Walmart,8120547,Ninja 4-qt. Air fryer,99.98,2026-09-03T00:00:00-04:00,2026-09-09T23:59:59-04:00
Walmart,8120547,Tal 18-oz. Ranger coffee travel mug,12.97,2026-09-03T00:00:00-04:00,2026-09-09T23:59:59-04:00
Walmart,8120547,Mainstays 1.7L Glass Or Stainless steel Kettle,24.88,2026-09-03T00:00:00-04:00,2026-09-09T23:59:59-04:00
Walmart,8120547,3-in-1L Lightweight stick vacuum,29.98,2026-09-03T00:00:00-04:00,2026-09-09T23:59:59-04:00
Walmart,8120547,TAL 24-OZ. 2-IN-1 Straw and chug Water bottle,18.98,2026-09-03T00:00:00-04:00,2026-09-09T23:59:59-04:00
Walmart,8120547,Licensed backpack,24.97,2026-09-03T00:00:00-04:00,2026-09-09T23:59:59-04:00
Walmart,8120547,Clover Leaf tuna,1.24,2026-09-03T00:00:00-04:00,2026-09-09T23:59:59-04:00
Walmart,8120547,BioSteel protein ready-to-drink milkshakes,12.48,2026-09-03T00:00:00-04:00,2026-09-09T23:59:59-04:00
Walmart,8120547,Goldy's Protein+ oatmeal,6.47,2026-09-03T00:00:00-04:00,2026-09-09T23:59:59-04:00
Walmart,8120547,Graco Nautilus 65 3-in-1 harness booster car seat,255.0,2026-09-03T00:00:00-04:00,2026-09-09T23:59:59-04:00
Walmart,8120547,Simmons organic sleep bundle crib mattress and protector,84.97,2026-09-03T00:00:00-04:00,2026-09-09T23:59:59-04:00
Walmart,8120547,Parent's Choice 100% organic pouches,1.17,2026-09-03T00:00:00-04:00,2026-09-09T23:59:59-04:00
Walmart,8120547,Dream On Me Hamilton 4 in 1 Convertible Crib and Changer,150.0,2026-09-03T00:00:00-04:00,2026-09-09T23:59:59-04:00
Walmart,8120547,Graco EasyTurn 360 2-in-1 convertible car seat,400.0,2026-09-03T00:00:00-04:00,2026-09-09T23:59:59-04:00
Walmart,8120547,Beneful Original dry dog food,39.98,2026-09-03T00:00:00-04:00,2026-09-09T23:59:59-04:00
Walmart,8120547,Special Kitty Pate Wet Cat Food Singles,0.8,2026-09-03T00:00:00-04:00,2026-09-09T23:59:59-04:00
Walmart,8120547,Vitalife Dog Treats,21.97,2026-09-03T00:00:00-04:00,2026-09-09T23:59:59-04:00
Walmart,8120547,Cesar wet dog food,8.48,2026-09-03T00:00:00-04:00,2026-09-09T23:59:59-04:00
Walmart,8120547,Friskies Lil' Soups cat treats variety pack,20.97,2026-09-03T00:00:00-04:00,2026-09-09T23:59:59-04:00
Walmart,8120547,"One Paw 19.5"" x 13.5"" x 4"" stainless steel cat pan",29.97,2026-09-03T00:00:00-04:00,2026-09-09T23:59:59-04:00
Walmart,8120547,Special Kitty Health Monitoring cat litter,16.97,2026-09-03T00:00:00-04:00,2026-09-09T23:59:59-04:00
Walmart,8120547,Listerine mouthwash,4.98,2026-09-03T00:00:00-04:00,2026-09-09T23:59:59-04:00
Walmart,8120547,Voltaren Emulgel Joint Pain,14.14,2026-09-03T00:00:00-04:00,2026-09-09T23:59:59-04:00
Walmart,8120547,Advil migraine and headache,12.47,2026-09-03T00:00:00-04:00,2026-09-09T23:59:59-04:00
Walmart,8120547,Voltaren Emulgel Active pain relieving gel,19.98,2026-09-03T00:00:00-04:00,2026-09-09T23:59:59-04:00
Walmart,8120547,Tylenol Extra Strength liquid gels,15.78,2026-09-03T00:00:00-04:00,2026-09-09T23:59:59-04:00
Walmart,8120547,Smucker's Raspberry,7.27,2026-09-03T00:00:00-04:00,2026-09-09T23:59:59-04:00
Walmart,8120547,"AIRMSEN Espresso Machine with Grinder, Espresso Coffee Maker with Customized Grind Amount & Coffee Volume, Cold Brew Coffee Machine for Cappuccino Latte Americano",236.99,2026-09-03T00:00:00-04:00,2026-09-09T23:59:59-04:00
Walmart,8120547,Downy Unstopables scent booster,18.97,2026-09-03T00:00:00-04:00,2026-09-09T23:59:59-04:00
Walmart,8120547,KPop Demon Hunters notebooks,7.97,2026-09-03T00:00:00-04:00,2026-09-09T23:59:59-04:00
Walmart,8120547,Sterilite storage tote,8.47,2026-09-03T00:00:00-04:00,2026-09-09T23:59:59-04:00
Walmart,8120547,KPop Demon Hunters pencil cases,7.97,2026-09-03T00:00:00-04:00,2026-09-09T23:59:59-04:00
Walmart,8120547,"16"" OmniBook 5 laptop",899.98,2026-09-03T00:00:00-04:00,2026-09-09T23:59:59-04:00
Walmart,8120547,Tide Pods laundry detergent 45s - 76s,18.97,2026-09-03T00:00:00-04:00,2026-09-09T23:59:59-04:00
Walmart,8120547,Lay's chips,3.47,2026-09-03T00:00:00-04:00,2026-09-09T23:59:59-04:00
Walmart,8120547,Finute shrimp chips,6.98,2026-09-03T00:00:00-04:00,2026-09-09T23:59:59-04:00
Walmart,8120547,Your Fresh Market Medium Ground Beef,6.34,2026-09-03T00:00:00-04:00,2026-09-09T23:59:59-04:00
Walmart,8120547,The Laughing Cow spreadable cheese 8-pack,3.68,2026-09-03T00:00:00-04:00,2026-09-09T23:59:59-04:00
Walmart,8120547,Purina Tidy Cats LightWeight clumping cat litter,19.88,2026-09-03T00:00:00-04:00,2026-09-09T23:59:59-04:00
Walmart,8120547,Hot Wheels Speed Series Chevy or Lamborghini,29.97,2026-09-03T00:00:00-04:00,2026-09-09T23:59:59-04:00
Walmart,8120547,Mainstays Over-the-door mirror,11.77,2026-09-03T00:00:00-04:00,2026-09-09T23:59:59-04:00
Walmart,8120547,Green Giant core 750 g frozen vegetables,3.47,2026-09-03T00:00:00-04:00,2026-09-09T23:59:59-04:00
Walmart,8120547,Rascals ultra value pack diapers,38.88,2026-09-03T00:00:00-04:00,2026-09-09T23:59:59-04:00
Walmart,8120547,Parents Choice Infant Formula,26.94,2026-09-03T00:00:00-04:00,2026-09-09T23:59:59-04:00
Walmart,8120547,Delicious Kitchen jasmine rice,14.88,2026-09-03T00:00:00-04:00,2026-09-09T23:59:59-04:00
Walmart,8120547,Bone-in striploin beef steak 2-pack,11.98,2026-09-03T00:00:00-04:00,2026-09-09T23:59:59-04:00
Walmart,8120547,Allen's juice,1.0,2026-09-03T00:00:00-04:00,2026-09-09T23:59:59-04:00
Walmart,8120547,Deli Express breaded chicken strips,5.98,2026-09-03T00:00:00-04:00,2026-09-09T23:59:59-04:00
Walmart,8120547,Broccoli stalks,3.44,2026-09-03T00:00:00-04:00,2026-09-09T23:59:59-04:00
Walmart,8120547,Strawberries 454 g,4.44,2026-09-03T00:00:00-04:00,2026-09-09T23:59:59-04:00
Walmart,8120547,Downy in-wash beads,18.97,2026-09-03T00:00:00-04:00,2026-09-09T23:59:59-04:00
Walmart,8120547,Old Spice deodorant or antiperspirant,6.97,2026-09-03T00:00:00-04:00,2026-09-09T23:59:59-04:00
Walmart,8120547,Bear Paws cookies,2.28,2026-09-03T00:00:00-04:00,2026-09-09T23:59:59-04:00
Walmart,8120547,Dao Xiang Cun nut mooncake,6.98,2026-09-03T00:00:00-04:00,2026-09-09T23:59:59-04:00
Walmart,8120547,Haesong seaweed snack,9.98,2026-09-03T00:00:00-04:00,2026-09-09T23:59:59-04:00
Walmart,8120547,Haesong seaweed snack,9.98,2026-09-03T00:00:00-04:00,2026-09-09T23:59:59-04:00
Walmart,8120547,Johnsonville smoked sausages,6.97,2026-09-03T00:00:00-04:00,2026-09-09T23:59:59-04:00
Walmart,8120547,Tokimi egg yolk pastry gift box,12.98,2026-09-03T00:00:00-04:00,2026-09-09T23:59:59-04:00
Walmart,8120547,Reunion lava or lava custard mooncakes,16.98,2026-09-03T00:00:00-04:00,2026-09-09T23:59:59-04:00
Walmart,8120547,Delicious Kitchen jasmine rice,14.88,2026-09-03T00:00:00-04:00,2026-09-09T23:59:59-04:00
Walmart,8120547,Melona ice bars,4.98,2026-09-03T00:00:00-04:00,2026-09-09T23:59:59-04:00
Walmart,8120547,Sunrise extra firm tofu,3.44,2026-09-03T00:00:00-04:00,2026-09-09T23:59:59-04:00
Walmart,8120547,Mooncake with two egg yolks and lotus seed,9.98,2026-09-03T00:00:00-04:00,2026-09-09T23:59:59-04:00
Walmart,8120547,Searay Basa fillets,4.98,2026-09-03T00:00:00-04:00,2026-09-09T23:59:59-04:00
Walmart,8120547,Dr. Melaxin TX cream 50 mL or Cemenrete Cyano Pink Spicule serum 30 mL,33.97,2026-09-03T00:00:00-04:00,2026-09-09T23:59:59-04:00
Walmart,8120547,SKIN1004 Madagascar Centella light cleansing oil 200 mL,20.78,2026-09-03T00:00:00-04:00,2026-09-09T23:59:59-04:00
Walmart,8120547,Panda oyster sauce 510 g or Lee Kum Kee hoisin sauce 443 mL,2.98,2026-09-03T00:00:00-04:00,2026-09-09T23:59:59-04:00
Walmart,8120547,Napa or flat cabbage,1.97,2026-09-03T00:00:00-04:00,2026-09-09T23:59:59-04:00
Walmart,8120547,"Great Value ECO 10"" dinner plates 125s",17.93,2026-09-03T00:00:00-04:00,2026-09-09T23:59:59-04:00
Walmart,8120547,Great Value fully cooked chicken breast strips,7.96,2026-09-03T00:00:00-04:00,2026-09-09T23:59:59-04:00
Walmart,8120547,Broccoli crowns,2.44,2026-09-03T00:00:00-04:00,2026-09-09T23:59:59-04:00
Walmart,8120547,Maple Leaf Prime breaded chicken portions,10.77,2026-09-03T00:00:00-04:00,2026-09-09T23:59:59-04:00
Walmart,8120547,Huggies Pull-Ups superpack training pants,28.78,2026-09-03T00:00:00-04:00,2026-09-09T23:59:59-04:00
Walmart,8120547,Great Value spices,4.47,2026-09-03T00:00:00-04:00,2026-09-09T23:59:59-04:00
Walmart,8120547,Your Fresh Market™ rolls,3.97,2026-09-03T00:00:00-04:00,2026-09-09T23:59:59-04:00
Walmart,8120547,Dove shampoo or conditioner,8.47,2026-09-03T00:00:00-04:00,2026-09-09T23:59:59-04:00
Walmart,8120547,Tampax tampons,10.98,2026-09-03T00:00:00-04:00,2026-09-09T23:59:59-04:00
Walmart,8120547,4-Colour retractable ball pens 3-pack,7.98,2026-09-03T00:00:00-04:00,2026-09-09T23:59:59-04:00
Walmart,8120547,12-oz. Water bottle or 10-oz. food jar,17.97,2026-09-03T00:00:00-04:00,2026-09-09T23:59:59-04:00
Walmart,8120547,DeskJet 2942 all-in-one printer,49.98,2026-09-03T00:00:00-04:00,2026-09-09T23:59:59-04:00
Walmart,8120547,Fleecy fabric softener,11.97,2026-09-03T00:00:00-04:00,2026-09-09T23:59:59-04:00
Walmart,8120547,Sunlight liquid laundry detergent,9.97,2026-09-03T00:00:00-04:00,2026-09-09T23:59:59-04:00
Walmart,8120547,Royale facial tissue,19.97,2026-09-03T00:00:00-04:00,2026-09-09T23:59:59-04:00
Walmart,8120547,Colgate MaxFresh 3 x 150 mL or Total 3 x 120 mL toothpaste,7.97,2026-09-03T00:00:00-04:00,2026-09-09T23:59:59-04:00
Walmart,8120547,Pure Balance dry dog food,32.98,2026-09-03T00:00:00-04:00,2026-09-09T23:59:59-04:00
Walmart,8120547,Reebok Backpack,34.97,2026-09-03T00:00:00-04:00,2026-09-09T23:59:59-04:00
Walmart,8120547,MAINSTAYS 6-Speed blender,19.98,2026-09-03T00:00:00-04:00,2026-09-09T23:59:59-04:00
Walmart,8120547,Great Value vegetable oil,8.77,2026-09-03T00:00:00-04:00,2026-09-09T23:59:59-04:00
Walmart,8120547,Jamieson vitamin D3,13.47,2026-09-03T00:00:00-04:00,2026-09-09T23:59:59-04:00
Walmart,8120547,Crayola Coloured pencils 24-pack,2.34,2026-09-03T00:00:00-04:00,2026-09-09T23:59:59-04:00
Walmart,8120547,Samsung Galaxy S26 Postpaid Phone,0.0,2026-09-03T00:00:00-04:00,2026-09-09T23:59:59-04:00
Walmart,8120547,"ACER Aspire Lite 15.6"" FHD IPS laptop",499.98,2026-09-03T00:00:00-04:00,2026-09-09T23:59:59-04:00
Walmart,8120547,AirPods Pro 3,279.0,2026-09-03T00:00:00-04:00,2026-09-09T23:59:59-04:00
Walmart,8120547,Pen+Gear report cover,0.22,2026-09-03T00:00:00-04:00,2026-09-09T23:59:59-04:00
Walmart,8120547,Reebok Boys' boxer briefs 5-pack,18.97,2026-09-03T00:00:00-04:00,2026-09-09T23:59:59-04:00
Walmart,8120547,"20"" – 26"" Rock Creek mountain bikes",148.0,2026-09-03T00:00:00-04:00,2026-09-09T23:59:59-04:00
Walmart,8120547,George Kids' puffer jacket,18.0,2026-09-03T00:00:00-04:00,2026-09-09T23:59:59-04:00
Walmart,8120547,Naipo 10' Stand UP Paddle Board Inflatable Paddle Board W Pump 120'' * 32'' * 6'' Paddleboard & Accessories Backpack Paddle Leash ISUP Fishing Yoga for Adult & Youth & Children,175.99,2026-09-03T00:00:00-04:00,2026-09-09T23:59:59-04:00
Walmart,8120547,Logitech USB computer headset,19.98,2026-09-03T00:00:00-04:00,2026-09-09T23:59:59-04:00
Walmart,8120547,Heys backpack,16.97,2026-09-03T00:00:00-04:00,2026-09-09T23:59:59-04:00
Walmart,8120547,"Aykah Zir Queen Size Bed Frame with Storage, Upholstered Heaboard, Modern Wingback Metal Queen Bed Frame with Hydrualic Storage, No Box Spring Required, Modern Design (Vanilla Bean)",359.0,2026-09-03T00:00:00-04:00,2026-09-09T23:59:59-04:00
Walmart,8120547,Naipo Recumbent Exercise Bike for Home Stationary Bike Sturdy Quiet 8 Levels Recumbent Bikes Large Comfortable Seat Heart Rate Handle & iPad Holder for Gym Seniors Adults,189.99,2026-09-03T00:00:00-04:00,2026-09-09T23:59:59-04:00
Walmart,8120547,"Hair Dryer 1500W lonic Hair Dryer, Fast Drying Low Noise Blow Dryer with Diffuser , Frizz-Reducing Professional Hair Dryer for All Hair Types, Black",95.39,2026-09-03T00:00:00-04:00,2026-09-09T23:59:59-04:00
Walmart,8120547,KPop Demon Hunters notebooks,7.97,2026-09-03T00:00:00-04:00,2026-09-09T23:59:59-04:00
Walmart,8120547,Elmer's Toy Story 5 glue,2.48,2026-09-03T00:00:00-04:00,2026-09-09T23:59:59-04:00
Walmart,8120547,Grom over-ear sound isolating kid's headphones,29.98,2026-09-03T00:00:00-04:00,2026-09-09T23:59:59-04:00
Walmart,8120547,Steve Madden backpack,34.97,2026-09-03T00:00:00-04:00,2026-09-09T23:59:59-04:00
Walmart,8120547,"TUCCI Italy CityRider 17.7"" backpack",60.0,2026-09-03T00:00:00-04:00,2026-09-09T23:59:59-04:00
Walmart,8120547,Expo dry erase markers 8-pack,11.48,2026-09-03T00:00:00-04:00,2026-09-09T23:59:59-04:00
Walmart,8120547,Sharpie Toy Story 5 permanent markers,3.48,2026-09-03T00:00:00-04:00,2026-09-09T23:59:59-04:00
Walmart,8120547,Hello Hobby stretched canvases,16.97,2026-09-03T00:00:00-04:00,2026-09-09T23:59:59-04:00
Walmart,8120547,"27"" FHD IPS monitor",129.98,2026-09-03T00:00:00-04:00,2026-09-09T23:59:59-04:00
Walmart,8120547,Crayola Ultra-Clean washable broad line markers,5.97,2026-09-03T00:00:00-04:00,2026-09-09T23:59:59-04:00
Walmart,8120547,Clover Leaf tuna,1.24,2026-09-03T00:00:00-04:00,2026-09-09T23:59:59-04:00
Walmart,8120547,Quaker Chewy granola bars value pack,10.97,2026-09-03T00:00:00-04:00,2026-09-09T23:59:59-04:00
Walmart,8120547,HP DeskJet 2942 all-in-one printer,49.98,2026-09-03T00:00:00-04:00,2026-09-09T23:59:59-04:00
Walmart,8120547,HP DeskJet 2942 all-in-one printer,49.98,2026-09-03T00:00:00-04:00,2026-09-09T23:59:59-04:00
Walmart,8120547,Dome lunchbag,15.97,2026-09-03T00:00:00-04:00,2026-09-09T23:59:59-04:00
Walmart,8120547,TAL 24-oz. stainless steel 2-in-l straw and chug water bottle,18.98,2026-09-03T00:00:00-04:00,2026-09-09T23:59:59-04:00
Walmart,8120547,TAL 24-oz. stainless steel 2-in-l straw and chug water bottle,18.98,2026-09-03T00:00:00-04:00,2026-09-09T23:59:59-04:00
Walmart,8120547,RITZ Handi-Snacks crackers 'n cheesy dip,9.48,2026-09-03T00:00:00-04:00,2026-09-09T23:59:59-04:00
Walmart,8120547,Christie Chips Ahoy! Mini cookies 200 g,2.48,2026-09-03T00:00:00-04:00,2026-09-09T23:59:59-04:00
Walmart,8120547,Logitech wireless mouse,19.98,2026-09-03T00:00:00-04:00,2026-09-09T23:59:59-04:00
Walmart,8120547,OREO Mini Snak Paks,2.48,2026-09-03T00:00:00-04:00,2026-09-09T23:59:59-04:00
Walmart,8120547,Fanta Orange zero sugar Pop,8.28,2026-09-03T00:00:00-04:00,2026-09-09T23:59:59-04:00
Walmart,8120547,Cadbury Caramilk Minis chocolate bars,5.98,2026-09-03T00:00:00-04:00,2026-09-09T23:59:59-04:00
Walmart,8120547,Dual-compartment lunch bag,16.97,2026-09-03T00:00:00-04:00,2026-09-09T23:59:59-04:00
Walmart,8120547,RITZ Drizzled minis,4.98,2026-09-03T00:00:00-04:00,2026-09-09T23:59:59-04:00
Walmart,8120547,White cauliflower,3.44,2026-09-03T00:00:00-04:00,2026-09-09T23:59:59-04:00
Walmart,8120547,Kraft Dinner,9.97,2026-09-03T00:00:00-04:00,2026-09-09T23:59:59-04:00
Walmart,8120547,Mooncake with two egg yolks and lotus seed,9.98,2026-09-03T00:00:00-04:00,2026-09-09T23:59:59-04:00
Walmart,8120547,Abalone gift box,12.98,2026-09-03T00:00:00-04:00,2026-09-09T23:59:59-04:00
Walmart,8120547,Melona ice bars,4.98,2026-09-03T00:00:00-04:00,2026-09-09T23:59:59-04:00
Walmart,8120547,Healthy Choice Gourmet Steamers frozen entrees,4.97,2026-09-03T00:00:00-04:00,2026-09-09T23:59:59-04:00
Walmart,8120547,Great Value 12-oz. coffee cups,9.96,2026-09-03T00:00:00-04:00,2026-09-09T23:59:59-04:00
Walmart,8120547,Lysol toilet bowl cleaner,4.97,2026-09-03T00:00:00-04:00,2026-09-09T23:59:59-04:00
Walmart,8120547,"onn 55"" 4K UHD HDR TV",362.25,2026-09-03T00:00:00-04:00,2026-09-09T23:59:59-04:00
Walmart,8120547,Quaker instant oatmeal,2.77,2026-09-03T00:00:00-04:00,2026-09-09T23:59:59-04:00
Walmart,8120547,OxiClean stain remover powder,12.97,2026-09-03T00:00:00-04:00,2026-09-09T23:59:59-04:00
Walmart,8120547,Apple Watch series 11 GPS 42 mm,449.95,2026-09-03T00:00:00-04:00,2026-09-09T23:59:59-04:00
Walmart,8120547,Silk Protein plant-based beverage,6.48,2026-09-03T00:00:00-04:00,2026-09-09T23:59:59-04:00
Walmart,8120547,Sour Patch Kids candy,3.98,2026-09-03T00:00:00-04:00,2026-09-09T23:59:59-04:00
Walmart,8120547,Mainstays 2.2-qt. Air fryer,39.98,2026-09-03T00:00:00-04:00,2026-09-09T23:59:59-04:00
Walmart,8120547,Schoolyard vibes backpack 3-piece set,29.97,2026-09-03T00:00:00-04:00,2026-09-09T23:59:59-04:00
Walmart,8120547,TAL 24-oz. 2-in-1 Straw and chug water bottle,18.98,2026-09-03T00:00:00-04:00,2026-09-09T23:59:59-04:00
Walmart,8120547,Mainstays Griddle,34.98,2026-09-03T00:00:00-04:00,2026-09-09T23:59:59-04:00
Walmart,8120547,Nestlé snack-size bars,2.37,2026-09-03T00:00:00-04:00,2026-09-09T23:59:59-04:00
Walmart,8120547,Ninja 4-qt. Air fryer,99.98,2026-09-03T00:00:00-04:00,2026-09-09T23:59:59-04:00
Walmart,8120547,Pillsbury Toaster Strudel pastries,2.97,2026-09-03T00:00:00-04:00,2026-09-09T23:59:59-04:00
Walmart,8120547,Rascals Night Pants nighttime underwear,25.88,2026-09-03T00:00:00-04:00,2026-09-09T23:59:59-04:00
Walmart,8120547,Enfamil A+ NeuroPro or NeuroPro Gentlease powder formula,49.97,2026-09-03T00:00:00-04:00,2026-09-09T23:59:59-04:00
Walmart,8120547,Dose organic ginger and turmeric shot,11.97,2026-09-03T00:00:00-04:00,2026-09-09T23:59:59-04:00
Walmart,8120547,Dempster's Protein bread,3.98,2026-09-03T00:00:00-04:00,2026-09-09T23:59:59-04:00
Walmart,8120547,Hereford corned beef,3.47,2026-09-03T00:00:00-04:00,2026-09-09T23:59:59-04:00
Walmart,8120547,Kellogg's family size cereal,5.47,2026-09-03T00:00:00-04:00,2026-09-09T23:59:59-04:00
Walmart,8120547,Rascals Night Pants nighttime underwear,25.88,2026-09-03T00:00:00-04:00,2026-09-09T23:59:59-04:00
Walmart,8120547,Nestlé Real Dairy confectioneries,5.48,2026-09-03T00:00:00-04:00,2026-09-09T23:59:59-04:00
Walmart,8120547,Nestlé snack-size bars,2.37,2026-09-03T00:00:00-04:00,2026-09-09T23:59:59-04:00
Walmart,8120547,Haribo candy,2.48,2026-09-03T00:00:00-04:00,2026-09-09T23:59:59-04:00
Walmart,8120547,Colgate 3600 Advanced toothbrushes 2-pack,7.97,2026-09-03T00:00:00-04:00,2026-09-09T23:59:59-04:00
Walmart,8120547,Great Value clear cups,5.97,2026-09-03T00:00:00-04:00,2026-09-09T23:59:59-04:00
Walmart,8120547,VitaLife dog treats,21.97,2026-09-03T00:00:00-04:00,2026-09-09T23:59:59-04:00
Walmart,8120547,Parent's Choice fragrance-free wipes,19.94,2026-09-03T00:00:00-04:00,2026-09-09T23:59:59-04:00
Walmart,8120547,Pure Balance dry dog food,32.98,2026-09-03T00:00:00-04:00,2026-09-09T23:59:59-04:00
Walmart,8120547,Equate hand soap refill,3.97,2026-09-03T00:00:00-04:00,2026-09-09T23:59:59-04:00
Walmart,8120547,Great Value pasta,1.97,2026-09-03T00:00:00-04:00,2026-09-09T23:59:59-04:00
Walmart,8120547,Tylenol Ultra Relief eZ Tabs 120s or Muscle & Body 110s,16.34,2026-09-03T00:00:00-04:00,2026-09-09T23:59:59-04:00
Walmart,8120547,Precise Pain Relief Cream from the makers of Tylenol,16.34,2026-09-03T00:00:00-04:00,2026-09-09T23:59:59-04:00
Walmart,8120547,Smucker's Seedless Raspberry Spread,6.27,2026-09-03T00:00:00-04:00,2026-09-09T23:59:59-04:00
Walmart,8120547,Smucker's Uncrustables peanut butter & strawberry spread sandwiches,11.62,2026-09-03T00:00:00-04:00,2026-09-09T23:59:59-04:00
Walmart,8120547,Ziploc freezer bags,4.48,2026-09-03T00:00:00-04:00,2026-09-09T23:59:59-04:00
Walmart,8120547,Bounty Select-A-Size paper towels 8 = 24 rolls,22.48,2026-09-03T00:00:00-04:00,2026-09-09T23:59:59-04:00
Walmart,8120547,Dr. Squatch natural men's deodorant,16.97,2026-09-03T00:00:00-04:00,2026-09-09T23:59:59-04:00
Walmart,8120547,Downy Unstopables in-wash laundry scent booster beads,9.97,2026-09-03T00:00:00-04:00,2026-09-09T23:59:59-04:00
Walmart,8120547,Charmin bathroom tissue 30 triple rolls,21.98,2026-09-03T00:00:00-04:00,2026-09-09T23:59:59-04:00
Walmart,8120547,Great Value condensed soup,0.97,2026-09-03T00:00:00-04:00,2026-09-09T23:59:59-04:00
Walmart,8120547,Equate hand soap refill,3.97,2026-09-03T00:00:00-04:00,2026-09-09T23:59:59-04:00
Walmart,8120547,Tylenol Cold & Sinus Extra Strength Nightime 20s,9.77,2026-09-03T00:00:00-04:00,2026-09-09T23:59:59-04:00
Walmart,8120547,Children's Tylenol Chewables 20s,9.24,2026-09-03T00:00:00-04:00,2026-09-09T23:59:59-04:00
Walmart,8120547,Smucker's Double Fruit,7.47,2026-09-03T00:00:00-04:00,2026-09-09T23:59:59-04:00
Walmart,8120547,Equate regular cotton rounds,5.97,2026-09-03T00:00:00-04:00,2026-09-09T23:59:59-04:00
Walmart,8120547,Tide Simply laundry detergent,11.97,2026-09-03T00:00:00-04:00,2026-09-09T23:59:59-04:00
Walmart,8120547,Great Value Canola or Vegetable Oil,8.77,2026-09-03T00:00:00-04:00,2026-09-09T23:59:59-04:00
Walmart,8120547,Nintendo Switch 2 console,679.96,2026-09-03T00:00:00-04:00,2026-09-09T23:59:59-04:00
Walmart,8120547,AirPods 4 with Active Noise Cancellation,209.0,2026-09-03T00:00:00-04:00,2026-09-09T23:59:59-04:00
Walmart,8120547,Equate high protein meal replacement shakes,10.97,2026-09-03T00:00:00-04:00,2026-09-09T23:59:59-04:00
Walmart,8120547,Licensed backpack and lunchbox set,19.97,2026-09-03T00:00:00-04:00,2026-09-09T23:59:59-04:00
Walmart,8120547,"Acer 24"" FHD ultra-thin 2-pack monitors",169.98,2026-09-03T00:00:00-04:00,2026-09-09T23:59:59-04:00
Walmart,8120547,Large insulated lunch bag,16.97,2026-09-03T00:00:00-04:00,2026-09-09T23:59:59-04:00
Walmart,8120547,Floor lamp with reading light,29.97,2026-09-03T00:00:00-04:00,2026-09-09T23:59:59-04:00
Walmart,8120547,Hot Wheel Neon Speeders track set,29.97,2026-09-03T00:00:00-04:00,2026-09-09T23:59:59-04:00
Walmart,8120547,Hp 6152e All-in-one printer,86.73,2026-09-03T00:00:00-04:00,2026-09-09T23:59:59-04:00
Walmart,8120547,2-Slice toaster,9.98,2026-09-03T00:00:00-04:00,2026-09-09T23:59:59-04:00
Walmart,8120547,Tal 24-oz. 2-in-1 Straw and chug water bottle,18.98,2026-09-03T00:00:00-04:00,2026-09-09T23:59:59-04:00
Walmart,8120547,Catelli Protein+ pasta,3.97,2026-09-03T00:00:00-04:00,2026-09-09T23:59:59-04:00
Walmart,8120547,Good Protein plant-based shakes,26.97,2026-09-03T00:00:00-04:00,2026-09-09T23:59:59-04:00
Walmart,8120547,Dream On Me Berkley upholstered glider chair,424.0,2026-09-03T00:00:00-04:00,2026-09-09T23:59:59-04:00
Walmart,8120547,One Paw Plush Pig Toy,9.97,2026-09-03T00:00:00-04:00,2026-09-09T23:59:59-04:00
Walmart,8120547,Mammoth tug toys,13.98,2026-09-03T00:00:00-04:00,2026-09-09T23:59:59-04:00
Walmart,8120547,Special Kitty pâté wet cat food singles,0.8,2026-09-03T00:00:00-04:00,2026-09-09T23:59:59-04:00
Walmart,8120547,Jetstream School backpack,6.97,2026-09-03T00:00:00-04:00,2026-09-09T23:59:59-04:00
Walmart,8120547,Bernat Premium yarn,5.27,2026-09-03T00:00:00-04:00,2026-09-09T23:59:59-04:00
Walmart,8120547,"Aykah Zir Queen Size Bed Frame with Storage, Upholstered Heaboard, Modern Wingback Metal Queen Bed Frame with Hydrualic Storage, No Box Spring Required, Modern Design (Vanilla Bean)",359.0,2026-09-03T00:00:00-04:00,2026-09-09T23:59:59-04:00
Walmart,8120547,Samsung Galaxy A16 (4GB RAM | 128GB ROM) Dual SIM Card | Unlocked Brand New Phone (Black),209.99,2026-09-03T00:00:00-04:00,2026-09-09T23:59:59-04:00
Walmart,8120547,"Gyrocopters Zeno 2.0 Electric Scooter | 32 km/h Max Speed | Up to 40 km Range | UL2272 Approved | 500W Motor (Peak Power) |Shock-Absorbing Adjustable Seat | Anti-Theft GPS | All-Terrain 14"" Tires",445.96,2026-09-03T00:00:00-04:00,2026-09-09T23:59:59-04:00
Walmart,8120547,Cate & Chloe Olivia 18k White Gold Plated Tennis Bracelet Simulated Diamond Crystals for Women,35.99,2026-09-03T00:00:00-04:00,2026-09-09T23:59:59-04:00
Walmart,8120547,4-Piece backpack set,16.97,2026-09-03T00:00:00-04:00,2026-09-09T23:59:59-04:00
Walmart,8120547,Catelli Protein+ pasta,3.97,2026-09-03T00:00:00-04:00,2026-09-09T23:59:59-04:00
Walmart,8120547,Dreamtime Max Comfort 2 in 1 Booster Car Seat,55.97,2026-09-03T00:00:00-04:00,2026-09-09T23:59:59-04:00
Walmart,8120547,Parent's Choice suction bowls 2-pack,7.44,2026-09-03T00:00:00-04:00,2026-09-09T23:59:59-04:00
Walmart,8120547,Selected padlocks,9.97,2026-09-03T00:00:00-04:00,2026-09-09T23:59:59-04:00
Walmart,8120547,Hello Hobby stretched canvases,16.97,2026-09-03T00:00:00-04:00,2026-09-09T23:59:59-04:00
Walmart,8120547,Pen+Gear school list kit,16.98,2026-09-03T00:00:00-04:00,2026-09-09T23:59:59-04:00
Walmart,8120547,Pen+Gear School List Kit,16.98,2026-09-03T00:00:00-04:00,2026-09-09T23:59:59-04:00
Walmart,8120547,Pen+Gear school list kit,16.98,2026-09-03T00:00:00-04:00,2026-09-09T23:59:59-04:00
Walmart,8120547,L'Oréal Paris Féria hair colour,14.78,2026-09-03T00:00:00-04:00,2026-09-09T23:59:59-04:00
Walmart,8120547,Equate high protein meal replacement shakes,10.97,2026-09-03T00:00:00-04:00,2026-09-09T23:59:59-04:00
Walmart,8120547,iPad A16 Wi-Fi 128GB,549.0,2026-09-03T00:00:00-04:00,2026-09-09T23:59:59-04:00
Walmart,8120547,Kotex Ultra Thin pads or liners,10.97,2026-09-03T00:00:00-04:00,2026-09-09T23:59:59-04:00
Walmart,8120547,Robitussin syrup,14.37,2026-09-03T00:00:00-04:00,2026-09-09T23:59:59-04:00
Walmart,8120547,One Paw Dessert Cat Toys,6.97,2026-09-03T00:00:00-04:00,2026-09-09T23:59:59-04:00
Walmart,8120547,Chewmasters dog chicken strips,21.97,2026-09-03T00:00:00-04:00,2026-09-09T23:59:59-04:00
Walmart,8120547,Expo Dry-erase markers,5.48,2026-09-03T00:00:00-04:00,2026-09-09T23:59:59-04:00
Walmart,8120547,Sharpie Highlighters,3.0,2026-09-03T00:00:00-04:00,2026-09-09T23:59:59-04:00
Walmart,8120547,12-oz. Water bottle or 10-oz. food jar,17.97,2026-09-03T00:00:00-04:00,2026-09-09T23:59:59-04:00
Walmart,8120547,Easy steam iron,16.98,2026-09-03T00:00:00-04:00,2026-09-09T23:59:59-04:00
Walmart,8120547,"THE ROCK 8"" Ceramic fry pan",9.97,2026-09-03T00:00:00-04:00,2026-09-09T23:59:59-04:00
Walmart,8120547,Tylenol Extra Strength,16.34,2026-09-03T00:00:00-04:00,2026-09-09T23:59:59-04:00
Walmart,8120547,Tylenol Sinus Extra Strength Nighttime eZ Tabs 20s or Cold & Sinus Extra Strength Daytime or Nighttime 20s,9.77,2026-09-03T00:00:00-04:00,2026-09-09T23:59:59-04:00
Walmart,8120547,Tylenol Muscle & Body,16.34,2026-09-03T00:00:00-04:00,2026-09-09T23:59:59-04:00
Walmart,8120547,Smucker's Seedless Strawberry Spread,4.97,2026-09-03T00:00:00-04:00,2026-09-09T23:59:59-04:00
Walmart,8120547,Smucker's Uncrustables sandwiches,4.78,2026-09-03T00:00:00-04:00,2026-09-09T23:59:59-04:00
Walmart,8120547,Smucker's No Sugar Added Fruit Spreads,5.77,2026-09-03T00:00:00-04:00,2026-09-09T23:59:59-04:00
Walmart,8120547,Kids' licensed graphic tee,10.0,2026-09-03T00:00:00-04:00,2026-09-09T23:59:59-04:00
Walmart,8120547,Women's briefs 5-pack,18.97,2026-09-03T00:00:00-04:00,2026-09-09T23:59:59-04:00
Walmart,8120547,Reebok Hoodie or Joggers,34.97,2026-09-03T00:00:00-04:00,2026-09-09T23:59:59-04:00
Walmart,8120547,Naipo 10' Stand UP Paddle Board Inflatable Paddle Board W Pump 120'' * 32'' * 6'' Paddleboard & Accessories Backpack Paddle Leash ISUP Fishing Yoga for Adult & Youth & Children,175.99,2026-09-03T00:00:00-04:00,2026-09-09T23:59:59-04:00
Walmart,8120547,"RNRUO 15.6"" Laptop Computer, 8GB RAM 256GB SSD, Intel Pentium Gold 6500Y with 2 Cores Up to 3.4GHz, Full HD Display, Office 2024, WiFi5 BT5.0, Window 11 for Business, Student, Pink",316.69,2026-09-03T00:00:00-04:00,2026-09-09T23:59:59-04:00
Walmart,8120547,Cate & Chloe Olivia 18k White Gold Plated Tennis Bracelet Simulated Diamond Crystals for Women,35.99,2026-09-03T00:00:00-04:00,2026-09-09T23:59:59-04:00
Walmart,8120547,Quaker Chewy granola bars value pack,10.97,2026-09-03T00:00:00-04:00,2026-09-09T23:59:59-04:00
Walmart,8120547,Pen+Gear pencil cases,7.0,2026-09-03T00:00:00-04:00,2026-09-09T23:59:59-04:00
Walmart,8120547,Pen+Gear binders,4.97,2026-09-03T00:00:00-04:00,2026-09-09T23:59:59-04:00
Walmart,8120547,"iPad Air 11"" Wi-Fi 128 GB (M4)",849.0,2026-09-03T00:00:00-04:00,2026-09-09T23:59:59-04:00
Walmart,8120547,Pen+Gear pencil cases,7.0,2026-09-03T00:00:00-04:00,2026-09-09T23:59:59-04:00
Walmart,8120547,Zevia Strawberry Lemon Burst soda,6.48,2026-09-03T00:00:00-04:00,2026-09-09T23:59:59-04:00
Walmart,8120547,Scosche magnetic wireless phone charger,34.98,2026-09-03T00:00:00-04:00,2026-09-09T23:59:59-04:00
Walmart,8120547,Rainbow peppers,4.98,2026-09-03T00:00:00-04:00,2026-09-09T23:59:59-04:00
Walmart,8120547,Your Fresh Market™ coho salmon fillet,12.69,2026-09-03T00:00:00-04:00,2026-09-09T23:59:59-04:00
Walmart,8120547,Country Harvest bagels,2.98,2026-09-03T00:00:00-04:00,2026-09-09T23:59:59-04:00
Walmart,8120547,Jetstream 3-Piece backpack set,24.97,2026-09-03T00:00:00-04:00,2026-09-09T23:59:59-04:00
Walmart,8120547,Hellmann's mayonnaise,6.47,2026-09-03T00:00:00-04:00,2026-09-09T23:59:59-04:00
Walmart,8120547,Hamilton Beach 4-Slice stainless steel toaster,24.97,2026-09-03T00:00:00-04:00,2026-09-09T23:59:59-04:00
Walmart,8120547,Reunion lava or lava custard mooncakes,16.98,2026-09-03T00:00:00-04:00,2026-09-09T23:59:59-04:00
Walmart,8120547,Finute shrimp chips,6.98,2026-09-03T00:00:00-04:00,2026-09-09T23:59:59-04:00
Walmart,8120547,Mooncake with two egg yolks and lotus seed,9.98,2026-09-03T00:00:00-04:00,2026-09-09T23:59:59-04:00
Walmart,8120547,Pomelo,3.28,2026-09-03T00:00:00-04:00,2026-09-09T23:59:59-04:00
Walmart,8120547,Eddoes,1.97,2026-09-03T00:00:00-04:00,2026-09-09T23:59:59-04:00
Walmart,8120547,Cadbury Caramilk Snack-Size bars,3.18,2026-09-03T00:00:00-04:00,2026-09-09T23:59:59-04:00
Walmart,8120547,Zevia Strawberry Lemon Burst soda,6.48,2026-09-03T00:00:00-04:00,2026-09-09T23:59:59-04:00
Walmart,8120547,Kinder Chocolate,5.48,2026-09-03T00:00:00-04:00,2026-09-09T23:59:59-04:00
Walmart,8120547,Hellmann's real mayonnaise,6.47,2026-09-03T00:00:00-04:00,2026-09-09T23:59:59-04:00
Walmart,8120547,Gyrocopters PixAl Electric foldable dual rider cargo bike,399.96,2026-09-03T00:00:00-04:00,2026-09-09T23:59:59-04:00
Walmart,8120547,Kruzer 200 folding scooter,99.97,2026-09-03T00:00:00-04:00,2026-09-09T23:59:59-04:00
Walmart,8120547,Black & White paper towel,4.94,2026-09-03T00:00:00-04:00,2026-09-09T23:59:59-04:00
Walmart,8120547,vivoactive 5 GPS Smartwatch,270.93,2026-09-03T00:00:00-04:00,2026-09-09T23:59:59-04:00
Walmart,8120547,TAL 24oz 2-in-1 Straw and Chug Water Bottle,18.98,2026-09-03T00:00:00-04:00,2026-09-09T23:59:59-04:00
Walmart,8120547,Hardbody Lunch Box Each,13.97,2026-09-03T00:00:00-04:00,2026-09-09T23:59:59-04:00
Walmart,8120547,Licensed backpack,24.97,2026-09-03T00:00:00-04:00,2026-09-09T23:59:59-04:00
Walmart,8120547,Mainstays 0.7 Cu ft Microwave,69.97,2026-09-03T00:00:00-04:00,2026-09-09T23:59:59-04:00
Walmart,8120547,Schoolyard vibes back pack 3-piece set,29.97,2026-09-03T00:00:00-04:00,2026-09-09T23:59:59-04:00
Walmart,8120547,Arctic Zone Insulated lunch box combo,13.97,2026-09-03T00:00:00-04:00,2026-09-09T23:59:59-04:00
Walmart,8120547,Arctic Zone Expandable Upright lunch box,12.97,2026-09-03T00:00:00-04:00,2026-09-09T23:59:59-04:00
Walmart,8120547,ARCTIC ZONE Hardbody lunch box,13.97,2026-09-03T00:00:00-04:00,2026-09-09T23:59:59-04:00
Walmart,8120547,Our Finest appetizers or meatballs,12.84,2026-09-03T00:00:00-04:00,2026-09-09T23:59:59-04:00
Walmart,8120547,IAMS dry cat food,19.77,2026-09-03T00:00:00-04:00,2026-09-09T23:59:59-04:00
Walmart,8120547,Febreeze Air or bathroom air freshener 2-pack,6.97,2026-09-03T00:00:00-04:00,2026-09-09T23:59:59-04:00
Walmart,8120547,Purina ONE dry dog food,28.63,2026-09-03T00:00:00-04:00,2026-09-09T23:59:59-04:00
Walmart,8120547,Great Value red,5.97,2026-09-03T00:00:00-04:00,2026-09-09T23:59:59-04:00
Walmart,8120547,Equate unscented baby wipes 200s,4.27,2026-09-03T00:00:00-04:00,2026-09-09T23:59:59-04:00
Walmart,8120547,Secret Outlast deodorant or antiperspirant,6.97,2026-09-03T00:00:00-04:00,2026-09-09T23:59:59-04:00
Walmart,8120547,Tide liquid laundry detergent,19.97,2026-09-03T00:00:00-04:00,2026-09-09T23:59:59-04:00
Walmart,8120547,La Baguetterie sliced miche,5.98,2026-09-03T00:00:00-04:00,2026-09-09T23:59:59-04:00
Walmart,8120547,Good Protein plant-based shakes,26.97,2026-09-03T00:00:00-04:00,2026-09-09T23:59:59-04:00
Walmart,8120547,One Paw elevated cat bowl,7.97,2026-09-03T00:00:00-04:00,2026-09-09T23:59:59-04:00
Walmart,8120547,Special Kitty Health Monitoring cat litter,16.97,2026-09-03T00:00:00-04:00,2026-09-09T23:59:59-04:00
Walmart,8120547,One Paw dessert cat toys,6.97,2026-09-03T00:00:00-04:00,2026-09-09T23:59:59-04:00
Walmart,8120547,Black Diamond Cheestrings 16s,5.97,2026-09-03T00:00:00-04:00,2026-09-09T23:59:59-04:00
Walmart,8120547,Farmers 1% chocolate milk,2.48,2026-09-03T00:00:00-04:00,2026-09-09T23:59:59-04:00
Walmart,8120547,One Paw elevated cat bowl,7.97,2026-09-03T00:00:00-04:00,2026-09-09T23:59:59-04:00
Walmart,8120547,Delectables Squeeze Up cat treats variety pack,11.98,2026-09-03T00:00:00-04:00,2026-09-09T23:59:59-04:00
Walmart,8120547,Tylenol Arthritis Pain,20.67,2026-09-03T00:00:00-04:00,2026-09-09T23:59:59-04:00
Walmart,8120547,Smucker's Uncrustables sandwiches,4.78,2026-09-03T00:00:00-04:00,2026-09-09T23:59:59-04:00
Walmart,8120547,Smucker's Uncrustables Sandwiches,4.78,2026-09-03T00:00:00-04:00,2026-09-09T23:59:59-04:00
Walmart,8120547,"onn. 24"" Full HD monitor",109.98,2026-09-03T00:00:00-04:00,2026-09-09T23:59:59-04:00
Walmart,8120547,Dime 3 XT true wireless earbuds,29.98,2026-09-03T00:00:00-04:00,2026-09-09T23:59:59-04:00
Walmart,8120547,HP DeskJet 2942 all-in-one printer,49.98,2026-09-03T00:00:00-04:00,2026-09-09T23:59:59-04:00
Walmart,8120547,JBuds wireless mouse,29.98,2026-09-03T00:00:00-04:00,2026-09-09T23:59:59-04:00
Walmart,8120547,Samsung Galaxy A17 128GB unlocked phone,219.98,2026-09-03T00:00:00-04:00,2026-09-09T23:59:59-04:00
Walmart,8120547,Licensed lunch bag,11.97,2026-09-03T00:00:00-04:00,2026-09-09T23:59:59-04:00
Walmart,8120547,Sistema food storage containers,9.97,2026-09-03T00:00:00-04:00,2026-09-09T23:59:59-04:00
Walmart,8120547,Smucker's Double Fruit or No Sugar Added Raspberry Spreads,7.47,2026-09-03T00:00:00-04:00,2026-09-09T23:59:59-04:00
Walmart,8120547,Ritz Bits Snackwiches 10-Snak Paks,4.98,2026-09-03T00:00:00-04:00,2026-09-09T23:59:59-04:00
Walmart,8120547,Tide Simply laundry detergent,11.97,2026-09-03T00:00:00-04:00,2026-09-09T23:59:59-04:00
Walmart,8120547,Black Diamond cheese block,4.92,2026-09-03T00:00:00-04:00,2026-09-09T23:59:59-04:00
Walmart,8120547,Black Diamond cheese shreds,4.92,2026-09-03T00:00:00-04:00,2026-09-09T23:59:59-04:00
Walmart,8120547,Round Lab 1025 Dokdo cleanser,16.97,2026-09-03T00:00:00-04:00,2026-09-09T23:59:59-04:00
Walmart,8120547,UFC coconut water 1 L or Kirin milk tea 1.5 L,2.98,2026-09-03T00:00:00-04:00,2026-09-09T23:59:59-04:00
Walmart,8120547,Coca-Cola Mini Cans Pop,3.97,2026-09-03T00:00:00-04:00,2026-09-09T23:59:59-04:00
Walmart,8120547,Nature's Path Honey'D corn flakes,9.42,2026-09-03T00:00:00-04:00,2026-09-09T23:59:59-04:00
Walmart,8120547,Coke Zero Pop,2.87,2026-09-03T00:00:00-04:00,2026-09-09T23:59:59-04:00
Walmart,8120547,Natrel Lactose Free Butter,4.98,2026-09-03T00:00:00-04:00,2026-09-09T23:59:59-04:00
Walmart,8120547,Dao Xiang Cun jujube mooncake,6.98,2026-09-03T00:00:00-04:00,2026-09-09T23:59:59-04:00
Walmart,8120547,Asian pears or Fuji apples,2.28,2026-09-03T00:00:00-04:00,2026-09-09T23:59:59-04:00
Walmart,8120547,Quaker quick oats,3.97,2026-09-03T00:00:00-04:00,2026-09-09T23:59:59-04:00
Walmart,8120547,Your Fresh Market™ buns,3.97,2026-09-03T00:00:00-04:00,2026-09-09T23:59:59-04:00
Walmart,8120547,Great Value Pasta,1.97,2026-09-03T00:00:00-04:00,2026-09-09T23:59:59-04:00
Walmart,8120547,Hot Wheels Barbie Jammer electric scooter,148.0,2026-09-03T00:00:00-04:00,2026-09-09T23:59:59-04:00
Walmart,8120547,Sterilite wheeled under-bed tote,26.97,2026-09-03T00:00:00-04:00,2026-09-09T23:59:59-04:00
Walmart,8120547,Lysol toilet bowl cleaner or multi-surface pours,4.97,2026-09-03T00:00:00-04:00,2026-09-09T23:59:59-04:00
Walmart,8120547,"TCL 65"" QD-Mini LED Smart TV",765.95,2026-09-03T00:00:00-04:00,2026-09-09T23:59:59-04:00
Walmart,8120547,Fitbit Air activity tracker,129.98,2026-09-03T00:00:00-04:00,2026-09-09T23:59:59-04:00
Walmart,8120547,Great Value water filter pitcher,19.97,2026-09-03T00:00:00-04:00,2026-09-09T23:59:59-04:00
Walmart,8120547,Goldy's Protein+ oatmeal,6.47,2026-09-03T00:00:00-04:00,2026-09-09T23:59:59-04:00
Walmart,8120547,Pure Protein bars,11.47,2026-09-03T00:00:00-04:00,2026-09-09T23:59:59-04:00
Walmart,8120547,La Baguetterie sliced miche,5.98,2026-09-03T00:00:00-04:00,2026-09-09T23:59:59-04:00
Walmart,8120547,G Hughes no sugar added BBQ sauce,6.77,2026-09-03T00:00:00-04:00,2026-09-09T23:59:59-04:00
Walmart,8120547,Revolution Nutrition Iso Whey protein powder,40.47,2026-09-03T00:00:00-04:00,2026-09-09T23:59:59-04:00
Walmart,8120547,One Paw dessert cat toys,6.97,2026-09-03T00:00:00-04:00,2026-09-09T23:59:59-04:00
Walmart,8120547,Lysol multi-surface cleaner,9.97,2026-09-03T00:00:00-04:00,2026-09-09T23:59:59-04:00
Walmart,8120547,Primo Water Deluxe top-load stainless steel water dispenser,1.47,2026-09-03T00:00:00-04:00,2026-09-09T23:59:59-04:00
Walmart,8120547,Bed in a bag,49.94,2026-09-03T00:00:00-04:00,2026-09-09T23:59:59-04:00
Walmart,8120547,Gaming chair,139.97,2026-09-03T00:00:00-04:00,2026-09-09T23:59:59-04:00
Walmart,8120547,Dove Men+Care deodorant,6.97,2026-09-03T00:00:00-04:00,2026-09-09T23:59:59-04:00
Walmart,8120547,Glue-All multi-purpose glue 225 mL or Glue sticks 2 x 15 g,2.0,2026-09-03T00:00:00-04:00,2026-09-09T23:59:59-04:00
Walmart,8120547,Reebok Standard lunch bag,15.97,2026-09-03T00:00:00-04:00,2026-09-09T23:59:59-04:00
Walmart,8120547,Cuisinart 12-Cup coffee maker,69.98,2026-09-03T00:00:00-04:00,2026-09-09T23:59:59-04:00
Walmart,8120547,Speed Series Chevy or Lamborghini,29.97,2026-09-03T00:00:00-04:00,2026-09-09T23:59:59-04:00
Walmart,8120547,Kids' pr toddlers' licensed shoes,29.97,2026-09-03T00:00:00-04:00,2026-09-09T23:59:59-04:00
Walmart,8120547,"AIRMSEN Espresso Machine with Grinder, Espresso Coffee Maker with Customized Grind Amount & Coffee Volume, Cold Brew Coffee Machine for Cappuccino Latte Americano",236.99,2026-09-03T00:00:00-04:00,2026-09-09T23:59:59-04:00
Walmart,8120547,Naipo Recumbent Exercise Bike for Home Stationary Bike Sturdy Quiet 8 Levels Recumbent Bikes Large Comfortable Seat Heart Rate Handle & iPad Holder for Gym Seniors Adults,189.99,2026-09-03T00:00:00-04:00,2026-09-09T23:59:59-04:00
Walmart,8120547,Selected stationery,2.0,2026-09-03T00:00:00-04:00,2026-09-09T23:59:59-04:00
Walmart,8120547,"KPop Demon Hunters pencil cases, notebooks or journals",7.97,2026-09-03T00:00:00-04:00,2026-09-09T23:59:59-04:00
Walmart,8120547,Sharpie original 12-pack or Mystic Gems fine-point 14-pack permanent markers,7.98,2026-09-03T00:00:00-04:00,2026-09-09T23:59:59-04:00
Walmart,8120547,Stamp 'N Stick DIY kit or Math Roller Addition or Symbols Addition stamps,12.97,2026-09-03T00:00:00-04:00,2026-09-09T23:59:59-04:00
Walmart,8120547,Stamp 'N Stick DIY kit or Math Roller Addition or Symbols Addition stamps,12.97,2026-09-03T00:00:00-04:00,2026-09-09T23:59:59-04:00
Walmart,8120547,3M Command value packs,11.97,2026-09-03T00:00:00-04:00,2026-09-09T23:59:59-04:00
Walmart,8120547,Crayola Clicks mechanical coloured pencils,9.97,2026-09-03T00:00:00-04:00,2026-09-09T23:59:59-04:00
Walmart,8120547,"21.5"" FHD monitor",89.98,2026-09-03T00:00:00-04:00,2026-09-09T23:59:59-04:00
Walmart,8120547,RITZ family size crackers,4.48,2026-09-03T00:00:00-04:00,2026-09-09T23:59:59-04:00
Walmart,8120547,Cadbury Caramilk Minis or Dairy Milk Mini chocolate bars,5.98,2026-09-03T00:00:00-04:00,2026-09-09T23:59:59-04:00
Walmart,8120547,Vega protein Made Simple protein powder,19.97,2026-09-03T00:00:00-04:00,2026-09-09T23:59:59-04:00
Walmart,8120547,Vega Protein & Supergreens plant-based powder,21.97,2026-09-03T00:00:00-04:00,2026-09-09T23:59:59-04:00
Walmart,8120547,Gyrocopters J30 electric scooter,239.96,2026-09-03T00:00:00-04:00,2026-09-09T23:59:59-04:00
Walmart,8120547,PIXMA TR4725 inkjet printer,66.73,2026-09-03T00:00:00-04:00,2026-09-09T23:59:59-04:00
Walmart,8120547,"75"" UA7500 4K Smart TV",765.95,2026-09-03T00:00:00-04:00,2026-09-09T23:59:59-04:00
Walmart,8120547,Arctic Zone Insulated lunch box combo,13.97,2026-09-03T00:00:00-04:00,2026-09-09T23:59:59-04:00
Walmart,8120547,Mainstays 2 Slice Toaster,9.98,2026-09-03T00:00:00-04:00,2026-09-09T23:59:59-04:00
Walmart,8120547,Chewmasters dog treats duck jerky,21.97,2026-09-03T00:00:00-04:00,2026-09-09T23:59:59-04:00
Walmart,8120547,Parent's Choice milk-based infant formula powder,26.94,2026-09-03T00:00:00-04:00,2026-09-09T23:59:59-04:00
Walmart,8120547,Tylenol Dual Action acetaminophen + ibuprofen,9.97,2026-09-03T00:00:00-04:00,2026-09-09T23:59:59-04:00
Walmart,8120547,Smucker's No Sugar Added Fruit Spreads,5.77,2026-09-03T00:00:00-04:00,2026-09-09T23:59:59-04:00
Walmart,8120547,"Nestlé Drumstick or Real Dairy confectioneries or tubs, Del Monte novelties or Haagen-Dazs novelties or tubs",5.48,2026-09-03T00:00:00-04:00,2026-09-09T23:59:59-04:00
Walmart,8120547,One Paw foldable interactive cat scratching pad,13.97,2026-09-03T00:00:00-04:00,2026-09-09T23:59:59-04:00
Walmart,8120547,Delectables Squeeze Up cat treats variety pack,11.98,2026-09-03T00:00:00-04:00,2026-09-09T23:59:59-04:00
Walmart,8120547,"Vibrant Life 38"" large orthopedic oval lounger dog",74.98,2026-09-03T00:00:00-04:00,2026-09-09T23:59:59-04:00
Walmart,8120547,Advil Liqui-Gels,13.83,2026-09-03T00:00:00-04:00,2026-09-09T23:59:59-04:00
Walmart,8120547,Tylenol Muscle & Body,20.67,2026-09-03T00:00:00-04:00,2026-09-09T23:59:59-04:00
Walmart,8120547,Panasonic 0.9-cu. ft. Compact microwave,129.97,2026-09-03T00:00:00-04:00,2026-09-09T23:59:59-04:00
Walmart,8120547,Rump Race,29.98,2026-09-03T00:00:00-04:00,2026-09-09T23:59:59-04:00
Walmart,8120547,Men's performance boxer briefs 3-pack,21.97,2026-09-03T00:00:00-04:00,2026-09-09T23:59:59-04:00
Walmart,8120547,Royal & Langnickel Essentials paint set,7.97,2026-09-03T00:00:00-04:00,2026-09-09T23:59:59-04:00
Walmart,8120547,3M Command value packs,11.97,2026-09-03T00:00:00-04:00,2026-09-09T23:59:59-04:00
Walmart,8120547,onn. wireless mouse and keyboard combo,19.98,2026-09-03T00:00:00-04:00,2026-09-09T23:59:59-04:00
Walmart,8120547,"hp 17.3"" FHD IPS Laptop",699.98,2026-09-03T00:00:00-04:00,2026-09-09T23:59:59-04:00
Walmart,8120547,"onn. 8"" Kids' tablet",149.98,2026-09-03T00:00:00-04:00,2026-09-09T23:59:59-04:00
Walmart,8120547,Christie Chips Ahoy! Mini Cookies Snak Paks,2.48,2026-09-03T00:00:00-04:00,2026-09-09T23:59:59-04:00
Walmart,8120547,Diet Coke Pop,8.28,2026-09-03T00:00:00-04:00,2026-09-09T23:59:59-04:00
Walmart,8120547,ACT II microwave gourmet popcorn,2.47,2026-09-03T00:00:00-04:00,2026-09-09T23:59:59-04:00
Walmart,8120547,Nature's Path Organic Heritage flakes eco pac cereal,9.42,2026-09-03T00:00:00-04:00,2026-09-09T23:59:59-04:00
Walmart,8120547,Oasis beverages or juice boxes,3.47,2026-09-03T00:00:00-04:00,2026-09-09T23:59:59-04:00
Walmart,8120547,Galaxy Tab A11+ 128GB,270.63,2026-09-03T00:00:00-04:00,2026-09-09T23:59:59-04:00
Walmart,8120547,221 Wireless mouse,13.48,2026-09-03T00:00:00-04:00,2026-09-09T23:59:59-04:00
Walmart,8120547,Wireless mouse and keyboard combo,25.48,2026-09-03T00:00:00-04:00,2026-09-09T23:59:59-04:00
Walmart,8120547,Contigo 24-oz. Stainless steel water bottle,19.97,2026-09-03T00:00:00-04:00,2026-09-09T23:59:59-04:00
Walmart,8120547,BISSELL 3-in1 Lightweight stick vacuum,29.98,2026-09-03T00:00:00-04:00,2026-09-09T23:59:59-04:00
Walmart,8120547,Hamilton Beach 3.3-cu. ft. Compact fridge with freezer,119.97,2026-09-03T00:00:00-04:00,2026-09-09T23:59:59-04:00
Walmart,8120547,ARCTIC ZONE Insulated lunch box Combo,13.97,2026-09-03T00:00:00-04:00,2026-09-09T23:59:59-04:00
Walmart,8120547,Mainstays 0.7 cu ft microwave,69.97,2026-09-03T00:00:00-04:00,2026-09-09T23:59:59-04:00
Walmart,8120547,Apple Watch SE 3 GPS 40 mm,299.95,2026-09-03T00:00:00-04:00,2026-09-09T23:59:59-04:00
Walmart,8120547,Revolution Nutrition Iso Whey protein powder,40.47,2026-09-03T00:00:00-04:00,2026-09-09T23:59:59-04:00
Walmart,8120547,Beneful Original dry dog food,39.98,2026-09-03T00:00:00-04:00,2026-09-09T23:59:59-04:00
Walmart,8120547,Activia probiotic drinkable yogurt,4.47,2026-09-03T00:00:00-04:00,2026-09-09T23:59:59-04:00
Walmart,8120547,Maple Leaf Prime breaded chicken portions,10.77,2026-09-03T00:00:00-04:00,2026-09-09T23:59:59-04:00
Walmart,8120547,Frito-Lay snacks 16-pack,8.87,2026-09-03T00:00:00-04:00,2026-09-09T23:59:59-04:00
Walmart,8120547,Knorr Sidekicks,1.77,2026-09-03T00:00:00-04:00,2026-09-09T23:59:59-04:00
Walmart,8120547,Kendamil organic powder infant formula,49.97,2026-09-03T00:00:00-04:00,2026-09-09T23:59:59-04:00
Walmart,8120547,Ol' Roy dry dog food,27.98,2026-09-03T00:00:00-04:00,2026-09-09T23:59:59-04:00
Walmart,8120547,Pillsbury Toaster Strudel pastries,2.97,2026-09-03T00:00:00-04:00,2026-09-09T23:59:59-04:00
Walmart,8120547,Graco NimbleLite stroller,180.0,2026-09-03T00:00:00-04:00,2026-09-09T23:59:59-04:00
Walmart,8120547,Knorr Sidekicks,1.77,2026-09-03T00:00:00-04:00,2026-09-09T23:59:59-04:00
Walmart,8120547,Fancy Feast wet cat food multi-pack,10.74,2026-09-03T00:00:00-04:00,2026-09-09T23:59:59-04:00
Walmart,8120547,Gatorade,1.47,2026-09-03T00:00:00-04:00,2026-09-09T23:59:59-04:00
Walmart,8120547,Febreze Air or bathroom air freshener 2-pack,6.97,2026-09-03T00:00:00-04:00,2026-09-09T23:59:59-04:00
Walmart,8120547,Purina Tidy Cats LightWeight clumping cat litter,19.88,2026-09-03T00:00:00-04:00,2026-09-09T23:59:59-04:00
Walmart,8120547,Swiffer Duster or Sweeper refills,15.97,2026-09-03T00:00:00-04:00,2026-09-09T23:59:59-04:00
Walmart,8120547,Finish Quantum Ultramax 60s,19.97,2026-09-03T00:00:00-04:00,2026-09-09T23:59:59-04:00
Walmart,8120547,Colgate SlimSoft charcoal toothbrush,3.97,2026-09-03T00:00:00-04:00,2026-09-09T23:59:59-04:00
Walmart,8120547,Great Value regular black garbage bags,9.97,2026-09-03T00:00:00-04:00,2026-09-09T23:59:59-04:00
Walmart,8120547,Fleecy fabric softener,11.97,2026-09-03T00:00:00-04:00,2026-09-09T23:59:59-04:00
Walmart,8120547,Nivea roll-on deodorant or body wash,3.28,2026-09-03T00:00:00-04:00,2026-09-09T23:59:59-04:00
Walmart,8120547,Pure Protein bars,11.47,2026-09-03T00:00:00-04:00,2026-09-09T23:59:59-04:00
Walmart,8120547,Parent's Choice organic baby food puree,5.97,2026-09-03T00:00:00-04:00,2026-09-09T23:59:59-04:00
Walmart,8120547,Friskies Lil' Soups cat treats variety pack,20.97,2026-09-03T00:00:00-04:00,2026-09-09T23:59:59-04:00
Walmart,8120547,Listerine Clinical Solutions mouthwash,9.27,2026-09-03T00:00:00-04:00,2026-09-09T23:59:59-04:00
Walmart,8120547,Maple Leaf fresh chicken drumsticks or thighs value pack,3.38,2026-09-03T00:00:00-04:00,2026-09-09T23:59:59-04:00
Walmart,8120547,Dempster's grain bread,2.98,2026-09-03T00:00:00-04:00,2026-09-09T23:59:59-04:00
Walmart,8120547,Aquamar surimi flakes or sticks,3.48,2026-09-03T00:00:00-04:00,2026-09-09T23:59:59-04:00
Walmart,8120547,Your Fresh Market™ sliced bread,3.47,2026-09-03T00:00:00-04:00,2026-09-09T23:59:59-04:00
Walmart,8120547,Chapman's Li'l Lolly,5.47,2026-09-03T00:00:00-04:00,2026-09-09T23:59:59-04:00
Walmart,8120547,Sour Patch Kids candy,3.98,2026-09-03T00:00:00-04:00,2026-09-09T23:59:59-04:00
Walmart,8120547,Hereford corned beef,3.47,2026-09-03T00:00:00-04:00,2026-09-09T23:59:59-04:00
Walmart,8120547,Our Finest appetizers or meatballs,12.84,2026-09-03T00:00:00-04:00,2026-09-09T23:59:59-04:00
Walmart,8120547,Minute Maid drinks or lemonade,2.44,2026-09-03T00:00:00-04:00,2026-09-09T23:59:59-04:00
Walmart,8120547,Millie Moon Luxury Super Pack Diapers,24.98,2026-09-03T00:00:00-04:00,2026-09-09T23:59:59-04:00
Walmart,8120547,VH sauce,3.18,2026-09-03T00:00:00-04:00,2026-09-09T23:59:59-04:00
Walmart,8120547,Goldfish Halloween crackers,9.98,2026-09-03T00:00:00-04:00,2026-09-09T23:59:59-04:00
Walmart,8120547,Gatorade,1.47,2026-09-03T00:00:00-04:00,2026-09-09T23:59:59-04:00
Walmart,8120547,Enfamil A+ NeuroPro or NeuroPro Gentlease powder formula,49.97,2026-09-03T00:00:00-04:00,2026-09-09T23:59:59-04:00
Walmart,8120547,Haribo candy,2.48,2026-09-03T00:00:00-04:00,2026-09-09T23:59:59-04:00
Walmart,8120547,IAMS dry cat food,19.77,2026-09-03T00:00:00-04:00,2026-09-09T23:59:59-04:00
Walmart,8120547,Fancy Feast wet cat food multi-pack,10.74,2026-09-03T00:00:00-04:00,2026-09-09T23:59:59-04:00
Walmart,8120547,Swiss Chalet pies,8.98,2026-09-03T00:00:00-04:00,2026-09-09T23:59:59-04:00
Walmart,8120547,Frito-Lay snacks 16-pack,8.87,2026-09-03T00:00:00-04:00,2026-09-09T23:59:59-04:00
Walmart,8120547,Huggies Pull-Ups superpack training pants,28.78,2026-09-03T00:00:00-04:00,2026-09-09T23:59:59-04:00
Walmart,8120547,Millie Moon Luxury super pack diapers,24.98,2026-09-03T00:00:00-04:00,2026-09-09T23:59:59-04:00
Walmart,8120547,Ol'Roy dry dog food,27.98,2026-09-03T00:00:00-04:00,2026-09-09T23:59:59-04:00
Walmart,8120547,Purina ONE dry dog food,28.63,2026-09-03T00:00:00-04:00,2026-09-09T23:59:59-04:00
Walmart,8120547,Dr. Squatch natural men's P deodorant,16.97,2026-09-03T00:00:00-04:00,2026-09-09T23:59:59-04:00
Walmart,8120547,Charmin bathroom tissue 30 triple rolls,21.98,2026-09-03T00:00:00-04:00,2026-09-09T23:59:59-04:00
Walmart,8120547,"Great Value 8.75"" plates",13.93,2026-09-03T00:00:00-04:00,2026-09-09T23:59:59-04:00
Walmart,8120547,Dawn dish soap,11.97,2026-09-03T00:00:00-04:00,2026-09-09T23:59:59-04:00
Walmart,8120547,Nivea roll-on deodorant or body wash,3.28,2026-09-03T00:00:00-04:00,2026-09-09T23:59:59-04:00
Walmart,8120547,Kotex Ultra Thin pads or liners,10.97,2026-09-03T00:00:00-04:00,2026-09-09T23:59:59-04:00
Walmart,8120547,Kids' or toddlers' licensed shoes,29.97,2026-09-03T00:00:00-04:00,2026-09-09T23:59:59-04:00
Walmart,8120547,Children's Tylenol fever & pain liquid,9.24,2026-09-03T00:00:00-04:00,2026-09-09T23:59:59-04:00
Walmart,8120547,Large insulated lunch bag,16.97,2026-09-03T00:00:00-04:00,2026-09-09T23:59:59-04:00
Walmart,8120547,BIC 4-Colour retractable ball pens 3-pack,7.98,2026-09-03T00:00:00-04:00,2026-09-09T23:59:59-04:00
Walmart,8120547,MAINSTAYS Blackout curtain panels 2-pack,21.97,2026-09-03T00:00:00-04:00,2026-09-09T23:59:59-04:00
Walmart,8120547,Adults' sneakers,15.0,2026-09-03T00:00:00-04:00,2026-09-09T23:59:59-04:00
Walmart,8120547,Selected stationery,3.0,2026-09-03T00:00:00-04:00,2026-09-09T23:59:59-04:00
Walmart,8120547,Pen+Gear Binders,4.97,2026-09-03T00:00:00-04:00,2026-09-09T23:59:59-04:00
Walmart,8120547,EcoTank ET-2803 wireless printer,199.98,2026-09-03T00:00:00-04:00,2026-09-09T23:59:59-04:00
Walmart,8120547,Jetstream backpacks,19.97,2026-09-03T00:00:00-04:00,2026-09-09T23:59:59-04:00
Walmart,8120547,"KPop Demon Hunters pencil cases, notebooks or journals",7.97,2026-09-03T00:00:00-04:00,2026-09-09T23:59:59-04:00
Walmart,8120547,"Ziploc snack, sandwich or freezer bags",4.48,2026-09-03T00:00:00-04:00,2026-09-09T23:59:59-04:00
Walmart,8120547,Sunlight liquid laundry detergent,9.97,2026-09-03T00:00:00-04:00,2026-09-09T23:59:59-04:00
Walmart,8120547,Scrubbing Bubbles multi-purpose cleaners,4.47,2026-09-03T00:00:00-04:00,2026-09-09T23:59:59-04:00
Walmart,8120547,Dawn dish soap,11.97,2026-09-03T00:00:00-04:00,2026-09-09T23:59:59-04:00
Walmart,8120547,Royale facial tissue,19.97,2026-09-03T00:00:00-04:00,2026-09-09T23:59:59-04:00
Walmart,8120547,Paper Mate InkJoy gel pens 14-pack,15.98,2026-09-03T00:00:00-04:00,2026-09-09T23:59:59-04:00
Walmart,8120547,"75"" 4K UHD HDR Roku Smart TV",698.0,2026-09-03T00:00:00-04:00,2026-09-09T23:59:59-04:00
Walmart,8120547,Nexium 24HR acid reducer,14.98,2026-09-03T00:00:00-04:00,2026-09-09T23:59:59-04:00
Walmart,8120547,Always Flexfoam pads,10.98,2026-09-03T00:00:00-04:00,2026-09-09T23:59:59-04:00
Walmart,8120547,AirPods Pro 3,279.0,2026-09-03T00:00:00-04:00,2026-09-09T23:59:59-04:00
Walmart,8120547,"50"" UA7500 4K Smart TV",398.0,2026-09-03T00:00:00-04:00,2026-09-09T23:59:59-04:00
Walmart,8120547,L'Oréal Paris Hair Expertise Hyaluron Plump shampoo,11.56,2026-09-03T00:00:00-04:00,2026-09-09T23:59:59-04:00
Walmart,8120547,Jamieson omega-3-6-9 supplements,21.47,2026-09-03T00:00:00-04:00,2026-09-09T23:59:59-04:00
Walmart,8120547,Children's Tylenol fever & pain liquid,9.24,2026-09-03T00:00:00-04:00,2026-09-09T23:59:59-04:00
Walmart,8120547,80-Page 1-subject notebook,0.48,2026-09-03T00:00:00-04:00,2026-09-09T23:59:59-04:00
Walmart,8120547,Elmer's Glue-All multi-purpose glue 225 mL or Glue sticks 2 x 15 g,2.0,2026-09-03T00:00:00-04:00,2026-09-09T23:59:59-04:00
Walmart,8120547,"Samsung Galaxy Book6 14"" laptop",1498.0,2026-09-03T00:00:00-04:00,2026-09-09T23:59:59-04:00
Walmart,8120547,Licensed backpack and lunchbox set,19.97,2026-09-03T00:00:00-04:00,2026-09-09T23:59:59-04:00
Walmart,8120547,500 mL Canning jars,14.97,2026-09-03T00:00:00-04:00,2026-09-09T23:59:59-04:00
Walmart,8120547,KPop stationary,12.97,2026-09-03T00:00:00-04:00,2026-09-09T23:59:59-04:00
Walmart,8120547,Jetstream Backpacks,19.97,2026-09-03T00:00:00-04:00,2026-09-09T23:59:59-04:00
Walmart,8120547,Selected stationery,3.0,2026-09-03T00:00:00-04:00,2026-09-09T23:59:59-04:00
Walmart,8120547,Wood pencils 24-pack,1.0,2026-09-03T00:00:00-04:00,2026-09-09T23:59:59-04:00
Walmart,8120547,"Chromebook 311 11.6"" laptop",269.98,2026-09-03T00:00:00-04:00,2026-09-09T23:59:59-04:00
Walmart,8120547,4-Piece backpack set,16.97,2026-09-03T00:00:00-04:00,2026-09-09T23:59:59-04:00
Walmart,8120547,KPop stationary,12.97,2026-09-03T00:00:00-04:00,2026-09-09T23:59:59-04:00
Walmart,8120547,"Asus Chromebook Laptop 14""",279.98,2026-09-03T00:00:00-04:00,2026-09-09T23:59:59-04:00
Walmart,8120547,HP Envy 6152E all-in-one printer,79.98,2026-09-03T00:00:00-04:00,2026-09-09T23:59:59-04:00
Walmart,8120547,Canon PIXMA TR4725 inkjet print,59.98,2026-09-03T00:00:00-04:00,2026-09-09T23:59:59-04:00
Walmart,8120547,Canon PIXMA TS3720 wireless all-in-one printer,47.98,2026-09-03T00:00:00-04:00,2026-09-09T23:59:59-04:00
Walmart,8120547,Logitech wireless keyboard and mouse,29.98,2026-09-03T00:00:00-04:00,2026-09-09T23:59:59-04:00
Walmart,8120547,"onn. 8"" Tablet (2026)",169.98,2026-09-03T00:00:00-04:00,2026-09-09T23:59:59-04:00
Walmart,8120547,KPop stationary,12.97,2026-09-03T00:00:00-04:00,2026-09-09T23:59:59-04:00
Walmart,8120547,Paper Mate InkJoy gel pens 14-pack or Flair! felt-tip pens 24-pack,15.98,2026-09-03T00:00:00-04:00,2026-09-09T23:59:59-04:00
Walmart,8120547,Crayola 64ct Crayons,2.0,2026-09-03T00:00:00-04:00,2026-09-09T23:59:59-04:00
Walmart,8120547,Crayola Clicks retractable markers,9.97,2026-09-03T00:00:00-04:00,2026-09-09T23:59:59-04:00
Walmart,8120547,Crayola 20ct washable Super Tips markers,2.0,2026-09-03T00:00:00-04:00,2026-09-09T23:59:59-04:00
Walmart,8120547,KPop Demon Hunters notebooks,7.97,2026-09-03T00:00:00-04:00,2026-09-09T23:59:59-04:00
Walmart,8120547,Licensed pencil boxes,11.98,2026-09-03T00:00:00-04:00,2026-09-09T23:59:59-04:00
Walmart,8120547,Pen+Gear school list kit,16.98,2026-09-03T00:00:00-04:00,2026-09-09T23:59:59-04:00
Walmart,8120547,Scosche 20W USB-C wall charger,24.98,2026-09-03T00:00:00-04:00,2026-09-09T23:59:59-04:00
Walmart,8120547,"Gateway (by Acer) Chromebook laptop 14""",349.98,2026-09-03T00:00:00-04:00,2026-09-09T23:59:59-04:00
Walmart,8120547,"Acer 15.6"" Aspire Lite FHD IPS laptop",399.98,2026-09-03T00:00:00-04:00,2026-09-09T23:59:59-04:00
Walmart,8120547,HP M11OW Laser printer,99.98,2026-09-03T00:00:00-04:00,2026-09-09T23:59:59-04:00
Walmart,8120547,Canon imageCLASS MF3010 laser printer,99.98,2026-09-03T00:00:00-04:00,2026-09-09T23:59:59-04:00
Walmart,8120547,GO Wireless Bluetooth mouse,12.98,2026-09-03T00:00:00-04:00,2026-09-09T23:59:59-04:00
Walmart,8120547,JLab JBuddies Studio 2 wired headphones,14.98,2026-09-03T00:00:00-04:00,2026-09-09T23:59:59-04:00
Walmart,8120547,"onn. 11"" Tablet (2026)",199.98,2026-09-03T00:00:00-04:00,2026-09-09T23:59:59-04:00
Walmart,8120547,"Acer Iconia A10 Gen2 10.1"" Tablet",179.98,2026-09-03T00:00:00-04:00,2026-09-09T23:59:59-04:00
Walmart,8120547,Arctic Zone Uptown tote lunch bag,14.97,2026-09-03T00:00:00-04:00,2026-09-09T23:59:59-04:00
Walmart,8120547,Arctic Zone Uptown tote lunch bag,14.97,2026-09-03T00:00:00-04:00,2026-09-09T23:59:59-04:00
Walmart,8120547,Starfrit Lock&Lock Easy Match food storage containers,6.97,2026-09-03T00:00:00-04:00,2026-09-09T23:59:59-04:00
Walmart,8120547,Sistema food storage containers,9.97,2026-09-03T00:00:00-04:00,2026-09-09T23:59:59-04:00
Walmart,8120547,Great Value sandwich bags,2.74,2026-09-03T00:00:00-04:00,2026-09-09T23:59:59-04:00
Walmart,8120547,Fanta Orange Pop,3.97,2026-09-03T00:00:00-04:00,2026-09-09T23:59:59-04:00
Walmart,8120547,OREO Bubble Tea cookies,2.48,2026-09-03T00:00:00-04:00,2026-09-09T23:59:59-04:00
Walmart,8120547,Nutella biscuits 276 g,6.67,2026-09-03T00:00:00-04:00,2026-09-09T23:59:59-04:00
Walmart,8120547,Skross backpack,34.97,2026-09-03T00:00:00-04:00,2026-09-09T23:59:59-04:00
Walmart,8120547,Steve Madden backpack,34.97,2026-09-03T00:00:00-04:00,2026-09-09T23:59:59-04:00
Walmart,8120547,Jetstream 3-Piece backpack set,24.97,2026-09-03T00:00:00-04:00,2026-09-09T23:59:59-04:00
Walmart,8120547,Dome lunchbag,15.97,2026-09-03T00:00:00-04:00,2026-09-09T23:59:59-04:00
Walmart,8120547,Dual-compartment lunch bag,16.97,2026-09-03T00:00:00-04:00,2026-09-09T23:59:59-04:00
Walmart,8120547,Skross backpack,34.97,2026-09-03T00:00:00-04:00,2026-09-09T23:59:59-04:00
Walmart,8120547,Licensed lunch bag,11.97,2026-09-03T00:00:00-04:00,2026-09-09T23:59:59-04:00
Walmart,8120547,Cool Gear 24-oz. plastic bottle,6.98,2026-09-03T00:00:00-04:00,2026-09-09T23:59:59-04:00
Walmart,8120547,Cool Gear 24-oz. plastic bottle,6.98,2026-09-03T00:00:00-04:00,2026-09-09T23:59:59-04:00
Walmart,8120547,Starfrit Lock&Lock Easy Match food storage containers,6.97,2026-09-03T00:00:00-04:00,2026-09-09T23:59:59-04:00
Walmart,8120547,Great Value sandwich bags,2.74,2026-09-03T00:00:00-04:00,2026-09-09T23:59:59-04:00
Walmart,8120547,Great Value zippers freezer bags,4.94,2026-09-03T00:00:00-04:00,2026-09-09T23:59:59-04:00
Walmart,8120547,Great Value zipper seal freezer bags,4.94,2026-09-03T00:00:00-04:00,2026-09-09T23:59:59-04:00
Walmart,8120547,Coca-Cola or Coke Zero Pop,2.87,2026-09-03T00:00:00-04:00,2026-09-09T23:59:59-04:00
Walmart,8120547,Snack Pack puddings,1.98,2026-09-03T00:00:00-04:00,2026-09-09T23:59:59-04:00
Walmart,8120547,OREO Original or Bubble Tea cookies,2.48,2026-09-03T00:00:00-04:00,2026-09-09T23:59:59-04:00
Walmart,8120547,Zevia Orange Creamsicle soda,6.48,2026-09-03T00:00:00-04:00,2026-09-09T23:59:59-04:00
Walmart,8120547,Kinder Chocolate,1.98,2026-09-03T00:00:00-04:00,2026-09-09T23:59:59-04:00
Walmart,8120547,Reese's Big Cup stuffed with Pieces King,2.18,2026-09-03T00:00:00-04:00,2026-09-09T23:59:59-04:00
Walmart,8120547,Swanson lasagna frozen entrees,4.97,2026-09-03T00:00:00-04:00,2026-09-09T23:59:59-04:00
Walmart,8120547,Oasis beverages or juice boxes,3.47,2026-09-03T00:00:00-04:00,2026-09-09T23:59:59-04:00
Walmart,8120547,Hellmann's mayonnaise type dressing,3.77,2026-09-03T00:00:00-04:00,2026-09-09T23:59:59-04:00
Walmart,8120547,Nature's Path EnviroKidz Organic Koala Crisp,9.42,2026-09-03T00:00:00-04:00,2026-09-09T23:59:59-04:00
Walmart,8120547,Nature's Path Love Crunch organic protein chocolate and almond butter or strawberry cheesecake granola,5.98,2026-09-03T00:00:00-04:00,2026-09-09T23:59:59-04:00
Walmart,8120547,Healthy Choice Simply Steamers frozen entrees,4.97,2026-09-03T00:00:00-04:00,2026-09-09T23:59:59-04:00
Walmart,8120547,Fuze mango & pineapple iced tea,8.47,2026-09-03T00:00:00-04:00,2026-09-09T23:59:59-04:00
Walmart,8120547,Kinder Surprise® 3-pack,5.48,2026-09-03T00:00:00-04:00,2026-09-09T23:59:59-04:00
Walmart,8120547,Nutella B-ready bars,10.47,2026-09-03T00:00:00-04:00,2026-09-09T23:59:59-04:00
Walmart,8120547,Fuze raspberry iced tea,2.77,2026-09-03T00:00:00-04:00,2026-09-09T23:59:59-04:00
Walmart,8120547,Natrel lactose free ice cream,5.48,2026-09-03T00:00:00-04:00,2026-09-09T23:59:59-04:00
Walmart,8120547,Natrel chocolate milk,4.44,2026-09-03T00:00:00-04:00,2026-09-09T23:59:59-04:00
Walmart,8120547,Reese's Pieces candy 185 g,5.98,2026-09-03T00:00:00-04:00,2026-09-09T23:59:59-04:00
Walmart,8120547,Natrel raspberry ice cream mochi,5.48,2026-09-03T00:00:00-04:00,2026-09-09T23:59:59-04:00
Walmart,8120547,Nutella peanut 725 g,8.47,2026-09-03T00:00:00-04:00,2026-09-09T23:59:59-04:00
Walmart,8120547,Fuze iced tea,8.47,2026-09-03T00:00:00-04:00,2026-09-09T23:59:59-04:00
Walmart,8120547,Oasis ready-to-drink-smoothies,6.98,2026-09-03T00:00:00-04:00,2026-09-09T23:59:59-04:00
Walmart,8120547,Nature's Path Love Crunch organic protein chocolate,5.98,2026-09-03T00:00:00-04:00,2026-09-09T23:59:59-04:00
Walmart,8120547,Yoplait Tubes yogurt,2.47,2026-09-03T00:00:00-04:00,2026-09-09T23:59:59-04:00
Walmart,8120547,Natrel lactose free milk,5.96,2026-09-03T00:00:00-04:00,2026-09-09T23:59:59-04:00
Walmart,8120547,Healthy Choice Simply Steamers frozen entrees,4.97,2026-09-03T00:00:00-04:00,2026-09-09T23:59:59-04:00
Walmart,8120547,Hellmann's mayonnaise type dressing 325 mL - 340 mL,3.77,2026-09-03T00:00:00-04:00,2026-09-09T23:59:59-04:00
Walmart,8120547,Swanson lasagna or sweet & sour chicken frozen entrees,4.97,2026-09-03T00:00:00-04:00,2026-09-09T23:59:59-04:00
Walmart,8120547,Pogo Original,12.97,2026-09-03T00:00:00-04:00,2026-09-09T23:59:59-04:00
Walmart,8120547,Swanson fettuccini Alfredo or cheesy rice with broccoli & chicken frozen entrees,4.97,2026-09-03T00:00:00-04:00,2026-09-09T23:59:59-04:00
Walmart,8120547,Sterilite 3-drawer wide cart,39.97,2026-09-03T00:00:00-04:00,2026-09-09T23:59:59-04:00
Walmart,8120547,Lysol disinfecting wipes 75s,6.47,2026-09-03T00:00:00-04:00,2026-09-09T23:59:59-04:00
Walmart,8120547,Sterilite 3-drawer medium cart,21.97,2026-09-03T00:00:00-04:00,2026-09-09T23:59:59-04:00
Walmart,8120547,Lysol all-purpose cleaner 950 mL,6.47,2026-09-03T00:00:00-04:00,2026-09-09T23:59:59-04:00
Walmart,8120547,School backpack,6.97,2026-09-03T00:00:00-04:00,2026-09-09T23:59:59-04:00
Walmart,8120547,18-oz. Ranger coffee travel mug,12.97,2026-09-03T00:00:00-04:00,2026-09-09T23:59:59-04:00
Walmart,8120547,Ninja 4-QT Air Fryer,99.98,2026-09-03T00:00:00-04:00,2026-09-09T23:59:59-04:00
Walmart,8120547,Mainstays 1.7 L Glass or Stainless steel kettle,24.88,2026-09-03T00:00:00-04:00,2026-09-09T23:59:59-04:00
Walmart,8120547,"24"" Rock Creek mountain bike",148.0,2026-09-03T00:00:00-04:00,2026-09-09T23:59:59-04:00
Walmart,8120547,Premier Protein café latte shakes,33.97,2026-09-03T00:00:00-04:00,2026-09-09T23:59:59-04:00
Walmart,8120547,Hyper 37V Phil folding electric scooter,298.0,2026-09-03T00:00:00-04:00,2026-09-09T23:59:59-04:00
Walmart,8120547,Vega protein shake 4-pack,14.97,2026-09-03T00:00:00-04:00,2026-09-09T23:59:59-04:00
Walmart,8120547,"5th Wheel WLB17 adults' 26"" electric bike",519.99,2026-09-03T00:00:00-04:00,2026-09-09T23:59:59-04:00
Walmart,8120547,Premier Protein Al'mazing vanilla,12.97,2026-09-03T00:00:00-04:00,2026-09-09T23:59:59-04:00
Walmart,8120547,Premier Protein Al'mazing vanilla or coffee non-dairy shakes,12.97,2026-09-03T00:00:00-04:00,2026-09-09T23:59:59-04:00
Walmart,8120547,Huffy Capitol cruiser bike,198.0,2026-09-03T00:00:00-04:00,2026-09-09T23:59:59-04:00
Walmart,8120547,"Phoenix adults' 27.5"" electric bike",698.0,2026-09-03T00:00:00-04:00,2026-09-09T23:59:59-04:00
Walmart,8120547,neatfreak! basic hangers,2.97,2026-09-03T00:00:00-04:00,2026-09-09T23:59:59-04:00
Walmart,8120547,Mainstays 6-cube storage organizer,39.97,2026-09-03T00:00:00-04:00,2026-09-09T23:59:59-04:00
Walmart,8120547,Downy Unstopables scent booster,18.97,2026-09-03T00:00:00-04:00,2026-09-09T23:59:59-04:00
Walmart,8120547,Lysol wipes 75s - or all-purpose cleaner 950 mL,6.47,2026-09-03T00:00:00-04:00,2026-09-09T23:59:59-04:00
Walmart,8120547,Lysol all-purpose cleaner 950 mL,6.47,2026-09-03T00:00:00-04:00,2026-09-09T23:59:59-04:00
Walmart,8120547,Schoolyard vibes backpack 3-piece set,29.97,2026-09-03T00:00:00-04:00,2026-09-09T23:59:59-04:00
Walmart,8120547,Contigo 24-oz. Stainless steel water bottle,19.97,2026-09-03T00:00:00-04:00,2026-09-09T23:59:59-04:00
Walmart,8120547,"Hamilton Beach 3.3 Black, Single Door Fridge",119.97,2026-09-03T00:00:00-04:00,2026-09-09T23:59:59-04:00
Walmart,8120547,Mainstays Single-serve coffee maker,34.98,2026-09-03T00:00:00-04:00,2026-09-09T23:59:59-04:00
Walmart,8120547,Heys Kids' licensed lunch bag,11.97,2026-09-03T00:00:00-04:00,2026-09-09T23:59:59-04:00
Walmart,8120547,Mainstays 22-qt. Air Fryer,39.98,2026-09-03T00:00:00-04:00,2026-09-09T23:59:59-04:00
Walmart,8120547,G Hughes no sugar added marinade,6.77,2026-09-03T00:00:00-04:00,2026-09-09T23:59:59-04:00
Walmart,8120547,EcoTank ET-2803 wireless printer,206.73,2026-09-03T00:00:00-04:00,2026-09-09T23:59:59-04:00
Walmart,8120547,Advil Liqui-Gels value pack,24.63,2026-09-03T00:00:00-04:00,2026-09-09T23:59:59-04:00
Walmart,8120547,Advil Liqui-Gels,13.83,2026-09-03T00:00:00-04:00,2026-09-09T23:59:59-04:00
Walmart,8120547,Listerine mouthwash Each. Selected varieties. 1 L.,4.98,2026-09-03T00:00:00-04:00,2026-09-09T23:59:59-04:00
Walmart,8120547,Listerine Clinical Solutions Mouthwash,9.27,2026-09-03T00:00:00-04:00,2026-09-09T23:59:59-04:00
Walmart,8120547,Smucker's Strawberry Spread,5.77,2026-09-03T00:00:00-04:00,2026-09-09T23:59:59-04:00
Walmart,8120547,Parent's Choice baby wipes,19.94,2026-09-03T00:00:00-04:00,2026-09-09T23:59:59-04:00
Walmart,8120547,Rascals premium superpack diapers,21.88,2026-09-03T00:00:00-04:00,2026-09-09T23:59:59-04:00
Walmart,8120547,Rascals premium superpack diapers,21.88,2026-09-03T00:00:00-04:00,2026-09-09T23:59:59-04:00
Walmart,8120547,Dempster's Protein bagels,3.98,2026-09-03T00:00:00-04:00,2026-09-09T23:59:59-04:00
Walmart,8120547,Advil Plus Acetaminophen,12.37,2026-09-03T00:00:00-04:00,2026-09-09T23:59:59-04:00
Walmart,8120547,Smucker's Strawberry Spread or Grape Jelly3,5.77,2026-09-03T00:00:00-04:00,2026-09-09T23:59:59-04:00
Walmart,8120547,Precise Pain Relief Cream from the makers of Tylenol,16.34,2026-09-03T00:00:00-04:00,2026-09-09T23:59:59-04:00
Walmart,8120547,Dreamtime MAX Comfort 2-in-1 booster car seat,55.97,2026-09-03T00:00:00-04:00,2026-09-09T23:59:59-04:00
Walmart,8120547,Parent's Choice 9-oz. baby bottle,2.94,2026-09-03T00:00:00-04:00,2026-09-09T23:59:59-04:00
Walmart,8120547,Parents Choice Pediatric Nutritional Supplement,10.97,2026-09-03T00:00:00-04:00,2026-09-09T23:59:59-04:00
Walmart,8120547,Parent's Choice milk-based infant formula powder,26.94,2026-09-03T00:00:00-04:00,2026-09-09T23:59:59-04:00
Walmart,8120547,Graco NimbleLite stroller,180.0,2026-09-03T00:00:00-04:00,2026-09-09T23:59:59-04:00
Walmart,8120547,Parent's Choice Yogurt Bites,3.98,2026-09-03T00:00:00-04:00,2026-09-09T23:59:59-04:00
Walmart,8120547,Parent's Choice 100% organic pouches,1.17,2026-09-03T00:00:00-04:00,2026-09-09T23:59:59-04:00
Walmart,8120547,Parent's Choice yogurt bites,3.98,2026-09-03T00:00:00-04:00,2026-09-09T23:59:59-04:00
Walmart,8120547,Parent's Choice suction bowls 2-pack or plate,7.44,2026-09-03T00:00:00-04:00,2026-09-09T23:59:59-04:00
Walmart,8120547,Parent's Choice organic baby food puree,5.97,2026-09-03T00:00:00-04:00,2026-09-09T23:59:59-04:00
Walmart,8120547,Premier Protein shakes,33.97,2026-09-03T00:00:00-04:00,2026-09-09T23:59:59-04:00
Walmart,8120547,Premier Protein shakes,33.97,2026-09-03T00:00:00-04:00,2026-09-09T23:59:59-04:00
Walmart,8120547,JBuds wireless keyboard,40.48,2026-09-03T00:00:00-04:00,2026-09-09T23:59:59-04:00
Walmart,8120547,HL-L2420DW Wireless laser printer,186.73,2026-09-03T00:00:00-04:00,2026-09-09T23:59:59-04:00
Walmart,8120547,USB Type-C multimedia hub and card reader with HDMI,19.98,2026-09-03T00:00:00-04:00,2026-09-09T23:59:59-04:00
Walmart,8120547,VoltaCare cooling pain relieving cream,14.47,2026-09-03T00:00:00-04:00,2026-09-09T23:59:59-04:00
Walmart,8120547,Voltaren Emulgel Extra Strength pain relieving gel,14.14,2026-09-03T00:00:00-04:00,2026-09-09T23:59:59-04:00
Walmart,8120547,Listerine Mouthwash,4.98,2026-09-03T00:00:00-04:00,2026-09-09T23:59:59-04:00
Walmart,8120547,Vibrant Life round dreamer small dog bed,29.98,2026-09-03T00:00:00-04:00,2026-09-09T23:59:59-04:00
Walmart,8120547,Pure Balance dog treats,19.97,2026-09-03T00:00:00-04:00,2026-09-09T23:59:59-04:00
Walmart,8120547,Parents Choice 9 oz. Tinted Baby Bottles,7.44,2026-09-03T00:00:00-04:00,2026-09-09T23:59:59-04:00
Walmart,8120547,Parent'SChoice pediatric nutritional supplement,10.97,2026-09-03T00:00:00-04:00,2026-09-09T23:59:59-04:00
Walmart,8120547,Parent's Choice baby wipes,19.94,2026-09-03T00:00:00-04:00,2026-09-09T23:59:59-04:00
Walmart,8120547,Parent's Choice training pants,24.94,2026-09-03T00:00:00-04:00,2026-09-09T23:59:59-04:00
Walmart,8120547,Premier Protein shakes,11.67,2026-09-03T00:00:00-04:00,2026-09-09T23:59:59-04:00
Walmart,8120547,Listerine PocketPaks breath strips,7.93,2026-09-03T00:00:00-04:00,2026-09-09T23:59:59-04:00
Walmart,8120547,Infants' Tylenol Drops 24 mL or Children's Tylenol Chewables 20s,9.24,2026-09-03T00:00:00-04:00,2026-09-09T23:59:59-04:00
Walmart,8120547,Ingenuity InLighten Twinkle Tails Bouncer,84.97,2026-09-03T00:00:00-04:00,2026-09-09T23:59:59-04:00
Walmart,8120547,Parent's Choice training pants,24.94,2026-09-03T00:00:00-04:00,2026-09-09T23:59:59-04:00
Walmart,8120547,Mid-Day Squares,7.97,2026-09-03T00:00:00-04:00,2026-09-09T23:59:59-04:00
Walmart,8120547,Sharpie original 12-pack or Mystic Gems fine-point 14-pack permanent markers,7.98,2026-09-03T00:00:00-04:00,2026-09-09T23:59:59-04:00
Walmart,8120547,"Chefman Countertop Microwave Oven 0.7 Cu. Ft., 700 Watts with 3 Presets and 10 Power Levels - Black",109.99,2026-09-03T00:00:00-04:00,2026-09-09T23:59:59-04:00
Walmart,8120547,"Gyrocopters Zeno 2.0 Electric Scooter | 32 km/h Max Speed | Up to 40 km Range | UL2272 Approved | 500W Motor (Peak Power) |Shock-Absorbing Adjustable Seat | Anti-Theft GPS | All-Terrain 14"" Tires",445.96,2026-09-03T00:00:00-04:00,2026-09-09T23:59:59-04:00
Walmart,8120547,Splenda monk fruit granulated sweetener,11.97,2026-09-03T00:00:00-04:00,2026-09-09T23:59:59-04:00
Walmart,8120547,BioSteel protein ready-to-drink milkshakes,12.48,2026-09-03T00:00:00-04:00,2026-09-09T23:59:59-04:00
Walmart,8120547,Voltaren Emulgel Joint Pain or Back & Muscle pain relieving gel,14.14,2026-09-03T00:00:00-04:00,2026-09-09T23:59:59-04:00
Walmart,8120547,Listerine mouthwash,10.48,2026-09-03T00:00:00-04:00,2026-09-09T23:59:59-04:00
Walmart,8120547,Pure Balance dog treats,19.97,2026-09-03T00:00:00-04:00,2026-09-09T23:59:59-04:00
Walmart,8120547,Tylenol Extra Strength,16.34,2026-09-03T00:00:00-04:00,2026-09-09T23:59:59-04:00
Walmart,8120547,Great Value bathroom tissue,19.94,2026-09-03T00:00:00-04:00,2026-09-09T23:59:59-04:00
Walmart,8120547,Great Value spices,4.47,2026-09-03T00:00:00-04:00,2026-09-09T23:59:59-04:00
Walmart,8120547,Equate high protein meal replacement shakes,24.97,2026-09-03T00:00:00-04:00,2026-09-09T23:59:59-04:00
Walmart,8120547,Pen+Gear laminator,24.97,2026-09-03T00:00:00-04:00,2026-09-09T23:59:59-04:00
Walmart,8120547,Pen+Gear scientific calculator,14.98,2026-09-03T00:00:00-04:00,2026-09-09T23:59:59-04:00
Walmart,8120547,Expo dry erase markers 8-pack,11.48,2026-09-03T00:00:00-04:00,2026-09-09T23:59:59-04:00
Walmart,8120547,Uni Posca PC 5M Water Based Pain Markers,23.44,2026-09-03T00:00:00-04:00,2026-09-09T23:59:59-04:00
Walmart,8120547,"Naipo 4 Person 71'' Inflatable Hot Tub Spa Bubble Capacity 800L , Outdoor Portable Hottub with 110 Jets with Control Panel , Insulated Tub Cover, Temperature up to 104°F,Black",439.99,2026-09-03T00:00:00-04:00,2026-09-09T23:59:59-04:00
Walmart,8120547,"Naipo 4 Person 71'' Inflatable Hot Tub Spa Bubble Capacity 800L , Outdoor Portable Hottub with 110 Jets with Control Panel , Insulated Tub Cover, Temperature up to 104°F,Black",439.99,2026-09-03T00:00:00-04:00,2026-09-09T23:59:59-04:00
Atlantic Superstore,8115626,"BERNARDIN SNAP LIDS, 12'S",5.0,2026-09-03T00:00:00-04:00,2026-09-09T23:59:59-04:00
Atlantic Superstore,8115626,"CORE POWER, 414 ML",4.99,2026-09-03T00:00:00-04:00,2026-09-09T23:59:59-04:00
Atlantic Superstore,8115626,LEGO BRICK TROLLEY,79.0,2026-09-03T00:00:00-04:00,2026-09-09T23:59:59-04:00
Atlantic Superstore,8115626,"PC® OR BLUE MENU® 100% JUICE BLENDS OR FRUIT JUICE BEVERAGES, 8X200 ML",3.5,2026-09-03T00:00:00-04:00,2026-09-09T23:59:59-04:00
Atlantic Superstore,8115626,"AURORA EGG PASTA, 250 G OR ALPINO CONCENTRATED TOMATO PASTE, 147 ML",6.0,2026-09-03T00:00:00-04:00,2026-09-09T23:59:59-04:00
Atlantic Superstore,8115626,"PC® OR BLUE MENU® SPARKLING WATER, 12X355 ML",5.75,2026-09-03T00:00:00-04:00,2026-09-09T23:59:59-04:00
Atlantic Superstore,8115626,"SEAQUEST WHOLE TILAPIA, 1.36KG OR WHOLE POMPANO, 800G",9.0,2026-09-03T00:00:00-04:00,2026-09-09T23:59:59-04:00
Atlantic Superstore,8115626,"WHITE RABBIT CANDY, 150-180 G OR CHACHA SUNFLOWER SEEDS, 260 G",2.28,2026-09-03T00:00:00-04:00,2026-09-09T23:59:59-04:00
Atlantic Superstore,8115626,"PC® DELI CHEESE SLICES, 500 G",14.0,2026-09-03T00:00:00-04:00,2026-09-09T23:59:59-04:00
Atlantic Superstore,8115626,PC® KIDS WATER BOTTLES OR TUMBLERS,7.0,2026-09-03T00:00:00-04:00,2026-09-09T23:59:59-04:00
Atlantic Superstore,8115626,"NISSIN INSTANT NOODLES, 500 G",4.48,2026-09-03T00:00:00-04:00,2026-09-09T23:59:59-04:00
Atlantic Superstore,8115626,"FAMILY SIZE SALADS, 665-901 G",18.0,2026-09-03T00:00:00-04:00,2026-09-09T23:59:59-04:00
Atlantic Superstore,8115626,"REACTINE ALLERGY TABLETS, 25-40'S OR BENADRYL ALLERGY CAPLETS, 100'S",24.0,2026-09-03T00:00:00-04:00,2026-09-09T23:59:59-04:00
Atlantic Superstore,8115626,"FRANK'S REDHOT SAUCE, 354 ML",5.0,2026-09-03T00:00:00-04:00,2026-09-09T23:59:59-04:00
Atlantic Superstore,8115626,EVERYDAY ESSENTIALS™ METAL BAKEWARE,7.0,2026-09-03T00:00:00-04:00,2026-09-09T23:59:59-04:00
Atlantic Superstore,8115626,"PILLER'S KOLBASSA SAUSAGE, 250/375 G OR BALDERSON CHEDDAR OR GOUDA CHEESE, 170-280 G",8.0,2026-09-03T00:00:00-04:00,2026-09-09T23:59:59-04:00
Atlantic Superstore,8115626,"ENFAMIL A+ NEUROPRO OR GENTLEASE BABY FORMULA POWDER REFILLS 0-12 MONTHS, 862/890 G",65.5,2026-09-03T00:00:00-04:00,2026-09-09T23:59:59-04:00
Atlantic Superstore,8115626,"FARMER'S MARKET™ MINI CARROTS, 2 LB",4.99,2026-09-03T00:00:00-04:00,2026-09-09T23:59:59-04:00
Atlantic Superstore,8115626,"LIQUID I.V. HYDRATION MULTIPLIER, 6'S",12.5,2026-09-03T00:00:00-04:00,2026-09-09T23:59:59-04:00
Atlantic Superstore,8115626,"THERABREATH ORAL RINSE, 473 mL",11.0,2026-09-03T00:00:00-04:00,2026-09-09T23:59:59-04:00
Atlantic Superstore,8115626,"TIDE LIQUID 887 ML-1 L, PODS 9/16'S, DOWNY FABRIC SOFTENER 780 ML-1.31 L OR SCENT BOOSTERS 141 G OR BOUNCE DRYER SHEETS 40/80'S",5.0,2026-09-03T00:00:00-04:00,2026-09-09T23:59:59-04:00
Atlantic Superstore,8115626,PORK SIDE RIB PORTION,3.88,2026-09-03T00:00:00-04:00,2026-09-09T23:59:59-04:00
Atlantic Superstore,8115626,"DELVERDE PASTA, 250/450 G",2.0,2026-09-03T00:00:00-04:00,2026-09-09T23:59:59-04:00
Atlantic Superstore,8115626,"SUNGOLD KIWI, 1LB",7.0,2026-09-03T00:00:00-04:00,2026-09-09T23:59:59-04:00
Atlantic Superstore,8115626,"PC® BURGERS, 568 G",20.0,2026-09-03T00:00:00-04:00,2026-09-09T23:59:59-04:00
Atlantic Superstore,8115626,"NO NAME® CLUB SIZE CUTLERY, 150'S",8.0,2026-09-03T00:00:00-04:00,2026-09-09T23:59:59-04:00
Atlantic Superstore,8115626,"PAMPERS EASY UPS TRAINING PANTS, 58-112'S",37.0,2026-09-03T00:00:00-04:00,2026-09-09T23:59:59-04:00
Atlantic Superstore,8115626,COUNTRY HARVEST BREADS,2.45,2026-09-03T00:00:00-04:00,2026-09-09T23:59:59-04:00
Atlantic Superstore,8115626,"PC NUTS, 680/907 G",18.0,2026-09-03T00:00:00-04:00,2026-09-09T23:59:59-04:00
Atlantic Superstore,8115626,OIKOS®- 300 ML,7.0,2026-09-03T00:00:00-04:00,2026-09-09T23:59:59-04:00
Atlantic Superstore,8115626,OGX OR MAUI HAIR CARE,9.0,2026-09-03T00:00:00-04:00,2026-09-09T23:59:59-04:00
Atlantic Superstore,8115626,NO NAME® FOOD STORAGE,4.0,2026-09-03T00:00:00-04:00,2026-09-09T23:59:59-04:00
Atlantic Superstore,8115626,"ROOSTER® COCONUT MILK, 398 ML",1.5,2026-09-03T00:00:00-04:00,2026-09-09T23:59:59-04:00
Atlantic Superstore,8115626,"VAN HOUTTE K-CUPS, 30'S",25.0,2026-09-03T00:00:00-04:00,2026-09-09T23:59:59-04:00
Atlantic Superstore,8115626,"JOHNVINCE FOODS CHOCOLATY MACAROONS, 250 G",6.0,2026-09-03T00:00:00-04:00,2026-09-09T23:59:59-04:00
Atlantic Superstore,8115626,"ACTIVIA® EXPERT, 4 X 100 G",4.0,2026-09-03T00:00:00-04:00,2026-09-09T23:59:59-04:00
Atlantic Superstore,8115626,"DOVE SHAMPOO OR CONDITIONER, 828 ML",10.0,2026-09-03T00:00:00-04:00,2026-09-09T23:59:59-04:00
Atlantic Superstore,8115626,TRADITIONAL HUMMUS 260 G,4.0,2026-09-03T00:00:00-04:00,2026-09-09T23:59:59-04:00
Atlantic Superstore,8115626,"POTATO WHITE SMALL, 3 L",7.0,2026-09-03T00:00:00-04:00,2026-09-09T23:59:59-04:00
Atlantic Superstore,8115626,CHILI SPICED OIL HUMM! 482 G,6.0,2026-09-03T00:00:00-04:00,2026-09-09T23:59:59-04:00
Atlantic Superstore,8115626,BROCCOLI CROWNS,2.0,2026-09-03T00:00:00-04:00,2026-09-09T23:59:59-04:00
Atlantic Superstore,8115626,NO NAME® PURE WHITE VINEGAR 4 L,2.25,2026-09-03T00:00:00-04:00,2026-09-09T23:59:59-04:00
Atlantic Superstore,8115626,"ENGLISH BAY COOKIES, 18'S",5.0,2026-09-03T00:00:00-04:00,2026-09-09T23:59:59-04:00
Atlantic Superstore,8115626,"LINDT SWISS CLASSIC CHOCOLATE OR LINDOR CHOCOLATE BARS, 100 G",8.5,2026-09-03T00:00:00-04:00,2026-09-09T23:59:59-04:00
Atlantic Superstore,8115626,RUBBERMAID FOOD STORAGE CONTAINERS,4.0,2026-09-03T00:00:00-04:00,2026-09-09T23:59:59-04:00
Atlantic Superstore,8115626,"IÖGO CREAMY, 16X100 G",7.25,2026-09-03T00:00:00-04:00,2026-09-09T23:59:59-04:00
Atlantic Superstore,8115626,"KASHI CRUNCHY, CHEWY OR SOFT BAKED BARS, 175-200 G",4.0,2026-09-03T00:00:00-04:00,2026-09-09T23:59:59-04:00
Atlantic Superstore,8115626,"CAMPBELL'S CONDENSED SOUP, 284 ML",1.0,2026-09-03T00:00:00-04:00,2026-09-09T23:59:59-04:00
Atlantic Superstore,8115626,JAMIESON ASHWAGANDHA VITAMINS OR SUPPLEMENTS 60'S,13.0,2026-09-03T00:00:00-04:00,2026-09-09T23:59:59-04:00
Atlantic Superstore,8115626,PEACHES 3 L OR YELLOW NECTARINES 2 L,8.0,2026-09-03T00:00:00-04:00,2026-09-09T23:59:59-04:00
Atlantic Superstore,8115626,"KRAFT ORIGINAL MACARONI & CHEESE, 1 KG",6.0,2026-09-03T00:00:00-04:00,2026-09-09T23:59:59-04:00
Atlantic Superstore,8115626,"MOTT'S FRUITSATIONS, 6'S",3.25,2026-09-03T00:00:00-04:00,2026-09-09T23:59:59-04:00
Atlantic Superstore,8115626,"CALEDON FARMS DOG TREATS, 90-265 G",8.5,2026-09-03T00:00:00-04:00,2026-09-09T23:59:59-04:00
Atlantic Superstore,8115626,"HEINZ CONDIMENT PACK, 1.125 L",5.0,2026-09-03T00:00:00-04:00,2026-09-09T23:59:59-04:00
Atlantic Superstore,8115626,"MARCANGELO PORK SAUSAGE, 250-500 G",3.5,2026-09-03T00:00:00-04:00,2026-09-09T23:59:59-04:00
Atlantic Superstore,8115626,"SMOKED PAPRIKA SAUSAGE, 350 G",5.0,2026-09-03T00:00:00-04:00,2026-09-09T23:59:59-04:00
Atlantic Superstore,8115626,"MAPLE LEAF NATURAL SELECTIONS SLICED MEATS, 375/400 G",14.0,2026-09-03T00:00:00-04:00,2026-09-09T23:59:59-04:00
Atlantic Superstore,8115626,FRESH ATLANTIC SALMON SKIN-ON FILLETS,10.0,2026-09-03T00:00:00-04:00,2026-09-09T23:59:59-04:00
Atlantic Superstore,8115626,"CHRISTIE CRISPERS OR BITS & BITES, 145 G",7.5,2026-09-03T00:00:00-04:00,2026-09-09T23:59:59-04:00
Atlantic Superstore,8115626,"GATORADE® ZERO SPORTS DRINK, 6x91 ml.",13.0,2026-09-03T00:00:00-04:00,2026-09-09T23:59:59-04:00
Atlantic Superstore,8115626,"PC® BONELESS, SKINLESS CHICKEN BREAST, 3'S, UP TO 630 G",13.0,2026-09-03T00:00:00-04:00,2026-09-09T23:59:59-04:00
Atlantic Superstore,8115626,"PC® CHICKEN BREAST STRIPS, 375 G",12.0,2026-09-03T00:00:00-04:00,2026-09-09T23:59:59-04:00
Atlantic Superstore,8115626,"GOGO SQUEEZ FRUIT SAUCES, 20X90 G",15.99,2026-09-03T00:00:00-04:00,2026-09-09T23:59:59-04:00
Atlantic Superstore,8115626,"BOURSIN SPREADABLE CHEESE, MINIS OR CUISINE, 130-220 G OR MASTRO SLICED SALAMI DELI MEATS, 125-150 G",5.0,2026-09-03T00:00:00-04:00,2026-09-09T23:59:59-04:00
Atlantic Superstore,8115626,"PREMIUM BAGELS, 6'S",8.0,2026-09-03T00:00:00-04:00,2026-09-09T23:59:59-04:00
Atlantic Superstore,8115626,"NO NAME® NATURALLY IMPERFECT™ GREEN PEPPERS, 2.5 LB",6.0,2026-09-03T00:00:00-04:00,2026-09-09T23:59:59-04:00
Atlantic Superstore,8115626,"NONGSHIM SNACKS, 45-75 G",1.28,2026-09-03T00:00:00-04:00,2026-09-09T23:59:59-04:00
Atlantic Superstore,8115626,SWEET BICOLOUR CORN,0.5,2026-09-03T00:00:00-04:00,2026-09-09T23:59:59-04:00
Atlantic Superstore,8115626,"ROOSTER® TOFU, 454 G",4.88,2026-09-03T00:00:00-04:00,2026-09-09T23:59:59-04:00
Atlantic Superstore,8115626,"SCHNEIDERS PEPPERETTES, 225-375 G",7.0,2026-09-03T00:00:00-04:00,2026-09-09T23:59:59-04:00
Atlantic Superstore,8115626,"PARTY TRAY, 592 G-1 KG",30.0,2026-09-03T00:00:00-04:00,2026-09-09T23:59:59-04:00
Atlantic Superstore,8115626,"PAMPERS SWADDLERS, CRUISERS 360° OR BABY DRY DIAPERS, SIZE N-8, 58-200'S",35.0,2026-09-03T00:00:00-04:00,2026-09-09T23:59:59-04:00
Atlantic Superstore,8115626,"SWANSON CHICKEN BROTH, 412 ML",0.88,2026-09-03T00:00:00-04:00,2026-09-09T23:59:59-04:00
Atlantic Superstore,8115626,"ALLEN'S JUICE, COCKTAIL OR LEMONADE 1 L, OASIS JUICE OR HYDRAFRUIT, OR HYDRAFRUIT, DEL MONTE NECTAR OR ARIZONA ICED TEA, 960 ML",1.25,2026-09-03T00:00:00-04:00,2026-09-09T23:59:59-04:00
Atlantic Superstore,8115626,"PC® PORK SAUSAGE, 375/500 G",7.0,2026-09-03T00:00:00-04:00,2026-09-09T23:59:59-04:00
Atlantic Superstore,8115626,"NESTLÉ KITKAT MINIS, 380 G",10.0,2026-09-03T00:00:00-04:00,2026-09-09T23:59:59-04:00
Atlantic Superstore,8115626,"FOREWAY PURE SESAME OIL, 370 ML",4.88,2026-09-03T00:00:00-04:00,2026-09-09T23:59:59-04:00
Atlantic Superstore,8115626,"CHRISTIE PREMIUM PLUS SODA CRACKERS, 900 G",8.49,2026-09-03T00:00:00-04:00,2026-09-09T23:59:59-04:00
Atlantic Superstore,8115626,"OASIS SMOOTHIES OR HEALTH BREAK, 1.6 L",4.75,2026-09-03T00:00:00-04:00,2026-09-09T23:59:59-04:00
Atlantic Superstore,8115626,"AXE DEODORANT 76/85 G, BODY SPRAY 113 G, BODY WASH OR HAIRCARE 473 ML",4.5,2026-09-03T00:00:00-04:00,2026-09-09T23:59:59-04:00
Atlantic Superstore,8115626,"SHEPHERD PEPPER CASE, APPROX 11 LBS",16.0,2026-09-03T00:00:00-04:00,2026-09-09T23:59:59-04:00
Atlantic Superstore,8115626,"NO NAME® ICE CREAM SANDWICHES OR BARS, 24/30'S",11.0,2026-09-03T00:00:00-04:00,2026-09-09T23:59:59-04:00
Atlantic Superstore,8115626,TAIWANESE CABBAGE,1.25,2026-09-03T00:00:00-04:00,2026-09-09T23:59:59-04:00
Atlantic Superstore,8115626,EVERYDAY ESSENTIALS™ TOWELS,8.0,2026-09-03T00:00:00-04:00,2026-09-09T23:59:59-04:00
Atlantic Superstore,8115626,REGAL ROCKETS CANDY ROLLS 1 KG,10.0,2026-09-03T00:00:00-04:00,2026-09-09T23:59:59-04:00
Atlantic Superstore,8115626,STEWING BEEF CUBES,13.0,2026-09-03T00:00:00-04:00,2026-09-09T23:59:59-04:00
Atlantic Superstore,8115626,"CHEETOS SNACKS, 180-285 G",8.0,2026-09-03T00:00:00-04:00,2026-09-09T23:59:59-04:00
Atlantic Superstore,8115626,"SUB SANDWICHES OR CAESAR WRAP TRAY, 3'S",16.0,2026-09-03T00:00:00-04:00,2026-09-09T23:59:59-04:00
Atlantic Superstore,8115626,"BULL'S-EYE BBQ SAUCE, KRAFT SALAD DRESSING, 425 ML OR DIANA SAUCE, 500 ML",2.5,2026-09-03T00:00:00-04:00,2026-09-09T23:59:59-04:00
Atlantic Superstore,8115626,"ACTIVIA®, 8 x 93 mL",7.0,2026-09-03T00:00:00-04:00,2026-09-09T23:59:59-04:00
Atlantic Superstore,8115626,THE KEG BBQ SAUCE 355 ML OR SALAD DRESSING 475 ML,4.5,2026-09-03T00:00:00-04:00,2026-09-09T23:59:59-04:00
Atlantic Superstore,8115626,"ROMA TOMATO HALF BUSHEL BOX, APPROX 25 LBS",15.0,2026-09-03T00:00:00-04:00,2026-09-09T23:59:59-04:00
Atlantic Superstore,8115626,ST. IVES SKINCARE PRODUCTS,5.0,2026-09-03T00:00:00-04:00,2026-09-09T23:59:59-04:00
Atlantic Superstore,8115626,"PINESOL CLEANER, 4.25 L",13.0,2026-09-03T00:00:00-04:00,2026-09-09T23:59:59-04:00
Atlantic Superstore,8115626,"PC® FLATBREAD OR FOCACCIA, 330-456 G",4.0,2026-09-03T00:00:00-04:00,2026-09-09T23:59:59-04:00
Atlantic Superstore,8115626,"ALWAYS FLEXFOAM PADS, 18-36'S",10.5,2026-09-03T00:00:00-04:00,2026-09-09T23:59:59-04:00
Atlantic Superstore,8115626,"DILL CUCUMBERS, 1/4 BUSHEL",15.0,2026-09-03T00:00:00-04:00,2026-09-09T23:59:59-04:00
Atlantic Superstore,8115626,"JOHNSON'S & JOHNSON'S, 800 ML OR DOVE, 591 ML BABY NEEDS",9.0,2026-09-03T00:00:00-04:00,2026-09-09T23:59:59-04:00
Atlantic Superstore,8115626,"SUFRA® HALAL STEWING BEEF, 454 G",15.0,2026-09-03T00:00:00-04:00,2026-09-09T23:59:59-04:00
Atlantic Superstore,8115626,"NO NAME® OR HALAL CHICKEN WINGS, UP TO 8 KG",5.99,2026-09-03T00:00:00-04:00,2026-09-09T23:59:59-04:00
Atlantic Superstore,8115626,L'ORÉAL EXCELLENCE HAIR COLOUR OR ROOT COVER UP,13.0,2026-09-03T00:00:00-04:00,2026-09-09T23:59:59-04:00
Atlantic Superstore,8115626,"LIBERTÉ® KÉFIR, 1 L",5.0,2026-09-03T00:00:00-04:00,2026-09-09T23:59:59-04:00
Atlantic Superstore,8115626,OLIVE AND ANTIPASTO BAR,3.0,2026-09-03T00:00:00-04:00,2026-09-09T23:59:59-04:00
Atlantic Superstore,8115626,"PC® LEMONADE, 1.89 L",3.0,2026-09-03T00:00:00-04:00,2026-09-09T23:59:59-04:00
Atlantic Superstore,8115626,"JOHNVINCE FOODS ROASTED SALTED ALMONDS, 200 G",9.0,2026-09-03T00:00:00-04:00,2026-09-09T23:59:59-04:00
Atlantic Superstore,8115626,"GLICO POCKY BISCUIT STICKS, 144/156 G",4.88,2026-09-03T00:00:00-04:00,2026-09-09T23:59:59-04:00
Atlantic Superstore,8115626,"PHILADELPHIA LACTOSE FREE CREAM CHEESE, 227/250 G",6.99,2026-09-03T00:00:00-04:00,2026-09-09T23:59:59-04:00
Atlantic Superstore,8115626,"PC® SHREDDED CHEESE OR FINELY CRUMBLED FETA 250-320 G OR BLACK DIAMOND CHEESE BARS OR SHREDDED CHEESE, 300-400 G",6.0,2026-09-03T00:00:00-04:00,2026-09-09T23:59:59-04:00
Atlantic Superstore,8115626,"HEINZ MAYONNAISE-STYLE SAUCES, 340 mL",4.0,2026-09-03T00:00:00-04:00,2026-09-09T23:59:59-04:00
Atlantic Superstore,8115626,"MAYNARDS OR SOUR PATCH KIDS CANDY, 230 - 315 G",3.0,2026-09-03T00:00:00-04:00,2026-09-09T23:59:59-04:00
Atlantic Superstore,8115626,BAREBELLS SOFT PROTEIN BARS,12.5,2026-09-03T00:00:00-04:00,2026-09-09T23:59:59-04:00
Atlantic Superstore,8115626,"LIBERTÉ GREEK TUBS, 650/750 G",7.5,2026-09-03T00:00:00-04:00,2026-09-09T23:59:59-04:00
Atlantic Superstore,8115626,"PC® BLACK LABEL PIZZA, 370-440 G",7.0,2026-09-03T00:00:00-04:00,2026-09-09T23:59:59-04:00
Atlantic Superstore,8115626,"GARNIER FRUCTIS SHAMPOO OR CONDITIONER, 334-384 ML",4.0,2026-09-03T00:00:00-04:00,2026-09-09T23:59:59-04:00
Atlantic Superstore,8115626,"BERNARDIN MASON JARS, 12X750 ML",20.0,2026-09-03T00:00:00-04:00,2026-09-09T23:59:59-04:00
Atlantic Superstore,8115626,"MAPLE LEAF FLAKED MEAT, 156 G",2.0,2026-09-03T00:00:00-04:00,2026-09-09T23:59:59-04:00
Atlantic Superstore,8115626,LINDT LINDOR TRUFFLES OR SQUARES 142-151 G OR GHIRARDELLI CHOCOLATE SQUARES 151/153 G,10.0,2026-09-03T00:00:00-04:00,2026-09-09T23:59:59-04:00
Atlantic Superstore,8115626,GEM INFUSED ORCHID,34.0,2026-09-03T00:00:00-04:00,2026-09-09T23:59:59-04:00
Atlantic Superstore,8115626,"VACHON SNACK CAKES OR PASTRIES, 250-336 G",2.95,2026-09-03T00:00:00-04:00,2026-09-09T23:59:59-04:00
Atlantic Superstore,8115626,SWIFFER SWEEPER STARTER KIT,18.0,2026-09-03T00:00:00-04:00,2026-09-09T23:59:59-04:00
Atlantic Superstore,8115626,"YOPLAIT TUBES, 8x56 g",4.0,2026-09-03T00:00:00-04:00,2026-09-09T23:59:59-04:00
Atlantic Superstore,8115626,"NO NAME® COOKIES, 907 G",4.0,2026-09-03T00:00:00-04:00,2026-09-09T23:59:59-04:00
Atlantic Superstore,8115626,"BLACK DIAMOND CHEESTRINGS OR CHEESE STICKS, 189-336 G",13.0,2026-09-03T00:00:00-04:00,2026-09-09T23:59:59-04:00
Atlantic Superstore,8115626,PC® LUNCH BAGS OR ICE PACKS,4.0,2026-09-03T00:00:00-04:00,2026-09-09T23:59:59-04:00
Atlantic Superstore,8115626,"ALANI NU ENERGY DRINK/CELSIUS ENERGY DRINK, 355 ML",6.0,2026-09-03T00:00:00-04:00,2026-09-09T23:59:59-04:00
Atlantic Superstore,8115626,"CARDINAL ROADHOUSE BEEF BURGERS OR PORK CUTLETTES, 852/907 G",17.0,2026-09-03T00:00:00-04:00,2026-09-09T23:59:59-04:00
Atlantic Superstore,8115626,"CLUB HOUSE PICKLING SPICE, 110 G",4.5,2026-09-03T00:00:00-04:00,2026-09-09T23:59:59-04:00
Atlantic Superstore,8115626,PC® BARS 300-400 G OR SHREDS 250-320 G,6.0,2026-09-03T00:00:00-04:00,2026-09-09T23:59:59-04:00
Atlantic Superstore,8115626,"TRU FRU FROZEN FRESH CHOCOLATE COVERED FRUIT, 170 G",6.0,2026-09-03T00:00:00-04:00,2026-09-09T23:59:59-04:00
Atlantic Superstore,8115626,"STARBUCKS GROUND, 793/794 G, WHOLE BEAN, 907 G OR K-CUPS, 24'S",25.0,2026-09-03T00:00:00-04:00,2026-09-09T23:59:59-04:00
Atlantic Superstore,8115626,"HERSHEY'S SNACK SIZE CHOCOLATE, 267-390G",8.0,2026-09-03T00:00:00-04:00,2026-09-09T23:59:59-04:00
Atlantic Superstore,8115626,"DORITOS TORTILLA CHIPS, 210/235 G",8.0,2026-09-03T00:00:00-04:00,2026-09-09T23:59:59-04:00
Atlantic Superstore,8115626,"NO NAME® SMOKED SAUSAGE, 900 G",9.0,2026-09-03T00:00:00-04:00,2026-09-09T23:59:59-04:00
Atlantic Superstore,8115626,"CRACKER BARREL CHEESE SLICES, 200-240 G",10.0,2026-09-03T00:00:00-04:00,2026-09-09T23:59:59-04:00
Atlantic Superstore,8115626,"PC® NUTRITION FIRST™ DOG FOOD, 14 KG",55.0,2026-09-03T00:00:00-04:00,2026-09-09T23:59:59-04:00
Atlantic Superstore,8115626,LIFE AT HOME™ STORAGE BASKETS,17.0,2026-09-03T00:00:00-04:00,2026-09-09T23:59:59-04:00
Atlantic Superstore,8115626,"SOUVLAKI CHICKEN BREAST OR PORK SIRLOIN KABOBS, 480 - 640 g",14.0,2026-09-03T00:00:00-04:00,2026-09-09T23:59:59-04:00
Atlantic Superstore,8115626,"PC® SOFT DRINKS, 12X355 ML",6.75,2026-09-03T00:00:00-04:00,2026-09-09T23:59:59-04:00
Atlantic Superstore,8115626,"BREAKFAST PATTIES, SKEWERS AND SAUSAGES, 600 G - 1.4 KG",14.0,2026-09-03T00:00:00-04:00,2026-09-09T23:59:59-04:00
Atlantic Superstore,8115626,"PC® ORGANICS KEFIR, 1 L",5.5,2026-09-03T00:00:00-04:00,2026-09-09T23:59:59-04:00
Atlantic Superstore,8115626,"LARGE VEGETABLE OR FRUIT PLATTER, 1.34-1.87 KG",20.0,2026-09-03T00:00:00-04:00,2026-09-06T23:59:59-04:00
Atlantic Superstore,8115626,"EULONG EGG COOKIE ROLLS, 150G",3.88,2026-09-03T00:00:00-04:00,2026-09-09T23:59:59-04:00
Atlantic Superstore,8115626,"FARMERS MARKET™ NAVEL ORANGES, 3 LB",6.0,2026-09-03T00:00:00-04:00,2026-09-09T23:59:59-04:00
Atlantic Superstore,8115626,"LOU'S ENTRÉES SHAVED BEEF AU JUS, 400 G",10.0,2026-09-03T00:00:00-04:00,2026-09-09T23:59:59-04:00
Atlantic Superstore,8115626,"CASHMERE BATHROOM TISSUE, 24-72 ROLLS",22.0,2026-09-03T00:00:00-04:00,2026-09-09T23:59:59-04:00
Atlantic Superstore,8115626,"ZIGGY'S FRESH PASTA TWIN PACKS, 600 G",5.0,2026-09-03T00:00:00-04:00,2026-09-09T23:59:59-04:00
Atlantic Superstore,8115626,"RASPBERRIES, BLACKBERRIES, 170 G",4.0,2026-09-03T00:00:00-04:00,2026-09-09T23:59:59-04:00
Atlantic Superstore,8115626,"COCA-COLA, SPRITE, CANADA DRY OR FANTA SOFT DRINKS, 6X710 ML",3.99,2026-09-03T00:00:00-04:00,2026-09-09T23:59:59-04:00
Atlantic Superstore,8115626,"PEPSICO BEVERAGES, 6X222 ML",10.0,2026-09-03T00:00:00-04:00,2026-09-09T23:59:59-04:00
Atlantic Superstore,8115626,"OLIVIERI FAMILY PACK PASTA, 500-700 G OR PASTA SAUCE, 600 ML",11.0,2026-09-03T00:00:00-04:00,2026-09-09T23:59:59-04:00
Atlantic Superstore,8115626,"NESTEA ICED TEA, 12X341 ML",7.99,2026-09-03T00:00:00-04:00,2026-09-09T23:59:59-04:00
Atlantic Superstore,8115626,"ATLANTIC CHOICE PORK SAUSAGES, 1 KG",13.0,2026-09-03T00:00:00-04:00,2026-09-09T23:59:59-04:00
Atlantic Superstore,8115626,"ROOSTER® INSTANT EGG OR RICE NOODLES, 250/400 G",1.25,2026-09-03T00:00:00-04:00,2026-09-09T23:59:59-04:00
Atlantic Superstore,8115626,"JOHNVINCE FOODS BIG FOOT JUBES, 250 g",5.0,2026-09-03T00:00:00-04:00,2026-09-09T23:59:59-04:00
Atlantic Superstore,8115626,EGGPLANT,3.0,2026-09-03T00:00:00-04:00,2026-09-09T23:59:59-04:00
Atlantic Superstore,8115626,"ITALIANA SAUSAGE, 350 G",5.0,2026-09-03T00:00:00-04:00,2026-09-09T23:59:59-04:00
Atlantic Superstore,8115626,"CESAR OR CESAR HOME DELIGHTS WET DOG FOOD, 12X100 G/1.2 KG",18.0,2026-09-03T00:00:00-04:00,2026-09-09T23:59:59-04:00
Atlantic Superstore,8115626,"HEINZ MAYONNAISE, 675 ML",7.0,2026-09-03T00:00:00-04:00,2026-09-09T23:59:59-04:00
Atlantic Superstore,8115626,"HEINZ KETCHUP ZERO, 375 ML",4.0,2026-09-03T00:00:00-04:00,2026-09-09T23:59:59-04:00
Atlantic Superstore,8115626,"BERNARDIN REGULAR MOUTH SNAP LID & BANDS, 12'S",6.0,2026-09-03T00:00:00-04:00,2026-09-09T23:59:59-04:00
Atlantic Superstore,8115626,PC® ADULT HYDRATION OR THERMAL MUGS,12.0,2026-09-03T00:00:00-04:00,2026-09-09T23:59:59-04:00
Atlantic Superstore,8115626,DOZEN ROSES,25.0,2026-09-03T00:00:00-04:00,2026-09-09T23:59:59-04:00
Atlantic Superstore,8115626,"O'TASTY FROZEN DUMPLINGS, 567 G",4.99,2026-09-03T00:00:00-04:00,2026-09-09T23:59:59-04:00
Atlantic Superstore,8115626,"FARMER'S MARKET™ MINI CUCUMBERS, 17's",6.0,2026-09-03T00:00:00-04:00,2026-09-09T23:59:59-04:00
Atlantic Superstore,8115626,"ROBIN HOOD OR FIVE ROSES ALL PURPOSE FLOUR, 10 KG",12.0,2026-09-03T00:00:00-04:00,2026-09-09T23:59:59-04:00
Atlantic Superstore,8115626,PC® BENTO LUNCH BOXES,10.0,2026-09-03T00:00:00-04:00,2026-09-09T23:59:59-04:00
Atlantic Superstore,8115626,"PC® BLACK TIGER SHRIMP RAW ZIPPERBACK® 16-20/LB 400 G OR SMOKED SALMON, 150 G",11.5,2026-09-03T00:00:00-04:00,2026-09-09T23:59:59-04:00
Atlantic Superstore,8115626,JUMBO HAMBURGER OR HOT DOG BUNS 8'S OR BRIOCHE STYLE HAMBURGER BUNS 6'S,3.5,2026-09-03T00:00:00-04:00,2026-09-09T23:59:59-04:00
Atlantic Superstore,8115626,"PC® INSTANT OATMEAL, 264-344 G",6.5,2026-09-03T00:00:00-04:00,2026-09-09T23:59:59-04:00
Atlantic Superstore,8115626,"PEDIGREE DRY DOG FOOD, 8 KG",26.99,2026-09-03T00:00:00-04:00,2026-09-09T23:59:59-04:00
Atlantic Superstore,8115626,EXTRA LEAN GROUND BEEF,11.0,2026-09-03T00:00:00-04:00,2026-09-09T23:59:59-04:00
Atlantic Superstore,8115626,"BULLS-EYE BBQ SAUCE, 425 ML, DIANA SAUCE, 500 ML",2.5,2026-09-03T00:00:00-04:00,2026-09-09T23:59:59-04:00
Atlantic Superstore,8115626,PC® SPLENDIDO™ EXTRA VIRGIN OLIVE OIL 1 L OR NO NAME™ CANOLA OR VEGETABLE OIL 3 L,11.0,2026-09-03T00:00:00-04:00,2026-09-09T23:59:59-04:00
Atlantic Superstore,8115626,30 PIECE WINGS & WEDGES BUCKET 1.2-2 KG,20.0,2026-09-03T00:00:00-04:00,2026-09-09T23:59:59-04:00
Atlantic Superstore,8115626,"DARE BRETON OR VINTA CRACKERS, 132-225 G, VEGGIE CRISPS, 100 G, GRISSOL MELBA OR CANAPÉ TOAST, 150-200 G OR BAGUETTES, 120/130 G",7.0,2026-09-03T00:00:00-04:00,2026-09-09T23:59:59-04:00
Atlantic Superstore,8115626,"CHRISTIE CRACKERS, 162-304 G",7.0,2026-09-03T00:00:00-04:00,2026-09-09T23:59:59-04:00
Atlantic Superstore,8115626,"FIVE ALIVE, FUZE OR MINUTE MAID JUICE OR ICED TEA, 8/10X200 ML",4.0,2026-09-03T00:00:00-04:00,2026-09-09T23:59:59-04:00
Atlantic Superstore,8115626,"BEN'S CONVERTED LONG GRAIN PARBOILED RICE, 4 KG",12.0,2026-09-03T00:00:00-04:00,2026-09-09T23:59:59-04:00
Atlantic Superstore,8115626,"PC® CRISPY TOPPINGS, 425 - 500 G",5.0,2026-09-03T00:00:00-04:00,2026-09-09T23:59:59-04:00
Atlantic Superstore,8115626,"NATURSOURCE SALAD TOPPERS, 500-625 G",13.0,2026-09-03T00:00:00-04:00,2026-09-09T23:59:59-04:00
Atlantic Superstore,8115626,"LARSEN WIENERS, 900 G",9.0,2026-09-03T00:00:00-04:00,2026-09-09T23:59:59-04:00
Atlantic Superstore,8115626,"T&T KOREAN ROASTED SEA LAVER, 3'S, 15 G",1.78,2026-09-03T00:00:00-04:00,2026-09-09T23:59:59-04:00
Atlantic Superstore,8115626,"DURACELL BATTERIES, AA12'S/AAA8'S",14.0,2026-09-03T00:00:00-04:00,2026-09-09T23:59:59-04:00
Atlantic Superstore,8115626,WONDER OR D'ITALIANO HOTDOG OR HAMBURGER BUNS,6.5,2026-09-03T00:00:00-04:00,2026-09-09T23:59:59-04:00
Atlantic Superstore,8115626,PC® EXTRA LARGE GREEN OR RED SEEDLESS GRAPES,4.5,2026-09-03T00:00:00-04:00,2026-09-09T23:59:59-04:00
Atlantic Superstore,8115626,"HELLMANN'S MAYONNAISE OR MAYONNAISE TYPE DRESSING, 710-890 ML",6.5,2026-09-03T00:00:00-04:00,2026-09-09T23:59:59-04:00
Atlantic Superstore,8115626,"MIO LIQUID WATER ENHANCER OR DRINK MIX POWDER, 22 g/48 mL",8.0,2026-09-03T00:00:00-04:00,2026-09-09T23:59:59-04:00
Atlantic Superstore,8115626,"JOHNVINCE FOODS MAW CASHEWS, 250 G",9.0,2026-09-03T00:00:00-04:00,2026-09-09T23:59:59-04:00
Atlantic Superstore,8115626,"BOUNTY SELECT-A-SIZE PAPER TOWELS, 8'S",25.0,2026-09-03T00:00:00-04:00,2026-09-09T23:59:59-04:00
Atlantic Superstore,8115626,"PC® ORGANICS ENOKI, 150 G OR SHIITAKI MUSHROOMS, 100 G",5.5,2026-09-03T00:00:00-04:00,2026-09-09T23:59:59-04:00
Atlantic Superstore,8115626,"PC® 100% PURE MAPLE SYRUP, 500 ML",12.49,2026-09-03T00:00:00-04:00,2026-09-09T23:59:59-04:00
Atlantic Superstore,8115626,"DANONE ACTIVIA, 12X100 G OR LIBERTÉ GREEK, 650/750 G OR MEDITERRANÉE, 900 G",7.0,2026-09-03T00:00:00-04:00,2026-09-09T23:59:59-04:00
Atlantic Superstore,8115626,"FRESH FULLY COOKED CHICKEN BURGERS, 452 g",9.0,2026-09-03T00:00:00-04:00,2026-09-09T23:59:59-04:00
Atlantic Superstore,8115626,"CADBURY CHOCOLATES, 80-105 G",3.5,2026-09-03T00:00:00-04:00,2026-09-09T23:59:59-04:00
Atlantic Superstore,8115626,"LAY'S POTATO CHIPS, 177-235 G",2.99,2026-09-03T00:00:00-04:00,2026-09-09T23:59:59-04:00
Atlantic Superstore,8115626,"SCHNEIDERS LUNCHMATES OR SNACK KITS, 81-131 G",3.0,2026-09-03T00:00:00-04:00,2026-09-09T23:59:59-04:00
Atlantic Superstore,8115626,"ENFAGROW NUTRITIONAL SUPPLEMENT MILK- BASED POWDER, 907 G",37.0,2026-09-03T00:00:00-04:00,2026-09-09T23:59:59-04:00
Atlantic Superstore,8115626,"ROMAINE HEARTS, 3'S",4.0,2026-09-03T00:00:00-04:00,2026-09-09T23:59:59-04:00
Atlantic Superstore,8115626,FIESTA SUNFLOWER BUNCH,16.0,2026-09-03T00:00:00-04:00,2026-09-09T23:59:59-04:00
Atlantic Superstore,8115626,"PC NUTRITION FIRST® DOG FOOD, 368 G",3.0,2026-09-03T00:00:00-04:00,2026-09-09T23:59:59-04:00
Atlantic Superstore,8115626,"SILK BARISTA NON-DAIRY BEVERAGES, 946 ML",5.0,2026-09-03T00:00:00-04:00,2026-09-09T23:59:59-04:00
Atlantic Superstore,8115626,"JOHNVINCE FOODS RAW PECAN HALVES, 210 G",10.0,2026-09-03T00:00:00-04:00,2026-09-09T23:59:59-04:00
Atlantic Superstore,8115626,PC® BATHROOM TISSUE 12=24 ROLLS OR PAPER TOWELS 3=6 ROLLS OR FACIAL TISSUE 6'S,6.0,2026-09-03T00:00:00-04:00,2026-09-09T23:59:59-04:00
Atlantic Superstore,8115626,"HUGGIES SNUG & DRY DIAPERS, 96-198'S",45.0,2026-09-03T00:00:00-04:00,2026-09-09T23:59:59-04:00
Atlantic Superstore,8115626,"ASIAN INSPIRATIONS ENTRÉES, 400 G",5.5,2026-09-03T00:00:00-04:00,2026-09-09T23:59:59-04:00
Atlantic Superstore,8115626,NO NAME® OR HALAL CHICKEN LEGS,2.99,2026-09-03T00:00:00-04:00,2026-09-09T23:59:59-04:00
Atlantic Superstore,8115626,"POWERADE SPORTS DRINK, 710 ML",2.5,2026-09-03T00:00:00-04:00,2026-09-09T23:59:59-04:00
Atlantic Superstore,8115626,HABITANT SOUPS 796 ML OR CAMPBELL'S READY TO SERVE SOUP 515 ML,8.0,2026-09-03T00:00:00-04:00,2026-09-09T23:59:59-04:00
Atlantic Superstore,8115626,"PC® NUTRITION FIRST™ CAT FOOD, 2 KG",11.0,2026-09-03T00:00:00-04:00,2026-09-09T23:59:59-04:00
Atlantic Superstore,8115626,"STARBUCKS® FRAPPUCCINO® COFFEE DRINK, 405 ml",4.49,2026-09-03T00:00:00-04:00,2026-09-09T23:59:59-04:00
Atlantic Superstore,8115626,"FARMER'S MARKET™ YELLOW ONIONS, 3 LB",3.0,2026-09-03T00:00:00-04:00,2026-09-09T23:59:59-04:00
Atlantic Superstore,8115626,"PC® FETA, 400 G",9.0,2026-09-03T00:00:00-04:00,2026-09-09T23:59:59-04:00
Atlantic Superstore,8115626,"PC HEAVY DUTY FREEZER BAGS, 120/150'S",14.0,2026-09-03T00:00:00-04:00,2026-09-09T23:59:59-04:00
Atlantic Superstore,8115626,"PC® KÉFIR, 1 L",4.5,2026-09-03T00:00:00-04:00,2026-09-09T23:59:59-04:00
Atlantic Superstore,8115626,"SEAQUEST® CRAB FLAVOURED POLLOCK, 454 G",6.0,2026-09-03T00:00:00-04:00,2026-09-09T23:59:59-04:00
Atlantic Superstore,8115626,"BECEL MARGARINE, 637/800 G",7.0,2026-09-03T00:00:00-04:00,2026-09-09T23:59:59-04:00
Atlantic Superstore,8115626,"ITALIAN PORK MEATBALLS, 380 G",14.0,2026-09-03T00:00:00-04:00,2026-09-09T23:59:59-04:00
Atlantic Superstore,8115626,"PROMISE GLUTEN- FREE BREAD, BUNS, PITAS, ENGLISH MUFFINS OR ROLLS, 240-480 G",7.0,2026-09-03T00:00:00-04:00,2026-09-09T23:59:59-04:00
Atlantic Superstore,8115626,"OCEAN SPRAY 100% JUICE BLENDS, 1.77 L OR CRANBERRY COCKTAILS, 1.89 L",4.0,2026-09-03T00:00:00-04:00,2026-09-09T23:59:59-04:00
Atlantic Superstore,8115626,"ZIGGY'S SLICED DELI MEATS, 175 G",4.0,2026-09-03T00:00:00-04:00,2026-09-09T23:59:59-04:00
Atlantic Superstore,8115626,"BOTAN CALROSE RICE, 8 KG",14.88,2026-09-03T00:00:00-04:00,2026-09-09T23:59:59-04:00
Atlantic Superstore,8115626,"JOHNVINCE FOODS MILK CHOCOLATE COVERED PRETZELS, 220 G",9.0,2026-09-03T00:00:00-04:00,2026-09-09T23:59:59-04:00
Atlantic Superstore,8115626,"DAWN DISH DETERGENT, 2.64 L OR MR. CLEAN CLEANER, 2.93 L",11.0,2026-09-03T00:00:00-04:00,2026-09-09T23:59:59-04:00
Atlantic Superstore,8115626,"DAIYA DAIRY FREE SHREDS, BLOCKS, SLICES, SPREAD OR CRUMBLES, 170-227 G",10.0,2026-09-03T00:00:00-04:00,2026-09-09T23:59:59-04:00
Atlantic Superstore,8115626,"BERNARDIN MASON JARS, 12X1 L",18.0,2026-09-03T00:00:00-04:00,2026-09-09T23:59:59-04:00
Atlantic Superstore,8115626,"BUBLY SPARKLING WATER BEVERAGE, 12X355 ML",14.0,2026-09-03T00:00:00-04:00,2026-09-09T23:59:59-04:00
Atlantic Superstore,8115626,"CADBURY, 45'S, TREAT SIZE BARS",12.0,2026-09-03T00:00:00-04:00,2026-09-09T23:59:59-04:00
Atlantic Superstore,8115626,"MICHELOB ULTRA 0.0% ALCOHOL-FREE BEER, 6X355 ML",10.99,2026-09-03T00:00:00-04:00,2026-09-09T23:59:59-04:00
Atlantic Superstore,8115626,"MAISON PERRIER SPARKLING WATER BEVERAGES, 8X330 ML",6.99,2026-09-03T00:00:00-04:00,2026-09-09T23:59:59-04:00
Atlantic Superstore,8115626,SPRAGUE BAKED BEANS 398 ML OR SOUP 284 ML,2.25,2026-09-03T00:00:00-04:00,2026-09-09T23:59:59-04:00
Atlantic Superstore,8115626,"FRIED TORTILLA CHIPS, 440G",8.0,2026-09-03T00:00:00-04:00,2026-09-09T23:59:59-04:00
Atlantic Superstore,8115626,"PURE LEAF ICED TEA, 6X340 ML",5.99,2026-09-03T00:00:00-04:00,2026-09-09T23:59:59-04:00
Atlantic Superstore,8115626,"GLAD OUTDOOR BAGS, 20 - 90 L",11.0,2026-09-03T00:00:00-04:00,2026-09-09T23:59:59-04:00
Atlantic Superstore,8115626,"CERTO LIQUID PECTIN, 170 ML",5.0,2026-09-03T00:00:00-04:00,2026-09-09T23:59:59-04:00
Atlantic Superstore,8115626,"PC® RUSSET POTATOES, 5 LB",4.0,2026-09-03T00:00:00-04:00,2026-09-09T23:59:59-04:00
Atlantic Superstore,8115626,"COWS CREAMERY CHEDDAR CHEESE, 150-200 G",8.5,2026-09-03T00:00:00-04:00,2026-09-09T23:59:59-04:00
Atlantic Superstore,8115626,"TRESEMMÉ SHAMPOO OR CONDITIONER, 1.15 L",10.0,2026-09-03T00:00:00-04:00,2026-09-09T23:59:59-04:00
Atlantic Superstore,8115626,"IAMS CAT FOOD, 2.72/3.18 KG",20.0,2026-09-03T00:00:00-04:00,2026-09-09T23:59:59-04:00
Atlantic Superstore,8115626,"BERNARDIN MASON JARS, 12X500 ML",16.0,2026-09-03T00:00:00-04:00,2026-09-09T23:59:59-04:00
Atlantic Superstore,8115626,"FERRERO ROCHER CHOCOLATE SQUARES, 105 G",6.5,2026-09-03T00:00:00-04:00,2026-09-09T23:59:59-04:00
Atlantic Superstore,8115626,"NERDS CANDY VARIETY MIX, 40'S",11.0,2026-09-03T00:00:00-04:00,2026-09-09T23:59:59-04:00
Atlantic Superstore,8115626,"NUTELLA BISCUITS, 276 G",7.49,2026-09-03T00:00:00-04:00,2026-09-09T23:59:59-04:00
Atlantic Superstore,8115626,"WHISKAS CAT FOOD POUCHES, 85 G",0.89,2026-09-03T00:00:00-04:00,2026-09-09T23:59:59-04:00
Atlantic Superstore,8115626,"30 PIECE WINGS & WEDGES BUCKET, 2 KG",20.0,2026-09-03T00:00:00-04:00,2026-09-09T23:59:59-04:00
Atlantic Superstore,8115626,"ADVIL, VOLTAREN OR ROBAX PAIN OR CCFS PRODUCTS, TABLETS, LIQUI-GELS OR CAPLETS",15.0,2026-09-03T00:00:00-04:00,2026-09-09T23:59:59-04:00
Atlantic Superstore,8115626,"CORONA CERO 0.0% ALCOHOL-FREE BEER, 6X330 ML",10.99,2026-09-03T00:00:00-04:00,2026-09-09T23:59:59-04:00
Atlantic Superstore,8115626,CANTALOUPES,4.0,2026-09-03T00:00:00-04:00,2026-09-09T23:59:59-04:00
Atlantic Superstore,8115626,HERSHEY'S OR REESE'S CHOCOLATE BARS 90-120 G OR JOLLY RANCHER CANDY OR GUMMIES 175-198 G,5.0,2026-09-03T00:00:00-04:00,2026-09-09T23:59:59-04:00
Atlantic Superstore,8115626,"WHISKAS WET CAT FOOD, 12'S",15.0,2026-09-03T00:00:00-04:00,2026-09-09T23:59:59-04:00
Atlantic Superstore,8115626,"NATURSOURCE ALMONDS, NUT OR SNACK MIXES SELECTED, 450-600 G",16.0,2026-09-03T00:00:00-04:00,2026-09-09T23:59:59-04:00
Atlantic Superstore,8115626,"CHRISTIE PEEK FREANS COOKIES, 275-350 G",10.0,2026-09-03T00:00:00-04:00,2026-09-09T23:59:59-04:00
Atlantic Superstore,8115626,"MILK-BONE DOG TREATS, 750-900 G",5.0,2026-09-03T00:00:00-04:00,2026-09-09T23:59:59-04:00
Atlantic Superstore,8115626,"HERSHEY'S OR REESE'S CHOCOLATE BARS, 90-120 G OR JOLLY RANCHER CANDY OR GUMMIES, 175-198 G",5.0,2026-09-03T00:00:00-04:00,2026-09-09T23:59:59-04:00
Atlantic Superstore,8115626,"RENEE'S REFRIGERATED SALAD DRESSING OR VINAIGRETTE, 350 - 355 mL",12.0,2026-09-03T00:00:00-04:00,2026-09-09T23:59:59-04:00
Atlantic Superstore,8115626,"PC® OLD FASHIONED STYLE BACON, 1 KG",15.0,2026-09-03T00:00:00-04:00,2026-09-09T23:59:59-04:00
Atlantic Superstore,8115626,"BRIDOR BUTTER CROISSANTS, 2.13 KG",15.0,2026-09-03T00:00:00-04:00,2026-09-09T23:59:59-04:00
Atlantic Superstore,8115626,"SNACK FACTORY PRETZEL CRISPS, 200 G",5.0,2026-09-03T00:00:00-04:00,2026-09-09T23:59:59-04:00
Atlantic Superstore,8115626,SYSTANE ULTRA OR COMPLETE,12.0,2026-09-03T00:00:00-04:00,2026-09-09T23:59:59-04:00
Atlantic Superstore,8115626,"IÖGO NANO FROZEN YOGURT POPS, BARS OR TUBS, 210 - 946 ML",5.0,2026-09-03T00:00:00-04:00,2026-09-09T23:59:59-04:00
Atlantic Superstore,8115626,"PC® NUTRITION FIRST® CAT FOOD, 85 G",1.0,2026-09-03T00:00:00-04:00,2026-09-09T23:59:59-04:00
Atlantic Superstore,8115626,"NATREL OR CENTRAL DAIRY LACTOSE FREE MILK, 2 L",6.5,2026-09-03T00:00:00-04:00,2026-09-09T23:59:59-04:00
Atlantic Superstore,8115626,"PURINA ONE CAT FOOD, 2-3 KG",21.0,2026-09-03T00:00:00-04:00,2026-09-09T23:59:59-04:00
Atlantic Superstore,8115626,"NESTEA ICED TEA, 10X200 ML",3.99,2026-09-03T00:00:00-04:00,2026-09-09T23:59:59-04:00
Atlantic Superstore,8115626,"SWISS CHALET DIPPING SAUCE OR GRAVY MIX, 36-51 G, THE KEG SAUCE OR GRAVY MIX, 22-31 G OR EAST SIDE MARIO'S SAUCE MIX, 36 G",2.0,2026-09-03T00:00:00-04:00,2026-09-09T23:59:59-04:00
Atlantic Superstore,8115626,"GLAD CLING WRAP, 60 M",5.0,2026-09-03T00:00:00-04:00,2026-09-09T23:59:59-04:00
Atlantic Superstore,8115626,ACTIVIA® - 8 X 100 G,10.0,2026-09-03T00:00:00-04:00,2026-09-09T23:59:59-04:00
Atlantic Superstore,8115626,"ALMOND BREEZE NON-DAIRY ALMOND BEVERAGES, 1.89 L",3.99,2026-09-03T00:00:00-04:00,2026-09-09T23:59:59-04:00
Atlantic Superstore,8115626,"BODYARMOR SPORTS DRINK, 473 ML",2.5,2026-09-03T00:00:00-04:00,2026-09-09T23:59:59-04:00
Atlantic Superstore,8115626,"NO NAME® MARSHMALLOW, 400 G",2.5,2026-09-03T00:00:00-04:00,2026-09-09T23:59:59-04:00
Atlantic Superstore,8115626,"EARTH'S OWN NON-DAIRY BEVERAGES, 1.75-1.89 L",3.5,2026-09-03T00:00:00-04:00,2026-09-09T23:59:59-04:00
Atlantic Superstore,8115626,"DOWNY FABRIC SOFTENER 2.7-4.4 L, GENTLE RINSE 1.8 L OR BEADS 598 G",16.0,2026-09-03T00:00:00-04:00,2026-09-09T23:59:59-04:00
Atlantic Superstore,8115626,"PC CHICKEN NUGGETS OR STRIPS, 1.4 KG",13.0,2026-09-03T00:00:00-04:00,2026-09-09T23:59:59-04:00
Atlantic Superstore,8115626,"NATURE'S PATH BAGGED CEREAL, 650 - 907 G",10.0,2026-09-03T00:00:00-04:00,2026-09-09T23:59:59-04:00
Atlantic Superstore,8115626,"SIMPLY GOURMET CRUNCHERS OR PUFFIES SNACKS OR GOODIES PUFFED SNACKS, 32-35 G",5.5,2026-09-03T00:00:00-04:00,2026-09-09T23:59:59-04:00
Atlantic Superstore,8115626,"TYLENOL, 40-200'S OR MOTRIN PLATINUM MUSCLE AND BODY, 40'S PAIN RELIEF",18.0,2026-09-03T00:00:00-04:00,2026-09-09T23:59:59-04:00
Atlantic Superstore,8115626,"PC® KETTLE COOKED OR RIPPLED KETTLE POTATO CHIPS, 200 G",2.0,2026-09-03T00:00:00-04:00,2026-09-09T23:59:59-04:00
Atlantic Superstore,8115626,"WESTINGHOUSE 12"" DESK FAN",24.0,2026-09-03T00:00:00-04:00,2026-09-09T23:59:59-04:00
Atlantic Superstore,8115626,"PC® GRILLING BUTTERFLIED BLACK TIGER SHRIMP SKEWERS SELECTED VARIETIES, 360 G OR BLUE MENU® WILD SOCKEYE SALMON BURGERS 568 G",14.5,2026-09-03T00:00:00-04:00,2026-09-09T23:59:59-04:00
Atlantic Superstore,8115626,"GENERAL MILLS FAMILY SIZE CEREAL, 317-778 G",5.0,2026-09-03T00:00:00-04:00,2026-09-09T23:59:59-04:00
Atlantic Superstore,8115626,"LEAN GROUND PORK, 450 G",4.5,2026-09-03T00:00:00-04:00,2026-09-09T23:59:59-04:00
Atlantic Superstore,8115626,"EXPO DRY ERASE MARKERS, 8'S",11.48,2026-09-03T00:00:00-04:00,2026-09-09T23:59:59-04:00
Atlantic Superstore,8115626,"HONEYWELL 7"" TURBO FORCE FAN",18.0,2026-09-03T00:00:00-04:00,2026-09-09T23:59:59-04:00
Atlantic Superstore,8115626,"NO NAME® NATURALLY IMPERFECT™ LIMES, 680 G",4.0,2026-09-03T00:00:00-04:00,2026-09-09T23:59:59-04:00
Atlantic Superstore,8115626,"ASC BASA STEAKS OR WHOLE WILD CHUB MACKEREL, 1 KG",8.0,2026-09-03T00:00:00-04:00,2026-09-09T23:59:59-04:00
Atlantic Superstore,8115626,"CHAPMAN'S PREMIUM ICE CREAM, FROZEN YOGURT, SORBET 2 L, SUPER CONES 8X120 ML, NOVELTIES 12X120 ML, 18X75 ML OR 20X60 ML OR MCCAIN DEEP'N DELICIOUS CAKES 510 G",6.0,2026-09-03T00:00:00-04:00,2026-09-09T23:59:59-04:00
Atlantic Superstore,8115626,"WESTINGHOUSE 16"" PEDESTAL FAN",34.0,2026-09-03T00:00:00-04:00,2026-09-09T23:59:59-04:00
Atlantic Superstore,8115626,"T&T HOT POT ROLLS, 340 G",13.88,2026-09-03T00:00:00-04:00,2026-09-09T23:59:59-04:00
Atlantic Superstore,8115626,CHICKEN FEET,3.0,2026-09-03T00:00:00-04:00,2026-09-09T23:59:59-04:00
Atlantic Superstore,8115626,"KEWPIE MAYONNAISE, 465 ML OR SALAD DRESSING, 355 ML",6.48,2026-09-03T00:00:00-04:00,2026-09-09T23:59:59-04:00
Atlantic Superstore,8115626,"PC® ORGANICS RICE RUSKS, 50 G",2.25,2026-09-03T00:00:00-04:00,2026-09-09T23:59:59-04:00
Atlantic Superstore,8115626,"CESAR WET DOG FOOD, 100 G",1.35,2026-09-03T00:00:00-04:00,2026-09-09T23:59:59-04:00
Atlantic Superstore,8115626,"FARMER'S MARKET™ TARTS, 348-510 G",7.0,2026-09-03T00:00:00-04:00,2026-09-09T23:59:59-04:00
Atlantic Superstore,8115626,"CLOVER LEAF ALBACORE WHITE TUNA, 170 G",2.5,2026-09-03T00:00:00-04:00,2026-09-09T23:59:59-04:00
Atlantic Superstore,8115626,MILLANO COLLECTION WELLNESS JUMBO PILLOW,12.0,2026-09-03T00:00:00-04:00,2026-09-09T23:59:59-04:00
Atlantic Superstore,8115626,"COLGATE TOTAL OR SENSITIVE PRO-RELIEF TOOTHPASTE 73-170 ML, COLGATE 360 OR PERIOGARD MANUAL TOOTHBRUSHES 1'S OR COLGATE KIDS MOUTHWASH 500 ML",5.25,2026-09-03T00:00:00-04:00,2026-09-09T23:59:59-04:00
Atlantic Superstore,8115626,"HUGGIES SUPER BIG PACK DIAPERS, SIZE N-7, 36-104'S",27.0,2026-09-03T00:00:00-04:00,2026-09-09T23:59:59-04:00
Atlantic Superstore,8115626,"NO NAME® ENGLISH MUFFINS, 342 G OR BAGELS, 450-510 G",2.5,2026-09-03T00:00:00-04:00,2026-09-09T23:59:59-04:00
Atlantic Superstore,8115626,"PC® BACON-WRAPPED WILD SEA SCALLOPS, 260 G",15.0,2026-09-03T00:00:00-04:00,2026-09-09T23:59:59-04:00
Atlantic Superstore,8115626,"HIGH LINER PAN-SEAR SELECTS OR SIGNATURE CUTS FISH FILLETS, 425-540 G",11.0,2026-09-03T00:00:00-04:00,2026-09-09T23:59:59-04:00
Atlantic Superstore,8115626,"JOHNVINCE FOODS MILK CHOCOLATE COVERED ALMONDS, 240 G",9.0,2026-09-03T00:00:00-04:00,2026-09-09T23:59:59-04:00
Atlantic Superstore,8115626,"CAVENDISH FARMS FLAVOURCRISP, RESTAURANT STYLE OR QUICK CRISP POTATO PRODUCTS OR ONION RINGS, 400-750 G",3.0,2026-09-03T00:00:00-04:00,2026-09-09T23:59:59-04:00
Atlantic Superstore,8115626,DRAGON FRUIT,3.28,2026-09-03T00:00:00-04:00,2026-09-09T23:59:59-04:00
Atlantic Superstore,8115626,PICKLING DILL,4.0,2026-09-03T00:00:00-04:00,2026-09-09T23:59:59-04:00
Atlantic Superstore,8115626,"CHEEZ-IT CRACKERS, 191/200 EA",6.0,2026-09-03T00:00:00-04:00,2026-09-09T23:59:59-04:00
Atlantic Superstore,8115626,"ACTIVIA®, 650 G",4.29,2026-09-03T00:00:00-04:00,2026-09-09T23:59:59-04:00
Atlantic Superstore,8115626,"INTERNATIONAL DELIGHT COFFEE CREAMER, 946 ML OR COLD FOAM, 369-396 G",6.25,2026-09-03T00:00:00-04:00,2026-09-09T23:59:59-04:00
Atlantic Superstore,8115626,"NUTELLA HAZELNUT SPREAD, 2X725 G",15.0,2026-09-03T00:00:00-04:00,2026-09-09T23:59:59-04:00
Atlantic Superstore,8115626,"KERR'S MOLASSES KISSES, 380 g",5.0,2026-09-03T00:00:00-04:00,2026-09-09T23:59:59-04:00
Atlantic Superstore,8115626,"HUMPTY DUMPTY SNACKS 250-290 G, OLD DUTCH POTATO CHIPS 200/235 G, OR RESTAURANTE TORTILLA CHIPS 275/290 G",7.0,2026-09-03T00:00:00-04:00,2026-09-09T23:59:59-04:00
Atlantic Superstore,8115626,"JOHNVINCE FOODS SOUR JUBES, 320 G",5.0,2026-09-03T00:00:00-04:00,2026-09-09T23:59:59-04:00
Atlantic Superstore,8115626,"QUAKER, CAP'N CRUNCH OR LIFE OAT, CEREAL, OATMEAL OR CORN SQUARES, 288-510 G",4.0,2026-09-03T00:00:00-04:00,2026-09-09T23:59:59-04:00
Atlantic Superstore,8115626,CAULIFLOWER,4.0,2026-09-03T00:00:00-04:00,2026-09-09T23:59:59-04:00
Atlantic Superstore,8115626,"SLICED VEGGIE BURGER, 300 G",6.0,2026-09-03T00:00:00-04:00,2026-09-09T23:59:59-04:00
Atlantic Superstore,8115626,PORK SIRLOIN CHOPS,5.5,2026-09-03T00:00:00-04:00,2026-09-09T23:59:59-04:00
Atlantic Superstore,8115626,PEPPERIDGE FARM GOLDFISH CRACKERS 156-227 G OR CRISPS 177 G,2.5,2026-09-03T00:00:00-04:00,2026-09-09T23:59:59-04:00
Atlantic Superstore,8115626,"NO NAME® NATURALLY IMPERFECT™ FRUIT, 2 KG",17.0,2026-09-03T00:00:00-04:00,2026-09-09T23:59:59-04:00
Atlantic Superstore,8115626,"JUST US! GROUND OR WHOLE BEAN COFFEE, 340 G",15.5,2026-09-03T00:00:00-04:00,2026-09-09T23:59:59-04:00
Atlantic Superstore,8115626,ROASTED RED PEPPER PROTEIN HUMMUS 3X100 G,6.0,2026-09-03T00:00:00-04:00,2026-09-09T23:59:59-04:00
Atlantic Superstore,8115626,"PEPPERIDGE FARM GOLDFISH CRACKERS, 504-750 G",9.0,2026-09-03T00:00:00-04:00,2026-09-09T23:59:59-04:00
Atlantic Superstore,8115626,"BUTTER CROISSANTS, 12'S",7.0,2026-09-03T00:00:00-04:00,2026-09-09T23:59:59-04:00
Atlantic Superstore,8115626,"FANCY FEAST CAT FOOD, 12'S",11.0,2026-09-03T00:00:00-04:00,2026-09-09T23:59:59-04:00
Atlantic Superstore,8115626,LOU'S ENTRÉES BEEF POT ROAST AU JUS 375 g,10.0,2026-09-03T00:00:00-04:00,2026-09-09T23:59:59-04:00
Atlantic Superstore,8115626,"NO NAME® NATURALLY IMPERFECT™ APPLES, 6 LB",7.0,2026-09-03T00:00:00-04:00,2026-09-09T23:59:59-04:00
Atlantic Superstore,8115626,"TWO GOOD™, 4 x 95 g",5.0,2026-09-03T00:00:00-04:00,2026-09-09T23:59:59-04:00
Atlantic Superstore,8115626,"YOPLAIT SOURCE PROTEIN, 650 G",6.0,2026-09-03T00:00:00-04:00,2026-09-09T23:59:59-04:00
Atlantic Superstore,8115626,"PC® SOFT DRINKS, 2 L",1.5,2026-09-03T00:00:00-04:00,2026-09-09T23:59:59-04:00
Atlantic Superstore,8115626,"LOU'S ENTRÉES PULLED PORK, 400 g",10.0,2026-09-03T00:00:00-04:00,2026-09-09T23:59:59-04:00
Atlantic Superstore,8115626,"SILK NON-DAIRY CREAMERS, 890 ML",5.5,2026-09-03T00:00:00-04:00,2026-09-09T23:59:59-04:00
Atlantic Superstore,8115626,"TIDY CATS LITTER, 7.71 KG",28.0,2026-09-03T00:00:00-04:00,2026-09-09T23:59:59-04:00
Atlantic Superstore,8115626,GALLO EXTRA VIRGIN OLIVE OIL 1 L OR UNICO VEGETABLE OIL 3 L,11.0,2026-09-03T00:00:00-04:00,2026-09-09T23:59:59-04:00
Atlantic Superstore,8115626,"PC BLUE MENU® OR FREE & CLEAR® SPARKLING WATER, 1 L",1.25,2026-09-03T00:00:00-04:00,2026-09-09T23:59:59-04:00
Atlantic Superstore,8115626,"T&T KOREAN ROASTED SEAWEED LAVER, 15 G",1.78,2026-09-03T00:00:00-04:00,2026-09-09T23:59:59-04:00
Atlantic Superstore,8115626,"COLGATE TOOTHPASTE, 52-95 ML OR MANUAL TOOTHBRUSH, 1 EA",1.25,2026-09-03T00:00:00-04:00,2026-09-09T23:59:59-04:00
Atlantic Superstore,8115626,"ACE BISTRO LOAF, 545-640 G",5.0,2026-09-03T00:00:00-04:00,2026-09-09T23:59:59-04:00
Atlantic Superstore,8115626,"ROOSTER® SWEETENED CONDENSED MILK, 300 ML",2.88,2026-09-03T00:00:00-04:00,2026-09-09T23:59:59-04:00
Atlantic Superstore,8115626,STRIPLOIN GRILLING STEAK,10.88,2026-09-03T00:00:00-04:00,2026-09-06T23:59:59-04:00
Atlantic Superstore,8115626,"SKYFLAKES M.Y. SAN CRACKERS, 800 G",6.88,2026-09-03T00:00:00-04:00,2026-09-09T23:59:59-04:00
Atlantic Superstore,8115626,BABY BOK CHOY OR SHANGHAI BOK CHOY,2.88,2026-09-03T00:00:00-04:00,2026-09-09T23:59:59-04:00
Atlantic Superstore,8115626,"CHRIS BROTHERS SHAVED DELI MEATS, 150/175 G",5.0,2026-09-03T00:00:00-04:00,2026-09-09T23:59:59-04:00
Atlantic Superstore,8115626,PC® HYGROCOTTON TOWELS,20.0,2026-09-03T00:00:00-04:00,2026-09-09T23:59:59-04:00
Atlantic Superstore,8115626,"SAMYANG BULDAK NOODLES, 650-700 G",7.0,2026-09-03T00:00:00-04:00,2026-09-09T23:59:59-04:00
Atlantic Superstore,8115626,"IÖGO NANO DRINKABLE YOGURT, 6X93 ML OR YOGURT POUCHES, 4X90 G",3.27,2026-09-03T00:00:00-04:00,2026-09-09T23:59:59-04:00
Atlantic Superstore,8115626,"NEATFREAK SLIM HANGERS, 20 PK",5.0,2026-09-03T00:00:00-04:00,2026-09-09T23:59:59-04:00
Atlantic Superstore,8115626,"BABY GOURMET ORGANIC CEREAL, 208/227 G",7.0,2026-09-03T00:00:00-04:00,2026-09-09T23:59:59-04:00
Atlantic Superstore,8115626,EVERYDAY ESSENTIALS™ FULL/QUEEN COMFORTERS,20.0,2026-09-03T00:00:00-04:00,2026-09-09T23:59:59-04:00
Atlantic Superstore,8115626,"BATISTE DRY SHAMPOO, 200 ML",9.0,2026-09-03T00:00:00-04:00,2026-09-09T23:59:59-04:00
Atlantic Superstore,8115626,AUSSIE 778 ML OR PANTENE SHAMPOO OR CONDITIONER 476-530 ML,9.0,2026-09-03T00:00:00-04:00,2026-09-09T23:59:59-04:00
Atlantic Superstore,8115626,"KOPIKO INSTANT COFFEE MIX, 825/900 G",8.88,2026-09-03T00:00:00-04:00,2026-09-09T23:59:59-04:00
Atlantic Superstore,8115626,"HUGGIES 1X BABY WIPES, 56-64'S",2.0,2026-09-03T00:00:00-04:00,2026-09-09T23:59:59-04:00
Atlantic Superstore,8115626,"UFC COCONUT WATER OR UFC LYCHEE JUICE WITH HIMALAYAN SALT, 500 ML",2.48,2026-09-03T00:00:00-04:00,2026-09-09T23:59:59-04:00
Atlantic Superstore,8115626,"PAMPERS OR HUGGIES 9X/10X BABY WIPES, 504-600'S",20.0,2026-09-03T00:00:00-04:00,2026-09-09T23:59:59-04:00
Atlantic Superstore,8115626,"FARMER'S MARKET™ MUFFINS, 4'S",4.0,2026-09-03T00:00:00-04:00,2026-09-09T23:59:59-04:00
Atlantic Superstore,8115626,"KELLOGG'S JUMBO CEREAL, 700 G-1.05 KG",9.0,2026-09-03T00:00:00-04:00,2026-09-09T23:59:59-04:00
Atlantic Superstore,8115626,"DOVE SHAMPOO OR CONDITIONER, 355 ML, HAIRSPRAY OR DRY SHAMPOO, 195-273 ML/142-198 G",6.0,2026-09-03T00:00:00-04:00,2026-09-09T23:59:59-04:00
Atlantic Superstore,8115626,"SENSODYNE CLINICAL WHITE OR CLINICAL REPAIR TOOTHPASTE, 75 ML",8.0,2026-09-03T00:00:00-04:00,2026-09-09T23:59:59-04:00
Atlantic Superstore,8115626,"PC® CHERRY AXIANY OR GRAPE LITTLE BEAUTS TOMATOES, 567 G",6.5,2026-09-03T00:00:00-04:00,2026-09-09T23:59:59-04:00
Atlantic Superstore,8115626,"LIFE AT HOME™ NON-SLIP FLOCKED HANGERS, 50'S",15.0,2026-09-03T00:00:00-04:00,2026-09-09T23:59:59-04:00
Atlantic Superstore,8115626,"LARABAR FRUIT AND NUT ENERGY BAR, 45-48 G",1.0,2026-09-03T00:00:00-04:00,2026-09-09T23:59:59-04:00
Atlantic Superstore,8115626,LIFE AT HOME™ FAUX TREES,90.0,2026-09-03T00:00:00-04:00,2026-09-09T23:59:59-04:00
Atlantic Superstore,8115626,"SIMILAC 360 TOTAL CARE STEP 1 & 2 BABY FORMULA POWDER, 584 G",50.0,2026-09-03T00:00:00-04:00,2026-09-09T23:59:59-04:00
Atlantic Superstore,8115626,"PC® FROZEN FRUIT, 300-600 G OR KRAFT COOL WHIP FROZEN WHIPPED TOPPING, 1 L",5.0,2026-09-03T00:00:00-04:00,2026-09-09T23:59:59-04:00
Atlantic Superstore,8115626,"HUGGIES PULL- UPS TRAINING PANTS SIZES 2 T-7 T, 42-74'S OR GOODNITES NIGHTTIME UNDERWEAR SIZES XS-XXL, 24-44'S",27.0,2026-09-03T00:00:00-04:00,2026-09-09T23:59:59-04:00
Atlantic Superstore,8115626,"CASA MENDOSA TORTILLAS, 340/640 G",2.85,2026-09-03T00:00:00-04:00,2026-09-09T23:59:59-04:00
Atlantic Superstore,8115626,"AHA SPARKLING WATER BEVERAGES, 12X355 ML",14.0,2026-09-03T00:00:00-04:00,2026-09-09T23:59:59-04:00
Atlantic Superstore,8115626,"COCA-COLA, CANADA DRY OR PEPSI SOFT DRINKS, 24X355 ML",12.99,2026-09-03T00:00:00-04:00,2026-09-09T23:59:59-04:00
Atlantic Superstore,8115626,"LECLERC CÉLÉBRATION COOKIES, 200-350 G",10.0,2026-09-03T00:00:00-04:00,2026-09-09T23:59:59-04:00
Atlantic Superstore,8115626,GRADE A DUCK,4.28,2026-09-03T00:00:00-04:00,2026-09-09T23:59:59-04:00
Atlantic Superstore,8115626,"RESER'S SALAD, 1.25 KG",7.49,2026-09-03T00:00:00-04:00,2026-09-09T23:59:59-04:00
Atlantic Superstore,8115626,"CHICKEN GIZZARDS, HEARTS OR LIVERS",9.0,2026-09-03T00:00:00-04:00,2026-09-09T23:59:59-04:00
Atlantic Superstore,8115626,"T&T CASHEWS, 800 G",12.88,2026-09-03T00:00:00-04:00,2026-09-09T23:59:59-04:00
Atlantic Superstore,8115626,ASIAN YELLOW PEARS,2.5,2026-09-03T00:00:00-04:00,2026-09-09T23:59:59-04:00
Atlantic Superstore,8115626,"CATELLI GLUTEN-FREE, SUPERGREENS OR PROTEIN+ PASTA, 300/340 G",6.0,2026-09-03T00:00:00-04:00,2026-09-09T23:59:59-04:00
Atlantic Superstore,8115626,"SANDWICH OR WRAP PLATTERS, 1.2-1.7 KG",20.0,2026-09-03T00:00:00-04:00,2026-09-09T23:59:59-04:00
Atlantic Superstore,8115626,"WINDSOR CANNING & PICKLING COARSE SALT, 1.8KG",4.0,2026-09-03T00:00:00-04:00,2026-09-09T23:59:59-04:00
Atlantic Superstore,8115626,"PC® NUTRITION FIRST® DOG OR PUPPY FOOD, 7 KG",27.0,2026-09-03T00:00:00-04:00,2026-09-09T23:59:59-04:00
Atlantic Superstore,8115626,"PC® LIVE LETTUCE GREEN, RED OR TRIO, , 1'S",3.5,2026-09-03T00:00:00-04:00,2026-09-09T23:59:59-04:00
Atlantic Superstore,8115626,"FARMER'S MARKET™ GREENHOUSE PEPPERS, 3'S",5.0,2026-09-03T00:00:00-04:00,2026-09-09T23:59:59-04:00
Atlantic Superstore,8115626,PORK SIDE RIB SWEET AND SOUR STRIPS,4.48,2026-09-03T00:00:00-04:00,2026-09-09T23:59:59-04:00
Atlantic Superstore,8115626,LIFE AT HOME® BACK RESTS,20.0,2026-09-03T00:00:00-04:00,2026-09-09T23:59:59-04:00
Atlantic Superstore,8115626,"ROYALE BATHROOM TISSUE, 30=60 ROLLS OR TIGER TOWELS, 6=12 ROLLS",20.0,2026-09-03T00:00:00-04:00,2026-09-09T23:59:59-04:00
Atlantic Superstore,8115626,"PC® ORGANICS NON-DAIRY YOGURT, 680 G",4.5,2026-09-03T00:00:00-04:00,2026-09-09T23:59:59-04:00
Atlantic Superstore,8115626,"GUINNESS 0% NON ALCOHOLIC DRAUGHT BEER, 0X640 ML",10.99,2026-09-03T00:00:00-04:00,2026-09-09T23:59:59-04:00
Atlantic Superstore,8115626,"LOU'S ENTRÉES PHILLY-STYLE SHAVED STEAK, 400 g",10.0,2026-09-03T00:00:00-04:00,2026-09-09T23:59:59-04:00
Atlantic Superstore,8115626,"PC® OR BLUE MENU® ENTREES, 1.13 KG OR PC® FROZEN VEGETABLES, CLUB SIZE, 750 G",10.0,2026-09-03T00:00:00-04:00,2026-09-09T23:59:59-04:00
Atlantic Superstore,8115626,"JOHNVINCE FOODS CANDY GUMMI BEARS, 280 G",5.0,2026-09-03T00:00:00-04:00,2026-09-09T23:59:59-04:00
Atlantic Superstore,8115626,"GENERAL MILLS, NATURE VALLEY, BETTY CROCKER, MOTT'S FRUITSATIONS, REESE'S OR CHEX GRANOLA OR CEREAL BARS, FRUIT BY THE FOOT® SNACKS, 120-226 G",9.99,2026-09-03T00:00:00-04:00,2026-09-09T23:59:59-04:00
Atlantic Superstore,8115626,BRÜST PROTEIN COFFEE READY TO DRINK SHAKES,10.0,2026-09-03T00:00:00-04:00,2026-09-09T23:59:59-04:00
Atlantic Superstore,8115626,joefresh,7.99,2026-09-03T00:00:00-04:00,2026-09-09T23:59:59-04:00
Atlantic Superstore,8115626,"WHISKAS PERFECT PORTIONS WET CAT FOOD, 1.8 KG",25.99,2026-09-03T00:00:00-04:00,2026-09-09T23:59:59-04:00
Atlantic Superstore,8115626,"LIFE BRAND® UNSCENTED EPSOM SALTS, 4 KG",8.0,2026-09-03T00:00:00-04:00,2026-09-09T23:59:59-04:00
Atlantic Superstore,8115626,"STOK, 1.42 L",9.0,2026-09-03T00:00:00-04:00,2026-09-09T23:59:59-04:00
Atlantic Superstore,8115626,"MILK-BONE SOFT & CHEWY DOG TREATS, 708 G",11.0,2026-09-03T00:00:00-04:00,2026-09-09T23:59:59-04:00
Atlantic Superstore,8115626,SEEDLESS WATERMELONS 11 LB AVERAGE,6.0,2026-09-03T00:00:00-04:00,2026-09-09T23:59:59-04:00
No Frills,8115258,"BENYLIN COUGH SYRUP, 100 mL or COLD & SINUS TABLETS, 20's",10.0,2026-09-03T00:00:00-04:00,2026-09-09T23:59:59-04:00
No Frills,8115258,"PC® HOT EATS FOOD JAR, 440 ML",10.0,2026-09-03T00:00:00-04:00,2026-09-09T23:59:59-04:00
No Frills,8115258,"ZUKE'S DOG TREATS, 170 G",8.0,2026-09-03T00:00:00-04:00,2026-09-09T23:59:59-04:00
No Frills,8115258,"FARM GIRL HIGH PROTEIN, NO SUGAR CEREAL, 280 G",7.0,2026-09-03T00:00:00-04:00,2026-09-09T23:59:59-04:00
No Frills,8115258,"PHILADELPHIA CREAM CHEESE OR DIP, 227/250 G",3.99,2026-09-03T00:00:00-04:00,2026-09-09T23:59:59-04:00
No Frills,8115258,"GENERAL MILLS CHEX CEREAL OR NATURE VALLEY PROTEIN GRANOLA, 310-360 G",4.0,2026-09-03T00:00:00-04:00,2026-09-09T23:59:59-04:00
No Frills,8115258,"SEAQUEST® WHOLE TILAPIA, 1.36 KG OR WHOLE POMPANO, 800 G",9.0,2026-09-03T00:00:00-04:00,2026-09-09T23:59:59-04:00
No Frills,8115258,"BOTAN CALROSE RICE, 8 KG",16.88,2026-09-03T00:00:00-04:00,2026-09-09T23:59:59-04:00
No Frills,8115258,"PC® BLUE MENU® FROZEN ENTREES, 212-365 G",4.0,2026-09-03T00:00:00-04:00,2026-09-09T23:59:59-04:00
No Frills,8115258,GREEN KALE,1.99,2026-09-03T00:00:00-04:00,2026-09-09T23:59:59-04:00
No Frills,8115258,"MAYNARDS CANDY, 308 - 315 G",3.0,2026-09-03T00:00:00-04:00,2026-09-09T23:59:59-04:00
No Frills,8115258,"OASIS, ARIZONA or DELMONTE DRINK BOXES, 8X200 ML",4.0,2026-09-03T00:00:00-04:00,2026-09-09T23:59:59-04:00
No Frills,8115258,"SCHNEIDERS PEPPERETTES, 250-375 G",6.5,2026-09-03T00:00:00-04:00,2026-09-09T23:59:59-04:00
No Frills,8115258,FRUITS AND VEGETABLES,4.5,2026-09-03T00:00:00-04:00,2026-09-09T23:59:59-04:00
No Frills,8115258,"PC THICK AND JUICY® OR BLUE MEN® 4 PACK, 568 G",10.0,2026-09-03T00:00:00-04:00,2026-09-09T23:59:59-04:00
No Frills,8115258,"AMARA ORGANIC SMOOTHIE MELTS OR FRUIT BITES, 23 G",4.5,2026-09-03T00:00:00-04:00,2026-09-09T23:59:59-04:00
No Frills,8115258,"FARMER'S MARKET™ GRAPE TOMATOES, 283 G",2.99,2026-09-03T00:00:00-04:00,2026-09-09T23:59:59-04:00
No Frills,8115258,"ALWAYS OR TAMPAX LINERS, 48-72'S, PADS, 10-46'S OR TAMPONS, 14-18'S",5.0,2026-09-03T00:00:00-04:00,2026-09-09T23:59:59-04:00
No Frills,8115258,"ALWAYS OR TAMPAX LINERS, 48-72'S, PADS, 10-46'S OR TAMPONS, 14-18'S",5.0,2026-09-03T00:00:00-04:00,2026-09-09T23:59:59-04:00
No Frills,8115258,FARMER'S MARKET™ ORANGES,4.99,2026-09-03T00:00:00-04:00,2026-09-09T23:59:59-04:00
No Frills,8115258,"OIKOS OR ACTIVIA EXPERT YOGURT, 4X100 G",3.75,2026-09-03T00:00:00-04:00,2026-09-09T23:59:59-04:00
No Frills,8115258,"RESER'S SALADS, 425/454 G OR ZIGGY'S FRESH PASTA, 350/360 G",2.5,2026-09-03T00:00:00-04:00,2026-09-09T23:59:59-04:00
No Frills,8115258,"NUTELLA HAZELNUT SPREAD, 725 G",7.5,2026-09-03T00:00:00-04:00,2026-09-09T23:59:59-04:00
No Frills,8115258,"NESTLÉ DRUMSTICK, 4'S, KIT KAT or ROLO CONES, 540 mL",4.99,2026-09-03T00:00:00-04:00,2026-09-09T23:59:59-04:00
No Frills,8115258,"COCA-COLA SOFT DRINKS, 2 L",1.69,2026-09-03T00:00:00-04:00,2026-09-09T23:59:59-04:00
No Frills,8115258,"PAMPERS SUPER BIG PACK DIAPERS, 38-120'S",28.99,2026-09-03T00:00:00-04:00,2026-09-09T23:59:59-04:00
No Frills,8115258,"MAPLE LEAF NATURAL SELECTIONS SLICED DELI MEAT, 175 G",5.5,2026-09-03T00:00:00-04:00,2026-09-09T23:59:59-04:00
No Frills,8115258,"NO NAME® LAUNDRY DETERGENT, 1.92/2.03 L",4.0,2026-09-03T00:00:00-04:00,2026-09-09T23:59:59-04:00
No Frills,8115258,"VASELINE HAND CREAM or BODY LOTION, 40 g/100-600 mL",9.0,2026-09-03T00:00:00-04:00,2026-09-09T23:59:59-04:00
No Frills,8115258,"DANONE DANINO YOGURT, 6x93 mL",3.79,2026-09-03T00:00:00-04:00,2026-09-09T23:59:59-04:00
No Frills,8115258,"HIGH LINER PAN-SEAR or BATTERED FISH FILLETS, 425-540 g",9.0,2026-09-03T00:00:00-04:00,2026-09-09T23:59:59-04:00
No Frills,8115258,"OCEAN'S LIGHT TUNA, 85/170 g or CLARK BEANS, 398 mL",1.0,2026-09-03T00:00:00-04:00,2026-09-09T23:59:59-04:00
No Frills,8115258,"FARMER'S MARKET™ SWEET PEPPERS, PKG OF 4",4.99,2026-09-03T00:00:00-04:00,2026-09-09T23:59:59-04:00
No Frills,8115258,"FARMER'S MARKET™ MINI CUCUMBERS, 6 pack",1.99,2026-09-03T00:00:00-04:00,2026-09-09T23:59:59-04:00
No Frills,8115258,"ACE ROLLS, 400-530 g",4.5,2026-09-03T00:00:00-04:00,2026-09-09T23:59:59-04:00
No Frills,8115258,"AVEENO LOTION, 532 mL",11.0,2026-09-03T00:00:00-04:00,2026-09-09T23:59:59-04:00
No Frills,8115258,"HEINZ KETCHUP, 750 mL / 1 L",5.0,2026-09-03T00:00:00-04:00,2026-09-09T23:59:59-04:00
No Frills,8115258,PC® BENTO SNACK BOX,7.0,2026-09-03T00:00:00-04:00,2026-09-09T23:59:59-04:00
No Frills,8115258,"TILDA READY TO HEAT RICE or MINUTE RICE READY TO SERVE CUPS, 250 g",2.5,2026-09-03T00:00:00-04:00,2026-09-09T23:59:59-04:00
No Frills,8115258,EVERYDAY ESSENTIALS™ 12 INCH NON STICK SKILLET,8.0,2026-09-03T00:00:00-04:00,2026-09-09T23:59:59-04:00
No Frills,8115258,"KING COLE ORANGE PEKOE TEA, 60's",2.5,2026-09-03T00:00:00-04:00,2026-09-09T23:59:59-04:00
No Frills,8115258,"SCHNEIDERS GRILL'EMS SMOKED SAUSAGES or JUICY JUMBOS, 375/450 g",6.0,2026-09-03T00:00:00-04:00,2026-09-09T23:59:59-04:00
No Frills,8115258,"HERSHEY'S SNACK SIZE CHOCOLATES or TWIZZLERS CANDY, 50's",6.99,2026-09-03T00:00:00-04:00,2026-09-09T23:59:59-04:00
No Frills,8115258,"IÖGO NANO BUBBLES YOGURT, 4x100 g",2.0,2026-09-03T00:00:00-04:00,2026-09-09T23:59:59-04:00
No Frills,8115258,"CREST GUM TOOTHPASTE, 63-90 mL or SCOPE MOUTHWASH, 1 L",5.0,2026-09-03T00:00:00-04:00,2026-09-09T23:59:59-04:00
No Frills,8115258,"DENTASTIX DOG TREATS, 504 - 1.9 kg",9.99,2026-09-03T00:00:00-04:00,2026-09-09T23:59:59-04:00
No Frills,8115258,"MAPLE LEAF NATURAL SELECTIONS SLICED DELI MEAT, 375/400 g",11.0,2026-09-03T00:00:00-04:00,2026-09-09T23:59:59-04:00
No Frills,8115258,"LARSEN WEINERS or SUNRISE BOLOGNA, 375 g",3.0,2026-09-03T00:00:00-04:00,2026-09-09T23:59:59-04:00
No Frills,8115258,"SEAQUEST® RAW WHITE COLOSSAL SHRIMP, 16-20 per lb or COOKED SHRIMP, 36-55 per lb 300 g, SHRIMP RING 227 g, or BAY SCALLOPS, 400 g",5.5,2026-09-03T00:00:00-04:00,2026-09-09T23:59:59-04:00
No Frills,8115258,"DAN-D PAK CASHEWS, 908 G",11.88,2026-09-03T00:00:00-04:00,2026-09-09T23:59:59-04:00
No Frills,8115258,"BARILLA PASTA, 340/410 g",1.69,2026-09-03T00:00:00-04:00,2026-09-09T23:59:59-04:00
No Frills,8115258,"OIKOS PRO DRINKABLE YOGURT, 300 mL",3.33,2026-09-03T00:00:00-04:00,2026-09-09T23:59:59-04:00
No Frills,8115258,"BAGEL BITES PIZZA SNACKS, 198 g",2.0,2026-09-03T00:00:00-04:00,2026-09-09T23:59:59-04:00
No Frills,8115258,"CAMPBELL'S CHUNKY SOUP, 515 mL",2.0,2026-09-03T00:00:00-04:00,2026-09-09T23:59:59-04:00
No Frills,8115258,PC® BENTO LUNCH BOX,10.0,2026-09-03T00:00:00-04:00,2026-09-09T23:59:59-04:00
No Frills,8115258,"KRAFT PIZZA KIT, 850 g",4.99,2026-09-03T00:00:00-04:00,2026-09-09T23:59:59-04:00
No Frills,8115258,"CATELLI GARDEN SELECT SAUCE, 600 mL",2.0,2026-09-03T00:00:00-04:00,2026-09-09T23:59:59-04:00
No Frills,8115258,"NESQUIK MILK MIX, 540 g or SYRUP, 510/700 mL",5.0,2026-09-03T00:00:00-04:00,2026-09-09T23:59:59-04:00
No Frills,8115258,"EAT SMART SWEET KALE or TAYLOR FARMS SALAD KIT, 292-383 G",4.99,2026-09-03T00:00:00-04:00,2026-09-09T23:59:59-04:00
No Frills,8115258,BROCCOLI CROWNS,2.49,2026-09-03T00:00:00-04:00,2026-09-09T23:59:59-04:00
No Frills,8115258,"ENGLISH CUCUMBERS, EACH",1.49,2026-09-03T00:00:00-04:00,2026-09-09T23:59:59-04:00
No Frills,8115258,ENSURE or GLUCERNA READY TO DRINK SHAKES,11.5,2026-09-03T00:00:00-04:00,2026-09-09T23:59:59-04:00
No Frills,8115258,"FARMERS MARKET™ MINI CARROTS, 2 LB BAG",3.99,2026-09-03T00:00:00-04:00,2026-09-09T23:59:59-04:00
No Frills,8115258,"HUGGIES BABY WIPES, 56/64's",2.0,2026-09-03T00:00:00-04:00,2026-09-09T23:59:59-04:00
No Frills,8115258,"NO NAME® PICKLES, 1 L",3.79,2026-09-03T00:00:00-04:00,2026-09-09T23:59:59-04:00
No Frills,8115258,"PC® CHOCOLATE COVERED NUTS, RAISINS or CRANBERRIES, 340/400 G",7.49,2026-09-03T00:00:00-04:00,2026-09-09T23:59:59-04:00
No Frills,8115258,"PC® PUSH'N SIP BOTTLES, 500 mL",10.0,2026-09-03T00:00:00-04:00,2026-09-09T23:59:59-04:00
No Frills,8115258,T-BONE or WING STEAK,10.99,2026-09-03T00:00:00-04:00,2026-09-09T23:59:59-04:00
No Frills,8115258,CAULIFLOWER,2.99,2026-09-03T00:00:00-04:00,2026-09-09T23:59:59-04:00
No Frills,8115258,PC® SCOOP SHOP ICE CREAM 946 mL or LOADS OF™ BARS 4's,5.0,2026-09-03T00:00:00-04:00,2026-09-09T23:59:59-04:00
No Frills,8115258,"CREST 3D WHITE or PRO-HEALTH TOOTHPASTE, 85-135 mL",6.0,2026-09-03T00:00:00-04:00,2026-09-09T23:59:59-04:00
No Frills,8115258,"SNACK PACK PUDDING or JUICY GELS, 4x99 g",1.5,2026-09-03T00:00:00-04:00,2026-09-09T23:59:59-04:00
No Frills,8115258,"GARNIER FRUCTIS HAIR CARE, 334-570 mL",4.0,2026-09-03T00:00:00-04:00,2026-09-09T23:59:59-04:00
No Frills,8115258,"D'ITALIANO BREAD, 620/675 g or BUNS, 6/8's",3.5,2026-09-03T00:00:00-04:00,2026-09-09T23:59:59-04:00
No Frills,8115258,"FARMER'S MARKET™ YELLOW ONIONS, 3 LB BAG",3.49,2026-09-03T00:00:00-04:00,2026-09-09T23:59:59-04:00
No Frills,8115258,"LIFE BRAND® LIQUID HAND SOAP REFILL, 2 L",5.0,2026-09-03T00:00:00-04:00,2026-09-09T23:59:59-04:00
No Frills,8115258,"NESCAFÉ GOLD INSTANT COFFEE, 95-100 g or ESPRESSO CONCENTRATE, 500 mL",6.49,2026-09-03T00:00:00-04:00,2026-09-09T23:59:59-04:00
No Frills,8115258,"SNYDER'S PRETZELS, 240 g",3.0,2026-09-03T00:00:00-04:00,2026-09-09T23:59:59-04:00
No Frills,8115258,"GENERAL MILLS JUMBO CEREAL, 825 g-1.3 kg",10.0,2026-09-03T00:00:00-04:00,2026-09-09T23:59:59-04:00
No Frills,8115258,"PC® KETTLE COOKED CHIPS, 200 g",2.0,2026-09-03T00:00:00-04:00,2026-09-09T23:59:59-04:00
No Frills,8115258,FARMER'S MARKET™ LOAF CAKES 344-400 g or BUTTER CROISSANTS 260-336 g,4.5,2026-09-03T00:00:00-04:00,2026-09-09T23:59:59-04:00
No Frills,8115258,"MAPLE LEAF READY CRISP FULLY COOKED BACON, 65 g or MAPLE LEAF or SCHNEIDERS BACON, 375 g",3.95,2026-09-03T00:00:00-04:00,2026-09-09T23:59:59-04:00
No Frills,8115258,"ALCAN FOIL 50 FT, NON-STICK FOIL 25 FT, GLAD PLASTIC WRAP 60 M or REYNOLDS PARCHMENT PAPER 35 FT",3.99,2026-09-03T00:00:00-04:00,2026-09-09T23:59:59-04:00
No Frills,8115258,"YOPLAIT YOP DRINKABLE YOGURT, 200 ml",0.97,2026-09-03T00:00:00-04:00,2026-09-09T23:59:59-04:00
No Frills,8115258,"BLUE PLUMS or PC® ORGANICS CORONATION GRAPES, 1.5 L",5.99,2026-09-03T00:00:00-04:00,2026-09-09T23:59:59-04:00
No Frills,8115258,NO NAME® FOOD STORAGE CONTAINERS,3.0,2026-09-03T00:00:00-04:00,2026-09-09T23:59:59-04:00
No Frills,8115258,"WHITE POTATOES, 10 LB BAG",5.99,2026-09-03T00:00:00-04:00,2026-09-09T23:59:59-04:00
No Frills,8115258,LEAN GROUND BEEF AND PORK,7.5,2026-09-03T00:00:00-04:00,2026-09-09T23:59:59-04:00
No Frills,8115258,"PC® CHEESE SLICES, 140-170 g, DOUBLE BRIE or CAMEMBERT, 165-200 g",5.0,2026-09-03T00:00:00-04:00,2026-09-09T23:59:59-04:00
No Frills,8115258,"PC® LITTLE SIPPERS, 525 mL",6.0,2026-09-03T00:00:00-04:00,2026-09-09T23:59:59-04:00
No Frills,8115258,"SHAKE 'N BAKE COATING MIX, 142-160",4.5,2026-09-03T00:00:00-04:00,2026-09-09T23:59:59-04:00
No Frills,8115258,FARMER'S MARKET™ MANDARINS,3.99,2026-09-03T00:00:00-04:00,2026-09-09T23:59:59-04:00
No Frills,8115258,"OLD DUTCH LAUNDRY DETERGENT, 4 L",5.0,2026-09-03T00:00:00-04:00,2026-09-09T23:59:59-04:00
No Frills,8115258,"LAY'S POTATO CHIPS, 177-235 g",2.99,2026-09-03T00:00:00-04:00,2026-09-09T23:59:59-04:00
No Frills,8115258,"MAPLE LODGE FARMS ULTIMATE CHICKEN BREAKFAST SAUSAGES, 375 G",6.49,2026-09-03T00:00:00-04:00,2026-09-09T23:59:59-04:00
No Frills,8115258,"NO NAME® DISINFECTANT WIPES, 75'S",3.0,2026-09-03T00:00:00-04:00,2026-09-09T23:59:59-04:00
No Frills,8115258,RED SHEPHERD PEPPERS,1.99,2026-09-03T00:00:00-04:00,2026-09-09T23:59:59-04:00
No Frills,8115258,BLACKBERRIES OR RASPBERRIES,2.99,2026-09-03T00:00:00-04:00,2026-09-09T23:59:59-04:00
No Frills,8115258,"LISTERINE MOUTHWASH, 1 L",5.5,2026-09-03T00:00:00-04:00,2026-09-09T23:59:59-04:00
No Frills,8115258,"DOVE BAR SOAP, 3x106 g, BODY WASH, 325 mL, DEODORANT, 45-76 g or HAIR CARE, 142-198 g/195-355 mL",5.0,2026-09-03T00:00:00-04:00,2026-09-09T23:59:59-04:00
No Frills,8115258,"NO NAME® BREAD, 520 G",2.89,2026-09-03T00:00:00-04:00,2026-09-09T23:59:59-04:00
No Frills,8115258,"REAL CANADIAN NATURAL SPRING WATER, 24x500 mL",3.0,2026-09-03T00:00:00-04:00,2026-09-09T23:59:59-04:00
No Frills,8115258,RUTABAGAS,0.99,2026-09-03T00:00:00-04:00,2026-09-09T23:59:59-04:00
No Frills,8115258,"MADE GOOD GRANOLA BARS, CRISPY SQUARES, SOFT BAKED MINI COOKIES, GRANOLA BITES, MORNINGS OAT BARS OR CRUNCHY GRANOLA SQUARES, 120-150 G",2.25,2026-09-03T00:00:00-04:00,2026-09-09T23:59:59-04:00
No Frills,8115258,"QUAKER CRISPY MINIS RICE CAKES OR CHIPS, 90-199 G",2.5,2026-09-03T00:00:00-04:00,2026-09-09T23:59:59-04:00
No Frills,8115258,"SENSODYNE TOOTHPASTE, 75/100 mL or POLIGRIP STRONG HOLD, 40 g",5.0,2026-09-03T00:00:00-04:00,2026-09-09T23:59:59-04:00
No Frills,8115258,"FARMER'S MARKET™ YELLOW NECTARINES, 2 L OR PEACHES, 3 L",6.99,2026-09-03T00:00:00-04:00,2026-09-09T23:59:59-04:00
No Frills,8115258,"FARMER'S MARKET™ PAULA RED APPLES, 4 LB BAG",4.99,2026-09-03T00:00:00-04:00,2026-09-09T23:59:59-04:00
No Frills,8115258,"HÄAGEN-DAZS, 414/450 mL or BARS, 3/4's",4.99,2026-09-03T00:00:00-04:00,2026-09-09T23:59:59-04:00
No Frills,8115258,"ST. IVES BODY LOTION, 600 ML",5.0,2026-09-03T00:00:00-04:00,2026-09-09T23:59:59-04:00
No Frills,8115258,"GATORADE SPORT DRINKS, 24x591 ml",21.5,2026-09-03T00:00:00-04:00,2026-09-09T23:59:59-04:00
No Frills,8115258,"MILK-BONE DOG TREATS, 750-900 G",4.5,2026-09-03T00:00:00-04:00,2026-09-09T23:59:59-04:00
No Frills,8115258,GREEN or RED SEEDLESS GRAPES,3.99,2026-09-03T00:00:00-04:00,2026-09-09T23:59:59-04:00
No Frills,8115258,"NO NAME® THIN CRUST PIZZA or NO NAME® GARLIC FINGERS, 295-411 G",3.5,2026-09-03T00:00:00-04:00,2026-09-09T23:59:59-04:00
No Frills,8115258,"INTERNATIONAL DELIGHT COFFEE CREAMER, 946 mL or COLD FOAM, 369/396 g",5.0,2026-09-03T00:00:00-04:00,2026-09-09T23:59:59-04:00
No Frills,8115258,"SIMILAC INFANT FORMULA POWDER, 850 G",35.0,2026-09-03T00:00:00-04:00,2026-09-09T23:59:59-04:00
No Frills,8115258,"IRISH SPRING BODY WASH, 591 mL, BAR SOAP, 6x104 g or SOFTSOAP BODY WASH, 591 mL",4.5,2026-09-03T00:00:00-04:00,2026-09-09T23:59:59-04:00
No Frills,8115258,"PC® BABY WIPES, 300's",5.0,2026-09-03T00:00:00-04:00,2026-09-09T23:59:59-04:00
No Frills,8115258,"BUBLY SPARKLING WATER, 12x355 ML",6.5,2026-09-03T00:00:00-04:00,2026-09-09T23:59:59-04:00
No Frills,8115258,"ROMAINE HEARTS, PKG OF 3 OR AVOCADOS, PKG OF 5",4.99,2026-09-03T00:00:00-04:00,2026-09-09T23:59:59-04:00
No Frills,8115258,"PILLER'S KOLBASSA, 250-375 G",5.0,2026-09-03T00:00:00-04:00,2026-09-09T23:59:59-04:00
No Frills,8115258,"LECLERC CELEBRATION COOKIES, 200/240 G",2.5,2026-09-03T00:00:00-04:00,2026-09-09T23:59:59-04:00
No Frills,8115258,"PANTENE HAIR CARE, 308-355 ML",4.75,2026-09-03T00:00:00-04:00,2026-09-09T23:59:59-04:00
No Frills,8115258,"PC® LITTLE SIP BOTTLES, 550 ML",10.0,2026-09-03T00:00:00-04:00,2026-09-09T23:59:59-04:00
No Frills,8115258,"GERBER BABY CEREAL, 180-227 G",4.5,2026-09-03T00:00:00-04:00,2026-09-09T23:59:59-04:00
No Frills,8115258,PC® BENTO LUNCH BAGS,10.0,2026-09-03T00:00:00-04:00,2026-09-09T23:59:59-04:00
No Frills,8115258,"TIDE LIQUID, 1.62/1.86 L, PODS, 18-31'S, GAIN LIQUID, 2.6 L LAUNDRY DETERGENT, DOWNY FABRIC SOFTENER, 1.89-2.63 L, DOWNY OR GAIN SCENT BOOSTERS, 379 G OR BOUNCE DRYER SHEETS, 120-200'S",8.99,2026-09-03T00:00:00-04:00,2026-09-09T23:59:59-04:00
No Frills,8115258,"ATLANTIC BUTTER, 454 G",4.99,2026-09-03T00:00:00-04:00,2026-09-09T23:59:59-04:00
No Frills,8115258,SISTEMA 6 PIECE STARTER KIT,10.0,2026-09-03T00:00:00-04:00,2026-09-09T23:59:59-04:00
No Frills,8115258,"ST. IVES BODY LOTION, 600 ML",5.0,2026-09-03T00:00:00-04:00,2026-09-09T23:59:59-04:00
No Frills,8115258,FIELD TOMATOES,1.49,2026-09-03T00:00:00-04:00,2026-09-09T23:59:59-04:00
No Frills,8115258,"AVEENO BODY WASH, HAIR CARE, 532 ML OR LOTION, 354 ML",9.0,2026-09-03T00:00:00-04:00,2026-09-09T23:59:59-04:00
No Frills,8115258,"SISTEMA BENTO CUBE TO GO, 1.25 L",8.0,2026-09-03T00:00:00-04:00,2026-09-09T23:59:59-04:00
No Frills,8115258,"TROPICANA ORANGE JUICE, DRINKS OR PURE LEAF TEA, 1.36/1.75 L",4.25,2026-09-03T00:00:00-04:00,2026-09-09T23:59:59-04:00
No Frills,8115258,"BECEL MARGARINE, 637 / 800 G",6.99,2026-09-03T00:00:00-04:00,2026-09-09T23:59:59-04:00
No Frills,8115258,"PC® ORGANICS BABY FOOD POUCHES, 128 mL",1.0,2026-09-03T00:00:00-04:00,2026-09-09T23:59:59-04:00
No Frills,8115258,"PC® CHEESE BARS 400 g, PC® CHEESE SHREDS 250-320 g or SAPUTO MOZZARELLISSIMA 500 g",6.0,2026-09-03T00:00:00-04:00,2026-09-09T23:59:59-04:00
No Frills,8115258,"PC® 2-PLY DINNER NAPKINS, 180's",8.0,2026-09-03T00:00:00-04:00,2026-09-09T23:59:59-04:00
No Frills,8115258,"ACORN, BUTTERCUP, BUTTERNUT or SPAGHETTI SQUASH",1.49,2026-09-03T00:00:00-04:00,2026-09-09T23:59:59-04:00
No Frills,8115258,"IDAHOAN MASHED POTATOES, 113 g",1.5,2026-09-03T00:00:00-04:00,2026-09-09T23:59:59-04:00
No Frills,8115258,"PEPPERIDGE FARM GOLDFISH CRACKERS or CRISPS, 156-204 g",2.25,2026-09-03T00:00:00-04:00,2026-09-09T23:59:59-04:00
No Frills,8115258,"ACTIVIA PROBIOTIC YOGURT, 12X100 G",6.5,2026-09-03T00:00:00-04:00,2026-09-09T23:59:59-04:00
No Frills,8115258,"KD PROTEIN+, 175 G",2.5,2026-09-03T00:00:00-04:00,2026-09-09T23:59:59-04:00
No Frills,8115258,"WHOLE SEEDLESS WATERMELON, 9 LB AVERAGE",6.99,2026-09-03T00:00:00-04:00,2026-09-09T23:59:59-04:00
No Frills,8115258,"LIFE BRAND® LIQUID HAND SOAP REFILL, 2 L",5.0,2026-09-03T00:00:00-04:00,2026-09-09T23:59:59-04:00
No Frills,8115258,"GALLO EXTRA VIRGIN OLIVE OIL, 750 ML / 1 L",8.99,2026-09-03T00:00:00-04:00,2026-09-09T23:59:59-04:00
No Frills,8115258,"ZIGGY'S® SLICED DELI MEATS, 175 G",3.75,2026-09-03T00:00:00-04:00,2026-09-09T23:59:59-04:00
No Frills,8115258,"DOVE BAR SOAP 3x106 g, BODY WASH 325 mL, DEODORANT 45-76 g or HAIR CARE, 142-198 g/195-355 mL",5.0,2026-09-03T00:00:00-04:00,2026-09-09T23:59:59-04:00
No Frills,8115258,"GARNIER FRUCTIS HAIR CARE, 334-370 mL",4.0,2026-09-03T00:00:00-04:00,2026-09-09T23:59:59-04:00
No Frills,8115258,"NO NAME® BEANS, CHICKPEAS or LENTILS, 540 mL",1.5,2026-09-03T00:00:00-04:00,2026-09-09T23:59:59-04:00
No Frills,8115258,"NESTLÉ ASSORTED MINI BARS AND CANDIES, 485 g",12.49,2026-09-03T00:00:00-04:00,2026-09-09T23:59:59-04:00
No Frills,8115258,"MARCANGELO DINNER OR BREAKFAST SAUSAGES, ROUNDS OR ITALIAN GRINDS, 250 - 500 g",3.5,2026-09-03T00:00:00-04:00,2026-09-09T23:59:59-04:00
No Frills,8115258,"PEPSI SOFT DRINKS, 6x710 mL",3.47,2026-09-03T00:00:00-04:00,2026-09-09T23:59:59-04:00
No Frills,8115258,"ALCAN FOIL, 50 FT, NON-STICK FOIL, 25 FT, GLAD PLASTIC WRAP, 60 M or REYNOLDS PARCHMENT PAPER, 35 FT",3.99,2026-09-03T00:00:00-04:00,2026-09-09T23:59:59-04:00
No Frills,8115258,"CASA MENDOSA 10 INCH TORTILLAS, 340/640 G",2.85,2026-09-03T00:00:00-04:00,2026-09-09T23:59:59-04:00
No Frills,8115258,"D'ITALIANO BREAD, 620/675 g or BUNS, 6/8's",3.5,2026-09-03T00:00:00-04:00,2026-09-09T23:59:59-04:00
No Frills,8115258,"PC® CHEESE BARS, 400 G, PC® SHREDS 250-320 G OR SAPUTO MOZZARELLISSIMA, 500 G",6.0,2026-09-03T00:00:00-04:00,2026-09-09T23:59:59-04:00
No Frills,8115258,"HIGH LINER PAN-SEAR OR BATTERED FISH FILLETS, 425-540 G",9.0,2026-09-03T00:00:00-04:00,2026-09-09T23:59:59-04:00
No Frills,8115258,"MAPLE LEAF READY CRISP FULLY COOKED BACON, 65 g or MAPLE LEAF or SCHNEIDERS BACON, 375 g",3.95,2026-09-03T00:00:00-04:00,2026-09-09T23:59:59-04:00
No Frills,8115258,"PC® DIP, 200/227 g or PC® NAAN DIPPERS, 200 g",3.0,2026-09-03T00:00:00-04:00,2026-09-09T23:59:59-04:00
No Frills,8115258,"LARSEN WIENERS or SUNRISE BOLOGNA, 375 g",3.0,2026-09-03T00:00:00-04:00,2026-09-09T23:59:59-04:00
No Frills,8115258,"FARMER'S MARKET™ LOAF CAKES, 344-400 G OR BUTTER CROISSANTS, 260-336 G",4.5,2026-09-03T00:00:00-04:00,2026-09-09T23:59:59-04:00
No Frills,8115258,"KRAFT PIZZA KIT, 850 G",4.99,2026-09-03T00:00:00-04:00,2026-09-09T23:59:59-04:00
No Frills,8115258,EVERYDAY ESSENTIALS™ 3-PIECE KNIFE SET,7.0,2026-09-03T00:00:00-04:00,2026-09-09T23:59:59-04:00
No Frills,8115258,"MAPLE LEAF VIENNA SAUSAGE, 113 G",1.0,2026-09-03T00:00:00-04:00,2026-09-09T23:59:59-04:00
No Frills,8115258,"CATELLI GARDEN SELECT SAUCE, 600 ML",2.0,2026-09-03T00:00:00-04:00,2026-09-09T23:59:59-04:00
No Frills,8115258,"REAL CANADIAN NATURAL SPRING WATER, 24X500 ML",3.0,2026-09-03T00:00:00-04:00,2026-09-09T23:59:59-04:00
No Frills,8115258,"GATORADE SPORT DRINKS, 24x591 ML",21.5,2026-09-03T00:00:00-04:00,2026-09-09T23:59:59-04:00
No Frills,8115258,"HELLMANN'S REAL MAYO OR DIPS, 340/445 ML",4.0,2026-09-03T00:00:00-04:00,2026-09-09T23:59:59-04:00
No Frills,8115258,"AXE BODY SPRAY, 113 G, DEODORANT, 76/85 G OR 2 IN 1 SHAMPOO, 473 ML",4.0,2026-09-03T00:00:00-04:00,2026-09-09T23:59:59-04:00
No Frills,8115258,"LAY'S POTATO CHIPS, 177-235 G",2.99,2026-09-03T00:00:00-04:00,2026-09-09T23:59:59-04:00
No Frills,8115258,"MAXWELL HOUSE GROUND COFFEE, 631-900 G OR PODS, 30'S",15.97,2026-09-03T00:00:00-04:00,2026-09-09T23:59:59-04:00
No Frills,8115258,"PC® CHEESE SLICES 140-170 g, DOUBLE BRIE or CAMEMBERT, 165-200 g",5.0,2026-09-03T00:00:00-04:00,2026-09-09T23:59:59-04:00
No Frills,8115258,"PC® 2-PLY DINNER NAPKINS, 180'S",8.0,2026-09-03T00:00:00-04:00,2026-09-09T23:59:59-04:00
No Frills,8115258,"ZIGGY'S® FRESH PASTA, 350/360 g",2.5,2026-09-03T00:00:00-04:00,2026-09-09T23:59:59-04:00
No Frills,8115258,"CLARK BEANS, 398 ML",1.0,2026-09-03T00:00:00-04:00,2026-09-09T23:59:59-04:00
No Frills,8115258,"YOPLAIT YOP DRINKABLE YOGURT, 200 mL",0.97,2026-09-03T00:00:00-04:00,2026-09-09T23:59:59-04:00
No Frills,8115258,"FARM GIRL HIGH PROTEIN, NO SUGAR CEREAL, 280 G",7.0,2026-09-03T00:00:00-04:00,2026-09-09T23:59:59-04:00
No Frills,8115258,"ZIGGY'S® SLICED DELI MEATS, 175 g",3.75,2026-09-03T00:00:00-04:00,2026-09-09T23:59:59-04:00
FreshCo,8113430,"Bubly 12x355 mL, Montellier 10x355 mL or Gatorade 6x591 mL",5.99,2026-09-03T00:00:00-04:00,2026-09-09T23:59:59-04:00
FreshCo,8113430,"Lay's Potato Chips 177-235 g, Smartfood Popcorn 150-220 g or Tostitos 205-300 g",1.97,2026-09-03T00:00:00-04:00,2026-09-09T23:59:59-04:00
FreshCo,8113430,Johnsonville Sausages 375-500 g,3.97,2026-09-03T00:00:00-04:00,2026-09-09T23:59:59-04:00
FreshCo,8113430,Coca-Cola or Pepsi Soft Drinks 12X355 mL Selected Varieties,7.97,2026-09-03T00:00:00-04:00,2026-09-09T23:59:59-04:00
FreshCo,8113430,Orville Redenbacher Microwave Popcorn 6-8 pk 340-492 g or Gourmet Popping Corn 850 g,3.97,2026-09-03T00:00:00-04:00,2026-09-09T23:59:59-04:00
FreshCo,8113430,Sea's Mind Roasted Seaweed Snack 120 g - FreshCo Mid-Autumn,9.98,2026-09-03T00:00:00-04:00,2026-09-09T23:59:59-04:00
FreshCo,8113430,Compliments Muffins 400-600 g,5.47,2026-09-03T00:00:00-04:00,2026-09-09T23:59:59-04:00
FreshCo,8113430,Red or Green Seedless Grapes,3.97,2026-09-03T00:00:00-04:00,2026-09-09T23:59:59-04:00
FreshCo,8113430,Philadelphia Cream Cheese 227-250 g,3.99,2026-09-03T00:00:00-04:00,2026-09-09T23:59:59-04:00
FreshCo,8113430,Raspberries or Blackberries 170 g Product of USA,2.44,2026-09-03T00:00:00-04:00,2026-09-09T23:59:59-04:00
FreshCo,8113430,"Chapman's Super Novelties 8-18 pk, Premium Ice Cream, Sorbet or Frozen Yogurt 2 L",5.97,2026-09-03T00:00:00-04:00,2026-09-09T23:59:59-04:00
FreshCo,8113430,"Sweet Corn Product of Canada, Canada No. 1",0.4,2026-09-03T00:00:00-04:00,2026-09-09T23:59:59-04:00
FreshCo,8113430,Kraft Peanut Butter 750 g-1 kg or St. Dalfour Jam 225 ML,5.97,2026-09-03T00:00:00-04:00,2026-09-09T23:59:59-04:00
FreshCo,8113430,Colgate Sensitive Pro-Relief or Total Advanced Toothpaste 73-120 mL Selected Varieties,4.97,2026-09-03T00:00:00-04:00,2026-09-09T23:59:59-04:00
FreshCo,8113430,Wendy's Fresh Ground Beef Patties 454 g,9.97,2026-09-03T00:00:00-04:00,2026-09-09T23:59:59-04:00
FreshCo,8113430,"Local Strawberries 1 Quart Product of Atlantic Canada, Canada No. 1",5.97,2026-09-03T00:00:00-04:00,2026-09-09T23:59:59-04:00
FreshCo,8113430,Ocean Spray Cocktail 1.89 L or 100% Juice 1.77 L,3.97,2026-09-03T00:00:00-04:00,2026-09-09T23:59:59-04:00
FreshCo,8113430,Tim Hortons Coffee Single Serve K-Cups 30 pk,19.97,2026-09-03T00:00:00-04:00,2026-09-09T23:59:59-04:00
FreshCo,8113430,Holiday Luncheon Meat 340 g or Maple Leaf Flakes of Ham 156 g,1.99,2026-09-03T00:00:00-04:00,2026-09-09T23:59:59-04:00
FreshCo,8113430,Dempster's English Muffins 340 g,2.67,2026-09-03T00:00:00-04:00,2026-09-09T23:59:59-04:00
FreshCo,8113430,Compliments Smoked Sausages 900 g,10.97,2026-09-03T00:00:00-04:00,2026-09-09T23:59:59-04:00
FreshCo,8113430,Swiss Chalet or Montana's Pork Back Ribs Fully Cooked 600-650 g,12.97,2026-09-03T00:00:00-04:00,2026-09-09T23:59:59-04:00
FreshCo,8113430,Seedless Watermelon Product of Canada 11 lb average,6.97,2026-09-03T00:00:00-04:00,2026-09-09T23:59:59-04:00
FreshCo,8113430,Classico Pasta Sauce 218-600 mL,3.47,2026-09-03T00:00:00-04:00,2026-09-09T23:59:59-04:00
FreshCo,8113430,San Daniele Sliced Prosciutto 100 g,3.97,2026-09-03T00:00:00-04:00,2026-09-09T23:59:59-04:00
FreshCo,8113430,Mastro Genoa Salami 125-150 g,3.97,2026-09-03T00:00:00-04:00,2026-09-09T23:59:59-04:00
FreshCo,8113430,Clementines 2 lb Product of South Africa 907 g,4.97,2026-09-03T00:00:00-04:00,2026-09-09T23:59:59-04:00
FreshCo,8113430,"Mini Seedless Cucumbers 6 pk Product of Ontario, Canada No. 1 or Grape Tomatoes 283 g Product of Canada",2.97,2026-09-03T00:00:00-04:00,2026-09-09T23:59:59-04:00
FreshCo,8113430,"Beyond Meat Plant-Based Ground, Sausages or Steaks Frozen 226-400 g",7.97,2026-09-03T00:00:00-04:00,2026-09-09T23:59:59-04:00
FreshCo,8113430,Purina Tidy Cats Cat Litter 2.72 kg,9.99,2026-09-03T00:00:00-04:00,2026-09-09T23:59:59-04:00
FreshCo,8113430,Clover Leaf Skipjack 170 g or Flavoured Tuna 85 g,1.75,2026-09-03T00:00:00-04:00,2026-09-09T23:59:59-04:00
FreshCo,8113430,Hormel Tocino-Flavoured Spam 340 g - FreshCo Mid-Autumn,3.88,2026-09-03T00:00:00-04:00,2026-09-09T23:59:59-04:00
FreshCo,8113430,Quaker® Instant Oatmeal Protein,3.99,2026-09-03T00:00:00-04:00,2026-09-09T23:59:59-04:00
FreshCo,8113430,Siggi's Yogurt 650-750 g,6.49,2026-09-03T00:00:00-04:00,2026-09-09T23:59:59-04:00
FreshCo,8113430,Pine-Sol 1.41 L or Clorox Bleach 2.4 L,4.49,2026-09-03T00:00:00-04:00,2026-09-09T23:59:59-04:00
FreshCo,8113430,Purex or Sunlight Laundry Detergent,13.99,2026-09-03T00:00:00-04:00,2026-09-09T23:59:59-04:00
FreshCo,8113430,Hershey King Size Bars 62-85g Assorted Varieties,1.79,2026-09-03T00:00:00-04:00,2026-09-09T23:59:59-04:00
FreshCo,8113430,"Bok Choy, Flat or Napa Cabbage Product of Canada 1.94/kg - FreshCo Mid-Autumn",0.88,2026-09-03T00:00:00-04:00,2026-09-09T23:59:59-04:00
FreshCo,8113430,PepsiCo Beverages 6x222 ml Any Flavour,3.99,2026-09-03T00:00:00-04:00,2026-09-09T23:59:59-04:00
FreshCo,8113430,PepsiCo Beverages 12x355 mL Any Flavour,7.97,2026-09-03T00:00:00-04:00,2026-09-09T23:59:59-04:00
FreshCo,8113430,Cheese Dippers 4 pk 140 g or The Laughing Cow 8 pk 133 g,2.97,2026-09-03T00:00:00-04:00,2026-09-09T23:59:59-04:00
FreshCo,8113430,Babybel 18 pk 360 g,12.97,2026-09-03T00:00:00-04:00,2026-09-09T23:59:59-04:00
FreshCo,8113430,Sunrise Beef Burgers 500 g,8.97,2026-09-03T00:00:00-04:00,2026-09-09T23:59:59-04:00
FreshCo,8113430,"Cantaloupe Product of Canada, Canada No. 1",1.97,2026-09-03T00:00:00-04:00,2026-09-09T23:59:59-04:00
FreshCo,8113430,Pork Back Ribs Fresh Cryovac 6.55/kg,2.97,2026-09-03T00:00:00-04:00,2026-09-09T23:59:59-04:00
FreshCo,8113430,Michelina's Frozen Entrees 198-284 g,4.0,2026-09-03T00:00:00-04:00,2026-09-09T23:59:59-04:00
FreshCo,8113430,Main Street Deli Meat 200-300 g,4.47,2026-09-03T00:00:00-04:00,2026-09-09T23:59:59-04:00
FreshCo,8113430,Boursin Cheese 150 g,5.47,2026-09-03T00:00:00-04:00,2026-09-09T23:59:59-04:00
FreshCo,8113430,Christie Family Size Crackers Selected Varieties 345-454 g or Premium Plus Crackers 402-500 g,3.99,2026-09-03T00:00:00-04:00,2026-09-09T23:59:59-04:00
FreshCo,8113430,Quaker® Standard Oats 709 g-1 kg,3.49,2026-09-03T00:00:00-04:00,2026-09-09T23:59:59-04:00
FreshCo,8113430,Spitz® Seeds 210 g Any Flavour or Variety,2.79,2026-09-03T00:00:00-04:00,2026-09-09T23:59:59-04:00
FreshCo,8113430,Tostitos® Tortilla Chips 205-295 g Any Flavour or Variety,1.97,2026-09-03T00:00:00-04:00,2026-09-09T23:59:59-04:00
FreshCo,8113430,Quaker® Quick Oats 2.25 kg,6.49,2026-09-03T00:00:00-04:00,2026-09-09T23:59:59-04:00
FreshCo,8113430,The Laughing Cow 32 pk 535 g,11.97,2026-09-03T00:00:00-04:00,2026-09-09T23:59:59-04:00
FreshCo,8113430,Babybel 6 pk 120 g,4.47,2026-09-03T00:00:00-04:00,2026-09-09T23:59:59-04:00
FreshCo,8113430,Binggrae Melona Ice Bars 560 mL Selected Varieties or Happy Dairy Paneer 300 g,3.99,2026-09-03T00:00:00-04:00,2026-09-09T23:59:59-04:00
FreshCo,8113430,Kellogg's Cereal Selected Varieties 250-365 g,3.47,2026-09-03T00:00:00-04:00,2026-09-09T23:59:59-04:00
FreshCo,8113430,"Barilla, Catelli Classic, Smart or Healthy Harvest Pasta 375-454 g",1.97,2026-09-03T00:00:00-04:00,2026-09-09T23:59:59-04:00
FreshCo,8113430,Black Diamond Cheestrings 12-16 pk,5.99,2026-09-03T00:00:00-04:00,2026-09-09T23:59:59-04:00
FreshCo,8113430,Dare Breton or Vinta Crackers 173-225 g or Dare Veggie Crisps 100-150 g,1.97,2026-09-03T00:00:00-04:00,2026-09-09T23:59:59-04:00
FreshCo,8113430,Avocados 5 pk Product of Mexico,4.97,2026-09-03T00:00:00-04:00,2026-09-09T23:59:59-04:00
FreshCo,8113430,"Peaches 3 L or Nectarines 2 L Product of Ontario, Canada No. 1",6.97,2026-09-03T00:00:00-04:00,2026-09-09T23:59:59-04:00
FreshCo,8113430,Dempster's Sandwich Bread 570-675 g or Buns 8 pk,2.77,2026-09-03T00:00:00-04:00,2026-09-09T23:59:59-04:00
FreshCo,8113430,"Romaine Hearts 3 pk Product of Canada or Cauliflower Product of Canada, Canada No. 1",3.97,2026-09-03T00:00:00-04:00,2026-09-09T23:59:59-04:00
FreshCo,8113430,Seedless Oranges Product of South Africa or Gala Apples Product of Chile Extra Fancy Grade 4.34/kg,1.97,2026-09-03T00:00:00-04:00,2026-09-09T23:59:59-04:00
FreshCo,8113430,Hostess Snack Cakes 202-206 g,2.67,2026-09-03T00:00:00-04:00,2026-09-09T23:59:59-04:00
FreshCo,8113430,Panache Seasoned Flattened Whole Chicken,4.97,2026-09-03T00:00:00-04:00,2026-09-09T23:59:59-04:00
FreshCo,8113430,Compliments Organic Whole White or Brown Mushrooms 227 g Product of Ontario,2.5,2026-09-03T00:00:00-04:00,2026-09-09T23:59:59-04:00
FreshCo,8113430,Tomatoes on the Vine Product of Canada 4.34/kg,1.97,2026-09-03T00:00:00-04:00,2026-09-09T23:59:59-04:00
FreshCo,8113430,Tre Stelle Ricotta Tub,5.97,2026-09-03T00:00:00-04:00,2026-09-09T23:59:59-04:00
FreshCo,8113430,Compliments Raw Pacific White Shrimp Frozen 340 g or Shrimp with Cocktail Sauce Frozen 255 g,6.0,2026-09-03T00:00:00-04:00,2026-09-09T23:59:59-04:00
FreshCo,8113430,Larsen Weiners 900 g,5.77,2026-09-03T00:00:00-04:00,2026-09-09T23:59:59-04:00
FreshCo,8113430,"Eggplant, Green Zucchini or Sweet Green Bell Peppers Product of Canada 3.90/kg",1.77,2026-09-03T00:00:00-04:00,2026-09-09T23:59:59-04:00
FreshCo,8113430,Timothy's Coffee K-Cups 30 pk,14.99,2026-09-03T00:00:00-04:00,2026-09-09T23:59:59-04:00
FreshCo,8113430,Kellogg's Cheez-It Crackers 191-200 g or Pringles Super Stacks Chips 148-156 g,2.49,2026-09-03T00:00:00-04:00,2026-09-09T23:59:59-04:00
FreshCo,8113430,Campbell's Chunky 515 mL or Habitant Soup 796 mL,2.99,2026-09-03T00:00:00-04:00,2026-09-09T23:59:59-04:00
FreshCo,8113430,Crave Frozen Meals 200-340 g,3.99,2026-09-03T00:00:00-04:00,2026-09-09T23:59:59-04:00
FreshCo,8113430,Armstrong Cheese Snacks 210 g Selected Varieties,4.49,2026-09-03T00:00:00-04:00,2026-09-09T23:59:59-04:00
FreshCo,8113430,Jamieson Vitamin C 500mg or Vitamin D 1000 IU 75-240 pk Selected Varieties,5.99,2026-09-03T00:00:00-04:00,2026-09-09T23:59:59-04:00
FreshCo,8113430,Taco Bell Taco Kits 260-420 g or Creamy Sauce 354 mL,3.97,2026-09-03T00:00:00-04:00,2026-09-09T23:59:59-04:00
FreshCo,8113430,Christie Peek Freans Cookies Selected Varieties 275-350 g,3.29,2026-09-03T00:00:00-04:00,2026-09-09T23:59:59-04:00
FreshCo,8113430,Mott's Clamato or Garden Cocktail 1.89 L,3.49,2026-09-03T00:00:00-04:00,2026-09-09T23:59:59-04:00
FreshCo,8113430,Imperial Margarine 800 g,4.99,2026-09-03T00:00:00-04:00,2026-09-09T23:59:59-04:00
FreshCo,8113430,Baskin Robbins Ice Cream 946 mL or Novelties 4x125 mL,9.99,2026-09-03T00:00:00-04:00,2026-09-09T23:59:59-04:00
FreshCo,8113430,Maison Perrier Sparkling Water 8x330 mL or San Pellegrino Naturali Sparkling Drink 6x330 mL,6.99,2026-09-03T00:00:00-04:00,2026-09-09T23:59:59-04:00
FreshCo,8113430,Fuze or Peace Tea 12x341 mL,6.99,2026-09-03T00:00:00-04:00,2026-09-09T23:59:59-04:00
FreshCo,8113430,SunRype Fruit to Go Bars 14 g,0.4,2026-09-03T00:00:00-04:00,2026-09-09T23:59:59-04:00
FreshCo,8113430,Best Buy Pork Breakfast Sausage Patties or Links Frozen 1.2 kg,10.0,2026-09-03T00:00:00-04:00,2026-09-09T23:59:59-04:00
FreshCo,8113430,Maple Lodge or Zabiha Halal Chicken Bologna or Wieners 375-450 g,2.47,2026-09-03T00:00:00-04:00,2026-09-09T23:59:59-04:00
FreshCo,8113430,Paula Red Apples 3 lb Product of Ontario Canada Fancy 1.36 kg,3.97,2026-09-03T00:00:00-04:00,2026-09-09T23:59:59-04:00
FreshCo,8113430,Mini Baby Peeled Carrots 340 g Product of USA,1.47,2026-09-03T00:00:00-04:00,2026-09-09T23:59:59-04:00
FreshCo,8113430,Brandt Kolbassa Chubs 250 g,5.0,2026-09-03T00:00:00-04:00,2026-09-09T23:59:59-04:00
FreshCo,8113430,Ben & Jerry's Ice Cream 473 mL,5.49,2026-09-03T00:00:00-04:00,2026-09-09T23:59:59-04:00
FreshCo,8113430,Chapman's Yukon Novelties,5.0,2026-09-03T00:00:00-04:00,2026-09-09T23:59:59-04:00
FreshCo,8113430,Reese's Multi-Packs 172-232 g or Packaged Candy 160-210g Assorted Varieties,4.79,2026-09-03T00:00:00-04:00,2026-09-09T23:59:59-04:00
FreshCo,8113430,Mini Crush Fruit Jelly 1.4 kg - FreshCo Mid-Autumn,5.98,2026-09-03T00:00:00-04:00,2026-09-09T23:59:59-04:00
FreshCo,8113430,Watson Assorted Premium Fish Balls 500 g - FreshCo Mid-Autumn,4.88,2026-09-03T00:00:00-04:00,2026-09-09T23:59:59-04:00
FreshCo,8113430,"Eight Treasures Head On, Shell On, Raw Shrimp Frozen 400 g - FreshCo Mid-Autumn",5.88,2026-09-03T00:00:00-04:00,2026-09-09T23:59:59-04:00
FreshCo,8113430,Red Carrots Product of China Fancy Grade 3.26/kg - FreshCo Mid-Autumn,1.48,2026-09-03T00:00:00-04:00,2026-09-09T23:59:59-04:00
FreshCo,8113430,Asian Yellow Pears Product of China Fancy Grade 3.26/kg - FreshCo Mid-Autumn,1.48,2026-09-03T00:00:00-04:00,2026-09-09T23:59:59-04:00
FreshCo,8113430,Vida Sparkling Water 325 mL Selected Varieties - FreshCo Mid-Autumn,0.98,2026-09-03T00:00:00-04:00,2026-09-09T23:59:59-04:00
FreshCo,8113430,"Quaker® Cereals 375-500 g, Quaker® Harvest Crunch® 325-510 g or Cap'n Crunch® Cereal 350 g",3.33,2026-09-03T00:00:00-04:00,2026-09-09T23:59:59-04:00
FreshCo,8113430,Pearl Milling Company® Mixes 905 g or Syrup 710 mL,3.99,2026-09-03T00:00:00-04:00,2026-09-09T23:59:59-04:00
FreshCo,8113430,PepsiCo Beverages 6x710 ml Any Flavour,4.27,2026-09-03T00:00:00-04:00,2026-09-09T23:59:59-04:00
FreshCo,8113430,Takis 190-280 g,2.25,2026-09-03T00:00:00-04:00,2026-09-09T23:59:59-04:00
FreshCo,8113430,Compliments Sliced Cheese 440 g,13.47,2026-09-03T00:00:00-04:00,2026-09-09T23:59:59-04:00
FreshCo,8113430,Dawn Cooked Ham Loaf 300 g,4.47,2026-09-03T00:00:00-04:00,2026-09-09T23:59:59-04:00
FreshCo,8113430,Piller's Minis or Toppings 175-250 g,5.97,2026-09-03T00:00:00-04:00,2026-09-09T23:59:59-04:00
FreshCo,8113430,Yop Yogurt Drinks 200 mL,0.99,2026-09-03T00:00:00-04:00,2026-09-09T23:59:59-04:00
FreshCo,8113430,Nescafé Rich Instant Coffee 100-170 g or Gold Instant Coffee 90-100 g,6.44,2026-09-03T00:00:00-04:00,2026-09-09T23:59:59-04:00
FreshCo,8113430,"MadeGood Organic Granola Bars, Minis or Crispy Squares 120-132 g",3.49,2026-09-03T00:00:00-04:00,2026-09-09T23:59:59-04:00
FreshCo,8113430,Hershey Singles 34-58 g Assorted Varieties,1.09,2026-09-03T00:00:00-04:00,2026-09-09T23:59:59-04:00
FreshCo,8113430,Nestlé Del Monte Sorbet 946 mL or IOGO Yogurt Tubs 948 mL Novelty Bars 4 pk or Pops 8 pk,4.94,2026-09-03T00:00:00-04:00,2026-09-09T23:59:59-04:00
FreshCo,8113430,Hanamaruki White Soybean Paste 500 g - FreshCo Mid-Autumn,3.98,2026-09-03T00:00:00-04:00,2026-09-09T23:59:59-04:00
FreshCo,8113430,Astro Yogurt Tubs 500-750 g or Khaas Halal or Dahi Yogurt 750 g,3.29,2026-09-03T00:00:00-04:00,2026-09-09T23:59:59-04:00
FreshCo,8113430,Sorbelicious Sorbet Bars 8 pk,8.49,2026-09-03T00:00:00-04:00,2026-09-09T23:59:59-04:00
FreshCo,8113430,Hata Ramune Soda 200 mL Selected Varieties - FreshCo Mid-Autumn,2.48,2026-09-03T00:00:00-04:00,2026-09-09T23:59:59-04:00
FreshCo,8113430,Kiri 8 pk 144 g,3.47,2026-09-03T00:00:00-04:00,2026-09-09T23:59:59-04:00
FreshCo,8113430,Quaker® Granola Bars 120-156 g Any Flavour or Variety,1.97,2026-09-03T00:00:00-04:00,2026-09-09T23:59:59-04:00
FreshCo,8113430,"Quaker® Instant Oatmeal, Instant Multigrain Hot Cereal or Instant Hot Cereal 232-344 g",3.0,2026-09-03T00:00:00-04:00,2026-09-09T23:59:59-04:00
FreshCo,8113430,"Bubly™ Sparkling Water Beverage 12x355 ml or Montellier Carbonated Natural Spring Water 10x355 ml, Any Flavour",5.99,2026-09-03T00:00:00-04:00,2026-09-09T23:59:59-04:00
FreshCo,8113430,Lay's® Potato Chips 200-235 g or Smartfood® Popcorn 160-220 g Any Flavour or Variety,1.97,2026-09-03T00:00:00-04:00,2026-09-09T23:59:59-04:00
FreshCo,8113430,Doritos® Tortilla Chips 210-280 g or Ruffles® Potato Chips 180-200 g Any Flavour or Variety,7.0,2026-09-03T00:00:00-04:00,2026-09-09T23:59:59-04:00
Sobeys,8112397,COMPLIMENTS Jam,5.49,2026-09-03T00:00:00-04:00,2026-09-09T22:59:59-04:00
Sobeys,8112397,Chocolate or Candy,10.99,2026-09-03T00:00:00-04:00,2026-09-09T22:59:59-04:00
Sobeys,8112397,Soft Drinks,7.99,2026-09-03T00:00:00-04:00,2026-09-09T22:59:59-04:00
Sobeys,8112397,MEN or LADY Deodorant,7.49,2026-09-03T00:00:00-04:00,2026-09-09T22:59:59-04:00
Sobeys,8112397,Greek Style Pasta with Feta Salad or other selected salads,1.99,2026-09-03T00:00:00-04:00,2026-09-09T22:59:59-04:00
Sobeys,8112397,Town House Crackers,3.0,2026-09-03T00:00:00-04:00,2026-09-09T22:59:59-04:00
Sobeys,8112397,Furniture Cleaners 275 g or S Easy Peasy Quick Eraser 4 pk or Foam 2 pk 200 g,7.99,2026-09-03T00:00:00-04:00,2026-09-09T22:59:59-04:00
Sobeys,8112397,Ice Cream,6.0,2026-09-03T00:00:00-04:00,2026-09-09T22:59:59-04:00
Sobeys,8112397,"Premium Tropicals in Zodiac Theme Pot 4""",7.99,2026-09-03T00:00:00-04:00,2026-09-09T22:59:59-04:00
Sobeys,8112397,Orange Pekoe Tea 144 pk or Premium Tea 80 pk,9.99,2026-09-03T00:00:00-04:00,2026-09-09T22:59:59-04:00
Sobeys,8112397,Milk Chocolate Pouches,6.49,2026-09-03T00:00:00-04:00,2026-09-09T22:59:59-04:00
Sobeys,8112397,Zero Non-Alcoholic Beer,18.99,2026-09-03T00:00:00-04:00,2026-09-09T22:59:59-04:00
Sobeys,8112397,Blood Pressure Monitor,39.99,2026-09-03T00:00:00-04:00,2026-09-09T22:59:59-04:00
Sobeys,8112397,Salt Fish Bits,7.99,2026-09-03T00:00:00-04:00,2026-09-09T22:59:59-04:00
Sobeys,8112397,Fresh Atlantic Salmon Fillets,35.0,2026-09-03T00:00:00-04:00,2026-09-09T22:59:59-04:00
Sobeys,8112397,Shrimp with Sauce,9.99,2026-09-03T00:00:00-04:00,2026-09-09T22:59:59-04:00
Sobeys,8112397,COMPLIMENTS Pickles,3.99,2026-09-03T00:00:00-04:00,2026-09-09T22:59:59-04:00
Sobeys,8112397,Smartblend Dry Dog Food,11.99,2026-09-03T00:00:00-04:00,2026-09-09T22:59:59-04:00
Sobeys,8112397,Phalaenopsis Orchid in Ceramic Pot,27.99,2026-09-03T00:00:00-04:00,2026-09-09T22:59:59-04:00
Sobeys,8112397,Ground Coffee,12.99,2026-09-03T00:00:00-04:00,2026-09-09T22:59:59-04:00
Sobeys,8112397,COMPLIMENTS Fully Cooked Meat Strips,5.99,2026-09-03T00:00:00-04:00,2026-09-09T22:59:59-04:00
Sobeys,8112397,Long English Cucumbers,1.89,2026-09-03T00:00:00-04:00,2026-09-09T22:59:59-04:00
Sobeys,8112397,Jumbo Scallop Medallions,16.99,2026-09-03T00:00:00-04:00,2026-09-09T22:59:59-04:00
Sobeys,8112397,DINNER Ramen,3.49,2026-09-03T00:00:00-04:00,2026-09-09T22:59:59-04:00
Sobeys,8112397,Guacamole,6.49,2026-09-03T00:00:00-04:00,2026-09-09T22:59:59-04:00
Sobeys,8112397,Tomatoes on the Vine,2.99,2026-09-03T00:00:00-04:00,2026-09-09T22:59:59-04:00
Sobeys,8112397,Cream Cheese or Chocolate Dip,4.49,2026-09-03T00:00:00-04:00,2026-09-09T22:59:59-04:00
Sobeys,8112397,Aerosol Whipped Topping,4.99,2026-09-03T00:00:00-04:00,2026-09-09T22:59:59-04:00
Sobeys,8112397,Laundry Sheets,10.99,2026-09-03T00:00:00-04:00,2026-09-09T22:59:59-04:00
Sobeys,8112397,Bathroom Tissue,24.99,2026-09-03T00:00:00-04:00,2026-09-09T22:59:59-04:00
Sobeys,8112397,Cream Cheese Product,4.99,2026-09-03T00:00:00-04:00,2026-09-09T22:59:59-04:00
Sobeys,8112397,COMPLIMENTS Bacon or Boneless Smoked Ham Slices,5.99,2026-09-03T00:00:00-04:00,2026-09-09T22:59:59-04:00
Sobeys,8112397,BBQ Sauce,3.79,2026-09-03T00:00:00-04:00,2026-09-09T22:59:59-04:00
Sobeys,8112397,COMPLIMENTS Pepperoni Sticks or Ultimate Chicken Sticks,6.99,2026-09-03T00:00:00-04:00,2026-09-09T22:59:59-04:00
Sobeys,8112397,Fresh Extra Lean Ground Beef,8.99,2026-09-03T00:00:00-04:00,2026-09-09T22:59:59-04:00
Sobeys,8112397,GUSTA Veggie Slices,4.0,2026-09-03T00:00:00-04:00,2026-09-09T22:59:59-04:00
Sobeys,8112397,Large White Eggs,5.99,2026-09-03T00:00:00-04:00,2026-09-09T22:59:59-04:00
Sobeys,8112397,Clementines,5.99,2026-09-03T00:00:00-04:00,2026-09-09T22:59:59-04:00
Sobeys,8112397,Fresh Boneless Striploin Grilling Steaks Family Size or Premium,11.88,2026-09-03T00:00:00-04:00,2026-09-09T22:59:59-04:00
Sobeys,8112397,Flavoured Butter,2.99,2026-09-03T00:00:00-04:00,2026-09-09T22:59:59-04:00
Sobeys,8112397,Super Novelties,5.49,2026-09-03T00:00:00-04:00,2026-09-09T22:59:59-04:00
Sobeys,8112397,Potato Chips,9.0,2026-09-03T00:00:00-04:00,2026-09-09T22:59:59-04:00
Sobeys,8112397,Ultimates Breaded or Batterd Haddock or Cod 450-545 g or Lightly Dusted Haddock or Sole Fillets 500-540 g,12.99,2026-09-03T00:00:00-04:00,2026-09-09T22:59:59-04:00
Sobeys,8112397,Halloumi,6.99,2026-09-03T00:00:00-04:00,2026-09-09T22:59:59-04:00
Sobeys,8112397,Red Carrots,1.99,2026-09-03T00:00:00-04:00,2026-09-09T22:59:59-04:00
Sobeys,8112397,"COMPLIMENTS Breaded Chicken Strips, Nuggets, Burgers or Popcorn Chicken or MARCANGELO Sausages",7.99,2026-09-03T00:00:00-04:00,2026-09-09T22:59:59-04:00
Sobeys,8112397,Fresh Pork Shoulder Blade Roasts or Steak,4.49,2026-09-03T00:00:00-04:00,2026-09-09T22:59:59-04:00
Sobeys,8112397,Fresh Atlantic Salmon Steaks,13.99,2026-09-03T00:00:00-04:00,2026-09-09T22:59:59-04:00
Sobeys,8112397,COMPLIMENTS Fresh Whole Chicken,4.49,2026-09-03T00:00:00-04:00,2026-09-09T22:59:59-04:00
Sobeys,8112397,Raw Pacific White Shrimp,19.0,2026-09-03T00:00:00-04:00,2026-09-09T22:59:59-04:00
Sobeys,8112397,Ultimates Tavern Style Battered Cod Fillets,24.0,2026-09-03T00:00:00-04:00,2026-09-09T22:59:59-04:00
Sobeys,8112397,Sauerkraut,4.79,2026-09-03T00:00:00-04:00,2026-09-09T22:59:59-04:00
Sobeys,8112397,Cooking Sauces,4.49,2026-09-03T00:00:00-04:00,2026-09-09T22:59:59-04:00
Sobeys,8112397,Instant Noodles or Chow Mein,2.98,2026-09-03T00:00:00-04:00,2026-09-09T22:59:59-04:00
Sobeys,8112397,Bathroom Tissue,6.49,2026-09-03T00:00:00-04:00,2026-09-09T22:59:59-04:00
Sobeys,8112397,Bacon,4.99,2026-09-03T00:00:00-04:00,2026-09-09T22:59:59-04:00
Sobeys,8112397,Singles,3.97,2026-09-03T00:00:00-04:00,2026-09-09T22:59:59-04:00
Sobeys,8112397,Cactus Pears,3.99,2026-09-03T00:00:00-04:00,2026-09-09T22:59:59-04:00
Sobeys,8112397,COMPLIMENTS Snacks,3.0,2026-09-03T00:00:00-04:00,2026-09-09T22:59:59-04:00
Sobeys,8112397,COMPLIMENTS Hot Dog or Hamburger Buns,2.99,2026-09-03T00:00:00-04:00,2026-09-09T22:59:59-04:00
Sobeys,8112397,Thai Honey Mango Dried Fruit,13.99,2026-09-03T00:00:00-04:00,2026-09-09T22:59:59-04:00
Sobeys,8112397,Prepared Fresh Daily Fruit or Vegetable Carousel,25.0,2026-09-03T00:00:00-04:00,2026-09-09T22:59:59-04:00
Sobeys,8112397,Gluten Free Shrimp Appetizers,11.99,2026-09-03T00:00:00-04:00,2026-09-09T22:59:59-04:00
Sobeys,8112397,Prosciutto or MASTRO Genoa Salami,3.99,2026-09-03T00:00:00-04:00,2026-09-09T22:59:59-04:00
Sobeys,8112397,Pot Pies,1.99,2026-09-03T00:00:00-04:00,2026-09-09T22:59:59-04:00
Sobeys,8112397,LANTIC Sugar,3.49,2026-09-03T00:00:00-04:00,2026-09-09T22:59:59-04:00
Sobeys,8112397,Ultra Wonder Hair Care,9.99,2026-09-03T00:00:00-04:00,2026-09-09T22:59:59-04:00
Sobeys,8112397,360 Total Care Ready to Use Infant Formula,69.99,2026-09-03T00:00:00-04:00,2026-09-09T22:59:59-04:00
Sobeys,8112397,Beggin' Strips Dog Treats,3.99,2026-09-03T00:00:00-04:00,2026-09-09T22:59:59-04:00
Sobeys,8112397,Mighty Protein Chicken Sticks,14.99,2026-09-03T00:00:00-04:00,2026-09-09T22:59:59-04:00
Sobeys,8112397,Tidy Cats Multi-Cat Clumping Litter,21.99,2026-09-03T00:00:00-04:00,2026-09-09T22:59:59-04:00
Sobeys,8112397,LARGE Bologna,13.99,2026-09-03T00:00:00-04:00,2026-09-09T22:59:59-04:00
Sobeys,8112397,Souvlaki,11.99,2026-09-03T00:00:00-04:00,2026-09-09T22:59:59-04:00
Sobeys,8112397,Organic Kombucha,3.49,2026-09-03T00:00:00-04:00,2026-09-09T22:59:59-04:00
Sobeys,8112397,Sauerkraut,4.99,2026-09-03T00:00:00-04:00,2026-09-09T22:59:59-04:00
Sobeys,8112397,Ice Cream Toppings,4.99,2026-09-03T00:00:00-04:00,2026-09-09T22:59:59-04:00
Sobeys,8112397,Breakfast Burritos,2.69,2026-09-03T00:00:00-04:00,2026-09-09T22:59:59-04:00
Sobeys,8112397,Couscous,4.79,2026-09-03T00:00:00-04:00,2026-09-09T22:59:59-04:00
Sobeys,8112397,Pinsa Pizza,9.99,2026-09-03T00:00:00-04:00,2026-09-09T22:59:59-04:00
Sobeys,8112397,COMPLIMENTS Orange Juice,4.99,2026-09-03T00:00:00-04:00,2026-09-09T22:59:59-04:00
Sobeys,8112397,Potstickers - mid-autumn festival,8.99,2026-09-03T00:00:00-04:00,2026-09-09T22:59:59-04:00
Sobeys,8112397,Premium Frozen Dessert or Real Dairy Ice Cream,3.94,2026-09-03T00:00:00-04:00,2026-09-09T22:59:59-04:00
Sobeys,8112397,CHEETOS,7.5,2026-09-03T00:00:00-04:00,2026-09-09T22:59:59-04:00
Sobeys,8112397,Banana-Based Frozen Dessert,12.0,2026-09-03T00:00:00-04:00,2026-09-09T22:59:59-04:00
Sobeys,8112397,Natural Breakfast Sausages or Shredded Chicken 250-300 g or Pepperettes 250-375 g,6.99,2026-09-03T00:00:00-04:00,2026-09-09T22:59:59-04:00
Sobeys,8112397,Drinks,2.99,2026-09-03T00:00:00-04:00,2026-09-09T22:59:59-04:00
Sobeys,8112397,COMPLIMENTS Beef Lasagna or Macaroni & Cheese,19.99,2026-09-03T00:00:00-04:00,2026-09-09T22:59:59-04:00
Sobeys,8112397,Pork Belly 1/3 Portion,4.99,2026-09-03T00:00:00-04:00,2026-09-09T22:59:59-04:00
Sobeys,8112397,COMPLIMENTS Atlantic Salmon Burgers,9.99,2026-09-03T00:00:00-04:00,2026-09-09T22:59:59-04:00
Sobeys,8112397,Cactus Pears,3.99,2026-09-03T00:00:00-04:00,2026-09-09T22:59:59-04:00
Sobeys,8112397,Sweet Filipino Style Spaghetti Sauce,6.48,2026-09-03T00:00:00-04:00,2026-09-09T22:59:59-04:00
Sobeys,8112397,Basmati Rice,5.79,2026-09-03T00:00:00-04:00,2026-09-09T22:59:59-04:00
Sobeys,8112397,"COMPLIMENTS NATURALLY SIMPLE Tilapia, Basa or Pollock Fillets",4.99,2026-09-03T00:00:00-04:00,2026-09-09T22:59:59-04:00
Sobeys,8112397,Prepared In-Store Cooked or Raw Garlic Shrimp Griller,6.99,2026-09-03T00:00:00-04:00,2026-09-09T22:59:59-04:00
Sobeys,8112397,Sauces - mid-autumn festival,2.88,2026-09-03T00:00:00-04:00,2026-09-09T22:59:59-04:00
Sobeys,8112397,Cheese,5.99,2026-09-03T00:00:00-04:00,2026-09-09T22:59:59-04:00
Sobeys,8112397,Pistachios,4.99,2026-09-03T00:00:00-04:00,2026-09-09T22:59:59-04:00
Sobeys,8112397,COMPLIMENTS Peanuts,5.99,2026-09-03T00:00:00-04:00,2026-09-09T22:59:59-04:00
Sobeys,8112397,Peanut Butter,5.99,2026-09-03T00:00:00-04:00,2026-09-09T22:59:59-04:00
Sobeys,8112397,COMPLIMENTS Ground Pork,6.0,2026-09-03T00:00:00-04:00,2026-09-09T22:59:59-04:00
Sobeys,8112397,Cooked Pacific White Shrimp,23.0,2026-09-03T00:00:00-04:00,2026-09-09T22:59:59-04:00
Sobeys,8112397,Paneer,3.79,2026-09-03T00:00:00-04:00,2026-09-09T22:59:59-04:00
Sobeys,8112397,Red Carrots,1.99,2026-09-03T00:00:00-04:00,2026-09-09T22:59:59-04:00
Sobeys,8112397,Protein Bagels,5.49,2026-09-03T00:00:00-04:00,2026-09-09T22:59:59-04:00
Sobeys,8112397,Fresh Lean Ground Beef Burgers,9.99,2026-09-03T00:00:00-04:00,2026-09-09T22:59:59-04:00
Sobeys,8112397,Bars or Minis,6.0,2026-09-03T00:00:00-04:00,2026-09-09T22:59:59-04:00
Sobeys,8112397,COMPLIMENTS Potatoes,3.99,2026-09-03T00:00:00-04:00,2026-09-09T22:59:59-04:00
Sobeys,8112397,Boneless Pork Sirloin Chops or Roasts Family Size or Fresh Pork Side Ribs,3.99,2026-09-03T00:00:00-04:00,2026-09-09T22:59:59-04:00
Sobeys,8112397,COMPLIMENTS Fresh AIR-CHILLED Boneless Skinless Chicken Thighs or Split Wings,6.99,2026-09-03T00:00:00-04:00,2026-09-09T22:59:59-04:00
Sobeys,8112397,Flavoured Mustards,2.99,2026-09-03T00:00:00-04:00,2026-09-09T22:59:59-04:00
Sobeys,8112397,Ding Dong Snack Mix,0.98,2026-09-03T00:00:00-04:00,2026-09-09T22:59:59-04:00
Sobeys,8112397,"Shampoo, Conditioner or Stylers",10.99,2026-09-03T00:00:00-04:00,2026-09-09T22:59:59-04:00
Sobeys,8112397,Organic Baby Pouches,1.99,2026-09-03T00:00:00-04:00,2026-09-09T22:59:59-04:00
Sobeys,8112397,Underwear or Pads,20.99,2026-09-03T00:00:00-04:00,2026-09-09T22:59:59-04:00
Sobeys,8112397,Sparkling Water,5.99,2026-09-03T00:00:00-04:00,2026-09-09T22:59:59-04:00
Sobeys,8112397,Bread 570-675 g or Buns 6-8 pk,2.88,2026-09-03T00:00:00-04:00,2026-09-09T22:59:59-04:00
Sobeys,8112397,Natural Selections Sliced Meats,5.99,2026-09-03T00:00:00-04:00,2026-09-09T22:59:59-04:00
Sobeys,8112397,Frozen Entrées 241-283 g or Hot Bites 198 g,1.99,2026-09-03T00:00:00-04:00,2026-09-09T22:59:59-04:00
Sobeys,8112397,"Maritime Brown, Potato or Newfoundland Style Bread",3.99,2026-09-03T00:00:00-04:00,2026-09-09T22:59:59-04:00
Sobeys,8112397,"COMPLIMENTS Cranberry or Ruby Red Cocktail, Clamato or Iced Tea",7.0,2026-09-03T00:00:00-04:00,2026-09-09T22:59:59-04:00
Sobeys,8112397,COMPLIMENTS Breakfast or Dinner Sausages,5.49,2026-09-03T00:00:00-04:00,2026-09-09T22:59:59-04:00
Sobeys,8112397,Family Size Cereal,5.99,2026-09-03T00:00:00-04:00,2026-09-09T22:59:59-04:00
Sobeys,8112397,Swirls,3.49,2026-09-03T00:00:00-04:00,2026-09-09T22:59:59-04:00
Sobeys,8112397,Pizza Pops,2.99,2026-09-03T00:00:00-04:00,2026-09-09T22:59:59-04:00
Sobeys,8112397,Fresh Atlantic Salmon Portions,3.99,2026-09-03T00:00:00-04:00,2026-09-09T22:59:59-04:00
Sobeys,8112397,Family Size Cookies,4.99,2026-09-03T00:00:00-04:00,2026-09-09T22:59:59-04:00
Sobeys,8112397,Bags,3.99,2026-09-03T00:00:00-04:00,2026-09-09T22:59:59-04:00
Sobeys,8112397,"Romaine, Green or Red Leaf Lettuce",1.99,2026-09-03T00:00:00-04:00,2026-09-09T22:59:59-04:00
Sobeys,8112397,Red Onions,1.99,2026-09-03T00:00:00-04:00,2026-09-09T22:59:59-04:00
Sobeys,8112397,Ketchup,4.49,2026-09-03T00:00:00-04:00,2026-09-09T22:59:59-04:00
Sobeys,8112397,Foil,7.99,2026-09-03T00:00:00-04:00,2026-09-09T22:59:59-04:00
Sobeys,8112397,BBQ Sauce,8.99,2026-09-03T00:00:00-04:00,2026-09-09T22:59:59-04:00
Sobeys,8112397,In-Store Marinated Raw Shrimp Skewers,1.25,2026-09-03T00:00:00-04:00,2026-09-09T22:59:59-04:00
Sobeys,8112397,COMPLIMENTS Baked Beans,1.79,2026-09-03T00:00:00-04:00,2026-09-09T22:59:59-04:00
Sobeys,8112397,COMPLIMENTS Value Size Candy,5.99,2026-09-03T00:00:00-04:00,2026-09-09T22:59:59-04:00
Sobeys,8112397,Fall Harvest Mum,24.99,2026-09-03T00:00:00-04:00,2026-09-09T22:59:59-04:00
Sobeys,8112397,Grandparents Day or Back To School Bouquet,24.99,2026-09-03T00:00:00-04:00,2026-09-09T22:59:59-04:00
Sobeys,8112397,Assorted Calla Lily,19.99,2026-09-03T00:00:00-04:00,2026-09-09T22:59:59-04:00
Sobeys,8112397,"COMPLIMENTS Baby Spinach, Baby Arugula or Spring Mix",7.0,2026-09-03T00:00:00-04:00,2026-09-09T22:59:59-04:00
Sobeys,8112397,Bartlett Pears,2.99,2026-09-03T00:00:00-04:00,2026-09-09T22:59:59-04:00
Sobeys,8112397,Asian Pears,1.99,2026-09-03T00:00:00-04:00,2026-09-09T22:59:59-04:00
Sobeys,8112397,Bulk Sweet Potatoes,2.27,2026-09-03T00:00:00-04:00,2026-09-09T22:59:59-04:00
Sobeys,8112397,COMPLIMENTS Carrots,2.99,2026-09-03T00:00:00-04:00,2026-09-09T22:59:59-04:00
Sobeys,8112397,Paula Red Apples,4.99,2026-09-03T00:00:00-04:00,2026-09-09T22:59:59-04:00
Sobeys,8112397,Brussels Sprouts,2.99,2026-09-03T00:00:00-04:00,2026-09-09T22:59:59-04:00
Sobeys,8112397,Mini Shanghai or Small Baby Bok Choy,2.88,2026-09-03T00:00:00-04:00,2026-09-09T22:59:59-04:00
Sobeys,8112397,Sugar Snap Peas,3.99,2026-09-03T00:00:00-04:00,2026-09-09T22:59:59-04:00
Sobeys,8112397,Green Zucchini or Eggplant,1.99,2026-09-03T00:00:00-04:00,2026-09-09T22:59:59-04:00
Sobeys,8112397,Canary Melons,1.69,2026-09-03T00:00:00-04:00,2026-09-09T22:59:59-04:00
Sobeys,8112397,Raspberries,3.99,2026-09-03T00:00:00-04:00,2026-09-09T22:59:59-04:00
Sobeys,8112397,Celery,1.99,2026-09-03T00:00:00-04:00,2026-09-09T22:59:59-04:00
Sobeys,8112397,STERLING SILVER Fresh Boneless Inside Round Oven Roast or Family Size Marinating Steak,12.99,2026-09-03T00:00:00-04:00,2026-09-09T22:59:59-04:00
Sobeys,8112397,COMPLIMENTS Fresh AIR-CHILLED Bone-In Chicken Breast,5.49,2026-09-03T00:00:00-04:00,2026-09-09T22:59:59-04:00
Sobeys,8112397,Fresh Pork Loin Rib and Sirloin Combo Chops,3.99,2026-09-03T00:00:00-04:00,2026-09-09T22:59:59-04:00
Sobeys,8112397,Frozen Dips,14.99,2026-09-03T00:00:00-04:00,2026-09-09T22:59:59-04:00
Sobeys,8112397,Frozen Chicken,14.99,2026-09-03T00:00:00-04:00,2026-09-09T22:59:59-04:00
Sobeys,8112397,Bacon,4.99,2026-09-03T00:00:00-04:00,2026-09-09T22:59:59-04:00
Sobeys,8112397,"Bacon, Back Bacon, Smoked Sausages or Wieners",7.99,2026-09-03T00:00:00-04:00,2026-09-09T22:59:59-04:00
Sobeys,8112397,Lunch Kits,3.5,2026-09-03T00:00:00-04:00,2026-09-09T22:59:59-04:00
Sobeys,8112397,Mighty Protein Chicken Sticks,1.99,2026-09-03T00:00:00-04:00,2026-09-09T22:59:59-04:00
Sobeys,8112397,Bologna,4.99,2026-09-03T00:00:00-04:00,2026-09-09T22:59:59-04:00
Sobeys,8112397,SCHNEIDERS Smokies,16.99,2026-09-03T00:00:00-04:00,2026-09-09T22:59:59-04:00
Sobeys,8112397,Chicken Breast or Portions,7.99,2026-09-03T00:00:00-04:00,2026-09-09T22:59:59-04:00
Sobeys,8112397,Skewers,10.99,2026-09-03T00:00:00-04:00,2026-09-09T22:59:59-04:00
Sobeys,8112397,Mini Skewers,4.99,2026-09-03T00:00:00-04:00,2026-09-09T22:59:59-04:00
Sobeys,8112397,Donuts,5.99,2026-09-03T00:00:00-04:00,2026-09-09T22:59:59-04:00
Sobeys,8112397,COMPLIMENTS Family Size Sliced Deli Meats,10.99,2026-09-03T00:00:00-04:00,2026-09-09T22:59:59-04:00
Sobeys,8112397,COMPLIMENTS Fresh Pasta Family Size,9.99,2026-09-03T00:00:00-04:00,2026-09-09T22:59:59-04:00
Sobeys,8112397,Cheesecake,14.99,2026-09-03T00:00:00-04:00,2026-09-09T22:59:59-04:00
Sobeys,8112397,Cookies,11.0,2026-09-03T00:00:00-04:00,2026-09-09T22:59:59-04:00
Sobeys,8112397,EGGS2GO!,2.49,2026-09-03T00:00:00-04:00,2026-09-09T22:59:59-04:00
Sobeys,8112397,Country Style Salami,2.69,2026-09-03T00:00:00-04:00,2026-09-09T22:59:59-04:00
Sobeys,8112397,Charcuterie Trio Dry Cured European or Cooked,8.79,2026-09-03T00:00:00-04:00,2026-09-09T22:59:59-04:00
Sobeys,8112397,"Homestyle Oat Bran, Whole Grain or Low Fat Multigrain Bread",4.29,2026-09-03T00:00:00-04:00,2026-09-09T22:59:59-04:00
Sobeys,8112397,Panini or Calabrese Buns,4.69,2026-09-03T00:00:00-04:00,2026-09-09T22:59:59-04:00
Sobeys,8112397,Natural Selections Turkey or Ham,4.49,2026-09-03T00:00:00-04:00,2026-09-09T22:59:59-04:00
Sobeys,8112397,Kolbassa Sausage or Pepperoni Toppings,7.99,2026-09-03T00:00:00-04:00,2026-09-09T22:59:59-04:00
Sobeys,8112397,Buffalo Flings,1.99,2026-09-03T00:00:00-04:00,2026-09-09T22:59:59-04:00
Sobeys,8112397,COMPLIMENTS Pecan or Raisin Butter Tarts,6.0,2026-09-03T00:00:00-04:00,2026-09-09T22:59:59-04:00
Sobeys,8112397,2-Pack Mini Croissant Breakfast Sandwiches,6.99,2026-09-03T00:00:00-04:00,2026-09-09T22:59:59-04:00
Sobeys,8112397,"Creamy, Jalapeño or Herb & Spice Havarti",2.99,2026-09-03T00:00:00-04:00,2026-09-09T22:59:59-04:00
Sobeys,8112397,Parmigiano Reggiano,5.99,2026-09-03T00:00:00-04:00,2026-09-09T22:59:59-04:00
Sobeys,8112397,Energy Drinks,6.0,2026-09-03T00:00:00-04:00,2026-09-09T22:59:59-04:00
Sobeys,8112397,Plant-Based Cheese,4.49,2026-09-03T00:00:00-04:00,2026-09-09T22:59:59-04:00
Sobeys,8112397,Bars,9.99,2026-09-03T00:00:00-04:00,2026-09-09T22:59:59-04:00
Sobeys,8112397,Healthy Grains Bars,3.99,2026-09-03T00:00:00-04:00,2026-09-09T22:59:59-04:00
Sobeys,8112397,COMPLIMENTS Read to Eat Popcorn,3.99,2026-09-03T00:00:00-04:00,2026-09-09T22:59:59-04:00
Sobeys,8112397,Sparkling Beverages,6.99,2026-09-03T00:00:00-04:00,2026-09-09T22:59:59-04:00
Sobeys,8112397,EXCEL Freshmint Mini Mints,4.99,2026-09-03T00:00:00-04:00,2026-09-09T22:59:59-04:00
Sobeys,8112397,COMPLIMENTS Honey or Dry Roasted Peanuts,5.0,2026-09-03T00:00:00-04:00,2026-09-09T22:59:59-04:00
Sobeys,8112397,Bueno Bars,1.79,2026-09-03T00:00:00-04:00,2026-09-09T22:59:59-04:00
Sobeys,8112397,COMPLIMENTS De-Alcoholized Beer,11.49,2026-09-03T00:00:00-04:00,2026-09-09T22:59:59-04:00
Sobeys,8112397,COMPLIMENTS Rice Crackers,2.0,2026-09-03T00:00:00-04:00,2026-09-09T22:59:59-04:00
Sobeys,8112397,shakes,12.99,2026-09-03T00:00:00-04:00,2026-09-09T22:59:59-04:00
Sobeys,8112397,Cookies,5.0,2026-09-03T00:00:00-04:00,2026-09-09T22:59:59-04:00
Sobeys,8112397,"GoActive, Organic or New Gut Healthy Cereal 227-510 g 7.49 ea",2.99,2026-09-03T00:00:00-04:00,2026-09-09T22:59:59-04:00
Sobeys,8112397,Roast & Ground Coffee,8.99,2026-09-03T00:00:00-04:00,2026-09-09T22:59:59-04:00
Sobeys,8112397,Pop-Tarts,8.99,2026-09-03T00:00:00-04:00,2026-09-09T22:59:59-04:00
Sobeys,8112397,Soda,5.0,2026-09-03T00:00:00-04:00,2026-09-09T22:59:59-04:00
Sobeys,8112397,Coffee Pods,33.99,2026-09-03T00:00:00-04:00,2026-09-09T22:59:59-04:00
Sobeys,8112397,Table Water Crackers,7.0,2026-09-03T00:00:00-04:00,2026-09-09T22:59:59-04:00
Sobeys,8112397,Cheestrings,3.99,2026-09-03T00:00:00-04:00,2026-09-09T22:59:59-04:00
Sobeys,8112397,Source Yogurt,3.49,2026-09-03T00:00:00-04:00,2026-09-09T22:59:59-04:00
Sobeys,8112397,Cereal,4.49,2026-09-03T00:00:00-04:00,2026-09-09T22:59:59-04:00
Sobeys,8112397,COMPLIMENTS Sour Cream,3.99,2026-09-03T00:00:00-04:00,2026-09-09T22:59:59-04:00
Sobeys,8112397,Ready To Serve Soup,7.0,2026-09-03T00:00:00-04:00,2026-09-09T22:59:59-04:00
Sobeys,8112397,Pickles,3.99,2026-09-03T00:00:00-04:00,2026-09-09T22:59:59-04:00
Sobeys,8112397,Drinks,3.99,2026-09-03T00:00:00-04:00,2026-09-09T22:59:59-04:00
Sobeys,8112397,Oikos Greek Yogurt,10.99,2026-09-03T00:00:00-04:00,2026-09-09T22:59:59-04:00
Sobeys,8112397,Skyr Yogurt,6.99,2026-09-03T00:00:00-04:00,2026-09-09T22:59:59-04:00
Sobeys,8112397,Frozen Fruit,5.49,2026-09-03T00:00:00-04:00,2026-09-09T22:59:59-04:00
Sobeys,8112397,Mashed or Sliced Potatoes,2.99,2026-09-03T00:00:00-04:00,2026-09-09T22:59:59-04:00
Sobeys,8112397,Signature Buns or Rolls,4.49,2026-09-03T00:00:00-04:00,2026-09-09T22:59:59-04:00
Sobeys,8112397,English Muffins,3.49,2026-09-03T00:00:00-04:00,2026-09-09T22:59:59-04:00
Sobeys,8112397,Burritos,1.29,2026-09-03T00:00:00-04:00,2026-09-09T22:59:59-04:00
Sobeys,8112397,COMPLIMENTS Pickles,6.0,2026-09-03T00:00:00-04:00,2026-09-09T22:59:59-04:00
Sobeys,8112397,"3D White or COLGATE Whitening Toothpaste, Toothbrushes or Floss or Mouthwash",3.99,2026-09-03T00:00:00-04:00,2026-09-09T22:59:59-04:00
Sobeys,8112397,ENFAMIL A+ NeuroPro Infant Formula Refills,68.99,2026-09-03T00:00:00-04:00,2026-09-09T22:59:59-04:00
Sobeys,8112397,Total Toothpaste,1.99,2026-09-03T00:00:00-04:00,2026-09-09T22:59:59-04:00
Sobeys,8112397,Pain Relief,19.99,2026-09-03T00:00:00-04:00,2026-09-09T22:59:59-04:00
Sobeys,8112397,Liquid Detergent,5.99,2026-09-03T00:00:00-04:00,2026-09-09T22:59:59-04:00
Sobeys,8112397,COMPLIMENTS Parchment Paper,2.0,2026-09-03T00:00:00-04:00,2026-09-09T22:59:59-04:00
Sobeys,8112397,"SENSODYNE Whitening, Pronamel or Clinical Strength Toothpaste or Toothbrushes",6.99,2026-09-03T00:00:00-04:00,2026-09-09T22:59:59-04:00
Sobeys,8112397,Ointment,9.99,2026-09-03T00:00:00-04:00,2026-09-09T22:59:59-04:00
Sobeys,8112397,FONTAINE SANTÉ or LANTANA Topped Hummus,4.49,2026-09-03T00:00:00-04:00,2026-09-09T22:59:59-04:00
Sobeys,8112397,COMPLIMENTS Naan Rounds,5.49,2026-09-03T00:00:00-04:00,2026-09-09T22:59:59-04:00
Sobeys,8112397,COMPLIMENTS Mini Muffins or Mini Cupcakes,5.0,2026-09-03T00:00:00-04:00,2026-09-09T22:59:59-04:00
Sobeys,8112397,"COMPLIMENTS Montreal Smoked Meat, Roast Beef, Corned Beef or Pastrami",3.99,2026-09-03T00:00:00-04:00,2026-09-09T22:59:59-04:00
Sobeys,8112397,Garlic Bread,4.0,2026-09-03T00:00:00-04:00,2026-09-09T22:59:59-04:00
Sobeys,8112397,ENERGIZER Max Batteries,9.99,2026-09-03T00:00:00-04:00,2026-09-09T22:59:59-04:00
Sobeys,8112397,EGGS2GO!,2.49,2026-09-03T00:00:00-04:00,2026-09-09T22:59:59-04:00
Sobeys,8112397,"Strudel Fingers, Turnovers or Mini Strudel",3.99,2026-09-03T00:00:00-04:00,2026-09-09T22:59:59-04:00
Sobeys,8112397,Loaf Cakes,4.99,2026-09-03T00:00:00-04:00,2026-09-09T22:59:59-04:00
Sobeys,8112397,Spices,7.0,2026-09-03T00:00:00-04:00,2026-09-09T22:59:59-04:00
Sobeys,8112397,Family Size Cereal,5.99,2026-09-03T00:00:00-04:00,2026-09-09T22:59:59-04:00
Sobeys,8112397,Organic Chia Seeds,6.99,2026-09-03T00:00:00-04:00,2026-09-09T22:59:59-04:00
Sobeys,8112397,COMPLIMENTS Organic Beans,2.49,2026-09-03T00:00:00-04:00,2026-09-09T22:59:59-04:00
Sobeys,8112397,Protein Pasta,3.99,2026-09-03T00:00:00-04:00,2026-09-09T22:59:59-04:00
Sobeys,8112397,Hot Dog or Burger Buns,4.0,2026-09-03T00:00:00-04:00,2026-09-09T22:59:59-04:00
Sobeys,8112397,Sausage Buns,4.0,2026-09-03T00:00:00-04:00,2026-09-09T22:59:59-04:00
Sobeys,8112397,Organic Yerba Mate Non Sparkling Beverages,7.0,2026-09-03T00:00:00-04:00,2026-09-09T22:59:59-04:00
Sobeys,8112397,Liquid Laundry,17.99,2026-09-03T00:00:00-04:00,2026-09-09T22:59:59-04:00
Sobeys,8112397,CHUNKY Soups,7.0,2026-09-03T00:00:00-04:00,2026-09-09T22:59:59-04:00
Sobeys,8112397,Bagged Chocolate,5.29,2026-09-03T00:00:00-04:00,2026-09-09T22:59:59-04:00
Sobeys,8112397,Dinner Kits,3.99,2026-09-03T00:00:00-04:00,2026-09-09T22:59:59-04:00
Sobeys,8112397,Family Size Cereal,5.99,2026-09-03T00:00:00-04:00,2026-09-09T22:59:59-04:00
Sobeys,8112397,Singles,7.11,2026-09-03T00:00:00-04:00,2026-09-09T22:59:59-04:00
Sobeys,8112397,"Crunchy, Lunch Box or Trail Mix Granola Bars or Fruit Snacks or Gushers",2.99,2026-09-03T00:00:00-04:00,2026-09-09T22:59:59-04:00
Sobeys,8112397,Super Premium Plus Ice Cream,8.0,2026-09-03T00:00:00-04:00,2026-09-09T22:59:59-04:00
Sobeys,8112397,Energy Drinks,18.99,2026-09-03T00:00:00-04:00,2026-09-09T22:59:59-04:00
Sobeys,8112397,Premium Potatoes,9.0,2026-09-03T00:00:00-04:00,2026-09-09T22:59:59-04:00
Sobeys,8112397,Core Kits,4.99,2026-09-03T00:00:00-04:00,2026-09-09T22:59:59-04:00
Sobeys,8112397,Perogies,3.0,2026-09-03T00:00:00-04:00,2026-09-09T22:59:59-04:00
Sobeys,8112397,KRAFT Peanut Butter,5.99,2026-09-03T00:00:00-04:00,2026-09-09T22:59:59-04:00
Sobeys,8112397,Riserva Pasta Sauce,3.99,2026-09-03T00:00:00-04:00,2026-09-09T22:59:59-04:00
Sobeys,8112397,Juice or Drink Boxes,3.99,2026-09-03T00:00:00-04:00,2026-09-09T22:59:59-04:00
Sobeys,8112397,Flavoured Tuna,1.99,2026-09-03T00:00:00-04:00,2026-09-09T22:59:59-04:00
Sobeys,8112397,Family Size Cereal,5.99,2026-09-03T00:00:00-04:00,2026-09-09T22:59:59-04:00
Sobeys,8112397,Rice & Pasta Cups,2.99,2026-09-03T00:00:00-04:00,2026-09-09T22:59:59-04:00
Sobeys,8112397,Frozen Entrees,6.49,2026-09-03T00:00:00-04:00,2026-09-09T22:59:59-04:00
Sobeys,8112397,Bar,5.5,2026-09-03T00:00:00-04:00,2026-09-09T22:59:59-04:00
Sobeys,8112397,Smart,3.49,2026-09-03T00:00:00-04:00,2026-09-09T22:59:59-04:00
Sobeys,8112397,Bouillon Cubes,2.99,2026-09-03T00:00:00-04:00,2026-09-09T22:59:59-04:00
Sobeys,8112397,Baked Beans,2.49,2026-09-03T00:00:00-04:00,2026-09-09T22:59:59-04:00
Sobeys,8112397,EGGO Waffles or French Toast Sticks,2.99,2026-09-03T00:00:00-04:00,2026-09-09T22:59:59-04:00
Sobeys,8112397,Ice Cream 946 mL or Novelties 4 pk selected,9.99,2026-09-03T00:00:00-04:00,2026-09-09T22:59:59-04:00
Sobeys,8112397,ORGANIC JUICE,3.49,2026-09-03T00:00:00-04:00,2026-09-09T22:59:59-04:00
Sobeys,8112397,INTERNATIONAL DELIGHT,3.99,2026-09-03T00:00:00-04:00,2026-09-09T22:59:59-04:00
Sobeys,8112397,Keurig K-Cup® Pods,24.99,2026-09-03T00:00:00-04:00,2026-09-09T22:59:59-04:00
Sobeys,8112397,Snacking or Mini Crackers,7.0,2026-09-03T00:00:00-04:00,2026-09-09T22:59:59-04:00
Sobeys,8112397,Oreo Cookies,9.99,2026-09-03T00:00:00-04:00,2026-09-09T22:59:59-04:00
Sobeys,8112397,Casa Di Mama or Ristorante Pizza,12.0,2026-09-03T00:00:00-04:00,2026-09-09T22:59:59-04:00
Sobeys,8112397,Keurig K-Cup® Pods,13.99,2026-09-03T00:00:00-04:00,2026-09-09T22:59:59-04:00
Sobeys,8112397,Pro,3.49,2026-09-03T00:00:00-04:00,2026-09-09T22:59:59-04:00
Sobeys,8112397,Juice,4.79,2026-09-03T00:00:00-04:00,2026-09-09T22:59:59-04:00
Sobeys,8112397,DANINO,3.99,2026-09-03T00:00:00-04:00,2026-09-09T22:59:59-04:00
Sobeys,8112397,Mini Cookies,7.0,2026-09-03T00:00:00-04:00,2026-09-09T22:59:59-04:00
Sobeys,8112397,Cookies,3.79,2026-09-03T00:00:00-04:00,2026-09-09T22:59:59-04:00
Sobeys,8112397,Hot or Mild Pepper Rings,3.49,2026-09-03T00:00:00-04:00,2026-09-09T22:59:59-04:00
Sobeys,8112397,ULTIMATES Breaded or Battered Haddock or Cod,12.99,2026-09-03T00:00:00-04:00,2026-09-09T22:59:59-04:00
Sobeys,8112397,Classic Breaded or Battered Fish Fillets,8.99,2026-09-03T00:00:00-04:00,2026-09-09T22:59:59-04:00
Sobeys,8112397,SCHNEIDER'S,4.99,2026-09-03T00:00:00-04:00,2026-09-09T22:59:59-04:00
Sobeys,8112397,Jumbo Sausages,7.99,2026-09-03T00:00:00-04:00,2026-09-09T22:59:59-04:00
Sobeys,8112397,COMPLIMENTS Pineapple,5.0,2026-09-03T00:00:00-04:00,2026-09-09T22:59:59-04:00
Sobeys,8112397,COMPLIMENTS Marshmallows,3.49,2026-09-03T00:00:00-04:00,2026-09-09T22:59:59-04:00
Sobeys,8112397,Edge Non-Alcoholic Beer,18.99,2026-09-03T00:00:00-04:00,2026-09-09T22:59:59-04:00
Sobeys,8112397,Méditerranée Yogurt,3.99,2026-09-03T00:00:00-04:00,2026-09-09T22:59:59-04:00
Sobeys,8112397,Chopped or Leaf Salad Kits,4.44,2026-09-03T00:00:00-04:00,2026-09-09T22:59:59-04:00
Sobeys,8112397,Shredded Chicken or Breakfast Sausages,6.99,2026-09-03T00:00:00-04:00,2026-09-09T22:59:59-04:00
Sobeys,8112397,Pork Chops,5.99,2026-09-03T00:00:00-04:00,2026-09-09T22:59:59-04:00
Sobeys,8112397,"Breakfast Sausages, Patties or Meatballs",13.99,2026-09-03T00:00:00-04:00,2026-09-09T22:59:59-04:00
Sobeys,8112397,COMPLIMENTS Salads,10.0,2026-09-03T00:00:00-04:00,2026-09-09T22:59:59-04:00
Sobeys,8112397,Dish Detergent,2.99,2026-09-03T00:00:00-04:00,2026-09-09T22:59:59-04:00
Sobeys,8112397,COMPLIMENTS Food Storage Containers,4.99,2026-09-03T00:00:00-04:00,2026-09-09T22:59:59-04:00
Sobeys,8112397,COMPLIMENTS Compostable Cutlery,2.99,2026-09-03T00:00:00-04:00,2026-09-09T22:59:59-04:00
Sobeys,8112397,Natural Selections Sliced Meats,5.99,2026-09-03T00:00:00-04:00,2026-09-09T22:59:59-04:00
Sobeys,8112397,Raised Without Antibiotics Frozen Chicken Wings,14.99,2026-09-03T00:00:00-04:00,2026-09-09T22:59:59-04:00
Sobeys,8112397,Half Hams,15.99,2026-09-03T00:00:00-04:00,2026-09-09T22:59:59-04:00
Sobeys,8112397,Activia Yogurt Drink,5.99,2026-09-03T00:00:00-04:00,2026-09-09T22:59:59-04:00
Sobeys,8112397,Family Size Cereal,5.99,2026-09-03T00:00:00-04:00,2026-09-09T22:59:59-04:00
Sobeys,8112397,CRAVE Frozen Meals,5.0,2026-09-03T00:00:00-04:00,2026-09-09T22:59:59-04:00
Sobeys,8112397,Singles Process Cheese Product,9.99,2026-09-03T00:00:00-04:00,2026-09-09T22:59:59-04:00
Sobeys,8112397,Blue Coronation Grapes,5.99,2026-09-03T00:00:00-04:00,2026-09-09T22:59:59-04:00
Sobeys,8112397,Raised Without Antibiotics Frozen Chicken,14.99,2026-09-03T00:00:00-04:00,2026-09-09T22:59:59-04:00
Sobeys,8112397,Frozen Vegetables or Valley Selections,7.0,2026-09-03T00:00:00-04:00,2026-09-09T22:59:59-04:00
Sobeys,8112397,"Cake, Cookie or Bisquick Mix",4.49,2026-09-03T00:00:00-04:00,2026-09-09T22:59:59-04:00
Sobeys,8112397,Tissues Ultra Soft Cubes,2.99,2026-09-03T00:00:00-04:00,2026-09-09T22:59:59-04:00
Sobeys,8112397,Kitchen or Waste Bags with FEBREZE,11.99,2026-09-03T00:00:00-04:00,2026-09-09T22:59:59-04:00
Sobeys,8112397,Water Pitcher 6-Cup or Filters,25.99,2026-09-03T00:00:00-04:00,2026-09-09T22:59:59-04:00
Sobeys,8112397,COMPLIMENTS Waste Bags,8.99,2026-09-03T00:00:00-04:00,2026-09-09T22:59:59-04:00
Sobeys,8112397,Wafers Sandwich Cookies,2.79,2026-09-03T00:00:00-04:00,2026-09-09T22:59:59-04:00
Sobeys,8112397,COMPLIMENTS White or Whole Wheat Bread,2.89,2026-09-03T00:00:00-04:00,2026-09-09T22:59:59-04:00
Sobeys,8112397,"Prawn Dumplings, Sichuan Shrimp Wontons or Sesame Shrimp Toast",9.88,2026-09-03T00:00:00-04:00,2026-09-09T22:59:59-04:00
Sobeys,8112397,Fresh Atlantic Salmon Tails,7.99,2026-09-03T00:00:00-04:00,2026-09-09T22:59:59-04:00
Sobeys,8112397,Prepared Fresh Daily Watermelon Slices or Quarters,1.29,2026-09-03T00:00:00-04:00,2026-09-09T22:59:59-04:00
Sobeys,8112397,COMPLIMENTS Bagels,3.0,2026-09-03T00:00:00-04:00,2026-09-09T22:59:59-04:00
Sobeys,8112397,Asian Value Size Meals - mid-autumn festival,1.99,2026-09-03T00:00:00-04:00,2026-09-09T22:59:59-04:00
Sobeys,8112397,Chicken or Beef Pot Pies,10.99,2026-09-03T00:00:00-04:00,2026-09-09T22:59:59-04:00
Sobeys,8112397,Smartwater,6.0,2026-09-03T00:00:00-04:00,2026-09-09T22:59:59-04:00
Sobeys,8112397,Chicken Sausage,5.99,2026-09-03T00:00:00-04:00,2026-09-09T22:59:59-04:00
Sobeys,8112397,Fresh Boneless Peeled Top Blade/Flat Iron Simmering Steak,19.99,2026-09-03T00:00:00-04:00,2026-09-09T22:59:59-04:00
Sobeys,8112397,Beverages,3.99,2026-09-03T00:00:00-04:00,2026-09-09T22:59:59-04:00
Sobeys,8112397,Deviled Eggs,8.49,2026-09-03T00:00:00-04:00,2026-09-09T22:59:59-04:00
Sobeys,8112397,Hot Dog or Burger Buns,4.0,2026-09-03T00:00:00-04:00,2026-09-09T22:59:59-04:00
Sobeys,8112397,Sausage Buns,4.0,2026-09-03T00:00:00-04:00,2026-09-09T22:59:59-04:00
Sobeys,8112397,"COMPLIMENTS Smoked Atlantic Salmon, Steelhead or Gravlax",11.99,2026-09-03T00:00:00-04:00,2026-09-09T22:59:59-04:00
Sobeys,8112397,Pepperettes Sausage Snacks,6.99,2026-09-03T00:00:00-04:00,2026-09-09T22:59:59-04:00
Sobeys,8112397,Diesel Whey Protein Bars,8.0,2026-09-03T00:00:00-04:00,2026-09-09T22:59:59-04:00
Sobeys,8112397,COMPLIMENTS ORGANIC Tablet Bars,7.49,2026-09-03T00:00:00-04:00,2026-09-09T22:59:59-04:00
Sobeys,8112397,"Bueno Mini Bags 145 g, MultiPack Bars 129 g or Surprise 3 pk",5.49,2026-09-03T00:00:00-04:00,2026-09-09T22:59:59-04:00
Sobeys,8112397,Cushions Puff Pastries,2.99,2026-09-03T00:00:00-04:00,2026-09-09T22:59:59-04:00
Sobeys,8112397,KRAFT Salad Dressing,2.97,2026-09-03T00:00:00-04:00,2026-09-09T22:59:59-04:00
Sobeys,8112397,Potato Chips,2.75,2026-09-03T00:00:00-04:00,2026-09-09T22:59:59-04:00
Sobeys,8112397,COMPLIMENTS Coffee Cups,19.99,2026-09-03T00:00:00-04:00,2026-09-09T22:59:59-04:00
Sobeys,8112397,Crispy Minis,3.49,2026-09-03T00:00:00-04:00,2026-09-09T22:59:59-04:00
Sobeys,8112397,Pudding,5.0,2026-09-03T00:00:00-04:00,2026-09-09T22:59:59-04:00
Sobeys,8112397,Fresh Lean Ground Beef Burgers,9.99,2026-09-03T00:00:00-04:00,2026-09-09T22:59:59-04:00
Sobeys,8112397,Whole Pineapple or Cored Pineapple,4.99,2026-09-03T00:00:00-04:00,2026-09-09T22:59:59-04:00
Sobeys,8112397,COMPLIMENTS Veggie Snax,3.49,2026-09-03T00:00:00-04:00,2026-09-09T22:59:59-04:00
