merchant,flyer_id,name,price,valid_from,valid_to
Atlantic Superstore,8133217,"SIMPLY LEMONADE, FRUIT DRINKS OR MINUTE MAID ZERO SUGAR FRUIT DRINKS 1,54 L",4.5,2026-09-17T00:00:00-04:00,2026-09-23T23:59:59-04:00
Atlantic Superstore,8133217,"HÄAGEN-DAZS, 414-450 ML OR BARS, 3/4'S",5.5,2026-09-17T00:00:00-04:00,2026-09-23T23:59:59-04:00
Atlantic Superstore,8133217,"HEAD & SHOULDERS SHAMPOO, 370 ML OR CONDITIONER, 315-325 ML",6.0,2026-09-17T00:00:00-04:00,2026-09-23T23:59:59-04:00
Atlantic Superstore,8133217,EVERYDAY ESSENTIALS™ APPLIANCES,15.0,2026-09-17T00:00:00-04:00,2026-09-23T23:59:59-04:00
Atlantic Superstore,8133217,"ROOSTER LIQUID HONEY, 1 KG",9.0,2026-09-17T00:00:00-04:00,2026-09-23T23:59:59-04:00
Atlantic Superstore,8133217,"GREEN GIANT VALLEY SELECTIONS OR FROZEN VEGETABLES, 400-750 G",4.0,2026-09-17T00:00:00-04:00,2026-09-23T23:59:59-04:00
Atlantic Superstore,8133217,"GLAD OUTDOOR BAGS, 10-40'S",11.0,2026-09-17T00:00:00-04:00,2026-09-23T23:59:59-04:00
Atlantic Superstore,8133217,"DABUR NECTAR JUICE DRINK, 1 L",3.5,2026-09-17T00:00:00-04:00,2026-09-23T23:59:59-04:00
Atlantic Superstore,8133217,EVERYDAY ESSENTIALS™ COZY FLEECE THROW,7.0,2026-09-17T00:00:00-04:00,2026-09-23T23:59:59-04:00
Atlantic Superstore,8133217,"AROY-D COCONUT MILK, 400 ML",1.88,2026-09-17T00:00:00-04:00,2026-09-23T23:59:59-04:00
Atlantic Superstore,8133217,"STOK®, 1.42 L",8.5,2026-09-17T00:00:00-04:00,2026-09-23T23:59:59-04:00
Atlantic Superstore,8133217,"CAMPBELL'S BROTH OR CONCENTRATED BROTH, 250/900 ML",1.75,2026-09-17T00:00:00-04:00,2026-09-23T23:59:59-04:00
Atlantic Superstore,8133217,"OIKOS®, 4 X 95 G, 4 X 100 G",3.99,2026-09-17T00:00:00-04:00,2026-09-23T23:59:59-04:00
Atlantic Superstore,8133217,"ZIGGY'S FRESH PASTA TWIN PACKS, 600 G",5.0,2026-09-17T00:00:00-04:00,2026-09-23T23:59:59-04:00
Atlantic Superstore,8133217,"CESAR OR HOME DELIGHTS WET DOG FOOD, 100 G",1.35,2026-09-17T00:00:00-04:00,2026-09-23T23:59:59-04:00
Atlantic Superstore,8133217,"NATUREGG SIMPLY EGG WHITES OR EGG CREATIONS, 500 G OR EGGS2GO! OMEGA 3 HARD BOILED PEELED EGGS, 6 PK, 264 G",5.5,2026-09-17T00:00:00-04:00,2026-09-23T23:59:59-04:00
Atlantic Superstore,8133217,"BASA STEAKS OR CHUB MACKEREL, 1 KG",8.0,2026-09-17T00:00:00-04:00,2026-09-23T23:59:59-04:00
Atlantic Superstore,8133217,"SEAQUEST® WHOLE TILAPIA, 1.36 KG OR WHOLE POMPANO, 800 G",9.0,2026-09-17T00:00:00-04:00,2026-09-23T23:59:59-04:00
Atlantic Superstore,8133217,VACHON OR HOSTESS SNACK CAKES,2.95,2026-09-17T00:00:00-04:00,2026-09-23T23:59:59-04:00
Atlantic Superstore,8133217,"GOODIES PUFFED SNACKS, 28-35 G",6.5,2026-09-17T00:00:00-04:00,2026-09-23T23:59:59-04:00
Atlantic Superstore,8133217,"MINI COOKIES, 24'S",5.0,2026-09-17T00:00:00-04:00,2026-09-23T23:59:59-04:00
Atlantic Superstore,8133217,MONDAY HAIR CARE,8.0,2026-09-17T00:00:00-04:00,2026-09-23T23:59:59-04:00
Atlantic Superstore,8133217,"GENERAL MILLS FAMILY SIZE CEREAL, 317-778 G",5.0,2026-09-17T00:00:00-04:00,2026-09-23T23:59:59-04:00
Atlantic Superstore,8133217,"PC® OR PC® BLUE MENU® PANCAKE AND WAFFLE MIX, 905 G OR TABLE SYRUP, 750 ML",3.5,2026-09-17T00:00:00-04:00,2026-09-23T23:59:59-04:00
Atlantic Superstore,8133217,"PC® KEFIR, 1 L",10.0,2026-09-17T00:00:00-04:00,2026-09-23T23:59:59-04:00
Atlantic Superstore,8133217,"NATUREGG SOLAR FREE RANGE OR OMEGA PLUS SOLAR FREE RANGE, 12 LARGE BROWN EGGS",7.25,2026-09-17T00:00:00-04:00,2026-09-23T23:59:59-04:00
Atlantic Superstore,8133217,"OIKOS® PRO™, 300 ML",7.0,2026-09-17T00:00:00-04:00,2026-09-23T23:59:59-04:00
Atlantic Superstore,8133217,"OLYMPIC KREMA YOGURT, 650 G",6.0,2026-09-17T00:00:00-04:00,2026-09-23T23:59:59-04:00
Atlantic Superstore,8133217,"PC® OR BLUE MENU® FROZEN SMOOTHIE BARS, SKYR ICELANDIC-STYLE FROZEN YOGURT BARS, 480 G/480 ML OR CHOCOLATE COVERED FRUIT, 200 G",6.5,2026-09-17T00:00:00-04:00,2026-09-23T23:59:59-04:00
Atlantic Superstore,8133217,"GARLIC, 3'S",0.98,2026-09-17T00:00:00-04:00,2026-09-23T23:59:59-04:00
Atlantic Superstore,8133217,"PC® RIBS, 500/680 G",14.0,2026-09-17T00:00:00-04:00,2026-09-23T23:59:59-04:00
Atlantic Superstore,8133217,"PC® WILD ALBACORE TUNA, 170 G",9.99,2026-09-17T00:00:00-04:00,2026-09-23T23:59:59-04:00
Atlantic Superstore,8133217,"NESTLÉ ASSORTED MINI BARS, 50'S OR KITKAT SPOOKY BREAK, 40'S",14.0,2026-09-17T00:00:00-04:00,2026-09-23T23:59:59-04:00
Atlantic Superstore,8133217,"LIBERTÉ MÉDITERRANÉE YOGURT, 500 G",4.5,2026-09-17T00:00:00-04:00,2026-09-23T23:59:59-04:00
Atlantic Superstore,8133217,"PC® BLACK LABEL PIZZA, 370-440 G",8.0,2026-09-17T00:00:00-04:00,2026-09-23T23:59:59-04:00
Atlantic Superstore,8133217,"NO NAME® THIN CRUST PIZZA OR CHEESY GARLIC FINGERS, 295-411 G",3.5,2026-09-17T00:00:00-04:00,2026-09-23T23:59:59-04:00
Atlantic Superstore,8133217,"TEMPTATIONS CAT TREATS, 160/180 G",3.0,2026-09-17T00:00:00-04:00,2026-09-23T23:59:59-04:00
Atlantic Superstore,8133217,"NO NAME® ALL-VEGETABLE SHORTENING, 454 G",3.5,2026-09-17T00:00:00-04:00,2026-09-23T23:59:59-04:00
Atlantic Superstore,8133217,"PC® PUB RECIPE BREADED CHICKEN, 700 G",8.0,2026-09-17T00:00:00-04:00,2026-09-23T23:59:59-04:00
Atlantic Superstore,8133217,"KURKURE SNACKS, 115 G",1.5,2026-09-17T00:00:00-04:00,2026-09-23T23:59:59-04:00
Atlantic Superstore,8133217,"POPEYE SELECT SPINACH, 283 G",3.0,2026-09-17T00:00:00-04:00,2026-09-23T23:59:59-04:00
Atlantic Superstore,8133217,"WHISKAS CAT FOOD, 24'S",26.0,2026-09-17T00:00:00-04:00,2026-09-23T23:59:59-04:00
Atlantic Superstore,8133217,"PC® SALAD DRESSING, 350 ML OR CROUTONS, 140 G",3.0,2026-09-17T00:00:00-04:00,2026-09-23T23:59:59-04:00
Atlantic Superstore,8133217,"RUFFLES POTATO CHIPS, 180-200 G",9.0,2026-09-17T00:00:00-04:00,2026-09-23T23:59:59-04:00
Atlantic Superstore,8133217,"ARMSTRONG COMBOS, NIBBLERS CHEESE SNACKS OR CHEESE STICKS, 180-210 G",4.5,2026-09-17T00:00:00-04:00,2026-09-23T23:59:59-04:00
Atlantic Superstore,8133217,"PRIMO PIZZA SQUEEZE, 375 ML OR UNICO PIZZA SAUCE, 398 ML",5.0,2026-09-17T00:00:00-04:00,2026-09-23T23:59:59-04:00
Atlantic Superstore,8133217,"GOGO SQUEEZ FRUIT SAUCE, 12 PIECE, 1.8 KG",10.0,2026-09-17T00:00:00-04:00,2026-09-23T23:59:59-04:00
Atlantic Superstore,8133217,"THE SNACK FACTORY PRETZEL CRISPS, 240 G OR SNYDER'S TWISTED PRETZEL STICKS, 340 G",4.99,2026-09-17T00:00:00-04:00,2026-09-23T23:59:59-04:00
Atlantic Superstore,8133217,"FRISKIES CAT FOOD, 24'S",21.0,2026-09-17T00:00:00-04:00,2026-09-23T23:59:59-04:00
Atlantic Superstore,8133217,"FARMER'S MARKET™ MINI CUCUMBERS, 6'S",3.0,2026-09-17T00:00:00-04:00,2026-09-23T23:59:59-04:00
Atlantic Superstore,8133217,"NUTELLA BISCUITS, 276 G",7.49,2026-09-17T00:00:00-04:00,2026-09-23T23:59:59-04:00
Atlantic Superstore,8133217,"CRACKER BARREL CHEESE BARS OR SHREDDED CHEESE, 250-400 G",13.0,2026-09-17T00:00:00-04:00,2026-09-23T23:59:59-04:00
Atlantic Superstore,8133217,"GENERAL MILLS JUMBO CEREAL, 816 G-1.3 KG",9.99,2026-09-17T00:00:00-04:00,2026-09-23T23:59:59-04:00
Atlantic Superstore,8133217,"SEAQUEST® SEAFOOD MEDLEY, 340 G",6.0,2026-09-17T00:00:00-04:00,2026-09-23T23:59:59-04:00
Atlantic Superstore,8133217,"SUMM! SPRING ROLLS AND DUMPLINGS, 250-350 g",5.0,2026-09-17T00:00:00-04:00,2026-09-23T23:59:59-04:00
Atlantic Superstore,8133217,"FARMER'S MARKET™ COOKIES, 12'S",6.5,2026-09-17T00:00:00-04:00,2026-09-23T23:59:59-04:00
Atlantic Superstore,8133217,"NO NAME® GRAHAM CRUMBS, 400 G",5.0,2026-09-17T00:00:00-04:00,2026-09-23T23:59:59-04:00
Atlantic Superstore,8133217,"NATUREGG OMEGA 3 NESTLAID, 12 LARGE WHITE EGGS",6.25,2026-09-17T00:00:00-04:00,2026-09-23T23:59:59-04:00
Atlantic Superstore,8133217,"CHACHEER OR CHA CHA SUNFLOWER SEEDS, 260 G",2.28,2026-09-17T00:00:00-04:00,2026-09-23T23:59:59-04:00
Atlantic Superstore,8133217,"PURINA ONE DOG FOOD, 1.6/1.8 KG",13.0,2026-09-17T00:00:00-04:00,2026-09-23T23:59:59-04:00
Atlantic Superstore,8133217,"ATYPIQUE NON-ALCOHOLIC COCKTAILS OR SPARKLING FLAVOURED BEVERAGES, 4X355 ML",7.5,2026-09-17T00:00:00-04:00,2026-09-23T23:59:59-04:00
Atlantic Superstore,8133217,"MINI BABYBEL, 6 PIECE",4.0,2026-09-17T00:00:00-04:00,2026-09-23T23:59:59-04:00
Atlantic Superstore,8133217,"NO NAME® CANOLA OR VEGETABLE OIL, 946 ML",5.0,2026-09-17T00:00:00-04:00,2026-09-23T23:59:59-04:00
Atlantic Superstore,8133217,"PC® MINI MUFFINS, 12'S",6.0,2026-09-17T00:00:00-04:00,2026-09-23T23:59:59-04:00
Atlantic Superstore,8133217,FRESH ATLANTIC SALMON SKIN-ON FILLETS,11.0,2026-09-17T00:00:00-04:00,2026-09-23T23:59:59-04:00
Atlantic Superstore,8133217,"BABY GOURMET ORGANIC PURÉE POUCHES, 113/128 ML",10.0,2026-09-17T00:00:00-04:00,2026-09-23T23:59:59-04:00
Atlantic Superstore,8133217,"CAREFREE PADS, 28'S, LINERS, 92-120'S, O.B TAMPONS 40'S OR PLAYTEX TAMPONS, 32-36'S",8.5,2026-09-17T00:00:00-04:00,2026-09-23T23:59:59-04:00
Atlantic Superstore,8133217,BEEF LIVER,5.0,2026-09-17T00:00:00-04:00,2026-09-23T23:59:59-04:00
Atlantic Superstore,8133217,"PC® BLUE MENU® GROUND CHICKEN OR MINCED TURKEY, 454 G",8.0,2026-09-17T00:00:00-04:00,2026-09-23T23:59:59-04:00
Atlantic Superstore,8133217,"PC® OR BLUE MENU® ENTRÉES, 850 G-1.13 KG",8.0,2026-09-17T00:00:00-04:00,2026-09-23T23:59:59-04:00
Atlantic Superstore,8133217,"SENSODYNE OR PRONAMEL TOOTHPASTE, 75 ML",7.5,2026-09-17T00:00:00-04:00,2026-09-23T23:59:59-04:00
Atlantic Superstore,8133217,"NESTLÉ DRUMSTICK, 4'S, CONFECTIONARY NOVELTIES, 4-10'S OR TUBS, 1.5 L",4.94,2026-09-17T00:00:00-04:00,2026-09-23T23:59:59-04:00
Atlantic Superstore,8133217,EVERYDAY ESSENTIALS™ COOKWARE,9.0,2026-09-17T00:00:00-04:00,2026-09-23T23:59:59-04:00
Atlantic Superstore,8133217,"BUCKLEY'S COUGH SYRUP MID-SIZE, 150-200 ML OR BUCKLEY'S COLD & SINUS LIQUID GELS, 24'S OR BUCKLEY'S COMPLETE GELS CAPLETS, 24'S",14.5,2026-09-17T00:00:00-04:00,2026-09-23T23:59:59-04:00
Atlantic Superstore,8133217,"T&T SUSHI NORI ROASTED SEAWEED SHEETS, 27 G",2.48,2026-09-17T00:00:00-04:00,2026-09-23T23:59:59-04:00
Atlantic Superstore,8133217,"NO NAME® RAISINS OR DATES, 750 G/1 KG",8.0,2026-09-17T00:00:00-04:00,2026-09-23T23:59:59-04:00
Atlantic Superstore,8133217,"PEPPERIDGE FARM GOLDFISH CRACKERS, 156-227 G OR CRISPS, 177 G",2.5,2026-09-17T00:00:00-04:00,2026-09-23T23:59:59-04:00
Atlantic Superstore,8133217,"CATIT SOCCER BALL CAT TOY, 4'S",5.0,2026-09-17T00:00:00-04:00,2026-09-23T23:59:59-04:00
Atlantic Superstore,8133217,"BUBLY SPARKLING WATER, 12X355 ML",14.0,2026-09-17T00:00:00-04:00,2026-09-23T23:59:59-04:00
Atlantic Superstore,8133217,"KERRYGOLD DUBLINER RESERVE CHEDDAR, 198 G",7.0,2026-09-17T00:00:00-04:00,2026-09-23T23:59:59-04:00
Atlantic Superstore,8133217,"IN-STORE PREPARED PULLED PORK BAO BUNS, GYRO OR FAJITA CHICKEN TACO TRAY, 825-850 G",20.0,2026-09-17T00:00:00-04:00,2026-09-23T23:59:59-04:00
Atlantic Superstore,8133217,"MILK-BONE DOG TREATS, 2 KG",9.0,2026-09-17T00:00:00-04:00,2026-09-23T23:59:59-04:00
Atlantic Superstore,8133217,EVERYDAY ESSENTIALS™ METAL KITCHENWARE,7.0,2026-09-17T00:00:00-04:00,2026-09-23T23:59:59-04:00
Atlantic Superstore,8133217,PC® ULTRA SHAKES READY TO DRINK SHAKES,12.0,2026-09-17T00:00:00-04:00,2026-09-23T23:59:59-04:00
Atlantic Superstore,8133217,"HUGGIES 16X BABY WIPES, 960-1152'S",24.0,2026-09-17T00:00:00-04:00,2026-09-23T23:59:59-04:00
Atlantic Superstore,8133217,"PC PACIFIC WHITE SHRIMP PLATTER WITH MILD COCKTAIL SAUCE, 568 G",19.0,2026-09-17T00:00:00-04:00,2026-09-23T23:59:59-04:00
Atlantic Superstore,8133217,"NO NAME® PRINTED LUNCH OR DINNER PLATES, 40'S",6.0,2026-09-17T00:00:00-04:00,2026-09-23T23:59:59-04:00
Atlantic Superstore,8133217,"SAMYANG BULDAK RAMEN, 650/700 G OR 5X140 G",7.0,2026-09-17T00:00:00-04:00,2026-09-23T23:59:59-04:00
Atlantic Superstore,8133217,"T&T JASMINE GREEN TEA, 1.23 L",2.48,2026-09-17T00:00:00-04:00,2026-09-23T23:59:59-04:00
Atlantic Superstore,8133217,TAIWANESE FLAT CABBAGE,1.48,2026-09-17T00:00:00-04:00,2026-09-23T23:59:59-04:00
Atlantic Superstore,8133217,HALLOWEEN PUMPKINS,24.0,2026-09-17T00:00:00-04:00,2026-09-23T23:59:59-04:00
Atlantic Superstore,8133217,EVERYDAY ESSENTIALS™ KITCHEN GADGETS,2.0,2026-09-17T00:00:00-04:00,2026-09-23T23:59:59-04:00
Atlantic Superstore,8133217,"BRITANNIA GOOD DAY OR FIFTY FIFTY COOKIES OR BISCUITS, 231/372 G",2.5,2026-09-17T00:00:00-04:00,2026-09-23T23:59:59-04:00
Atlantic Superstore,8133217,"GAIN DETERGENT, 100 LD, CHEER DETERGENT, 107 LD, TIDE SIMPLY DETERGENT 107 PODS, 25/42'S, FLINGS, 28/48'S, LIQUID SOFTENER, 96/150/190 LD, SHEETS, 240'S, RINSE, 70 LD",15.0,2026-09-17T00:00:00-04:00,2026-09-23T23:59:59-04:00
Atlantic Superstore,8133217,"BESTORE PEANUTS PATTERNED FISH, 500 G",5.88,2026-09-17T00:00:00-04:00,2026-09-23T23:59:59-04:00
Atlantic Superstore,8133217,"TWO GOOD™, 4 X 95 G",5.0,2026-09-17T00:00:00-04:00,2026-09-23T23:59:59-04:00
Atlantic Superstore,8133217,"PC® WORLD OF FLAVOURS MAPLE APPLE PORK LOIN, 730 G",13.0,2026-09-17T00:00:00-04:00,2026-09-23T23:59:59-04:00
Atlantic Superstore,8133217,"PC® BLACK TIGER SHRIMP RAW ZIPPERBACK®, 16-20/LB, 400 G OR JUMBO WILD ARGENTINIAN SHRIMP RAW ZIPPERBACK®, 21-30/LB, 340 G",11.0,2026-09-17T00:00:00-04:00,2026-09-23T23:59:59-04:00
Atlantic Superstore,8133217,"BROTHERS-ALL- NATURAL FRUIT CRISPS OR CHIPS, 10/12 G",5.0,2026-09-17T00:00:00-04:00,2026-09-23T23:59:59-04:00
Atlantic Superstore,8133217,"PC® SINGLE SERVE COFFEE PODS, 72'S OR NO NAME® CLUB SIZE COFFEE PODS, 102'S",39.0,2026-09-17T00:00:00-04:00,2026-09-23T23:59:59-04:00
Atlantic Superstore,8133217,"IÖGO NANO DRINKABLE YOGURT, 6X93 ML OR YOGURT POUCHES, 4X90 G",3.27,2026-09-17T00:00:00-04:00,2026-09-23T23:59:59-04:00
Atlantic Superstore,8133217,"QUAKER, CAP'N CRUNCH OR LIFE OAT, CEREAL, OATMEAL OR CORN SQUARES, 288-510 G",4.0,2026-09-17T00:00:00-04:00,2026-09-23T23:59:59-04:00
Atlantic Superstore,8133217,"ROMAINE HEARTS, PKG OF 3",3.0,2026-09-17T00:00:00-04:00,2026-09-23T23:59:59-04:00
Atlantic Superstore,8133217,"MCCAFÉ GROUND COFFEE, 640/875 G OR KICKING HORSE K-CUPS, 24'S",25.0,2026-09-17T00:00:00-04:00,2026-09-23T23:59:59-04:00
Atlantic Superstore,8133217,"NO NAME® OR HALAL, BONELESS SKINLESS CHICKEN BREAST",5.88,2026-09-17T00:00:00-04:00,2026-09-23T23:59:59-04:00
Atlantic Superstore,8133217,L'ORÉAL EXCELLENCE HAIR COLOUR OR ROOT COVER UP,13.0,2026-09-17T00:00:00-04:00,2026-09-23T23:59:59-04:00
Atlantic Superstore,8133217,"DOVE DRY SPRAY, 107/113 G, WOMEN'S PREMIUM, 74 G OR ALUMINUM FREE, 74/85 G DEODORANT",8.5,2026-09-17T00:00:00-04:00,2026-09-23T23:59:59-04:00
Atlantic Superstore,8133217,T&T THAI JASMINE RICE,12.88,2026-09-17T00:00:00-04:00,2026-09-23T23:59:59-04:00
Atlantic Superstore,8133217,"GILLETTE MACH 3 OR VENUS DISPOSABLE RAZORS, 1-8'S",10.0,2026-09-17T00:00:00-04:00,2026-09-23T23:59:59-04:00
Atlantic Superstore,8133217,"AVEENO, 532 ML, CETAPHIL, 400 ML OR CERAVE, 473 ML BABY NEEDS",12.0,2026-09-17T00:00:00-04:00,2026-09-23T23:59:59-04:00
Atlantic Superstore,8133217,"CASA MENDOSA TORTILLAS, 340/640 G",2.85,2026-09-17T00:00:00-04:00,2026-09-23T23:59:59-04:00
Atlantic Superstore,8133217,"PC BLUE MENU STEEL CUT OATS OR SUPER GRAIN OATMEAL, 204-840 G",4.0,2026-09-17T00:00:00-04:00,2026-09-23T23:59:59-04:00
Atlantic Superstore,8133217,"MICHELINA'S FROZEN ENTRÉES, 128-284 G OR TINA'S BURRITOS, 113 G",1.35,2026-09-17T00:00:00-04:00,2026-09-23T23:59:59-04:00
Atlantic Superstore,8133217,"ENFAMIL A + NEUROPRO OR GENTLEASE BABY FORMULA POWDER REFILLS 0-12 MONTHS, , 862/890 G",65.5,2026-09-17T00:00:00-04:00,2026-09-23T23:59:59-04:00
Atlantic Superstore,8133217,"HUGGIES PULL-UPS TRAINING PANTS, 2T-7T, 58-104'S",37.0,2026-09-17T00:00:00-04:00,2026-09-23T23:59:59-04:00
Atlantic Superstore,8133217,"ROOSTER NOODLES, 400 G",4.0,2026-09-17T00:00:00-04:00,2026-09-23T23:59:59-04:00
Atlantic Superstore,8133217,"TIDE DETERGENT, 39/48 LD, GAIN DETERGENT, 61 LD IVORY SNOW DETERGENT, 32 LD, PODS/FLINGS, 18/23/31'S, LIQUID SOFTENER, 83/120 LD, SHEETS, 120/200'S, BEADS, 303/368/379 G, DOWNY RINSE, 54 LD",10.0,2026-09-17T00:00:00-04:00,2026-09-23T23:59:59-04:00
Atlantic Superstore,8133217,CORED PINEAPPLE,7.0,2026-09-17T00:00:00-04:00,2026-09-23T23:59:59-04:00
Atlantic Superstore,8133217,"KOSA COCONUT WATER, 1 L",3.0,2026-09-17T00:00:00-04:00,2026-09-23T23:59:59-04:00
Atlantic Superstore,8133217,"SEAQUEST® BAY SCALLOPS UNCOOKED, 100-150/LB, 400 G",7.0,2026-09-17T00:00:00-04:00,2026-09-23T23:59:59-04:00
Atlantic Superstore,8133217,"BLACK DIAMOND CHEESTRINGS OR CHEESE STICKS, 189-336 G",5.97,2026-09-17T00:00:00-04:00,2026-09-23T23:59:59-04:00
Atlantic Superstore,8133217,"PC RUSSET POTATOES, 5 LB",4.0,2026-09-17T00:00:00-04:00,2026-09-23T23:59:59-04:00
Atlantic Superstore,8133217,"PALDO NOODLES, 408-520 G",4.78,2026-09-17T00:00:00-04:00,2026-09-23T23:59:59-04:00
Atlantic Superstore,8133217,"FARMER'S MARKET™ RED ONIONS, 3 LB",4.0,2026-09-17T00:00:00-04:00,2026-09-23T23:59:59-04:00
Atlantic Superstore,8133217,"PC® BUTTER QUARTERS, 454 G",7.0,2026-09-17T00:00:00-04:00,2026-09-23T23:59:59-04:00
Atlantic Superstore,8133217,"SUNRISE TOFU, 300-500 G",2.88,2026-09-17T00:00:00-04:00,2026-09-23T23:59:59-04:00
Atlantic Superstore,8133217,"ZABIHA HALAL BREADED OR FIRE CRISP CHICKEN, 700-800 G",10.0,2026-09-17T00:00:00-04:00,2026-09-23T23:59:59-04:00
Atlantic Superstore,8133217,GREEN ZUCCHINI,2.5,2026-09-17T00:00:00-04:00,2026-09-23T23:59:59-04:00
Atlantic Superstore,8133217,"NESTLÉ CHOCOLATE BARS OR CANDY, 168-208 G OR 4'S",11.0,2026-09-17T00:00:00-04:00,2026-09-23T23:59:59-04:00
Atlantic Superstore,8133217,"CHEETOS SNACKS, 180-285 G",4.0,2026-09-17T00:00:00-04:00,2026-09-23T23:59:59-04:00
Atlantic Superstore,8133217,"LEE KUM KEE PANDA OYSTER SAUCE, 510 G",3.78,2026-09-17T00:00:00-04:00,2026-09-23T23:59:59-04:00
Atlantic Superstore,8133217,"PC® ORGANICS APPLE SAUCE OR FRUIT SNACKS, 62-600 ML/4X90 G/1.08 KG",4.0,2026-09-17T00:00:00-04:00,2026-09-23T23:59:59-04:00
Atlantic Superstore,8133217,"DARE BEAR PAWS, 168- 210 G, WAGON WHEELS, 315/360 G, WHIPPETS, 250-290 G, ULTIMATE OR VIVA PUFFS COOKIES, 290/300 G",3.25,2026-09-17T00:00:00-04:00,2026-09-23T23:59:59-04:00
Atlantic Superstore,8133217,"TASTIE MOON CAKE WITH WHITE LOTUS PASTE & DOUBLE YOLKS, 640 G",15.48,2026-09-17T00:00:00-04:00,2026-09-23T23:59:59-04:00
Atlantic Superstore,8133217,TOMATOES ON THE VINE,2.49,2026-09-17T00:00:00-04:00,2026-09-23T23:59:59-04:00
Atlantic Superstore,8133217,"FARMER'S MARKET™ CROISSANTS OR CROISSANT BUNS, 260-336 G",4.5,2026-09-17T00:00:00-04:00,2026-09-23T23:59:59-04:00
Atlantic Superstore,8133217,"PUCHAO SOFT CANDY, 100 G",3.28,2026-09-17T00:00:00-04:00,2026-09-23T23:59:59-04:00
Atlantic Superstore,8133217,"PC® PORK SAUSAGE, 375/500 G",7.0,2026-09-17T00:00:00-04:00,2026-09-23T23:59:59-04:00
Atlantic Superstore,8133217,"PC® DOUBLE BRIE, CAMEMBERT, FETA OR GOAT CHEESE CRUMBLES, 165-200 G",6.0,2026-09-17T00:00:00-04:00,2026-09-23T23:59:59-04:00
Atlantic Superstore,8133217,"NO NAME® 100% WHOLE GRAIN OATS, 900 G/1 KG",3.25,2026-09-17T00:00:00-04:00,2026-09-23T23:59:59-04:00
Atlantic Superstore,8133217,"SUNFLOWERS, 5 STEM",10.0,2026-09-17T00:00:00-04:00,2026-09-23T23:59:59-04:00
Atlantic Superstore,8133217,"PC® STELLA BOTTLES, 40 OZ",11.0,2026-09-17T00:00:00-04:00,2026-09-23T23:59:59-04:00
Atlantic Superstore,8133217,"BAREBELLS PROTEIN BARS, 4'S",12.5,2026-09-17T00:00:00-04:00,2026-09-23T23:59:59-04:00
Atlantic Superstore,8133217,NATIVE BODY LOTIONS,16.0,2026-09-17T00:00:00-04:00,2026-09-23T23:59:59-04:00
Atlantic Superstore,8133217,"HUY FONG SRIRACHA SAUCE, 740 ML",4.88,2026-09-17T00:00:00-04:00,2026-09-23T23:59:59-04:00
Atlantic Superstore,8133217,PC® KIDS BENTO,10.0,2026-09-17T00:00:00-04:00,2026-09-23T23:59:59-04:00
Atlantic Superstore,8133217,"NO NAME® COATING MIX, 142-162 G",3.0,2026-09-17T00:00:00-04:00,2026-09-23T23:59:59-04:00
Atlantic Superstore,8133217,"NO NAME® HOMESTYLE MEAT LASAGNA, 2.27 KG",13.0,2026-09-17T00:00:00-04:00,2026-09-23T23:59:59-04:00
Atlantic Superstore,8133217,"PC® SALSA, 300 G/430 ML, GUACAMOLE, 227/228 G OR THE SNACK FACTORY PRETZEL CRISPS, 200 G",5.0,2026-09-17T00:00:00-04:00,2026-09-23T23:59:59-04:00
Atlantic Superstore,8133217,"FISHERMAN'S FINEST HOT SMOKED SALMON READY-TO-EAT OR OCEAN PIER WILD ATLANTIC SEA SCALLOPS, 320 G",26.0,2026-09-17T00:00:00-04:00,2026-09-23T23:59:59-04:00
Atlantic Superstore,8133217,"KOSA COCONUT MILK, 400 ML",1.68,2026-09-17T00:00:00-04:00,2026-09-23T23:59:59-04:00
Atlantic Superstore,8133217,HALLOWEEN CERAMIC MUGS,8.0,2026-09-17T00:00:00-04:00,2026-09-23T23:59:59-04:00
Atlantic Superstore,8133217,"IÖGO NANÖ DRINKABLE YOGURT, 6 X 93 ML",3.27,2026-09-17T00:00:00-04:00,2026-09-23T23:59:59-04:00
Atlantic Superstore,8133217,"ACTIVIA®, 650 G",4.0,2026-09-17T00:00:00-04:00,2026-09-23T23:59:59-04:00
Atlantic Superstore,8133217,PAPAYA,2.88,2026-09-17T00:00:00-04:00,2026-09-23T23:59:59-04:00
Atlantic Superstore,8133217,"FARMER'S MARKET™ MUFFINS, 4'S",4.0,2026-09-17T00:00:00-04:00,2026-09-23T23:59:59-04:00
Atlantic Superstore,8133217,DRAGONFRUIT,3.88,2026-09-17T00:00:00-04:00,2026-09-23T23:59:59-04:00
Atlantic Superstore,8133217,"PC® BATHROOM TISSUE, 12=24 ROLLS OR PAPER TOWELS, 3=6 ROLLS OR FACIAL TISSUE, 6'S",6.0,2026-09-17T00:00:00-04:00,2026-09-23T23:59:59-04:00
Atlantic Superstore,8133217,"TAMAM BEANS, LENTILS OR CHICKPEAS 540 ML",1.5,2026-09-17T00:00:00-04:00,2026-09-23T23:59:59-04:00
Atlantic Superstore,8133217,"AVOCADO BAG, 5'S",4.0,2026-09-17T00:00:00-04:00,2026-09-23T23:59:59-04:00
Atlantic Superstore,8133217,PC® HYGROCOTTON TOWELS,20.0,2026-09-17T00:00:00-04:00,2026-09-23T23:59:59-04:00
Atlantic Superstore,8133217,"ZEN GOURMET ENTRÉES, 450 G",17.0,2026-09-17T00:00:00-04:00,2026-09-23T23:59:59-04:00
Atlantic Superstore,8133217,MILLIE MOON DIAPERS ECONO PACKS,35.0,2026-09-17T00:00:00-04:00,2026-09-23T23:59:59-04:00
Atlantic Superstore,8133217,HALLOWEEN FABRIC PUMPKINS,8.0,2026-09-17T00:00:00-04:00,2026-09-23T23:59:59-04:00
Atlantic Superstore,8133217,"GLICO POCKY BISCUIT STICKS, 144/156 G",4.88,2026-09-17T00:00:00-04:00,2026-09-23T23:59:59-04:00
Atlantic Superstore,8133217,"LITTLE BELLIES ORGANIC COOKIES, 130 G OR DATE & OAT BARS, 85 G",9.0,2026-09-17T00:00:00-04:00,2026-09-23T23:59:59-04:00
Atlantic Superstore,8133217,"PC® SPLENDIDO™ SLICED MEATS, 100 G",7.0,2026-09-17T00:00:00-04:00,2026-09-23T23:59:59-04:00
Atlantic Superstore,8133217,"PC® SPLIT CHICKEN WINGS, UP TO 810 G",14.0,2026-09-17T00:00:00-04:00,2026-09-23T23:59:59-04:00
Atlantic Superstore,8133217,"DANONE ACTIVIA YOGURT, 12X95 G/100 G",7.5,2026-09-17T00:00:00-04:00,2026-09-23T23:59:59-04:00
Atlantic Superstore,8133217,OKA CLASSIQUE,3.5,2026-09-17T00:00:00-04:00,2026-09-23T23:59:59-04:00
Atlantic Superstore,8133217,"NIURISS MILK-BASED INFANT FORMULA 0-12 MONTHS, 700 G",35.0,2026-09-17T00:00:00-04:00,2026-09-23T23:59:59-04:00
Atlantic Superstore,8133217,"NO NAME® SPICES OR HERBS, 5.5-250 G",3.5,2026-09-17T00:00:00-04:00,2026-09-23T23:59:59-04:00
Atlantic Superstore,8133217,"HEINZ MAYONNAISE STYLE SAUCES, 340 ML",4.0,2026-09-17T00:00:00-04:00,2026-09-23T23:59:59-04:00
Atlantic Superstore,8133217,CARROTS BUNCHED,2.5,2026-09-17T00:00:00-04:00,2026-09-23T23:59:59-04:00
Atlantic Superstore,8133217,"SEAQUEST COLOSSAL PACIFIC WHITE SHRIMP ZIPPERBACK, 16-20/LB, 300 G",7.0,2026-09-17T00:00:00-04:00,2026-09-23T23:59:59-04:00
Atlantic Superstore,8133217,PC® CHICKEN SERVICE CASE MEATS,3.0,2026-09-17T00:00:00-04:00,2026-09-23T23:59:59-04:00
Atlantic Superstore,8133217,"PAMPERS EASY UPS GIANT PACK TRAINING PANTS, 68-112's",37.0,2026-09-17T00:00:00-04:00,2026-09-23T23:59:59-04:00
Atlantic Superstore,8133217,"SAPUTO PARMESAN PETALS, 300 G OR SAPUTO MINI FRIULANO, 500 G",12.0,2026-09-17T00:00:00-04:00,2026-09-23T23:59:59-04:00
Atlantic Superstore,8133217,"COCA-COLA, CANADA DRY OR PEPSI SOFT DRINKS, 6X710 ML",14.0,2026-09-17T00:00:00-04:00,2026-09-23T23:59:59-04:00
Atlantic Superstore,8133217,NEW ZEALAND LAMB SHANK,10.0,2026-09-17T00:00:00-04:00,2026-09-23T23:59:59-04:00
Atlantic Superstore,8133217,"BLACK DIAMOND CHEESTRINGS, 168 G OR NATURAL CHEESE SLICES, 220-240 G",4.0,2026-09-17T00:00:00-04:00,2026-09-23T23:59:59-04:00
Atlantic Superstore,8133217,"PC® ORGANICS BLUEBERRIES, 278 G",7.0,2026-09-17T00:00:00-04:00,2026-09-23T23:59:59-04:00
Atlantic Superstore,8133217,"NO NAME® FACIAL TISSUES, 126'S",2.0,2026-09-17T00:00:00-04:00,2026-09-23T23:59:59-04:00
Atlantic Superstore,8133217,HALLOWEEN HANGING FIGURES,49.0,2026-09-17T00:00:00-04:00,2026-09-23T23:59:59-04:00
Atlantic Superstore,8133217,"VASELINE HAND OR BODY LOTIONS, 295 ML",6.0,2026-09-17T00:00:00-04:00,2026-09-23T23:59:59-04:00
Atlantic Superstore,8133217,"DORITOS TORTILLA CHIPS, 210/235 G",4.0,2026-09-17T00:00:00-04:00,2026-09-23T23:59:59-04:00
Atlantic Superstore,8133217,"THERABREATH ORAL RINSE, 473 ML",11.0,2026-09-17T00:00:00-04:00,2026-09-23T23:59:59-04:00
Atlantic Superstore,8133217,"SUFRA HALAL CHICKEN DRUMSTICK OR THIGHS, UP TO 840 G",10.0,2026-09-17T00:00:00-04:00,2026-09-23T23:59:59-04:00
Atlantic Superstore,8133217,"PILLSBURY READY TO BAKE DOUGH, 454/468/496 G",4.0,2026-09-17T00:00:00-04:00,2026-09-23T23:59:59-04:00
Atlantic Superstore,8133217,"MCCAFÉ K-CUP COFFEE PODS, 24/30'S",23.0,2026-09-17T00:00:00-04:00,2026-09-23T23:59:59-04:00
Atlantic Superstore,8133217,"PC® FLATBREAD OR FOCACCIA, 330-456 G OR RED BARON CLASSIC CRUST PIZZA, 584-665 G, 330-456 G",3.5,2026-09-17T00:00:00-04:00,2026-09-23T23:59:59-04:00
Atlantic Superstore,8133217,"Q-TIPS COTTON SWABS, 1400'S",11.0,2026-09-17T00:00:00-04:00,2026-09-23T23:59:59-04:00
Atlantic Superstore,8133217,"VIVASEA COOKED NEW ZEALAND GREENSHELL MUSSELS FROZEN, 500 G OR CAPTAIN JAC CRAB FLAVOURED SEAFOOD FLAKES",5.0,2026-09-17T00:00:00-04:00,2026-09-23T23:59:59-04:00
Atlantic Superstore,8133217,"KRAFT PEANUT BUTTER, 750 G/1 KG",5.97,2026-09-17T00:00:00-04:00,2026-09-23T23:59:59-04:00
Atlantic Superstore,8133217,"CADBURY DAIRY MILK CHOCOLATE BARS, 180 G",11.0,2026-09-17T00:00:00-04:00,2026-09-23T23:59:59-04:00
Atlantic Superstore,8133217,"NO NAME® MARSHMALLOW, 400 G",2.5,2026-09-17T00:00:00-04:00,2026-09-23T23:59:59-04:00
Atlantic Superstore,8133217,"TILDA BASMATI RICE, 1.81 KG",8.99,2026-09-17T00:00:00-04:00,2026-09-23T23:59:59-04:00
Atlantic Superstore,8133217,"NUTELLA HAZELNUT SPREAD, 725 G OR WELCH'S FRUIT SNACKS, 22-450 G OR 28'S",8.49,2026-09-17T00:00:00-04:00,2026-09-23T23:59:59-04:00
Atlantic Superstore,8133217,METHOD WOMEN OR MEN'S HAIR CARE,12.0,2026-09-17T00:00:00-04:00,2026-09-23T23:59:59-04:00
Atlantic Superstore,8133217,PORK LOIN COMBINATION CHOPS SIRLOIN AND RIB PORTION,1.99,2026-09-17T00:00:00-04:00,2026-09-23T23:59:59-04:00
Atlantic Superstore,8133217,LIFE AT HOME™ FAUX 6' TREES,90.0,2026-09-17T00:00:00-04:00,2026-09-23T23:59:59-04:00
Atlantic Superstore,8133217,"PC® NUTRITION FIRST® DOG FOOD, 7 KG",32.0,2026-09-17T00:00:00-04:00,2026-09-23T23:59:59-04:00
Atlantic Superstore,8133217,"SUNRISE TOFU DESSERT, 2X150 G",1.48,2026-09-17T00:00:00-04:00,2026-09-23T23:59:59-04:00
Atlantic Superstore,8133217,"MARCANGELO CHICKEN OR PORK SOUVLAKI, 480/640 G",14.0,2026-09-17T00:00:00-04:00,2026-09-23T23:59:59-04:00
Atlantic Superstore,8133217,PAULA RED APPLES,1.99,2026-09-17T00:00:00-04:00,2026-09-23T23:59:59-04:00
Atlantic Superstore,8133217,"HUGGIES 1X BABY WIPES, 56-64'S",2.0,2026-09-17T00:00:00-04:00,2026-09-23T23:59:59-04:00
Atlantic Superstore,8133217,"HUGGIES SUPER BIG PACK DIAPERS, SIZE N-7, 36-104'S",27.0,2026-09-17T00:00:00-04:00,2026-09-23T23:59:59-04:00
Atlantic Superstore,8133217,"DOVE SHAMPOO OR CONDITIONER, 530 ML",9.0,2026-09-17T00:00:00-04:00,2026-09-23T23:59:59-04:00
Atlantic Superstore,8133217,"PAMPERS SWADDLERS OR CRUISERS 360° DIAPERS SIZES 2-8, 88-192'S",45.0,2026-09-17T00:00:00-04:00,2026-09-23T23:59:59-04:00
Atlantic Superstore,8133217,"GERBER ORGANIC OR CERELAC BABY CEREAL, 185-208 G",11.0,2026-09-17T00:00:00-04:00,2026-09-23T23:59:59-04:00
Atlantic Superstore,8133217,"GRISSOL CROUTONS, 135 G",4.5,2026-09-17T00:00:00-04:00,2026-09-23T23:59:59-04:00
Atlantic Superstore,8133217,"PC® LOADS OF™ FLAVOUR OR WORLD OF FLAVOURS POTATO CHIPS, 200 G",2.5,2026-09-17T00:00:00-04:00,2026-09-23T23:59:59-04:00
Atlantic Superstore,8133217,"UFC 100% COCONUT WATER, 1 L",2.88,2026-09-17T00:00:00-04:00,2026-09-23T23:59:59-04:00
Atlantic Superstore,8133217,"PAMPERS, HUGGIES 9/10X WIPES, 504-600'S OR WATERWIPES, 240'S",20.0,2026-09-17T00:00:00-04:00,2026-09-23T23:59:59-04:00
Atlantic Superstore,8133217,HALLOWEEN STRING LIGHTS,4.0,2026-09-17T00:00:00-04:00,2026-09-23T23:59:59-04:00
Atlantic Superstore,8133217,"BEAN SPROUTS, 454 G",2.5,2026-09-17T00:00:00-04:00,2026-09-23T23:59:59-04:00
Atlantic Superstore,8133217,KIDDICARE ECONO PACK DIAPERS,23.88,2026-09-17T00:00:00-04:00,2026-09-23T23:59:59-04:00
Atlantic Superstore,8133217,"FARMER'S MARKET™ GREENHOUSE PEPPERS, 3'S",5.0,2026-09-17T00:00:00-04:00,2026-09-23T23:59:59-04:00
Atlantic Superstore,8133217,"MEOW MIX, 1.36 KG",7.5,2026-09-17T00:00:00-04:00,2026-09-23T23:59:59-04:00
Atlantic Superstore,8133217,"CRISPY COOKIES, 350 G",3.5,2026-09-17T00:00:00-04:00,2026-09-23T23:59:59-04:00
Atlantic Superstore,8133217,HALLOWEEN PILLOWS,19.0,2026-09-17T00:00:00-04:00,2026-09-23T23:59:59-04:00
Atlantic Superstore,8133217,"BREADED CHICKEN, MEATBALLS, POTSTICKERS OR HOR D'OEUVRES, 700 G-1.81 KG OR SELECTION OF SEAFOOD, 200-908 G",10.0,2026-09-17T00:00:00-04:00,2026-09-23T23:59:59-04:00
Atlantic Superstore,8133217,HALLOWEEN DECORATIONS,8.0,2026-09-17T00:00:00-04:00,2026-09-23T23:59:59-04:00
Atlantic Superstore,8133217,"GOODIES FRUIT FILLED BARS OR FRUIT SMASH POUCH MULTI PACK, 90-360 G",10.0,2026-09-17T00:00:00-04:00,2026-09-23T23:59:59-04:00
Atlantic Superstore,8133217,HARVEST WREATHS,29.0,2026-09-17T00:00:00-04:00,2026-09-23T23:59:59-04:00
Atlantic Superstore,8133217,EOS BODY LOTIONS OR HAND CREAMS,17.0,2026-09-17T00:00:00-04:00,2026-09-23T23:59:59-04:00
Atlantic Superstore,8133217,"PC® ORGANICS BABY FOOD POUCHES, 128 G/128 ML",1.0,2026-09-17T00:00:00-04:00,2026-09-23T23:59:59-04:00
Atlantic Superstore,8133217,HARVEST WREATH HANGERS,7.0,2026-09-17T00:00:00-04:00,2026-09-23T23:59:59-04:00
Atlantic Superstore,8133217,"MAPLE LEAF SMOKED HAM, 600 G",10.0,2026-09-17T00:00:00-04:00,2026-09-23T23:59:59-04:00
Atlantic Superstore,8133217,"ADVIL PAIN RELIEF GELS OR CAPLETS, 40-150'S OR ALEVE OR ASPIRIN PAIN RELIEF CAPLETS, TABS OR CHEWS, 40-180'S",15.0,2026-09-17T00:00:00-04:00,2026-09-23T23:59:59-04:00
Atlantic Superstore,8133217,"IÖGO YOGURT CREAMY, 0% OR LACTOSE-FREE YOGURT, 16 X 100 G",7.49,2026-09-17T00:00:00-04:00,2026-09-23T23:59:59-04:00
Atlantic Superstore,8133217,PORK BELLY PORTIONS,5.88,2026-09-17T00:00:00-04:00,2026-09-23T23:59:59-04:00
Atlantic Superstore,8133217,"KETTLE BRAND POTATO CHIPS, 156/198 G",3.5,2026-09-17T00:00:00-04:00,2026-09-23T23:59:59-04:00
Atlantic Superstore,8133217,CAULIFLOWER,3.5,2026-09-17T00:00:00-04:00,2026-09-23T23:59:59-04:00
Atlantic Superstore,8133217,"CINNAMON BUNS, 4'S",3.0,2026-09-17T00:00:00-04:00,2026-09-23T23:59:59-04:00
Atlantic Superstore,8133217,"SIMILAC 360 TOTAL CARE STEP 1 & 2 BABY FORMULA, 6X235 ML/16X235 ML",70.0,2026-09-17T00:00:00-04:00,2026-09-23T23:59:59-04:00
Atlantic Superstore,8133217,"IÖGO CREAMY YOGURT, 2 KG",11.0,2026-09-17T00:00:00-04:00,2026-09-23T23:59:59-04:00
Atlantic Superstore,8133217,"SCOTSBURN OR BAXTER CREAM, 1 L",4.0,2026-09-17T00:00:00-04:00,2026-09-23T23:59:59-04:00
Atlantic Superstore,8133217,"SILK NON-DAIRY BEVERAGES, 1.75-1.89 L",3.25,2026-09-17T00:00:00-04:00,2026-09-23T23:59:59-04:00
Atlantic Superstore,8133217,"CHOCOLATE CROISSANTS, 4'S",4.5,2026-09-17T00:00:00-04:00,2026-09-23T23:59:59-04:00
Atlantic Superstore,8133217,"ROYALE BATHROOM TISSUES, 30=60 ROLLS OR ROYALE TIGER PAPER TOWELS, 6=12 ROLLS",20.0,2026-09-17T00:00:00-04:00,2026-09-23T23:59:59-04:00
Atlantic Superstore,8133217,LEMONS,1.5,2026-09-17T00:00:00-04:00,2026-09-23T23:59:59-04:00
Atlantic Superstore,8133217,"ZIGGY'S DELI CHEESE SLICES, 160/180 G",6.0,2026-09-17T00:00:00-04:00,2026-09-23T23:59:59-04:00
Atlantic Superstore,8133217,"ORAL-B PRO 300 RECHARGEABLE TOOTHBRUSH, 1'S, REFILL HEADS, 3'S OR CREST 3D WHITESTRIPS, 10'S",25.0,2026-09-17T00:00:00-04:00,2026-09-23T23:59:59-04:00
Atlantic Superstore,8133217,"DAN-D PAK CASHEWS, 908 G",12.88,2026-09-17T00:00:00-04:00,2026-09-23T23:59:59-04:00
Atlantic Superstore,8133217,"PC® FROZEN VEGETABLES, 400-750 G",9.0,2026-09-17T00:00:00-04:00,2026-09-23T23:59:59-04:00
Atlantic Superstore,8133217,"SIGGI'S HIGH PROTEIN SKYR YOGURT, 650 - 750 G",7.49,2026-09-17T00:00:00-04:00,2026-09-23T23:59:59-04:00
Atlantic Superstore,8133217,"SOLA BREAD OR BAGELS, 340-567 G",6.5,2026-09-17T00:00:00-04:00,2026-09-23T23:59:59-04:00
Atlantic Superstore,8133217,CELERY,3.0,2026-09-17T00:00:00-04:00,2026-09-23T23:59:59-04:00
Atlantic Superstore,8133217,"FARMER'S SMARKET™ NAVEL ORANGES, 3 LB",6.0,2026-09-17T00:00:00-04:00,2026-09-23T23:59:59-04:00
Atlantic Superstore,8133217,"NO NAME® ALMONDS, PECANS, WALNUTS OR CASHEWS, 100 G",3.5,2026-09-17T00:00:00-04:00,2026-09-23T23:59:59-04:00
Atlantic Superstore,8133217,"PC® BLUE MENU™ BEANS OR VEGETABLES, 341-540 ML",1.75,2026-09-17T00:00:00-04:00,2026-09-23T23:59:59-04:00
Atlantic Superstore,8133217,"RASPBERRIES, 170 G",3.0,2026-09-17T00:00:00-04:00,2026-09-23T23:59:59-04:00
Atlantic Superstore,8133217,"SEAQUEST® CLEANED TENDER MUSSEL MEAT, 340 G",5.0,2026-09-17T00:00:00-04:00,2026-09-23T23:59:59-04:00
Atlantic Superstore,8133217,"QUAKER MUFFIN OR COOKIE MIXES, 750/900 G",5.5,2026-09-17T00:00:00-04:00,2026-09-23T23:59:59-04:00
Atlantic Superstore,8133217,"PRETZELS, 2'S",3.5,2026-09-17T00:00:00-04:00,2026-09-23T23:59:59-04:00
Atlantic Superstore,8133217,"SAPUTO FETA, MOZZARELLA, BOCCONCINI OR SHREDDED CHEESE, 140-340 G",4.0,2026-09-17T00:00:00-04:00,2026-09-23T23:59:59-04:00
Atlantic Superstore,8133217,"PC® BLUE MENU® SOUP, 500 ML",2.25,2026-09-17T00:00:00-04:00,2026-09-23T23:59:59-04:00
Atlantic Superstore,8133217,HARVEST CERAMIC AND GLASS PUMPKINS,2.5,2026-09-17T00:00:00-04:00,2026-09-23T23:59:59-04:00
Atlantic Superstore,8133217,"DARE REALFRUIT GUMMIES, 180 G",6.0,2026-09-17T00:00:00-04:00,2026-09-23T23:59:59-04:00
Atlantic Superstore,8133217,"KIRI PORTIONS 8 PIECE, 144 G",4.0,2026-09-17T00:00:00-04:00,2026-09-23T23:59:59-04:00
Atlantic Superstore,8133217,"COUNTRY HARVEST BREAD OR BAGELS, 450/600 G",2.45,2026-09-17T00:00:00-04:00,2026-09-23T23:59:59-04:00
Atlantic Superstore,8133217,CANTALOUPE,5.0,2026-09-17T00:00:00-04:00,2026-09-23T23:59:59-04:00
Atlantic Superstore,8133217,"BEN & JERRY'S, 473 ML OR MAGNUM BARS, 3/4'S",5.5,2026-09-17T00:00:00-04:00,2026-09-23T23:59:59-04:00
Atlantic Superstore,8133217,DEPEND UNDERWEAR OR POISE PADS VALUE PACK,31.0,2026-09-17T00:00:00-04:00,2026-09-23T23:59:59-04:00
Atlantic Superstore,8133217,"NO NAME® DRY GRAVY, 24 G",1.0,2026-09-17T00:00:00-04:00,2026-09-23T23:59:59-04:00
Atlantic Superstore,8133217,"CENTURY TUNA, 180 G",2.0,2026-09-17T00:00:00-04:00,2026-09-23T23:59:59-04:00
Atlantic Superstore,8133217,"PC® CHOCOLATE BARS, 300 G",8.0,2026-09-17T00:00:00-04:00,2026-09-23T23:59:59-04:00
Atlantic Superstore,8133217,SMALL MIXED BOUQUET,10.0,2026-09-17T00:00:00-04:00,2026-09-23T23:59:59-04:00
Atlantic Superstore,8133217,"BERTOLLI OLIVE OIL, 750ML/1L, CARAPELLI EXTRA VIRGIN OLIVE OIL, 500 ML OR OLIVE GREEN EXTRA VIRGIN OLIVE OIL, 1L",11.0,2026-09-17T00:00:00-04:00,2026-09-23T23:59:59-04:00
Atlantic Superstore,8133217,ASIAN YELLOW PEARS,2.5,2026-09-17T00:00:00-04:00,2026-09-23T23:59:59-04:00
Atlantic Superstore,8133217,"ACE ARTISAN ROLLS, 400-530 G",4.5,2026-09-17T00:00:00-04:00,2026-09-23T23:59:59-04:00
Atlantic Superstore,8133217,BROCCOLI CROWNS,2.5,2026-09-17T00:00:00-04:00,2026-09-23T23:59:59-04:00
Atlantic Superstore,8133217,"NO NAME® EXTRA THICK CUT BACON, 1 KG",10.0,2026-09-17T00:00:00-04:00,2026-09-23T23:59:59-04:00
Atlantic Superstore,8133217,"AHMAD TEA, 200 G",6.0,2026-09-17T00:00:00-04:00,2026-09-23T23:59:59-04:00
Atlantic Superstore,8133217,"COWS CREAMERY CHEDDAR CHEESE, 150-200 G",8.5,2026-09-17T00:00:00-04:00,2026-09-23T23:59:59-04:00
Atlantic Superstore,8133217,"SUNRISE BOLOGNA OR LARSEN WIENERS, 375 G",3.0,2026-09-17T00:00:00-04:00,2026-09-23T23:59:59-04:00
Atlantic Superstore,8133217,"PC® FROZEN FRUIT, 300-600 G",4.0,2026-09-17T00:00:00-04:00,2026-09-23T23:59:59-04:00
Atlantic Superstore,8133217,"COCK BRAND CHILI SAUCES, 650/720 ML",4.28,2026-09-17T00:00:00-04:00,2026-09-23T23:59:59-04:00
Atlantic Superstore,8133217,"KRITI GOLD'S EXTRA VIRGIN OLIVE OIL, 750 ML",12.0,2026-09-17T00:00:00-04:00,2026-09-23T23:59:59-04:00
Atlantic Superstore,8133217,"OIKOS®, 750 G",7.49,2026-09-17T00:00:00-04:00,2026-09-23T23:59:59-04:00
Atlantic Superstore,8133217,"NO NAME® CREAM CHEESE, 227/250 G",2.98,2026-09-17T00:00:00-04:00,2026-09-23T23:59:59-04:00
Atlantic Superstore,8133217,"ZIGGY'S® PEPPERETTES OR KOLBASSA, 300-375 G",7.0,2026-09-17T00:00:00-04:00,2026-09-23T23:59:59-04:00
Atlantic Superstore,8133217,"NO NAME® DISINFECTANT WIPES, 35'S",2.0,2026-09-17T00:00:00-04:00,2026-09-23T23:59:59-04:00
Atlantic Superstore,8133217,"FANCY FEAST CAT FOOD, 24'S",22.0,2026-09-17T00:00:00-04:00,2026-09-23T23:59:59-04:00
Atlantic Superstore,8133217,"SCHNEIDERS BREAKFAST BITES OR SANDWICHES, 204-288 G",6.0,2026-09-17T00:00:00-04:00,2026-09-23T23:59:59-04:00
Atlantic Superstore,8133217,GARNIER BELLE HAIR COLOUR,6.5,2026-09-17T00:00:00-04:00,2026-09-23T23:59:59-04:00
Atlantic Superstore,8133217,"PC® NUTRITION FIRST® CAT FOOD, 2 KG",11.0,2026-09-17T00:00:00-04:00,2026-09-23T23:59:59-04:00
Atlantic Superstore,8133217,"LEAN GROUND PORK, 450 G",4.5,2026-09-17T00:00:00-04:00,2026-09-23T23:59:59-04:00
Atlantic Superstore,8133217,"OIKOS® PRO™, 650 G",7.49,2026-09-17T00:00:00-04:00,2026-09-23T23:59:59-04:00
Atlantic Superstore,8133217,"NO NAME® PIE FILLING OR PURE PUMPKIN, 540/796 ML",5.0,2026-09-17T00:00:00-04:00,2026-09-23T23:59:59-04:00
Atlantic Superstore,8133217,"BASSÉ SNACK MIXES, 415-600 G",7.0,2026-09-17T00:00:00-04:00,2026-09-23T23:59:59-04:00
Atlantic Superstore,8133217,"LITTLE BEAUTS GRAPE TOMATOES, 567 G",6.5,2026-09-17T00:00:00-04:00,2026-09-23T23:59:59-04:00
Atlantic Superstore,8133217,QUEST PROTEIN CHIPS,3.5,2026-09-17T00:00:00-04:00,2026-09-23T23:59:59-04:00
Atlantic Superstore,8133217,"PC LIGHTWEIGHT LITTER, 3.86 KG",13.0,2026-09-17T00:00:00-04:00,2026-09-23T23:59:59-04:00
Atlantic Superstore,8133217,"GOLDEN HAPPINESS SPECIALTY BUNS, 100 G",1.28,2026-09-17T00:00:00-04:00,2026-09-23T23:59:59-04:00
Atlantic Superstore,8133217,EVERYDAY ESSENTIALS™ BATH TOWEL,8.0,2026-09-17T00:00:00-04:00,2026-09-23T23:59:59-04:00
Atlantic Superstore,8133217,PC® PREMIUM GIFT BOUQUET,34.0,2026-09-17T00:00:00-04:00,2026-09-23T23:59:59-04:00
Atlantic Superstore,8133217,"DR. SQUATCH BAR SOAP, 141.7 G",8.5,2026-09-17T00:00:00-04:00,2026-09-23T23:59:59-04:00
Atlantic Superstore,8133217,"FRENCH OR ITALIAN BREAD, 383/568 G",2.0,2026-09-17T00:00:00-04:00,2026-09-23T23:59:59-04:00
Atlantic Superstore,8133217,"HEAD & SHOULDERS BARE SHAMPOO, 400 ML",11.0,2026-09-17T00:00:00-04:00,2026-09-23T23:59:59-04:00
Atlantic Superstore,8133217,LEAN GROUND BEEF,9.5,2026-09-17T00:00:00-04:00,2026-09-23T23:59:59-04:00
Atlantic Superstore,8133217,OKA L'ARTISAN SWISS-STYLE,3.5,2026-09-17T00:00:00-04:00,2026-09-23T23:59:59-04:00
Atlantic Superstore,8133217,"NEW ZEALAND LAMB LOIN CHOPS, 350 G",15.0,2026-09-17T00:00:00-04:00,2026-09-23T23:59:59-04:00
Atlantic Superstore,8133217,"GENERAL MILLS RETAIL SIZE CEREAL, 297-430 G",9.99,2026-09-17T00:00:00-04:00,2026-09-23T23:59:59-04:00
Atlantic Superstore,8133217,"LIBERTÉ KÉFIR, 1 L",5.5,2026-09-17T00:00:00-04:00,2026-09-23T23:59:59-04:00
Atlantic Superstore,8133217,"ASTRO BALKAN YOGURT, 750 G",4.49,2026-09-17T00:00:00-04:00,2026-09-23T23:59:59-04:00
Atlantic Superstore,8133217,"NATURAL BAKERY CANADIAN RYE BREAD, 500 G",3.5,2026-09-17T00:00:00-04:00,2026-09-23T23:59:59-04:00
Atlantic Superstore,8133217,"PC® ORGANICS ANIMAL COOKIES, 250 G",4.5,2026-09-17T00:00:00-04:00,2026-09-23T23:59:59-04:00
Atlantic Superstore,8133217,"ACTIVIA®, 12 X 100 G",7.5,2026-09-17T00:00:00-04:00,2026-09-23T23:59:59-04:00
Atlantic Superstore,8133217,"CHEESE DIPPERS 4 PACK, 140 G OR THE LAUGHING COW 8 PIECE, 133 G",4.0,2026-09-17T00:00:00-04:00,2026-09-23T23:59:59-04:00
Atlantic Superstore,8133217,"PC® ORGANICS FRUIT SPREAD, 365 ML",5.0,2026-09-17T00:00:00-04:00,2026-09-23T23:59:59-04:00
Atlantic Superstore,8133217,"NATUREGG OMEGA PLUS, 12 LARGE WHITE EGGS",6.0,2026-09-17T00:00:00-04:00,2026-09-23T23:59:59-04:00
Atlantic Superstore,8133217,"EXTRA MEATY DOG FOOD, 14 KG",45.0,2026-09-17T00:00:00-04:00,2026-09-23T23:59:59-04:00
Atlantic Superstore,8133217,"LIBERTÉ MÉDITERRANÉE® YOGURT, 4 X 100 G",4.5,2026-09-17T00:00:00-04:00,2026-09-23T23:59:59-04:00
Atlantic Superstore,8133217,"NATUREGG NESTLAID OR NATURE'S BEST, 12 LARGE WHITE EGGS",5.5,2026-09-17T00:00:00-04:00,2026-09-23T23:59:59-04:00
Atlantic Superstore,8133217,"NO NAME® BLACK OIL SUNFLOWER BIRD SEED, 8 KG",22.0,2026-09-17T00:00:00-04:00,2026-09-23T23:59:59-04:00
Atlantic Superstore,8133217,"FINISH DISHWASHING TABS, 30-45'S",14.0,2026-09-17T00:00:00-04:00,2026-09-23T23:59:59-04:00
Atlantic Superstore,8133217,"QUAKER DIPPS OR CHEWY GRANOLA BARS, 120-156 G",2.5,2026-09-17T00:00:00-04:00,2026-09-23T23:59:59-04:00
Atlantic Superstore,8133217,"PC® NAAN DIPPERS, 200 G OR FONTAINE SANTÉ HUMMUS, 260/283 G",7.0,2026-09-17T00:00:00-04:00,2026-09-23T23:59:59-04:00
Atlantic Superstore,8133217,"AYLMER ACCENTS OR TOMATOES, 540/796 ML",7.0,2026-09-17T00:00:00-04:00,2026-09-23T23:59:59-04:00
Atlantic Superstore,8133217,NO NAME™ FOOD STORAGE CONTAINERS,4.0,2026-09-17T00:00:00-04:00,2026-09-23T23:59:59-04:00
Atlantic Superstore,8133217,"PC® DOG TREATS, 160/270 G",8.0,2026-09-17T00:00:00-04:00,2026-09-23T23:59:59-04:00
Atlantic Superstore,8133217,BARTLETT PEAR,2.49,2026-09-17T00:00:00-04:00,2026-09-23T23:59:59-04:00
Atlantic Superstore,8133217,"NO NAME® ALUMINUM FOIL, 50 FT",3.0,2026-09-17T00:00:00-04:00,2026-09-23T23:59:59-04:00
Atlantic Superstore,8133217,"QUE PASA ORGANIC TORTILLA CHIPS, 156-350 G",4.0,2026-09-17T00:00:00-04:00,2026-09-23T23:59:59-04:00
Atlantic Superstore,8133217,"HUNGRY-MAN OR HEALTHY CHOICE ENTRÉES, 255-455 G",4.0,2026-09-17T00:00:00-04:00,2026-09-23T23:59:59-04:00
Atlantic Superstore,8133217,PAMPERS SWADDLERS OR CRUISERS 360°,35.0,2026-09-18T00:00:00-04:00,2026-09-18T23:59:59-04:00
Atlantic Superstore,8133217,"GOODNITES OR PAMPERS NINJAMAS CLUB SIZE NIGHTTIME UNDERWEAR, SIZES XS-XXL, 24-44'S",27.0,2026-09-17T00:00:00-04:00,2026-09-23T23:59:59-04:00
Atlantic Superstore,8133217,"MILK-BONE SOFT & CHEWY DOG TREATS, 708 G",11.0,2026-09-17T00:00:00-04:00,2026-09-23T23:59:59-04:00
Atlantic Superstore,8133217,JOE FRESH,5.0,2026-09-17T00:00:00-04:00,2026-09-23T23:59:59-04:00
Atlantic Superstore,8133217,"ROBIN HOOD OR FIVE ROSES ALL PURPOSE FLOUR, 10 KG",12.0,2026-09-17T00:00:00-04:00,2026-09-23T23:59:59-04:00
Atlantic Superstore,8133217,GREEN SWEET PEPPERS,3.0,2026-09-17T00:00:00-04:00,2026-09-23T23:59:59-04:00
Atlantic Superstore,8133217,"BECEL MARGARINE, 637/800 G",7.0,2026-09-17T00:00:00-04:00,2026-09-23T23:59:59-04:00
Atlantic Superstore,8133217,"MAPLE LEAF NATURAL SELECTIONS OR SCHNEIDERS DELI SLICED MEATS, 150-175 G",6.0,2026-09-17T00:00:00-04:00,2026-09-23T23:59:59-04:00
Atlantic Superstore,8133217,"PHILADELPHIA CREAM CHEESE OR DIPS, 227/250 G",4.0,2026-09-17T00:00:00-04:00,2026-09-23T23:59:59-04:00
Atlantic Superstore,8133217,"HUGGIES® ECONO PACK DIAPERS, size N-7, 60-200's",35.0,2026-09-17T00:00:00-04:00,2026-09-23T23:59:59-04:00
Atlantic Superstore,8133217,"PC EXTRA MEATY DOG TREATS, 283 G",7.0,2026-09-17T00:00:00-04:00,2026-09-23T23:59:59-04:00
Atlantic Superstore,8133217,"FARMER'S MARKET™ CUPCAKES, 6/12'S",4.0,2026-09-17T00:00:00-04:00,2026-09-23T23:59:59-04:00
Atlantic Superstore,8133217,"GREEN GIANT VEGETABLES, 341/398 ML",4.0,2026-09-17T00:00:00-04:00,2026-09-23T23:59:59-04:00
Atlantic Superstore,8133217,"DAWN LIQUID, 825/982 ML, DAWN EZ SQUEEZE, 532-650 ML OR DAWN POWERWASH REFILL, 473 ML",5.0,2026-09-17T00:00:00-04:00,2026-09-23T23:59:59-04:00
Atlantic Superstore,8133217,CILANTRO,1.5,2026-09-17T00:00:00-04:00,2026-09-23T23:59:59-04:00
Atlantic Superstore,8133217,"IÖGO NANÖ CREAMY YOGURT POUCH, 4 X 90 G",3.27,2026-09-17T00:00:00-04:00,2026-09-23T23:59:59-04:00
Atlantic Superstore,8133217,"PC® OR BLUE MENU® SPARKLING WATER, 12X355 ML",5.5,2026-09-17T00:00:00-04:00,2026-09-23T23:59:59-04:00
Atlantic Superstore,8133217,"PAMPERS® SUPER BIG PACK DIAPERS SIZE, N-8, 32-120'S",27.0,2026-09-17T00:00:00-04:00,2026-09-23T23:59:59-04:00
Atlantic Superstore,8133217,"NESTLÉ CHOCOLATE BARS, 33-86 G/63'S",2.5,2026-09-17T00:00:00-04:00,2026-09-23T23:59:59-04:00
Atlantic Superstore,8133217,"FRIED TORTILLA CHIPS, 440 G",8.0,2026-09-17T00:00:00-04:00,2026-09-23T23:59:59-04:00
Atlantic Superstore,8133217,"FARMER'S MARKET™ MANDARINS, 2 LB",3.88,2026-09-17T00:00:00-04:00,2026-09-23T23:59:59-04:00
Atlantic Superstore,8133217,"TIDE LAUNDRY DETERGENT, 3.46-3.9 L, TIDE POWER PODS, 45'S, TIDE PODS OR GAIN FLINGS, 57-76'S, DOWNY OR GAIN BEADS, 853 G OR CASCADE TUBS, 51/67/90'S",20.0,2026-09-17T00:00:00-04:00,2026-09-23T23:59:59-04:00
Atlantic Superstore,8133217,"PC® ORGANIC MUSHROOMS ENOKI, 150 G OR SHIITAKE, 100 G",5.5,2026-09-17T00:00:00-04:00,2026-09-23T23:59:59-04:00
Atlantic Superstore,8133217,"T&T VEGETABLE SPRING ROLLS, 500 G",6.0,2026-09-17T00:00:00-04:00,2026-09-23T23:59:59-04:00
Atlantic Superstore,8133217,"T&T READY TO EAT ORGANIC CHESTNUT, 100 G",1.48,2026-09-17T00:00:00-04:00,2026-09-23T23:59:59-04:00
Atlantic Superstore,8133217,"SHER BESAN FLOUR, 4 LB",6.5,2026-09-17T00:00:00-04:00,2026-09-23T23:59:59-04:00
Atlantic Superstore,8133217,"PRAN INSTANT NOODLES, 280 G",1.5,2026-09-17T00:00:00-04:00,2026-09-23T23:59:59-04:00
Atlantic Superstore,8133217,HARVEST FOAM PUMPKINS,2.5,2026-09-17T00:00:00-04:00,2026-09-23T23:59:59-04:00
Atlantic Superstore,8133217,"OKA ORIGINAL CLASSIQUE, 190 G",6.5,2026-09-17T00:00:00-04:00,2026-09-23T23:59:59-04:00
Atlantic Superstore,8133217,"OKA APPLE, 190 G",6.5,2026-09-17T00:00:00-04:00,2026-09-23T23:59:59-04:00
Atlantic Superstore,8133217,"IÖGO NANÖ YOGURT WITH FLAVOURED PEARLS, 4 X 100 G",4.5,2026-09-17T00:00:00-04:00,2026-09-23T23:59:59-04:00
Atlantic Superstore,8133217,"SIGGI'S SKYR YOGURT, 4 X 100 G",5.0,2026-09-17T00:00:00-04:00,2026-09-23T23:59:59-04:00
Atlantic Superstore,8133217,"YOPLAIT YOP DRINKABLE YOGURT, 12 X 200 ML",12.0,2026-09-17T00:00:00-04:00,2026-09-23T23:59:59-04:00
No Frills,8132954,WONDER BREAD 570/675 g or BUNS 8's,3.0,2026-09-17T00:00:00-04:00,2026-09-23T23:59:59-04:00
No Frills,8132954,"PC® NUTRITION FIRST® WET CAT FOOD, 85 G",1.0,2026-09-17T00:00:00-04:00,2026-09-23T23:59:59-04:00
No Frills,8132954,"NO NAME® PURE WHITE VINEGAR, 4 L",2.79,2026-09-17T00:00:00-04:00,2026-09-23T23:59:59-04:00
No Frills,8132954,"PAMPERS ECONO PACK DIAPERS, 58-200's",34.99,2026-09-17T00:00:00-04:00,2026-09-23T23:59:59-04:00
No Frills,8132954,"STOK COLD BREW COFFEE 1.42 L or STARBUCKS ICED COFFEE, ICED ESPRESSO OR COLD BREW, 1.18/1.42 L",8.0,2026-09-17T00:00:00-04:00,2026-09-23T23:59:59-04:00
No Frills,8132954,"IMPERIAL MARGARINE, 1.2 kg",6.99,2026-09-17T00:00:00-04:00,2026-09-23T23:59:59-04:00
No Frills,8132954,"HUGGIES LITTLE SNUGGLERS, LITTLE MOVERS or SNUG & DRY DIAPERS, 62-168's",34.99,2026-09-18T00:00:00-04:00,2026-09-18T23:59:59-04:00
No Frills,8132954,"PC® BLUE MENU® SPARKLING WATER, 12x355 ml",5.75,2026-09-17T00:00:00-04:00,2026-09-23T23:59:59-04:00
No Frills,8132954,"FARMERS MARKET™ MANDARINS, 4 LB BAG",6.99,2026-09-17T00:00:00-04:00,2026-09-23T23:59:59-04:00
No Frills,8132954,"PC® DINNER ENTRÉES, 770 g-1.13 kg",7.0,2026-09-17T00:00:00-04:00,2026-09-23T23:59:59-04:00
No Frills,8132954,"NO® NAME CHEWY or DIPPED GRANOLA BARS, 120-175 g",2.29,2026-09-17T00:00:00-04:00,2026-09-23T23:59:59-04:00
No Frills,8132954,"HARTZ SQUEEZE UP LICKABLE CAT TREATS, 280 g",13.0,2026-09-17T00:00:00-04:00,2026-09-23T23:59:59-04:00
No Frills,8132954,BASKIN ROBBINS ICE CREAM 946 ml or SANDWICHES 4's,9.99,2026-09-17T00:00:00-04:00,2026-09-23T23:59:59-04:00
No Frills,8132954,"LIFE BRAND® LIQUID HAND SOAP REFILL, 2 L",5.0,2026-09-17T00:00:00-04:00,2026-09-23T23:59:59-04:00
No Frills,8132954,"NO NAME® THIN CRUST PIZZA or GARLIC FINGERS, 295-411 g",3.5,2026-09-17T00:00:00-04:00,2026-09-23T23:59:59-04:00
No Frills,8132954,"CHRISTIE CRACKERS or CRISPERS or BITS & BITES SNACK MIX, 145-200 g",2.0,2026-09-17T00:00:00-04:00,2026-09-23T23:59:59-04:00
No Frills,8132954,"ARMSTRONG or PC® SHREDDED CHEESE, 250-320 g or ARMSTRONG CHEESE, 400 g",4.99,2026-09-17T00:00:00-04:00,2026-09-23T23:59:59-04:00
No Frills,8132954,"BURNBRAE FARMS NATUREGG NESTLAID LARGE WHITE EGGS, 12's",5.0,2026-09-17T00:00:00-04:00,2026-09-23T23:59:59-04:00
No Frills,8132954,"PURINA ONE WET DOG FOOD, 368 g",2.25,2026-09-17T00:00:00-04:00,2026-09-23T23:59:59-04:00
No Frills,8132954,"AMARA ORGANIC SMOOTHIE MELTS or FRUIT BITES, 23 g",4.5,2026-09-17T00:00:00-04:00,2026-09-23T23:59:59-04:00
No Frills,8132954,"PC® LIGHTWEIGHT CAT LITTER, 3.86 kg",13.0,2026-09-17T00:00:00-04:00,2026-09-23T23:59:59-04:00
No Frills,8132954,GREEN or RED SEEDLESS GRAPES,3.99,2026-09-17T00:00:00-04:00,2026-09-23T23:59:59-04:00
No Frills,8132954,"PC® NUTRITION FIRST™ DOG TREATS, 227 g",8.5,2026-09-17T00:00:00-04:00,2026-09-23T23:59:59-04:00
No Frills,8132954,"OLD EL PASO SEASONING MIX, 24 g",1.0,2026-09-17T00:00:00-04:00,2026-09-23T23:59:59-04:00
No Frills,8132954,"CAVENDISH FARMS FRIES, WEDGES, HASH BROWNS or ONION RINGS, 1-2.25 kg",8.0,2026-09-17T00:00:00-04:00,2026-09-23T23:59:59-04:00
No Frills,8132954,"PC® CEREAL, 570-725 g",5.5,2026-09-17T00:00:00-04:00,2026-09-23T23:59:59-04:00
No Frills,8132954,"NO NAME® SALAD DRESSING, 475 mL",3.0,2026-09-17T00:00:00-04:00,2026-09-23T23:59:59-04:00
No Frills,8132954,"CAMPBELL'S TOMATO, CREAM OF MUSHROOM, VEGETABLE or CHICKEN NOODLE SOUP, 284 mL",0.95,2026-09-17T00:00:00-04:00,2026-09-23T23:59:59-04:00
No Frills,8132954,"FARMER'S MARKET™ GRAVENSTEIN or PAULA RED APPLES, 4 LB BAG",3.99,2026-09-17T00:00:00-04:00,2026-09-23T23:59:59-04:00
No Frills,8132954,NATUREGG SIMPLY EGG WHITES 500 g or EGG CREATIONS LIQUID EGGS 500 g,4.5,2026-09-17T00:00:00-04:00,2026-09-23T23:59:59-04:00
No Frills,8132954,"PEDIASURE COMPLETE NUTRITIONAL BEVERAGE, 4x235 mL",9.0,2026-09-17T00:00:00-04:00,2026-09-23T23:59:59-04:00
No Frills,8132954,"HELLMANN'S DIJONNAISE MAYONNAISE DRESSING, 340 mL",4.5,2026-09-17T00:00:00-04:00,2026-09-23T23:59:59-04:00
No Frills,8132954,"ACTIVIA PROBIOTIC YOGURT, 8x100 g",4.5,2026-09-17T00:00:00-04:00,2026-09-23T23:59:59-04:00
No Frills,8132954,"IRISH SPRING BAR SOAP 6X 104 g, BODY WASH 591mL or SOFTSOAP BODY WASH 591 mL",4.5,2026-09-17T00:00:00-04:00,2026-09-23T23:59:59-04:00
No Frills,8132954,YELLOW NECTARINES,2.99,2026-09-17T00:00:00-04:00,2026-09-23T23:59:59-04:00
No Frills,8132954,"CARNATION EVAPORATED MILK, 354 mL",1.75,2026-09-17T00:00:00-04:00,2026-09-23T23:59:59-04:00
No Frills,8132954,"BEN & JERRY'S ICE CREAM, 473 mL or MAGNUM BARS, 3/4's",5.0,2026-09-17T00:00:00-04:00,2026-09-23T23:59:59-04:00
No Frills,8132954,"LOU'S FRESH FULLY COOKED CHICKEN, BEEF or PORK ENTRÉES 375/400 g or ST-HUBERT or SWISS CHALET PIES 650-800 g",7.99,2026-09-17T00:00:00-04:00,2026-09-23T23:59:59-04:00
No Frills,8132954,"MAPLE LODGE ULTIMATE CHICKEN WIENERS or ZABIHA HALAL SUPREME CHICKEN WIENERS, 900 g",7.0,2026-09-17T00:00:00-04:00,2026-09-23T23:59:59-04:00
No Frills,8132954,"KELLOGG'S FAMILY SIZE CEREAL, 450-650 g",5.5,2026-09-17T00:00:00-04:00,2026-09-23T23:59:59-04:00
No Frills,8132954,"ATLANTIC BUTTER, 454 g",4.99,2026-09-17T00:00:00-04:00,2026-09-23T23:59:59-04:00
No Frills,8132954,"PC® FROZEN VEGETABLES, 350-750 g",4.5,2026-09-17T00:00:00-04:00,2026-09-23T23:59:59-04:00
No Frills,8132954,"YOPLAIT TUBES, 8'S OR MINIGO, 6'S",3.0,2026-09-17T00:00:00-04:00,2026-09-23T23:59:59-04:00
No Frills,8132954,"GARNIER FRUCTIS HAIR CARE, 334-370 mL",4.0,2026-09-17T00:00:00-04:00,2026-09-23T23:59:59-04:00
No Frills,8132954,COOK'S PORTION HAM,1.99,2026-09-17T00:00:00-04:00,2026-09-23T23:59:59-04:00
No Frills,8132954,"BENYLIN COUGH SYRUP, 100 mL or COLD & SINUS TABLETS, 20's",10.0,2026-09-17T00:00:00-04:00,2026-09-23T23:59:59-04:00
No Frills,8132954,"NO NAME® HONEY, 1 KG",10.0,2026-09-17T00:00:00-04:00,2026-09-23T23:59:59-04:00
No Frills,8132954,"BURNBRAE NESTLAID OMEGA 3 LARGE WHITE EGGS, 12x",5.5,2026-09-17T00:00:00-04:00,2026-09-23T23:59:59-04:00
No Frills,8132954,"IAMS PROACTIVE HEALTH DRY CAT FOOD, 1.36/1.59 kg",14.0,2026-09-17T00:00:00-04:00,2026-09-23T23:59:59-04:00
No Frills,8132954,"ACORN, SPAGHETTI, BUTTERNUT or BUTTERCUP SQUASH",1.49,2026-09-17T00:00:00-04:00,2026-09-23T23:59:59-04:00
No Frills,8132954,"YOPLAIT SOURCE 630 g, LIBERTÉ GREEK 4x100 g or CRUNCH 2's YOGURT",3.5,2026-09-17T00:00:00-04:00,2026-09-23T23:59:59-04:00
No Frills,8132954,"NO NAME® DISINFECTANT WIPES, 75's",3.0,2026-09-17T00:00:00-04:00,2026-09-23T23:59:59-04:00
No Frills,8132954,"NO NAME® LAUNDRY DETERGENT, 1.92/2.03 L",4.0,2026-09-17T00:00:00-04:00,2026-09-23T23:59:59-04:00
No Frills,8132954,"PC® NUTRITION FIRST® DRY DOG FOOD, 14 kg",55.0,2026-09-17T00:00:00-04:00,2026-09-23T23:59:59-04:00
No Frills,8132954,"FARM GIRL HIGH PROTEIN, NO SUGAR CEREAL, 280 g",7.0,2026-09-17T00:00:00-04:00,2026-09-23T23:59:59-04:00
No Frills,8132954,"OASIS JUICE, DEL MONTE NECTAR or ARIZONA ICED TEA, 960 mL or FRUITE BEVERAGES, 2 L",1.25,2026-09-17T00:00:00-04:00,2026-09-23T23:59:59-04:00
No Frills,8132954,PIE PUMPKIN,1.99,2026-09-17T00:00:00-04:00,2026-09-23T23:59:59-04:00
No Frills,8132954,TOP BLADE STEAK,11.0,2026-09-17T00:00:00-04:00,2026-09-23T23:59:59-04:00
No Frills,8132954,"SCOTSBURN SOUR CREAM, V",3.5,2026-09-17T00:00:00-04:00,2026-09-23T23:59:59-04:00
No Frills,8132954,"NO NAME® CHEESECAKE, 510 g",6.0,2026-09-17T00:00:00-04:00,2026-09-23T23:59:59-04:00
No Frills,8132954,"PC® LITTLE GEMS™ RED, YELLOW or MIXED MINI POTATOES",2.99,2026-09-17T00:00:00-04:00,2026-09-23T23:59:59-04:00
No Frills,8132954,"$7 SEAQUEST® COD, SOLE, TILAPIA or WILD POLLOCK FILLETS, 400 g",7.0,2026-09-17T00:00:00-04:00,2026-09-23T23:59:59-04:00
No Frills,8132954,"NO NAME® PRETZELS, 200 g",1.99,2026-09-17T00:00:00-04:00,2026-09-23T23:59:59-04:00
No Frills,8132954,"MARCANGELO DINNER OR BREAKFAST SAUSAGES, ROUNDS OR ITALIAN GRINDS, 250 - 500 G",3.5,2026-09-17T00:00:00-04:00,2026-09-23T23:59:59-04:00
No Frills,8132954,"SIMILAC PRO-ADVANCE STEP 1 or 2 POWDER FORMULA, 837-859 g",50.0,2026-09-17T00:00:00-04:00,2026-09-23T23:59:59-04:00
No Frills,8132954,"MAYNARD CANDY, 308 - 315 g",3.0,2026-09-17T00:00:00-04:00,2026-09-23T23:59:59-04:00
No Frills,8132954,"PC® NUTRITION FIRST® GRAIN FREE DRY DOG FOOD, 7 kg",35.0,2026-09-17T00:00:00-04:00,2026-09-23T23:59:59-04:00
No Frills,8132954,"ALWAYS or TAMPAX LINERS 48-72's, PADS 10-46's or TAMPONS 14-18's",5.0,2026-09-17T00:00:00-04:00,2026-09-23T23:59:59-04:00
No Frills,8132954,"HEINZ ZERO TOMATO KETCHUP STYLE SAUCE, 375 mL",3.0,2026-09-17T00:00:00-04:00,2026-09-23T23:59:59-04:00
No Frills,8132954,"KRAFT PEANUT BUTTER, 500 g",3.75,2026-09-17T00:00:00-04:00,2026-09-23T23:59:59-04:00
No Frills,8132954,"PC® MINI MUFFINS, 336 g",4.0,2026-09-17T00:00:00-04:00,2026-09-23T23:59:59-04:00
No Frills,8132954,"PAMPERS SUPER BIG PACK DIAPERS, , 36-96's",28.99,2026-09-17T00:00:00-04:00,2026-09-23T23:59:59-04:00
No Frills,8132954,"NESTLÉ GERBER BABY CEREAL, 180-227 g",4.5,2026-09-17T00:00:00-04:00,2026-09-23T23:59:59-04:00
No Frills,8132954,"SIMILAC ADVANCED STEP 1 READY TO FEED BABY FORMULA, 16 x 235 mL",60.0,2026-09-17T00:00:00-04:00,2026-09-23T23:59:59-04:00
No Frills,8132954,"HUGGIES BABY WIPES, 56/64'S",2.0,2026-09-17T00:00:00-04:00,2026-09-23T23:59:59-04:00
No Frills,8132954,RUTABAGAS,0.99,2026-09-17T00:00:00-04:00,2026-09-23T23:59:59-04:00
No Frills,8132954,"LIBERTÉ GREEK 650/750 g, MÉDITERRANÉE, 900 g OR YOPLAIT SOURCE, 16x100 g YOGURT",7.0,2026-09-17T00:00:00-04:00,2026-09-23T23:59:59-04:00
No Frills,8132954,"NO NAME® SHREDDED CHEESE, 900 g",13.5,2026-09-17T00:00:00-04:00,2026-09-23T23:59:59-04:00
No Frills,8132954,"NO NAME® BAKED BEANS, 398 mL",1.5,2026-09-17T00:00:00-04:00,2026-09-23T23:59:59-04:00
No Frills,8132954,"SIMILAC 360 TOTAL CARE STEP 1 & 2 READY TO FEED FORMULA, 16x235 ML",76.99,2026-09-17T00:00:00-04:00,2026-09-23T23:59:59-04:00
No Frills,8132954,"PC PROBIOTIC YOGURT, 650 g",3.5,2026-09-17T00:00:00-04:00,2026-09-23T23:59:59-04:00
No Frills,8132954,"UNICO TOMATOES, 796 ml",1.5,2026-09-17T00:00:00-04:00,2026-09-23T23:59:59-04:00
No Frills,8132954,FARMER'S MARKET® SWEET CORN,4.99,2026-09-17T00:00:00-04:00,2026-09-23T23:59:59-04:00
No Frills,8132954,"LARSEN CLASSIC WIENERS, 375 g",3.75,2026-09-17T00:00:00-04:00,2026-09-23T23:59:59-04:00
No Frills,8132954,"PC® NUTRITION FIRST™ DRY CAT FOOD, 2 kg",14.0,2026-09-17T00:00:00-04:00,2026-09-23T23:59:59-04:00
No Frills,8132954,"GAY LEA WHIPPED CREAM, 225 g",3.75,2026-09-17T00:00:00-04:00,2026-09-23T23:59:59-04:00
No Frills,8132954,"ACTIVIA, 650 g, iÖGO NANÖ BUBBLES or POUCHES, 4x90/100 g YOGURT",3.33,2026-09-17T00:00:00-04:00,2026-09-23T23:59:59-04:00
No Frills,8132954,"JASMINE GOLD THAI RICE, 8 kg",12.88,2026-09-17T00:00:00-04:00,2026-09-23T23:59:59-04:00
No Frills,8132954,MONSTER 4x473 mL or RED BULL 4x250 mL ENERGY DRINKS,9.5,2026-09-17T00:00:00-04:00,2026-09-23T23:59:59-04:00
No Frills,8132954,"GENERAL MILLS CEREAL, 300-437 g",3.5,2026-09-17T00:00:00-04:00,2026-09-23T23:59:59-04:00
No Frills,8132954,"OLD EL PASO DINNER KIT, 250-510 g",4.0,2026-09-17T00:00:00-04:00,2026-09-23T23:59:59-04:00
No Frills,8132954,"NO NAME® CREAM CHEESE, 227 / 250 g",3.0,2026-09-17T00:00:00-04:00,2026-09-23T23:59:59-04:00
No Frills,8132954,"HIGH LINER FAMILY FISH, 315-700 g",8.0,2026-09-17T00:00:00-04:00,2026-09-23T23:59:59-04:00
No Frills,8132954,"PC® SWEETENED CONDENSED MILK, 300 ML",2.5,2026-09-17T00:00:00-04:00,2026-09-23T23:59:59-04:00
No Frills,8132954,"BLUEBERRIES or RASPBERRIES, 6 OZ CLAMSHELL",3.99,2026-09-17T00:00:00-04:00,2026-09-23T23:59:59-04:00
No Frills,8132954,"PILLSBURY PIZZA BITES or PIZZA POPS, 693/760 g",6.0,2026-09-17T00:00:00-04:00,2026-09-23T23:59:59-04:00
No Frills,8132954,"PC® 100% JUICE BOXES, 8x200 mL",4.0,2026-09-17T00:00:00-04:00,2026-09-23T23:59:59-04:00
No Frills,8132954,"CRACKER BARREL CHEESE SLICES, 200-240 g",4.77,2026-09-17T00:00:00-04:00,2026-09-23T23:59:59-04:00
No Frills,8132954,"BELOV PUFFED CEREAL SNACKS 42 g, LOVE CHILD OATY CHOMPS 138 g or EARTH'S BEST BARS 133 g",4.2,2026-09-17T00:00:00-04:00,2026-09-23T23:59:59-04:00
No Frills,8132954,"JUAN VALDEZ COLOMBIAN COFFEE, 284 g",9.99,2026-09-17T00:00:00-04:00,2026-09-23T23:59:59-04:00
No Frills,8132954,"CHRISTIE COOKIES, 251-303 g",2.79,2026-09-17T00:00:00-04:00,2026-09-23T23:59:59-04:00
No Frills,8132954,GREEN CABBAGE,0.99,2026-09-17T00:00:00-04:00,2026-09-23T23:59:59-04:00
No Frills,8132954,"ROYALE BATHROOM TISSUE or PAPER TOWEL, 15-30 rolls",6.99,2026-09-17T00:00:00-04:00,2026-09-23T23:59:59-04:00
No Frills,8132954,"FIBRE 1 BARS 125 g or NATURE VALLEY GRANOLA BARS, PROTEIN BARS or BISCUITS 148-210 g",3.0,2026-09-17T00:00:00-04:00,2026-09-23T23:59:59-04:00
No Frills,8132954,FINISH AUTO DISHWASHER TABS 30-45's or JET-DRY RINSE AID 946 mL,15.5,2026-09-17T00:00:00-04:00,2026-09-23T23:59:59-04:00
No Frills,8132954,"ROYALE TIGER TOWEL, 6=12 rolls",12.99,2026-09-17T00:00:00-04:00,2026-09-23T23:59:59-04:00
No Frills,8132954,"LYSOL MULTI SURFACE CLEANER 1.2 L, BATHROOM SPRAY 950 mL or BATHROOM AEROSOL 538 g",4.5,2026-09-17T00:00:00-04:00,2026-09-23T23:59:59-04:00
No Frills,8132954,ENSURE OR GLUCERNA READY TO DRINK SHAKES,11.0,2026-09-17T00:00:00-04:00,2026-09-23T23:59:59-04:00
No Frills,8132954,"PC® LIGHTWEIGHT CAT LITTER, 9 kg",19.0,2026-09-17T00:00:00-04:00,2026-09-23T23:59:59-04:00
No Frills,8132954,"PC® ORANGE JUICE, LEMONADE or ICED TEA, 1.36 L",3.5,2026-09-17T00:00:00-04:00,2026-09-23T23:59:59-04:00
No Frills,8132954,"PC® CHOCOLATE BAR, 300 g",8.0,2026-09-17T00:00:00-04:00,2026-09-23T23:59:59-04:00
No Frills,8132954,"HUGGIES BABY WIPES, 960-1152's",24.0,2026-09-17T00:00:00-04:00,2026-09-23T23:59:59-04:00
No Frills,8132954,NO NAME® WHOLE CHICKEN,2.88,2026-09-17T00:00:00-04:00,2026-09-23T23:59:59-04:00
No Frills,8132954,"NO NAME® PASTA, 900 g",2.0,2026-09-17T00:00:00-04:00,2026-09-23T23:59:59-04:00
No Frills,8132954,AXE BODY SPRAY 113 g; DEODORANT 76/85 g or 2 IN 1 SHAMPOO 473 mL,4.0,2026-09-17T00:00:00-04:00,2026-09-23T23:59:59-04:00
No Frills,8132954,"PC® KETTLE COOKED CHIPS,200G",2.0,2026-09-17T00:00:00-04:00,2026-09-23T23:59:59-04:00
No Frills,8132954,HEINZ KETCHUP 750 mL/1 L or KRAFT MIRACLE WHIP 890 mL,5.0,2026-09-17T00:00:00-04:00,2026-09-23T23:59:59-04:00
No Frills,8132954,"CAMPBELL'S BROTH or CONCENTRATED BROTH, 250/900 mL",1.5,2026-09-17T00:00:00-04:00,2026-09-23T23:59:59-04:00
No Frills,8132954,PC® SCOOP SHOP ICE CREAM 946 mL or PC® LOADS OF NOVELTIES 4's,5.0,2026-09-17T00:00:00-04:00,2026-09-23T23:59:59-04:00
No Frills,8132954,NO NAME® NATURALLY IMPERFECT™ GREEN or MIXED SWEET PEPPERS,5.0,2026-09-17T00:00:00-04:00,2026-09-23T23:59:59-04:00
No Frills,8132954,"NO NAME® WHIPPED TOPPING, 225 g",3.25,2026-09-17T00:00:00-04:00,2026-09-23T23:59:59-04:00
No Frills,8132954,"NO NAME® RICE CRACKERS, 100 g",1.25,2026-09-17T00:00:00-04:00,2026-09-23T23:59:59-04:00
No Frills,8132954,"SIMILAC INFANT FORMULA POWDER, 850 g",35.0,2026-09-17T00:00:00-04:00,2026-09-23T23:59:59-04:00
No Frills,8132954,"MRS DUNSTER'S SUBMARINE or CINNAMON BUNS, 539/678 g",6.0,2026-09-17T00:00:00-04:00,2026-09-23T23:59:59-04:00
No Frills,8132954,"KD ORIGINAL, 12x200 g",11.99,2026-09-17T00:00:00-04:00,2026-09-23T23:59:59-04:00
No Frills,8132954,"PEPPERIDGE FARM GOLDFISH CRACKERS or CRISPS, 156-204 g",2.25,2026-09-17T00:00:00-04:00,2026-09-23T23:59:59-04:00
No Frills,8132954,"COCA-COLA or PEPSI SOFT DRINKS, 2 L",2.0,2026-09-17T00:00:00-04:00,2026-09-23T23:59:59-04:00
No Frills,8132954,"GALLO EXTRA VIRGIN OLIVE OIL, 750 mL / 1 L",8.99,2026-09-17T00:00:00-04:00,2026-09-23T23:59:59-04:00
No Frills,8132954,SENSODYNE TOOTHPASTE 75/100 mL or POLIGRIP STRONG HOLD 40 g,5.0,2026-09-17T00:00:00-04:00,2026-09-23T23:59:59-04:00
No Frills,8132954,"RED BARON RISING CRUST or FULLY LOADED PIZZA, 740-815 g",5.5,2026-09-17T00:00:00-04:00,2026-09-23T23:59:59-04:00
No Frills,8132954,"CETAPHIL BABY LOTION, WASH & SHAMPOO or MOISTURIZER, 295-400 mL",14.0,2026-09-17T00:00:00-04:00,2026-09-23T23:59:59-04:00
No Frills,8132954,"CREST GUM TOOTHPASTE, 63-90 mL or SCOPE MOUTHWASH, 1 L",5.0,2026-09-17T00:00:00-04:00,2026-09-23T23:59:59-04:00
No Frills,8132954,"KNORR or LIPTON SOUP MIX, 40-145 g",1.75,2026-09-17T00:00:00-04:00,2026-09-23T23:59:59-04:00
No Frills,8132954,"GREEN GIANT VEGETABLES, 341/398 ml",1.5,2026-09-17T00:00:00-04:00,2026-09-23T23:59:59-04:00
No Frills,8132954,"FARMER'S MARKET™ GRAPE TOMATOES, 283 G or MINI CUCUMBERS, PKG OF 6",2.99,2026-09-17T00:00:00-04:00,2026-09-23T23:59:59-04:00
No Frills,8132954,"PC® NUTRITION FIRST™ WET DOG FOOD, 374 g",3.0,2026-09-17T00:00:00-04:00,2026-09-23T23:59:59-04:00
No Frills,8132954,"PILLSBURY CROISSANTS or PÂTES À SAUCISSES, 200-227 g",1.67,2026-09-17T00:00:00-04:00,2026-09-23T23:59:59-04:00
No Frills,8132954,"FARMER'S MARKET™ YELLOW ONIONS, 3 LB BAG",3.49,2026-09-17T00:00:00-04:00,2026-09-23T23:59:59-04:00
No Frills,8132954,CAULIFLOWER,3.99,2026-09-17T00:00:00-04:00,2026-09-23T23:59:59-04:00
No Frills,8132954,"LILYDALE TURKEY BREAKFAST SAUSAGE, 375 g",4.79,2026-09-17T00:00:00-04:00,2026-09-23T23:59:59-04:00
No Frills,8132954,NO NAME® CHICKEN BREAST,6.99,2026-09-17T00:00:00-04:00,2026-09-23T23:59:59-04:00
No Frills,8132954,"PC® WHOLE CREMINI or WHITE MUSHROOMS, CELERY, 227 G",2.49,2026-09-17T00:00:00-04:00,2026-09-23T23:59:59-04:00
No Frills,8132954,BROCCOLI CROWNS,1.99,2026-09-17T00:00:00-04:00,2026-09-23T23:59:59-04:00
No Frills,8132954,FARMER'S MARKET™ CARROTS,3.49,2026-09-17T00:00:00-04:00,2026-09-23T23:59:59-04:00
No Frills,8132954,"RED ROSE ORANGE PEKOE TEA, 70's or PC® TEA, 48's",3.99,2026-09-17T00:00:00-04:00,2026-09-23T23:59:59-04:00
No Frills,8132954,"CLASSICO SAUCE, 410/600 ml",2.97,2026-09-17T00:00:00-04:00,2026-09-23T23:59:59-04:00
No Frills,8132954,GREEN ZUCCHINI,1.99,2026-09-17T00:00:00-04:00,2026-09-23T23:59:59-04:00
No Frills,8132954,"ZIGGY'S® SLICED DELI MEATS, 175 g",3.5,2026-09-17T00:00:00-04:00,2026-09-23T23:59:59-04:00
No Frills,8132954,FIELD TOMATOES,1.49,2026-09-17T00:00:00-04:00,2026-09-23T23:59:59-04:00
No Frills,8132954,"RED or YELLOW POTATOES, 10 LB BAG",5.99,2026-09-17T00:00:00-04:00,2026-09-23T23:59:59-04:00
No Frills,8132954,"DOVE BAR SOAP 3x106 g, BODY WASH 325 mL, DEODORANT 45-76 g or HAIR CARE 142-198 g/195-355 mL",5.0,2026-09-17T00:00:00-04:00,2026-09-23T23:59:59-04:00
No Frills,8132954,CANTALOUPE,3.99,2026-09-17T00:00:00-04:00,2026-09-23T23:59:59-04:00
No Frills,8132954,"OLD DUTCH POTATO CHIPS, 220 g, RESTAURANTE TORTILLA CHIPS, 275/290 g or HUMPTY DUMPTY SNACKS, 250-290 g",3.5,2026-09-17T00:00:00-04:00,2026-09-23T23:59:59-04:00
No Frills,8132954,SWEET POTATOES,1.79,2026-09-17T00:00:00-04:00,2026-09-23T23:59:59-04:00
No Frills,8132954,"NO NAME® FRUIT, 398 mL or APPLE SAUCE, 620 mL",2.0,2026-09-17T00:00:00-04:00,2026-09-23T23:59:59-04:00
No Frills,8132954,"GAIN LIQUID 4.25 L or FLINGS 42's LAUNDRY DETERGENT, BEADS 598/680 g or DRYER SHEETS 240's",12.99,2026-09-17T00:00:00-04:00,2026-09-23T23:59:59-04:00
No Frills,8132954,"FARMER'S MARKET™ ORANGES, 3 LB BAG",3.99,2026-09-17T00:00:00-04:00,2026-09-23T23:59:59-04:00
No Frills,8132954,ROMAINE HEARTS,3.0,2026-09-17T00:00:00-04:00,2026-09-23T23:59:59-04:00
No Frills,8132954,"PANTENE HAIR CARE, 308-355 mL",4.75,2026-09-17T00:00:00-04:00,2026-09-23T23:59:59-04:00
No Frills,8132954,"ST. IVES BODY LOTION, 600 ML",5.0,2026-09-17T00:00:00-04:00,2026-09-23T23:59:59-04:00
Sobeys,8130540,COMEAU Herring House Blend,5.49,2026-09-17T00:00:00-04:00,2026-09-23T22:59:59-04:00
Sobeys,8130540,MAIN STREET BISTRO Sides,6.5,2026-09-17T00:00:00-04:00,2026-09-23T22:59:59-04:00
Sobeys,8130540,COMPLIMENTS Shredded Cheese - Big Earn,10.99,2026-09-17T00:00:00-04:00,2026-09-23T22:59:59-04:00
Sobeys,8130540,BEST BUY Raw Shrimp,6.0,2026-09-17T00:00:00-04:00,2026-09-23T22:59:59-04:00
Sobeys,8130540,KOZY SHACK Rice Pudding,3.99,2026-09-17T00:00:00-04:00,2026-09-23T22:59:59-04:00
Sobeys,8130540,COMPLIMENTS Apple Juice,3.5,2026-09-17T00:00:00-04:00,2026-09-23T22:59:59-04:00
Sobeys,8130540,Flatbreads,7.0,2026-09-17T00:00:00-04:00,2026-09-23T22:59:59-04:00
Sobeys,8130540,COMPLIMENTS Tea,3.5,2026-09-17T00:00:00-04:00,2026-09-23T22:59:59-04:00
Sobeys,8130540,COMPLIMENTS Salads,5.0,2026-09-17T00:00:00-04:00,2026-09-23T22:59:59-04:00
Sobeys,8130540,COMPLIMENTS Pie or Tart Shells or Phyllo Pastry,3.0,2026-09-17T00:00:00-04:00,2026-09-23T22:59:59-04:00
Sobeys,8130540,COMPLIMENTS Canned Tomatoes,2.0,2026-09-17T00:00:00-04:00,2026-09-23T22:59:59-04:00
Sobeys,8130540,COMPLIMENTS Perogies,3.0,2026-09-17T00:00:00-04:00,2026-09-23T22:59:59-04:00
Sobeys,8130540,COMPLIMENTS Sliced Deli Meats,4.0,2026-09-17T00:00:00-04:00,2026-09-23T22:59:59-04:00
Sobeys,8130540,COMPLIMENTS Cooked Ham,2.49,2026-09-17T00:00:00-04:00,2026-09-23T22:59:59-04:00
Sobeys,8130540,COMPLIMENTS Bagels,3.0,2026-09-17T00:00:00-04:00,2026-09-23T22:59:59-04:00
Sobeys,8130540,COMPLIMENTS Parchment Paper,2.0,2026-09-17T00:00:00-04:00,2026-09-23T22:59:59-04:00
Sobeys,8130540,TRUE NORTH Fresh Atlantic Salmon Fillets,35.0,2026-09-17T00:00:00-04:00,2026-09-23T22:59:59-04:00
Sobeys,8130540,"Smoked Sausages or Pepperettes 250-375 g, Shredded Chicken or Breakfast Sausages 250-300 g, THE CANADIAN BUTCHER Wieners 750 g or COMPLIMENTS Cooked Ham or Bologna - Big Earn",5.99,2026-09-17T00:00:00-04:00,2026-09-23T22:59:59-04:00
Sobeys,8130540,MAPLE LEAF Ready Crisp Bacon,6.0,2026-09-17T00:00:00-04:00,2026-09-23T22:59:59-04:00
Sobeys,8130540,COMPLIMENTS Pickles,6.0,2026-09-17T00:00:00-04:00,2026-09-23T22:59:59-04:00
Sobeys,8130540,Plant-Based Yogurt,6.99,2026-09-17T00:00:00-04:00,2026-09-23T22:59:59-04:00
Sobeys,8130540,CRAFTY RAMEN Restaurant-Quality Frozen Ramen,10.99,2026-09-17T00:00:00-04:00,2026-09-23T22:59:59-04:00
Sobeys,8130540,Pop Sleek Can,4.0,2026-09-17T00:00:00-04:00,2026-09-23T22:59:59-04:00
Sobeys,8130540,HORNBY O' Snack Bars,1.79,2026-09-17T00:00:00-04:00,2026-09-23T22:59:59-04:00
Sobeys,8130540,COMPLIMENTS ORGANIC Frozen Fruit,8.99,2026-09-17T00:00:00-04:00,2026-09-23T22:59:59-04:00
Sobeys,8130540,"COMPLIMENTS Flakes of Ham, Turkey or Chicken",5.0,2026-09-17T00:00:00-04:00,2026-09-23T22:59:59-04:00
Sobeys,8130540,COMPLIMENTS Bacon Bits,4.49,2026-09-17T00:00:00-04:00,2026-09-23T22:59:59-04:00
Sobeys,8130540,KELLOGG'S Special K or KASHI Bars,3.99,2026-09-17T00:00:00-04:00,2026-09-23T22:59:59-04:00
Sobeys,8130540,Body Wash,3.99,2026-09-17T00:00:00-04:00,2026-09-23T22:59:59-04:00
Sobeys,8130540,REYNOLDS Parchment Paper,4.49,2026-09-17T00:00:00-04:00,2026-09-23T22:59:59-04:00
Sobeys,8130540,Dry or Wet Cloth Refills,9.99,2026-09-17T00:00:00-04:00,2026-09-23T22:59:59-04:00
Sobeys,8130540,Baby Wipes,3.99,2026-09-17T00:00:00-04:00,2026-09-23T22:59:59-04:00
Sobeys,8130540,Natural Honey,11.28,2026-09-17T00:00:00-04:00,2026-09-23T22:59:59-04:00
Sobeys,8130540,Chicken Broth Powder Mix,11.28,2026-09-17T00:00:00-04:00,2026-09-23T22:59:59-04:00
Sobeys,8130540,Whole Roasted Chili Crisp Flavoured Chicken,14.99,2026-09-17T00:00:00-04:00,2026-09-23T22:59:59-04:00
Sobeys,8130540,Noodles,2.98,2026-09-17T00:00:00-04:00,2026-09-23T22:59:59-04:00
Sobeys,8130540,QUAKER Crispy Minis,5.5,2026-09-17T00:00:00-04:00,2026-09-23T22:59:59-04:00
Sobeys,8130540,COMPLIMENTS LED Light Bulbs,9.99,2026-09-17T00:00:00-04:00,2026-09-23T22:59:59-04:00
Sobeys,8130540,Slim Low-Calorie Beverage,3.99,2026-09-17T00:00:00-04:00,2026-09-23T22:59:59-04:00
Sobeys,8130540,NATURAL HAIR COLOR,15.99,2026-09-17T00:00:00-04:00,2026-09-23T22:59:59-04:00
Sobeys,8130540,Canned Pineapple - Big Earn,1.99,2026-09-17T00:00:00-04:00,2026-09-23T22:59:59-04:00
Sobeys,8130540,"MOTT'S Fruitsations Apple Cups 6 pk, COMPLIMENTS Fruit Cups 4 pk or DEL MONTE Canned Fruit",5.0,2026-09-17T00:00:00-04:00,2026-09-23T22:59:59-04:00
Sobeys,8130540,Pie Filling,4.99,2026-09-17T00:00:00-04:00,2026-09-23T22:59:59-04:00
Sobeys,8130540,Margarine,6.99,2026-09-17T00:00:00-04:00,2026-09-23T22:59:59-04:00
Sobeys,8130540,"AXE Shampoo, Conditioner or Body Wash",3.99,2026-09-17T00:00:00-04:00,2026-09-23T22:59:59-04:00
Sobeys,8130540,Pocky Biscuit Sticks,3.98,2026-09-17T00:00:00-04:00,2026-09-23T22:59:59-04:00
Sobeys,8130540,MAYNARDS Candy or CADBURY Assorted Minis,15.99,2026-09-17T00:00:00-04:00,2026-09-23T22:59:59-04:00
Sobeys,8130540,Small Bar Cakes - Big Earn,7.99,2026-09-17T00:00:00-04:00,2026-09-23T22:59:59-04:00
Sobeys,8130540,Skipjack Light Tuna - Big Earn,1.66,2026-09-17T00:00:00-04:00,2026-09-23T22:59:59-04:00
Sobeys,8130540,COMPLIMENTS Flour,4.99,2026-09-17T00:00:00-04:00,2026-09-23T22:59:59-04:00
Sobeys,8130540,Frozen Grade A Duck,5.88,2026-09-17T00:00:00-04:00,2026-09-23T22:59:59-04:00
Sobeys,8130540,Pasta Sauce,7.99,2026-09-17T00:00:00-04:00,2026-09-23T22:59:59-04:00
Sobeys,8130540,Imported Dry Pasta,3.49,2026-09-17T00:00:00-04:00,2026-09-23T22:59:59-04:00
Sobeys,8130540,Potstickers,8.88,2026-09-17T00:00:00-04:00,2026-09-23T22:59:59-04:00
Sobeys,8130540,COMPLIMENTS Canned Tomatoes,2.0,2026-09-17T00:00:00-04:00,2026-09-23T22:59:59-04:00
Sobeys,8130540,Dragon Fruit,3.98,2026-09-17T00:00:00-04:00,2026-09-23T22:59:59-04:00
Sobeys,8130540,Passata,2.99,2026-09-17T00:00:00-04:00,2026-09-23T22:59:59-04:00
Sobeys,8130540,MARTELLI Potato Gnocchi,3.99,2026-09-17T00:00:00-04:00,2026-09-23T22:59:59-04:00
Sobeys,8130540,"Breakfast, Dinner or Smoked Pork Sausages",5.99,2026-09-17T00:00:00-04:00,2026-09-23T22:59:59-04:00
Sobeys,8130540,"BEYOND MEAT Plant Based Chicken Tenders, Breakfast or Dinner Sausage",7.99,2026-09-17T00:00:00-04:00,2026-09-23T22:59:59-04:00
Sobeys,8130540,Avocados,4.99,2026-09-17T00:00:00-04:00,2026-09-23T22:59:59-04:00
Sobeys,8130540,"COMPLIMENTS Premium, Stuffed, CARDINAL ROADHOUSE or BELMONT Burgers",15.99,2026-09-17T00:00:00-04:00,2026-09-23T22:59:59-04:00
Sobeys,8130540,Nuts,10.0,2026-09-17T00:00:00-04:00,2026-09-23T22:59:59-04:00
Sobeys,8130540,Fresh Boneless Bottom Sirloin Tri Tip Premium Oven Roast or Family Size Grilling Steak,19.99,2026-09-17T00:00:00-04:00,2026-09-23T22:59:59-04:00
Sobeys,8130540,COMPLIMENTS Newfoundland and Labrador Cooked Wild Cold Water Shrimp,13.99,2026-09-17T00:00:00-04:00,2026-09-23T22:59:59-04:00
Sobeys,8130540,"Signature Cuts, Pan-Sear or Battered Premium Fish - Big Earn",12.99,2026-09-17T00:00:00-04:00,2026-09-23T22:59:59-04:00
Sobeys,8130540,KIM PHAT Spring Rolls,9.98,2026-09-17T00:00:00-04:00,2026-09-23T22:59:59-04:00
Sobeys,8130540,Fleurette in Fall Basket,12.99,2026-09-17T00:00:00-04:00,2026-09-23T22:59:59-04:00
Sobeys,8130540,Fresh Choice Oysters,1.25,2026-09-17T00:00:00-04:00,2026-09-23T22:59:59-04:00
Sobeys,8130540,COMPLIMENTS Cooked or Raw Shrimp 71-90 or 31-40 ct per lb or Bay Scallops 80-120 ct per lb,8.99,2026-09-17T00:00:00-04:00,2026-09-23T22:59:59-04:00
Sobeys,8130540,"Air Fryer Salmon Bites, Fish & Chips or Salmon & Broccoli",14.99,2026-09-17T00:00:00-04:00,2026-09-23T22:59:59-04:00
Sobeys,8130540,COMEAU Seafood Spreads,5.99,2026-09-17T00:00:00-04:00,2026-09-23T22:59:59-04:00
Sobeys,8130540,Breaded or Battered Fish,4.99,2026-09-17T00:00:00-04:00,2026-09-23T22:59:59-04:00
Sobeys,8130540,COMPLIMENTS Extra Large Cooked Shrimp in Ring with Sauce,9.99,2026-09-17T00:00:00-04:00,2026-09-23T22:59:59-04:00
Sobeys,8130540,CATELLI Lasagna,4.49,2026-09-17T00:00:00-04:00,2026-09-23T22:59:59-04:00
Sobeys,8130540,KRAFT DINNER Macaroni & Cheese Snack Cups,6.99,2026-09-17T00:00:00-04:00,2026-09-23T22:59:59-04:00
Sobeys,8130540,Protein Macaroni & Cheese,2.99,2026-09-17T00:00:00-04:00,2026-09-23T22:59:59-04:00
Sobeys,8130540,NESCAFE Instant Coffee,6.44,2026-09-17T00:00:00-04:00,2026-09-23T22:59:59-04:00
Sobeys,8130540,"Bagged McIntosh, Paula Red, Sunrise or Gravenstein Apples",3.99,2026-09-17T00:00:00-04:00,2026-09-23T22:59:59-04:00
Sobeys,8130540,Family Cereal,5.47,2026-09-17T00:00:00-04:00,2026-09-23T22:59:59-04:00
Sobeys,8130540,Cheese Block,12.99,2026-09-17T00:00:00-04:00,2026-09-23T22:59:59-04:00
Sobeys,8130540,Team Pack,21.99,2026-09-17T00:00:00-04:00,2026-09-23T22:59:59-04:00
Sobeys,8130540,IÖGO Creamy Yogurt,6.47,2026-09-17T00:00:00-04:00,2026-09-23T22:59:59-04:00
Sobeys,8130540,Assorted Foliage In Fall Ceramics,8.99,2026-09-17T00:00:00-04:00,2026-09-23T22:59:59-04:00
Sobeys,8130540,Fall Meadow Bouquet,24.99,2026-09-17T00:00:00-04:00,2026-09-23T22:59:59-04:00
Sobeys,8130540,Phalaenopsis Orchids In Ceramic,17.99,2026-09-17T00:00:00-04:00,2026-09-23T22:59:59-04:00
Sobeys,8130540,COMPLIMENTS Beef Lasagna or Macaroni & Cheese,19.99,2026-09-17T00:00:00-04:00,2026-09-23T22:59:59-04:00
Sobeys,8130540,CASHMERE Bathroom Tissue,6.49,2026-09-17T00:00:00-04:00,2026-09-23T22:59:59-04:00
Sobeys,8130540,Basa Steaks,3.88,2026-09-17T00:00:00-04:00,2026-09-23T22:59:59-04:00
Sobeys,8130540,LAY'S Potato Chips - Big Earn,3.49,2026-09-17T00:00:00-04:00,2026-09-23T22:59:59-04:00
Sobeys,8130540,Eggplant OR Roma Tomatoes,1.99,2026-09-17T00:00:00-04:00,2026-09-23T22:59:59-04:00
Sobeys,8130540,Raspberries,3.99,2026-09-17T00:00:00-04:00,2026-09-23T22:59:59-04:00
Sobeys,8130540,PILLER'S Mini Pepperoni or Turkey Bites,9.99,2026-09-17T00:00:00-04:00,2026-09-23T22:59:59-04:00
Sobeys,8130540,Fresh Pork Loin Rib and Sirloin Combo Chops,3.99,2026-09-17T00:00:00-04:00,2026-09-23T22:59:59-04:00
Sobeys,8130540,Swirls,2.99,2026-09-17T00:00:00-04:00,2026-09-23T22:59:59-04:00
Sobeys,8130540,NESTLÉ Tablets,2.99,2026-09-17T00:00:00-04:00,2026-09-23T22:59:59-04:00
Sobeys,8130540,Lemons or Limes,0.89,2026-09-17T00:00:00-04:00,2026-09-23T22:59:59-04:00
Sobeys,8130540,Starkrimson Pears,3.47,2026-09-17T00:00:00-04:00,2026-09-23T22:59:59-04:00
Sobeys,8130540,Mini Watermelons,5.99,2026-09-17T00:00:00-04:00,2026-09-23T22:59:59-04:00
Sobeys,8130540,Leeks,6.49,2026-09-17T00:00:00-04:00,2026-09-23T22:59:59-04:00
Sobeys,8130540,"COMPLIMENTS German, Hungarian or Peppercorn Salami",3.49,2026-09-17T00:00:00-04:00,2026-09-23T22:59:59-04:00
Sobeys,8130540,Sides,6.5,2026-09-17T00:00:00-04:00,2026-09-23T22:59:59-04:00
Sobeys,8130540,Parmigiano Reggiano,5.99,2026-09-17T00:00:00-04:00,2026-09-23T22:59:59-04:00
Sobeys,8130540,Frozen Entrees,2.99,2026-09-17T00:00:00-04:00,2026-09-23T22:59:59-04:00
Sobeys,8130540,Fresh Pork Shoulder Blade Roasts or Steak Family Size or Fresh Pork Shoulder Picnic Roast,2.99,2026-09-17T00:00:00-04:00,2026-09-23T22:59:59-04:00
Sobeys,8130540,"Broccoli Bunches, Kale or Red or Green Swiss Chard",2.49,2026-09-17T00:00:00-04:00,2026-09-23T22:59:59-04:00
Sobeys,8130540,Smoothies,10.0,2026-09-17T00:00:00-04:00,2026-09-23T22:59:59-04:00
Sobeys,8130540,Whole or Cored Pineapple,5.99,2026-09-17T00:00:00-04:00,2026-09-23T22:59:59-04:00
Sobeys,8130540,Bread,2.97,2026-09-17T00:00:00-04:00,2026-09-23T22:59:59-04:00
Sobeys,8130540,Fresh Lean Ground Beef,6.44,2026-09-17T00:00:00-04:00,2026-09-23T22:59:59-04:00
Sobeys,8130540,Boston Lettuce in Soil,2.99,2026-09-17T00:00:00-04:00,2026-09-23T22:59:59-04:00
Sobeys,8130540,COMPLIMENTS Grape Tomatoes,8.0,2026-09-17T00:00:00-04:00,2026-09-23T22:59:59-04:00
Sobeys,8130540,Gala Apples,1.99,2026-09-17T00:00:00-04:00,2026-09-23T22:59:59-04:00
Sobeys,8130540,COMPLIMENTS ORGANIC White Button Mushrooms,3.99,2026-09-17T00:00:00-04:00,2026-09-23T22:59:59-04:00
Sobeys,8130540,COMPLIMENTS Bacon,5.99,2026-09-17T00:00:00-04:00,2026-09-23T22:59:59-04:00
Sobeys,8130540,EIGHT TREASURES Whole Head-On Shell-On Raw Shrimp,6.88,2026-09-17T00:00:00-04:00,2026-09-23T22:59:59-04:00
Sobeys,8130540,SIWIN Potstickers or Dumplings,4.98,2026-09-17T00:00:00-04:00,2026-09-23T22:59:59-04:00
Sobeys,8130540,THAI KITCHEN Coconut Milk,2.98,2026-09-17T00:00:00-04:00,2026-09-23T22:59:59-04:00
Sobeys,8130540,Italian Sliced Meats,8.49,2026-09-17T00:00:00-04:00,2026-09-23T22:59:59-04:00
Sobeys,8130540,Organic Gala or Granny Smith Apples,8.99,2026-09-17T00:00:00-04:00,2026-09-23T22:59:59-04:00
Sobeys,8130540,Boneless Pork Sirloin Chops or Roasts,4.49,2026-09-17T00:00:00-04:00,2026-09-23T22:59:59-04:00
Sobeys,8130540,Perogies,5.99,2026-09-17T00:00:00-04:00,2026-09-23T22:59:59-04:00
Sobeys,8130540,Organic Kombucha,3.49,2026-09-17T00:00:00-04:00,2026-09-23T22:59:59-04:00
Sobeys,8130540,COMPLIMENTS ORGANIC Large Eggs,7.99,2026-09-17T00:00:00-04:00,2026-09-23T22:59:59-04:00
Sobeys,8130540,"Biscuits, Rolls or Pizza Crust",3.49,2026-09-17T00:00:00-04:00,2026-09-23T22:59:59-04:00
Sobeys,8130540,Laundry Detergent or Fabric Softener,16.99,2026-09-17T00:00:00-04:00,2026-09-23T22:59:59-04:00
Sobeys,8130540,Sparkling Water,6.99,2026-09-17T00:00:00-04:00,2026-09-23T22:59:59-04:00
Sobeys,8130540,PANACHE Amber Rich Maple Syrup,10.99,2026-09-17T00:00:00-04:00,2026-09-23T22:59:59-04:00
Sobeys,8130540,COMPLIMENTS Sparkling or Fizzy Flavoured or Unflavoured Water,3.0,2026-09-17T00:00:00-04:00,2026-09-23T22:59:59-04:00
Sobeys,8130540,GIA Paste,3.99,2026-09-17T00:00:00-04:00,2026-09-23T22:59:59-04:00
Sobeys,8130540,Fruit,11.99,2026-09-17T00:00:00-04:00,2026-09-23T22:59:59-04:00
Sobeys,8130540,KRAFT DINNER,1.79,2026-09-17T00:00:00-04:00,2026-09-23T22:59:59-04:00
Sobeys,8130540,TWIGZ Craft Pretzels,3.99,2026-09-17T00:00:00-04:00,2026-09-23T22:59:59-04:00
Sobeys,8130540,COMPLIMENTS Whole Bean Coffee,26.99,2026-09-17T00:00:00-04:00,2026-09-23T22:59:59-04:00
Sobeys,8130540,ROBIN HOOD Oats,3.99,2026-09-17T00:00:00-04:00,2026-09-23T22:59:59-04:00
Sobeys,8130540,OLD DUTCH Potato Chips,7.99,2026-09-17T00:00:00-04:00,2026-09-23T22:59:59-04:00
Sobeys,8130540,ARM & HAMMER Clump & Seal Cat Litter,18.99,2026-09-17T00:00:00-04:00,2026-09-23T22:59:59-04:00
Sobeys,8130540,Toddler Powder,32.99,2026-09-17T00:00:00-04:00,2026-09-23T22:59:59-04:00
Sobeys,8130540,Mochi Ice Cream,4.28,2026-09-17T00:00:00-04:00,2026-09-23T22:59:59-04:00
Sobeys,8130540,Buldak Spicy Noodles,8.28,2026-09-17T00:00:00-04:00,2026-09-23T22:59:59-04:00
Sobeys,8130540,Sriracha Mayo,6.28,2026-09-17T00:00:00-04:00,2026-09-23T22:59:59-04:00
Sobeys,8130540,Bok Choy,0.98,2026-09-17T00:00:00-04:00,2026-09-23T22:59:59-04:00
Sobeys,8130540,Pasta or Beans,5.0,2026-09-17T00:00:00-04:00,2026-09-23T22:59:59-04:00
Sobeys,8130540,HUNT'S Thick & Rich Pasta Sauce or Tomato Sauce,5.0,2026-09-17T00:00:00-04:00,2026-09-23T22:59:59-04:00
Sobeys,8130540,COMPLIMENTS Aerosol Whip Cream,6.49,2026-09-17T00:00:00-04:00,2026-09-23T22:59:59-04:00
Sobeys,8130540,Sparkling Water,5.0,2026-09-17T00:00:00-04:00,2026-09-23T22:59:59-04:00
Sobeys,8130540,Dried Fruits Family Pack,9.99,2026-09-17T00:00:00-04:00,2026-09-23T22:59:59-04:00
Sobeys,8130540,CHRISTIE Crispers or Ritz Chips - Big Earn,4.0,2026-09-17T00:00:00-04:00,2026-09-23T22:59:59-04:00
Sobeys,8130540,"CAVENDISH Restaurant Style Fries, Flavour Crisp Fries or Quick Crisp Fries",8.0,2026-09-17T00:00:00-04:00,2026-09-23T22:59:59-04:00
Sobeys,8130540,Skyr,5.99,2026-09-17T00:00:00-04:00,2026-09-23T22:59:59-04:00
Sobeys,8130540,=Multipacks,5.49,2026-09-17T00:00:00-04:00,2026-09-23T22:59:59-04:00
Sobeys,8130540,Cooking Sprays,5.99,2026-09-17T00:00:00-04:00,2026-09-23T22:59:59-04:00
Sobeys,8130540,BLACK DIAMOND Cheestrings,6.99,2026-09-17T00:00:00-04:00,2026-09-23T22:59:59-04:00
Sobeys,8130540,COMPLIMENTS Cookies,3.99,2026-09-17T00:00:00-04:00,2026-09-23T22:59:59-04:00
Sobeys,8130540,COMPLIMENTS Exceptional Chocolate Chip Cookies,4.99,2026-09-17T00:00:00-04:00,2026-09-23T22:59:59-04:00
Sobeys,8130540,RED BULL Energy Drinks,9.99,2026-09-17T00:00:00-04:00,2026-09-23T22:59:59-04:00
Sobeys,8130540,Soft Drinks Mini Cans,4.99,2026-09-17T00:00:00-04:00,2026-09-23T22:59:59-04:00
Sobeys,8130540,Granola Bars or Fruit Snacks,7.99,2026-09-17T00:00:00-04:00,2026-09-23T22:59:59-04:00
Sobeys,8130540,Potato Chips or Dutch Crunch,8.0,2026-09-17T00:00:00-04:00,2026-09-23T22:59:59-04:00
Sobeys,8130540,"Retail Size Cereal or Halloween Cereal, 295-437 g selected or PILLSBURY Fall Seasonal Cookies",4.99,2026-09-17T00:00:00-04:00,2026-09-23T22:59:59-04:00
Sobeys,8130540,KRAFT DINNER Macaroni & Cheese,1.99,2026-09-17T00:00:00-04:00,2026-09-23T22:59:59-04:00
Sobeys,8130540,COMPLIMENTS Black Forest or Honey Ham- Big Earn,2.49,2026-09-17T00:00:00-04:00,2026-09-23T22:59:59-04:00
Sobeys,8130540,Danish- Big Earn,3.99,2026-09-17T00:00:00-04:00,2026-09-23T22:59:59-04:00
Sobeys,8130540,Crispy Minis- Big Earn,5.5,2026-09-17T00:00:00-04:00,2026-09-23T22:59:59-04:00
Sobeys,8130540,Ice Cream- Big Earn,4.95,2026-09-17T00:00:00-04:00,2026-09-23T22:59:59-04:00
Sobeys,8130540,LA COCINA Tortilla Chips,3.99,2026-09-17T00:00:00-04:00,2026-09-23T22:59:59-04:00
Sobeys,8130540,COMPLIMENTS Caesar or Wedge Salad Dips,5.49,2026-09-17T00:00:00-04:00,2026-09-23T22:59:59-04:00
Sobeys,8130540,Whole Roasted Chili Crisp Flavoured Chicken,14.99,2026-09-17T00:00:00-04:00,2026-09-23T22:59:59-04:00
Sobeys,8130540,CATELLI Gluten Free or SuperGreens,3.49,2026-09-17T00:00:00-04:00,2026-09-23T22:59:59-04:00
Sobeys,8130540,Toppings,7.49,2026-09-17T00:00:00-04:00,2026-09-23T22:59:59-04:00
Sobeys,8130540,Egg Bites or Breakfast Sandwiches,5.99,2026-09-17T00:00:00-04:00,2026-09-23T22:59:59-04:00
Sobeys,8130540,"PEPSI Soft Drinks, AQUAFINA or MONTELLIER Water 1 L or BRISK Iced Tea",1.5,2026-09-17T00:00:00-04:00,2026-09-23T22:59:59-04:00
Sobeys,8130540,POWERADE,5.0,2026-09-17T00:00:00-04:00,2026-09-23T22:59:59-04:00
Sobeys,8130540,Dry Dog Food,25.99,2026-09-17T00:00:00-04:00,2026-09-23T22:59:59-04:00
Sobeys,8130540,SCHNEIDERS Smokies - Big Earn,16.99,2026-09-17T00:00:00-04:00,2026-09-23T22:59:59-04:00
Sobeys,8130540,Condensed Soups,2.49,2026-09-17T00:00:00-04:00,2026-09-23T22:59:59-04:00
Sobeys,8130540,Flat Cabbage,0.98,2026-09-17T00:00:00-04:00,2026-09-23T22:59:59-04:00
Sobeys,8130540,"Buttercup, Butternut, Spaghetti or Acorn Squash",1.27,2026-09-17T00:00:00-04:00,2026-09-23T22:59:59-04:00
Sobeys,8130540,Minced Turkey,6.99,2026-09-17T00:00:00-04:00,2026-09-23T22:59:59-04:00
Sobeys,8130540,COMPLIMENTS Fresh AIR-CHILLED Split Chicken Wings,6.49,2026-09-17T00:00:00-04:00,2026-09-23T22:59:59-04:00
Sobeys,8130540,Pasta,5.99,2026-09-17T00:00:00-04:00,2026-09-23T22:59:59-04:00
Sobeys,8130540,Fondue,11.99,2026-09-17T00:00:00-04:00,2026-09-23T22:59:59-04:00
Sobeys,8130540,Soups,4.49,2026-09-17T00:00:00-04:00,2026-09-23T22:59:59-04:00
Sobeys,8130540,Frozen Snacks,4.99,2026-09-17T00:00:00-04:00,2026-09-23T22:59:59-04:00
Sobeys,8130540,MARIE CALLENDER'S Frozen Meals,8.99,2026-09-17T00:00:00-04:00,2026-09-23T22:59:59-04:00
Sobeys,8130540,G.H. Cretors,4.99,2026-09-17T00:00:00-04:00,2026-09-23T22:59:59-04:00
Sobeys,8130540,Muffin or Cookie Mix,5.99,2026-09-17T00:00:00-04:00,2026-09-23T22:59:59-04:00
Sobeys,8130540,COMPLIMENTS Liquid Dish Detergent,8.99,2026-09-17T00:00:00-04:00,2026-09-23T22:59:59-04:00
Sobeys,8130540,Wonton Soup,9.88,2026-09-17T00:00:00-04:00,2026-09-23T22:59:59-04:00
Sobeys,8130540,Pumpernickel or Sourdough Boules,4.0,2026-09-17T00:00:00-04:00,2026-09-23T22:59:59-04:00
Sobeys,8130540,Coffee Pods,20.99,2026-09-17T00:00:00-04:00,2026-09-23T22:59:59-04:00
Sobeys,8130540,2-Pack Mixed Deli Meat Subs or Selected Varieties - Big Earn,9.99,2026-09-17T00:00:00-04:00,2026-09-23T22:59:59-04:00
Sobeys,8130540,Fruit Snacks Club Pack - Big Earn,10.99,2026-09-17T00:00:00-04:00,2026-09-23T22:59:59-04:00
Sobeys,8130540,Barista,10.0,2026-09-17T00:00:00-04:00,2026-09-23T22:59:59-04:00
Sobeys,8130540,INTERNATIONAL DELIGHT,5.99,2026-09-17T00:00:00-04:00,2026-09-23T22:59:59-04:00
Sobeys,8130540,MILK 2 GO or NEILSON Milkshakes,3.0,2026-09-17T00:00:00-04:00,2026-09-23T22:59:59-04:00
Sobeys,8130540,Premium Frozen Dessert or Real Dairy Ice Cream,6.0,2026-09-17T00:00:00-04:00,2026-09-23T22:59:59-04:00
Sobeys,8130540,Full Size Bars,12.99,2026-09-17T00:00:00-04:00,2026-09-23T22:59:59-04:00
Sobeys,8130540,ORVILLE REDENBACHER Microwave Popcorn,6.49,2026-09-17T00:00:00-04:00,2026-09-23T22:59:59-04:00
Sobeys,8130540,KNORR Sauces or Gravies,1.79,2026-09-17T00:00:00-04:00,2026-09-23T22:59:59-04:00
Sobeys,8130540,Premium Plus or Family Size Crackers,4.99,2026-09-17T00:00:00-04:00,2026-09-23T22:59:59-04:00
Sobeys,8130540,Cream Cheese,6.99,2026-09-17T00:00:00-04:00,2026-09-23T22:59:59-04:00
Sobeys,8130540,SKITTLES or STARBURST Candy,3.0,2026-09-17T00:00:00-04:00,2026-09-23T22:59:59-04:00
Sobeys,8130540,ELECTROLIT Sports Drink,5.5,2026-09-17T00:00:00-04:00,2026-09-23T22:59:59-04:00
Sobeys,8130540,"Giuseppe Rising, Thin Crust or Rip'n Share Pizza",6.99,2026-09-17T00:00:00-04:00,2026-09-23T22:59:59-04:00
Sobeys,8130540,PEACE TEA,8.99,2026-09-17T00:00:00-04:00,2026-09-23T22:59:59-04:00
Sobeys,8130540,Ready To Serve Soup,2.99,2026-09-17T00:00:00-04:00,2026-09-23T22:59:59-04:00
Sobeys,8130540,Peek Freans or Dad's Cookies,4.49,2026-09-17T00:00:00-04:00,2026-09-23T22:59:59-04:00
Sobeys,8130540,Chili Crisp Caesar Chicken Wrap or Select Varieties,6.99,2026-09-17T00:00:00-04:00,2026-09-23T22:59:59-04:00
Sobeys,8130540,PERFECT SPORTS Diesel Whey Protein,39.99,2026-09-17T00:00:00-04:00,2026-09-23T22:59:59-04:00
Sobeys,8130540,Plant-Based Sausages,6.99,2026-09-17T00:00:00-04:00,2026-09-23T22:59:59-04:00
Sobeys,8130540,Glowing Hearts Bouquet,16.99,2026-09-17T00:00:00-04:00,2026-09-23T22:59:59-04:00
Sobeys,8130540,Potatoes,3.99,2026-09-17T00:00:00-04:00,2026-09-23T22:59:59-04:00
Sobeys,8130540,"Fresh Bone-In Ribeye Steak, Oven Roast or Family Size Grilling Steaks",24.99,2026-09-17T00:00:00-04:00,2026-09-23T22:59:59-04:00
Sobeys,8130540,SWANSON Chicken Broth,1.68,2026-09-17T00:00:00-04:00,2026-09-23T22:59:59-04:00
Sobeys,8130540,Bathroom Tissue,24.99,2026-09-17T00:00:00-04:00,2026-09-23T22:59:59-04:00
Sobeys,8130540,Pizza Sauce,4.69,2026-09-17T00:00:00-04:00,2026-09-23T22:59:59-04:00
Sobeys,8130540,100% Apple Juice,4.99,2026-09-17T00:00:00-04:00,2026-09-23T22:59:59-04:00
Sobeys,8130540,COMPLIMENTS Roasted or Smoked Turkey Breast or Cooked or Smoked Chicken Breast,3.29,2026-09-17T00:00:00-04:00,2026-09-23T22:59:59-04:00
Sobeys,8130540,Creamers or Non-Dairy Creamers,7.99,2026-09-17T00:00:00-04:00,2026-09-23T22:59:59-04:00
Sobeys,8130540,Carbonated Water,9.49,2026-09-17T00:00:00-04:00,2026-09-23T22:59:59-04:00
Sobeys,8130540,Family Cereal,5.99,2026-09-17T00:00:00-04:00,2026-09-23T22:59:59-04:00
Sobeys,8130540,IRISH SPRING or SOFTSOAP Body Wash 591 mL or LADY SPEED STICK Deodorant 65 g,5.49,2026-09-17T00:00:00-04:00,2026-09-23T22:59:59-04:00
Sobeys,8130540,Garlic,0.98,2026-09-17T00:00:00-04:00,2026-09-23T22:59:59-04:00
Sobeys,8130540,Ice Pops,7.99,2026-09-17T00:00:00-04:00,2026-09-23T22:59:59-04:00
Sobeys,8130540,Plus Lactose-Free Milk Beverage,7.19,2026-09-17T00:00:00-04:00,2026-09-23T22:59:59-04:00
Sobeys,8130540,Eggo Waffles or French Toast Sticks,3.99,2026-09-17T00:00:00-04:00,2026-09-23T22:59:59-04:00
Sobeys,8130540,Coffee Creamer,4.99,2026-09-17T00:00:00-04:00,2026-09-23T22:59:59-04:00
Sobeys,8130540,Lemonade,5.99,2026-09-17T00:00:00-04:00,2026-09-23T22:59:59-04:00
Sobeys,8130540,DANONE Activia,5.99,2026-09-17T00:00:00-04:00,2026-09-23T22:59:59-04:00
Sobeys,8130540,ILE DE FRANCE Petit Brie or Camembert,7.99,2026-09-17T00:00:00-04:00,2026-09-23T22:59:59-04:00
Sobeys,8130540,Small Crusty Buns,4.49,2026-09-17T00:00:00-04:00,2026-09-23T22:59:59-04:00
Sobeys,8130540,NESTLE Cerelac Cereal,7.99,2026-09-17T00:00:00-04:00,2026-09-23T22:59:59-04:00
Sobeys,8130540,COMPLIMENTS Sour Cream,3.99,2026-09-17T00:00:00-04:00,2026-09-23T22:59:59-04:00
Sobeys,8130540,Multi Serve Meals - Big Earn,13.49,2026-09-17T00:00:00-04:00,2026-09-23T22:59:59-04:00
Sobeys,8130540,Sun Dried Tomatoes,5.49,2026-09-17T00:00:00-04:00,2026-09-23T22:59:59-04:00
Sobeys,8130540,Cheese,6.99,2026-09-17T00:00:00-04:00,2026-09-23T22:59:59-04:00
Sobeys,8130540,Family Pack Cookies,5.99,2026-09-17T00:00:00-04:00,2026-09-23T22:59:59-04:00
Sobeys,8130540,Clementines - Big Earn,7.88,2026-09-17T00:00:00-04:00,2026-09-23T22:59:59-04:00
Sobeys,8130540,COMPLIMENTS Fries,3.0,2026-09-17T00:00:00-04:00,2026-09-23T22:59:59-04:00
Sobeys,8130540,COMPLIMENTS Snacks,3.0,2026-09-17T00:00:00-04:00,2026-09-23T22:59:59-04:00
Sobeys,8130540,SILK Select Beverages,3.99,2026-09-17T00:00:00-04:00,2026-09-23T22:59:59-04:00
Sobeys,8130540,Cashews,8.78,2026-09-17T00:00:00-04:00,2026-09-23T22:59:59-04:00
Sobeys,8130540,Soft Drinks,6.0,2026-09-17T00:00:00-04:00,2026-09-23T22:59:59-04:00
Sobeys,8130540,Fruit Jelly,5.98,2026-09-17T00:00:00-04:00,2026-09-23T22:59:59-04:00
Sobeys,8130540,Sriracha Hot Chili Sauce,5.78,2026-09-17T00:00:00-04:00,2026-09-23T22:59:59-04:00
Sobeys,8130540,COMPLIMENTS Baby-Cut Carrots,2.49,2026-09-17T00:00:00-04:00,2026-09-23T22:59:59-04:00
Sobeys,8130540,K-Cup® Coffee Pods,13.99,2026-09-17T00:00:00-04:00,2026-09-23T22:59:59-04:00
Sobeys,8130540,Stainfighters Liquid,6.99,2026-09-17T00:00:00-04:00,2026-09-23T22:59:59-04:00
Sobeys,8130540,Giuseppe Stuffed Crust Pizza,7.99,2026-09-17T00:00:00-04:00,2026-09-23T22:59:59-04:00
Sobeys,8130540,Premium Ice Cream,5.49,2026-09-17T00:00:00-04:00,2026-09-23T22:59:59-04:00
Sobeys,8130540,Fig Bars,6.99,2026-09-17T00:00:00-04:00,2026-09-23T22:59:59-04:00
Sobeys,8130540,COMPLIMENTS Body Wash,5.0,2026-09-17T00:00:00-04:00,2026-09-23T22:59:59-04:00
Sobeys,8130540,YOUTHEORY ZERO SUGAR GUMMIES 60 PK,19.99,2026-09-17T00:00:00-04:00,2026-09-23T22:59:59-04:00
Sobeys,8130540,COMPLIMENTS Facial Tissues,14.49,2026-09-17T00:00:00-04:00,2026-09-23T22:59:59-04:00
Sobeys,8130540,QUAKER Instant Oatmeal,3.99,2026-09-17T00:00:00-04:00,2026-09-23T22:59:59-04:00
Sobeys,8130540,Natural Selections or Sliced Meats,7.99,2026-09-17T00:00:00-04:00,2026-09-23T22:59:59-04:00
Sobeys,8130540,Fresh Boneless Cross Rib Pot Roast or Family Size Simmering Steak,8.99,2026-09-17T00:00:00-04:00,2026-09-23T22:59:59-04:00
Sobeys,8130540,Cookies - Big Earn,2.99,2026-09-17T00:00:00-04:00,2026-09-23T22:59:59-04:00
Sobeys,8130540,Snack Kits,3.5,2026-09-17T00:00:00-04:00,2026-09-23T22:59:59-04:00
Sobeys,8130540,COMPLIMENTS Naan Dippers,4.99,2026-09-17T00:00:00-04:00,2026-09-23T22:59:59-04:00
Sobeys,8130540,Family Favourites Ice Cream,4.99,2026-09-17T00:00:00-04:00,2026-09-23T22:59:59-04:00
Sobeys,8130540,Cheese Slices,9.99,2026-09-17T00:00:00-04:00,2026-09-23T22:59:59-04:00
Sobeys,8130540,MR. CLEAN Multi-Purpose Cleaners,5.99,2026-09-17T00:00:00-04:00,2026-09-23T22:59:59-04:00
Sobeys,8130540,WEIGHT WATCHERS Bread,5.49,2026-09-17T00:00:00-04:00,2026-09-23T22:59:59-04:00
Sobeys,8130540,SHEBA Bistro Singles,1.59,2026-09-17T00:00:00-04:00,2026-09-23T22:59:59-04:00
Sobeys,8130540,TIDE Detergent,5.99,2026-09-17T00:00:00-04:00,2026-09-23T22:59:59-04:00
Sobeys,8130540,BEST BUY Cooked Shrimp,7.0,2026-09-17T00:00:00-04:00,2026-09-23T22:59:59-04:00
Sobeys,8130540,Cupcakes,6.99,2026-09-17T00:00:00-04:00,2026-09-23T22:59:59-04:00
Sobeys,8130540,GREENHOUSE Protein Shakes,9.99,2026-09-17T00:00:00-04:00,2026-09-23T22:59:59-04:00
Sobeys,8130540,COMPLIMENTS Crab or Lobster-Flavoured Alaskan Pollock,2.99,2026-09-17T00:00:00-04:00,2026-09-23T22:59:59-04:00
Sobeys,8130540,Activia,4.99,2026-09-17T00:00:00-04:00,2026-09-23T22:59:59-04:00
Sobeys,8130540,Biscuit Spread,5.99,2026-09-17T00:00:00-04:00,2026-09-23T22:59:59-04:00
Sobeys,8130540,Kids Essentials,8.99,2026-09-17T00:00:00-04:00,2026-09-23T22:59:59-04:00
Sobeys,8130540,Uncrustables,10.99,2026-09-17T00:00:00-04:00,2026-09-23T22:59:59-04:00
Sobeys,8130540,MUTTI Strained,5.49,2026-09-17T00:00:00-04:00,2026-09-23T22:59:59-04:00
Sobeys,8130540,Fish Cakes,5.99,2026-09-17T00:00:00-04:00,2026-09-23T22:59:59-04:00
Sobeys,8130540,Super or No Sugar Added Novelties,5.99,2026-09-17T00:00:00-04:00,2026-09-23T22:59:59-04:00
Sobeys,8130540,Eggo Waffles,3.99,2026-09-17T00:00:00-04:00,2026-09-23T22:59:59-04:00
Sobeys,8130540,Coffee K-Cups®,14.49,2026-09-17T00:00:00-04:00,2026-09-23T22:59:59-04:00
Sobeys,8130540,Melona Ice Bars,5.98,2026-09-17T00:00:00-04:00,2026-09-23T22:59:59-04:00
Sobeys,8130540,Creamy Yogurt,11.49,2026-09-17T00:00:00-04:00,2026-09-23T22:59:59-04:00
Sobeys,8130540,Red Mangoes,5.0,2026-09-17T00:00:00-04:00,2026-09-23T22:59:59-04:00
Sobeys,8130540,SunGold Kiwi,8.0,2026-09-17T00:00:00-04:00,2026-09-23T22:59:59-04:00
Sobeys,8130540,Yellow Dates,5.99,2026-09-17T00:00:00-04:00,2026-09-23T22:59:59-04:00
Sobeys,8130540,VOORTMAN Wafer or Turnover Cookies,5.5,2026-09-17T00:00:00-04:00,2026-09-23T22:59:59-04:00
Sobeys,8130540,HUGGIES Pull-Ups or GOODNITES Training Pants,28.99,2026-09-17T00:00:00-04:00,2026-09-23T22:59:59-04:00
Sobeys,8130540,Sauces,3.78,2026-09-17T00:00:00-04:00,2026-09-23T22:59:59-04:00
Sobeys,8130540,COMPLIMENTS Garden Salad,6.0,2026-09-17T00:00:00-04:00,2026-09-23T22:59:59-04:00
Sobeys,8130540,Balkan Yogurt,5.99,2026-09-17T00:00:00-04:00,2026-09-23T22:59:59-04:00
Sobeys,8130540,AUTHENTIC ASIA Frozen Meals,4.48,2026-09-17T00:00:00-04:00,2026-09-23T22:59:59-04:00
Sobeys,8130540,Instant Noodles,3.48,2026-09-17T00:00:00-04:00,2026-09-23T22:59:59-04:00
Sobeys,8130540,"Baby Wash, Bath or Lotion",12.99,2026-09-17T00:00:00-04:00,2026-09-23T22:59:59-04:00
Sobeys,8130540,Activia,4.49,2026-09-17T00:00:00-04:00,2026-09-23T22:59:59-04:00
Sobeys,8130540,EXCEL or JUICY FRUIT Multipack Gum,3.99,2026-09-17T00:00:00-04:00,2026-09-23T22:59:59-04:00
Sobeys,8130540,Chipits,6.49,2026-09-17T00:00:00-04:00,2026-09-23T22:59:59-04:00
Sobeys,8130540,Yop Drinkable Yogurt,5.0,2026-09-17T00:00:00-04:00,2026-09-23T22:59:59-04:00
Sobeys,8130540,Curry Paste,4.48,2026-09-17T00:00:00-04:00,2026-09-23T22:59:59-04:00
Sobeys,8130540,BELOV ORGANIC BABY OAT CEREAL,5.99,2026-09-17T00:00:00-04:00,2026-09-23T22:59:59-04:00
Sobeys,8130540,Hot Smoked Atlantic Salmon Strips or WILLY KRAUCH'S Cold Smoked Atlantic Salmon,9.99,2026-09-17T00:00:00-04:00,2026-09-23T22:59:59-04:00
Sobeys,8130540,Pop'd Freeze Dried Candy,7.99,2026-09-17T00:00:00-04:00,2026-09-23T22:59:59-04:00
Sobeys,8130540,Hair Care,5.49,2026-09-17T00:00:00-04:00,2026-09-23T22:59:59-04:00
Sobeys,8130540,Extra Virgin Olive Oil,12.99,2026-09-17T00:00:00-04:00,2026-09-23T22:59:59-04:00
Sobeys,8130540,"Chicken Wings, Fillets or Chunks or Eat Well Gluten Free Breaded Chicken Burgers, Strips or Nuggets",9.99,2026-09-17T00:00:00-04:00,2026-09-23T22:59:59-04:00
Sobeys,8130540,TAYLOR FARMS Salad Kits,4.44,2026-09-17T00:00:00-04:00,2026-09-23T22:59:59-04:00
Sobeys,8130540,Sugar,2.49,2026-09-17T00:00:00-04:00,2026-09-23T22:59:59-04:00
Sobeys,8130540,Fresh Mussels,2.69,2026-09-17T00:00:00-04:00,2026-09-23T22:59:59-04:00
Sobeys,8130540,Fresh Atlantic Salmon Tails,8.99,2026-09-17T00:00:00-04:00,2026-09-23T22:59:59-04:00
Sobeys,8130540,COMPLIMENTS Rainbow Peppers,3.99,2026-09-17T00:00:00-04:00,2026-09-23T22:59:59-04:00
Sobeys,8130540,Land-Raised Fresh Atlantic Salmon Fillets,16.99,2026-09-17T00:00:00-04:00,2026-09-23T22:59:59-04:00
Sobeys,8130540,Sidekicks,2.99,2026-09-17T00:00:00-04:00,2026-09-23T22:59:59-04:00
Sobeys,8130540,CHRIS BROTHERS Mild or Hot Pepperoni,2.79,2026-09-17T00:00:00-04:00,2026-09-23T22:59:59-04:00
Sobeys,8130540,Chili Crisp Popcorn Chicken Poutine,4.99,2026-09-17T00:00:00-04:00,2026-09-23T22:59:59-04:00
Sobeys,8130540,Chicken Alfredo Chili Crisp Flatbread or Selected,7.0,2026-09-17T00:00:00-04:00,2026-09-23T22:59:59-04:00
Sobeys,8130540,Danishes,3.99,2026-09-17T00:00:00-04:00,2026-09-23T22:59:59-04:00
Sobeys,8130540,Single Serve Coffee Pods,39.99,2026-09-17T00:00:00-04:00,2026-09-23T22:59:59-04:00
Sobeys,8130540,COMPLIMENTS Natural Ingredients Sliced Meats,6.99,2026-09-17T00:00:00-04:00,2026-09-23T22:59:59-04:00
Sobeys,8130540,COMPLIMENTS Jam,4.88,2026-09-17T00:00:00-04:00,2026-09-23T22:59:59-04:00
Sobeys,8130540,Fruit Flan,18.88,2026-09-17T00:00:00-04:00,2026-09-23T22:59:59-04:00
Sobeys,8130540,Butter Sticks,8.49,2026-09-17T00:00:00-04:00,2026-09-23T22:59:59-04:00
Sobeys,8130540,DARE RealFruit Candy,2.99,2026-09-17T00:00:00-04:00,2026-09-23T22:59:59-04:00
Sobeys,8130540,COMPLIMENTS Bagels,3.0,2026-09-17T00:00:00-04:00,2026-09-23T22:59:59-04:00
Sobeys,8130540,"DOVE Ted Lasso Body Wash, Shampoo or Deodorant",8.99,2026-09-17T00:00:00-04:00,2026-09-23T22:59:59-04:00
Sobeys,8130540,"COLGATE Total or CREST 3D White Toothpaste, ORAL-B or COLGATE Toothbrushes or Floss",4.49,2026-09-17T00:00:00-04:00,2026-09-23T22:59:59-04:00
Sobeys,8130540,Popcorn,9.0,2026-09-17T00:00:00-04:00,2026-09-23T22:59:59-04:00
Sobeys,8130540,Candy,1.19,2026-09-17T00:00:00-04:00,2026-09-23T22:59:59-04:00
Sobeys,8130540,"COMPLIMENTS Apple, Apple Crumble, Pumpkin Pie or Crumb Cakes",6.99,2026-09-17T00:00:00-04:00,2026-09-23T22:59:59-04:00
Sobeys,8130540,COMPLIMENTS Navel Oranges,3.99,2026-09-17T00:00:00-04:00,2026-09-23T22:59:59-04:00
Sobeys,8130540,Quinoa Gourmet,6.29,2026-09-17T00:00:00-04:00,2026-09-23T22:59:59-04:00
Sobeys,8130540,Bagged Chocolate,5.49,2026-09-17T00:00:00-04:00,2026-09-23T22:59:59-04:00
Sobeys,8130540,Pizza Pops,6.99,2026-09-17T00:00:00-04:00,2026-09-23T22:59:59-04:00
Sobeys,8130540,Sausage Meat,6.0,2026-09-17T00:00:00-04:00,2026-09-23T22:59:59-04:00
Sobeys,8130540,CHEETOS,9.0,2026-09-17T00:00:00-04:00,2026-09-23T22:59:59-04:00
Sobeys,8130540,KRAFT Pasta Salad,5.0,2026-09-17T00:00:00-04:00,2026-09-23T22:59:59-04:00
Sobeys,8130540,COMPLIMENTS White or Whole Wheat Bread,2.89,2026-09-17T00:00:00-04:00,2026-09-23T22:59:59-04:00
Sobeys,8130540,Snacks,2.99,2026-09-17T00:00:00-04:00,2026-09-23T22:59:59-04:00
Sobeys,8130540,Crepes,9.99,2026-09-17T00:00:00-04:00,2026-09-23T22:59:59-04:00
Sobeys,8130540,HEALTHY CHOICE Gourmet Steamers,4.99,2026-09-17T00:00:00-04:00,2026-09-23T22:59:59-04:00
Sobeys,8130540,"Strudel Fingers, Turnovers or Mini Strudel",3.99,2026-09-17T00:00:00-04:00,2026-09-23T22:59:59-04:00
Walmart,8129940,Kotex ultra thin pads,10.97,2026-09-17T00:00:00-04:00,2026-09-23T23:59:59-04:00
Walmart,8129940,"Toddlers' long-sleeved tee, leggings or joggers",4.0,2026-09-17T00:00:00-04:00,2026-09-23T23:59:59-04:00
Walmart,8129940,Lou's Kitchen fully cooked entrees,9.88,2026-09-17T00:00:00-04:00,2026-09-23T23:59:59-04:00
Walmart,8129940,Olivieri fresh pasta,4.97,2026-09-17T00:00:00-04:00,2026-09-23T23:59:59-04:00
Walmart,8129940,Yoplait Minigo 6 x 60 g yogurt,2.47,2026-09-17T00:00:00-04:00,2026-09-23T23:59:59-04:00
Walmart,8129940,Robin Hood or Five Roses flour,11.97,2026-09-17T00:00:00-04:00,2026-09-23T23:59:59-04:00
Walmart,8129940,Haesong seaweed snack,9.98,2026-09-17T00:00:00-04:00,2026-09-23T23:59:59-04:00
Walmart,8129940,Abalone gift box,12.98,2026-09-17T00:00:00-04:00,2026-09-23T23:59:59-04:00
Walmart,8129940,Swiss Chalet pies,8.98,2026-09-17T00:00:00-04:00,2026-09-23T23:59:59-04:00
Walmart,8129940,Gerber Puffs and Crunches,2.64,2026-09-17T00:00:00-04:00,2026-09-23T23:59:59-04:00
Walmart,8129940,Rascals premium value pack diapers,38.88,2026-09-17T00:00:00-04:00,2026-09-23T23:59:59-04:00
Walmart,8129940,Searay steaks,4.98,2026-09-17T00:00:00-04:00,2026-09-23T23:59:59-04:00
Walmart,8129940,Parent's Choice training pants,24.94,2026-09-17T00:00:00-04:00,2026-09-23T23:59:59-04:00
Walmart,8129940,Tylenol Muscle & Body or Arthritis pain relief,20.67,2026-09-17T00:00:00-04:00,2026-09-23T23:59:59-04:00
Walmart,8129940,Cheetos snacks,3.97,2026-09-17T00:00:00-04:00,2026-09-23T23:59:59-04:00
Walmart,8129940,Bulk sweet potatoes,1.44,2026-09-17T00:00:00-04:00,2026-09-23T23:59:59-04:00
Walmart,8129940,Safety 1st Turn and Go 360° rotating all-in-one convertible car seat,429.0,2026-09-17T00:00:00-04:00,2026-09-23T23:59:59-04:00
Walmart,8129940,Oîkos Greek yogurt tubs,6.46,2026-09-17T00:00:00-04:00,2026-09-23T23:59:59-04:00
Walmart,8129940,Special Kitty health monitoring cat litter,16.97,2026-09-17T00:00:00-04:00,2026-09-23T23:59:59-04:00
Walmart,8129940,"MERACH 2.5HP Folding Treadmill with Incline, Fitness Treadmill for Home with APP, 0.8-7.5MPH, LED Display",430.99,2026-09-17T00:00:00-04:00,2026-09-23T23:59:59-04:00
Walmart,8129940,Your Fresh Market™ McIntosh apples,4.98,2026-09-17T00:00:00-04:00,2026-09-23T23:59:59-04:00
Walmart,8129940,M&M's family size chocolate,6.98,2026-09-17T00:00:00-04:00,2026-09-23T23:59:59-04:00
Walmart,8129940,Our Finest appetizers,12.84,2026-09-17T00:00:00-04:00,2026-09-23T23:59:59-04:00
Walmart,8129940,Hereford corned beef,3.47,2026-09-17T00:00:00-04:00,2026-09-23T23:59:59-04:00
Walmart,8129940,Napa or flat cabbage,1.97,2026-09-17T00:00:00-04:00,2026-09-23T23:59:59-04:00
Walmart,8129940,Sitara naan bites,3.67,2026-09-17T00:00:00-04:00,2026-09-23T23:59:59-04:00
Walmart,8129940,Tena overnight underwear 18s,28.97,2026-09-17T00:00:00-04:00,2026-09-23T23:59:59-04:00
Walmart,8129940,Melona ice bars,4.98,2026-09-17T00:00:00-04:00,2026-09-23T23:59:59-04:00
Walmart,8129940,"KingChii 3-Burner 28"" Propane Griddle with Hard Cover for Camping, Tailgating, BBQ, Parties, Backyard & Patio",298.99,2026-09-17T00:00:00-04:00,2026-09-23T23:59:59-04:00
Walmart,8129940,3-Minute Chow Mein 454 g,1.77,2026-09-17T00:00:00-04:00,2026-09-23T23:59:59-04:00
Walmart,8129940,Squishmallows HugMees Spidey plush,17.97,2026-09-17T00:00:00-04:00,2026-09-23T23:59:59-04:00
Walmart,8129940,Terra Delyssa extra virgin olive oil,11.97,2026-09-17T00:00:00-04:00,2026-09-23T23:59:59-04:00
Walmart,8129940,Aleva Naturals newborn care set,25.47,2026-09-17T00:00:00-04:00,2026-09-23T23:59:59-04:00
Walmart,8129940,Swiss Chalet fully cooked pork back ribs,10.76,2026-09-17T00:00:00-04:00,2026-09-23T23:59:59-04:00
Walmart,8129940,Dare Veggie Crisps,2.48,2026-09-17T00:00:00-04:00,2026-09-23T23:59:59-04:00
Walmart,8129940,Great Value bacon,5.47,2026-09-17T00:00:00-04:00,2026-09-23T23:59:59-04:00
Walmart,8129940,"Febreze Air spray, bathroom or car air fresheners",3.77,2026-09-17T00:00:00-04:00,2026-09-23T23:59:59-04:00
Walmart,8129940,Enfamil A+ NeuroPro or NeuroPro Gentlease powder formula,49.97,2026-09-17T00:00:00-04:00,2026-09-23T23:59:59-04:00
Walmart,8129940,TheraBreath oral rinse,13.47,2026-09-17T00:00:00-04:00,2026-09-23T23:59:59-04:00
Walmart,8129940,Tokimi noodles or Siwin dumplings,3.98,2026-09-17T00:00:00-04:00,2026-09-23T23:59:59-04:00
Walmart,8129940,Dawn dish soap,2.46,2026-09-17T00:00:00-04:00,2026-09-23T23:59:59-04:00
Walmart,8129940,Kopiko instant coffee 840 g or Trensité whole milk powder 500 g,8.98,2026-09-17T00:00:00-04:00,2026-09-23T23:59:59-04:00
Walmart,8129940,"RNRUO 15.6"" Laptop Computer, 8GB RAM 256GB SSD, Intel Pentium Gold 6500Y with 2 Cores Up to 3.4GHz, Full HD Display, Office 2024, WiFi5 BT5.0, Window 11 for Business, Student, Pink",303.99,2026-09-17T00:00:00-04:00,2026-09-23T23:59:59-04:00
Walmart,8129940,"Gyrocopters Zeno 2.0 Electric Scooter | 32 km/h Max Speed | Up to 40 km Range | UL2272 Approved | 500W Motor (Peak Power) |Shock-Absorbing Adjustable Seat | Anti-Theft GPS | All-Terrain 14"" Tires",399.96,2026-09-17T00:00:00-04:00,2026-09-23T23:59:59-04:00
Walmart,8129940,Dao Xiang Cun old-fashioned mooncakes,9.98,2026-09-17T00:00:00-04:00,2026-09-23T23:59:59-04:00
Walmart,8129940,H&H mango bites,6.98,2026-09-17T00:00:00-04:00,2026-09-23T23:59:59-04:00
Walmart,8129940,Pepto Bismol,7.97,2026-09-17T00:00:00-04:00,2026-09-23T23:59:59-04:00
Walmart,8129940,Great Value frozen meat or seafood value pack,9.98,2026-09-17T00:00:00-04:00,2026-09-23T23:59:59-04:00
Walmart,8129940,Cascade ActionPacs dishwasher detergent,19.97,2026-09-17T00:00:00-04:00,2026-09-23T23:59:59-04:00
Walmart,8129940,"Glade scented 3-wick candle, Plugin Plus starter kit or refills 2-pack",8.97,2026-09-17T00:00:00-04:00,2026-09-23T23:59:59-04:00
Walmart,8129940,Huggies 6x wipes,23.94,2026-09-17T00:00:00-04:00,2026-09-23T23:59:59-04:00
Walmart,8129940,Garnier Nutrisse hair colour,10.22,2026-09-17T00:00:00-04:00,2026-09-23T23:59:59-04:00
Walmart,8129940,Enfamil A+ NeuroPro or NeuroPro Gentlease ready-to-feed,87.97,2026-09-17T00:00:00-04:00,2026-09-23T23:59:59-04:00
Walmart,8129940,Scrubbing Bubbles bathroom cleaners,4.47,2026-09-17T00:00:00-04:00,2026-09-23T23:59:59-04:00
Walmart,8129940,George Kids' or toddlers' fashion boots,29.0,2026-09-17T00:00:00-04:00,2026-09-23T23:59:59-04:00
Walmart,8129940,Durex Intensity condoms,10.97,2026-09-17T00:00:00-04:00,2026-09-23T23:59:59-04:00
Walmart,8129940,Ozark Trail Men's boots,39.0,2026-09-17T00:00:00-04:00,2026-09-23T23:59:59-04:00
Walmart,8129940,Rascals premium superpack diapers,21.88,2026-09-17T00:00:00-04:00,2026-09-23T23:59:59-04:00
Walmart,8129940,Ensure or Glucerna meal replacement drinks,11.97,2026-09-17T00:00:00-04:00,2026-09-23T23:59:59-04:00
Walmart,8129940,Glucerna meal replacement drinks,11.97,2026-09-17T00:00:00-04:00,2026-09-23T23:59:59-04:00
Walmart,8129940,Children's Advil 100 mL or Advil pediatric drops 24 mL,9.17,2026-09-17T00:00:00-04:00,2026-09-23T23:59:59-04:00
Walmart,8129940,Pomelo,3.28,2026-09-17T00:00:00-04:00,2026-09-23T23:59:59-04:00
Walmart,8129940,Adults' suede slippers,25.0,2026-09-17T00:00:00-04:00,2026-09-23T23:59:59-04:00
Walmart,8129940,"Steelite 21V Cordless Leaf Blower,120 MPH 480 CFM,Electric Lightweight Blower with 4.0Ah Battery Pack and Charger,for Lawn Care, Patio Cleaning, Blowing Leaves and Dust",55.99,2026-09-17T00:00:00-04:00,2026-09-23T23:59:59-04:00
Walmart,8129940,Restored Samsung Galaxy S24 5G Unlocked Smartphone Like New,419.49,2026-09-17T00:00:00-04:00,2026-09-23T23:59:59-04:00
Walmart,8129940,"Great Value ECO 10"" dinner plates 125s",17.93,2026-09-17T00:00:00-04:00,2026-09-23T23:59:59-04:00
Walmart,8129940,Avocados,4.98,2026-09-17T00:00:00-04:00,2026-09-23T23:59:59-04:00
Walmart,8129940,Fleecy fabric softener,10.97,2026-09-17T00:00:00-04:00,2026-09-23T23:59:59-04:00
Walmart,8129940,Swiss Chalet fully cooked pork back ribs,10.76,2026-09-17T00:00:00-04:00,2026-09-23T23:59:59-04:00
Walmart,8129940,Stove Top stuffing mix,1.27,2026-09-17T00:00:00-04:00,2026-09-23T23:59:59-04:00
Walmart,8129940,Flannel sleep pants,14.0,2026-09-17T00:00:00-04:00,2026-09-23T23:59:59-04:00
Walmart,8129940,Trojan condoms,18.97,2026-09-17T00:00:00-04:00,2026-09-23T23:59:59-04:00
Walmart,8129940,Great Value 12-oz. coffee cups,9.96,2026-09-17T00:00:00-04:00,2026-09-23T23:59:59-04:00
Walmart,8129940,"KingChii 3-Burner 28"" Propane Griddle with Hard Cover for Camping, Tailgating, BBQ, Parties, Backyard & Patio",298.99,2026-09-17T00:00:00-04:00,2026-09-23T23:59:59-04:00
Walmart,8129940,Ocean Spray cranberry sauce,1.57,2026-09-17T00:00:00-04:00,2026-09-23T23:59:59-04:00
Walmart,8129940,Tylenol liquid gels,16.34,2026-09-17T00:00:00-04:00,2026-09-23T23:59:59-04:00
Walmart,8129940,"Lysol toilet bowl cleaner 2 x 710 mL, disinfectant spray 539 g, wipes 75s or laundry disinfectant 1.2 L",6.97,2026-09-17T00:00:00-04:00,2026-09-23T23:59:59-04:00
Walmart,8129940,Nestlé Real Dairy confectioneries,5.48,2026-09-17T00:00:00-04:00,2026-09-23T23:59:59-04:00
Walmart,8129940,Kettle Brand chips,2.88,2026-09-17T00:00:00-04:00,2026-09-23T23:59:59-04:00
Walmart,8129940,Kotex ultra thin pads,10.97,2026-09-17T00:00:00-04:00,2026-09-23T23:59:59-04:00
Walmart,8129940,Pampers superpack diapers,28.98,2026-09-17T00:00:00-04:00,2026-09-23T23:59:59-04:00
Walmart,8129940,Fibre 1 bars,9.94,2026-09-17T00:00:00-04:00,2026-09-23T23:59:59-04:00
Walmart,8129940,Gain laundry detergent,13.97,2026-09-17T00:00:00-04:00,2026-09-23T23:59:59-04:00
Walmart,8129940,Pantene Pro-V shampoo 820 mL,11.96,2026-09-17T00:00:00-04:00,2026-09-23T23:59:59-04:00
Walmart,8129940,L'Oréal Paris Hair Expertise shampoo,5.98,2026-09-17T00:00:00-04:00,2026-09-23T23:59:59-04:00
Walmart,8129940,Similac 360 Total Care step 1 or 2 ready-to-feed formula,73.98,2026-09-17T00:00:00-04:00,2026-09-23T23:59:59-04:00
Walmart,8129940,"Steelite 21V Cordless Leaf Blower,120 MPH 480 CFM,Electric Lightweight Blower with 4.0Ah Battery Pack and Charger,for Lawn Care, Patio Cleaning, Blowing Leaves and Dust",55.99,2026-09-17T00:00:00-04:00,2026-09-23T23:59:59-04:00
Walmart,8129940,"Starfrit Carbon steel 32 cm (12.5"") wok",19.97,2026-09-17T00:00:00-04:00,2026-09-23T23:59:59-04:00
Walmart,8129940,Voltaren Emulgel Extra Strength pain relieving gel,14.47,2026-09-17T00:00:00-04:00,2026-09-23T23:59:59-04:00
Walmart,8129940,Huggies 6x wipes,23.94,2026-09-17T00:00:00-04:00,2026-09-23T23:59:59-04:00
Walmart,8129940,Samyang Buldak spicy ramen,6.98,2026-09-17T00:00:00-04:00,2026-09-23T23:59:59-04:00
Walmart,8129940,Asian pears or Fuji apples,2.28,2026-09-17T00:00:00-04:00,2026-09-23T23:59:59-04:00
Walmart,8129940,Round Lab 1025 Dokdo cleanser,16.97,2026-09-17T00:00:00-04:00,2026-09-23T23:59:59-04:00
Walmart,8129940,Dabur mustard oil,7.98,2026-09-17T00:00:00-04:00,2026-09-23T23:59:59-04:00
Walmart,8129940,Long squash,1.67,2026-09-17T00:00:00-04:00,2026-09-23T23:59:59-04:00
Walmart,8129940,"TUCCI Italy SportSurge 17.3"" Laptop Backpack – Blue, Water?Resistant Fabric, Padded Laptop Sleeve, Slim Commuter Bag",44.99,2026-09-17T00:00:00-04:00,2026-09-23T23:59:59-04:00
Walmart,8129940,"RNRUO 10.1"" Android 15 Tablet, 12GB(4+8)RAM, 128GB ROM, 128GB Expand, A537PX Processor Quad-Core Processor up to 2.0GHz, WiFi 6 BT5.4, 6000mAh with Fast Charge, Dual Camera, IPS Display, Blue Gray",102.99,2026-09-17T00:00:00-04:00,2026-09-23T23:59:59-04:00
Walmart,8129940,"RNRUO 10.1"" Android 15 Tablet, 12GB(4+8)RAM, 128GB ROM, 128GB Expand, A537PX Processor Quad-Core Processor up to 2.0GHz, WiFi 6 BT5.4, 6000mAh with Fast Charge, Dual Camera, IPS Display, Blue Gray",102.99,2026-09-17T00:00:00-04:00,2026-09-23T23:59:59-04:00
Walmart,8129940,"MERACH 2.5HP Folding Treadmill with Incline, Fitness Treadmill for Home with APP, 0.8-7.5MPH, LED Display",430.99,2026-09-17T00:00:00-04:00,2026-09-23T23:59:59-04:00
Walmart,8129940,"PL Sleep Toddler Girl Three Piece Top, Pant & Short Set",17.99,2026-09-17T00:00:00-04:00,2026-09-23T23:59:59-04:00
Walmart,8129940,"RNRUO 15.6"" Laptop Computer, 8GB RAM 256GB SSD, Intel Pentium Gold 6500Y with 2 Cores Up to 3.4GHz, Full HD Display, Office 2024, WiFi5 BT5.0, Window 11 for Business, Student, Pink",303.99,2026-09-17T00:00:00-04:00,2026-09-23T23:59:59-04:00
Walmart,8129940,"PL Sleep Toddler Girl Three Piece Top, Pant & Short Set",17.99,2026-09-17T00:00:00-04:00,2026-09-23T23:59:59-04:00
Walmart,8129940,Canon PIXMA TS3720 wireless all-in-one printer,47.98,2026-09-17T00:00:00-04:00,2026-09-23T23:59:59-04:00
Walmart,8129940,Harvest kitchen accessories,2.97,2026-09-17T00:00:00-04:00,2026-09-23T23:59:59-04:00
Walmart,8129940,Halloween 3.5' – 4' inflatables,22.98,2026-09-17T00:00:00-04:00,2026-09-23T23:59:59-04:00
Walmart,8129940,Plush shorts,9.0,2026-09-17T00:00:00-04:00,2026-09-23T23:59:59-04:00
Walmart,8129940,Rascals premium superpack diapers,21.88,2026-09-17T00:00:00-04:00,2026-09-23T23:59:59-04:00
Walmart,8129940,Tylenol eZ Tabs,16.34,2026-09-17T00:00:00-04:00,2026-09-23T23:59:59-04:00
Walmart,8129940,Vileda microfibre all-purpose cloths,4.27,2026-09-17T00:00:00-04:00,2026-09-23T23:59:59-04:00
Walmart,8129940,Mr. Clean multi-surface cleaner,3.97,2026-09-17T00:00:00-04:00,2026-09-23T23:59:59-04:00
Walmart,8129940,MISTRAL 30 L Classic step can,22.97,2026-09-17T00:00:00-04:00,2026-09-23T23:59:59-04:00
Walmart,8129940,K-Express Essentials single-serve coffee maker,59.98,2026-09-17T00:00:00-04:00,2026-09-23T23:59:59-04:00
Walmart,8129940,Restored Samsung Galaxy S24 5G Unlocked Smartphone Like New,419.49,2026-09-17T00:00:00-04:00,2026-09-23T23:59:59-04:00
Walmart,8129940,Shakti pure desi ghee,9.97,2026-09-17T00:00:00-04:00,2026-09-23T23:59:59-04:00
Walmart,8129940,"TUCCI Italy SportSurge 17.3"" Laptop Backpack – Blue, Water?Resistant Fabric, Padded Laptop Sleeve, Slim Commuter Bag",44.99,2026-09-17T00:00:00-04:00,2026-09-23T23:59:59-04:00
Walmart,8129940,"Aykah Aura Queen Bed Frame, Upholstered Velvet Queen Size Bed Frame with Winged Headboard, Wood Slat Support, No Box Spring Required, Non-Slip and Noise-Free",266.0,2026-09-17T00:00:00-04:00,2026-09-23T23:59:59-04:00
Walmart,8129940,"Roborock Q7 M5+ Robot Vacuum and Mop, Upgraded from Q5 Max+, Self-Emptying, 10,000Pa Suction, Dual Anti-Tangle System for Pet Hair & Carpet, PreciSense LiDAR Navigation, App Control, Black",299.99,2026-09-17T00:00:00-04:00,2026-09-23T23:59:59-04:00
Walmart,8129940,"Aykah Aura Queen Bed Frame, Upholstered Velvet Queen Size Bed Frame with Winged Headboard, Wood Slat Support, No Box Spring Required, Non-Slip and Noise-Free",266.0,2026-09-17T00:00:00-04:00,2026-09-23T23:59:59-04:00
Walmart,8129940,Jamieson value size vitamin B12 or K2+D3,15.97,2026-09-17T00:00:00-04:00,2026-09-23T23:59:59-04:00
Walmart,8129940,"Glade scented 3-wick candle, Plugins Scented Oil Plus starter kit or refills 2-pack",8.97,2026-09-17T00:00:00-04:00,2026-09-23T23:59:59-04:00
Walmart,8129940,Cadbury Dairy Milk chocolate bar,2.62,2026-09-17T00:00:00-04:00,2026-09-23T23:59:59-04:00
Walmart,8129940,Charmin bathroom tissue 12 = 48 rolls,14.98,2026-09-17T00:00:00-04:00,2026-09-23T23:59:59-04:00
Walmart,8129940,Royale Ultra Strength paper towels,8.47,2026-09-17T00:00:00-04:00,2026-09-23T23:59:59-04:00
Walmart,8129940,Our Finest appetizers or meatballs,12.84,2026-09-17T00:00:00-04:00,2026-09-23T23:59:59-04:00
Walmart,8129940,Dole pineapples,1.97,2026-09-17T00:00:00-04:00,2026-09-23T23:59:59-04:00
Walmart,8129940,Monster Energy drink,2.48,2026-09-17T00:00:00-04:00,2026-09-23T23:59:59-04:00
Walmart,8129940,Gain laundry detergent,13.97,2026-09-17T00:00:00-04:00,2026-09-23T23:59:59-04:00
Walmart,8129940,Dragon fruit,2.28,2026-09-17T00:00:00-04:00,2026-09-23T23:59:59-04:00
Walmart,8129940,Mooncake with two egg yolks and lotus seed,9.98,2026-09-17T00:00:00-04:00,2026-09-23T23:59:59-04:00
Walmart,8129940,"Safety 1st lift, lock and swing baby gate",59.97,2026-09-17T00:00:00-04:00,2026-09-23T23:59:59-04:00
Walmart,8129940,Cesar wet dog food,8.48,2026-09-17T00:00:00-04:00,2026-09-23T23:59:59-04:00
Walmart,8129940,Tylenol Extra Strength,11.97,2026-09-17T00:00:00-04:00,2026-09-23T23:59:59-04:00
Walmart,8129940,Sakura sushi rice,12.98,2026-09-17T00:00:00-04:00,2026-09-23T23:59:59-04:00
Walmart,8129940,Dao Xiang Cun jujube mooncake,6.98,2026-09-17T00:00:00-04:00,2026-09-23T23:59:59-04:00
Walmart,8129940,Finute shrimp chips,6.98,2026-09-17T00:00:00-04:00,2026-09-23T23:59:59-04:00
Walmart,8129940,Nongshim 4-pack or KSF 5-pack noodles,3.98,2026-09-17T00:00:00-04:00,2026-09-23T23:59:59-04:00
Walmart,8129940,Haesong seaweed snack,9.98,2026-09-17T00:00:00-04:00,2026-09-23T23:59:59-04:00
Walmart,8129940,Sitara white or whole wheat roti,3.77,2026-09-17T00:00:00-04:00,2026-09-23T23:59:59-04:00
Walmart,8129940,Revolution Nutrition Iso Whey protein powder,40.47,2026-09-17T00:00:00-04:00,2026-09-23T23:59:59-04:00
Walmart,8129940,Baby Jogger City Go infant car seat,349.98,2026-09-17T00:00:00-04:00,2026-09-23T23:59:59-04:00
Walmart,8129940,Kids' licensed underwear,12.0,2026-09-17T00:00:00-04:00,2026-09-23T23:59:59-04:00
Walmart,8129940,Gerber multigrain baby cereal,4.84,2026-09-17T00:00:00-04:00,2026-09-23T23:59:59-04:00
Walmart,8129940,Sesame Street multivitamins or omega-3 gummies,15.97,2026-09-17T00:00:00-04:00,2026-09-23T23:59:59-04:00
Walmart,8129940,Dao Xiang Cun nut mooncake,6.98,2026-09-17T00:00:00-04:00,2026-09-23T23:59:59-04:00
Walmart,8129940,Philadelphia cream cheese,3.97,2026-09-17T00:00:00-04:00,2026-09-23T23:59:59-04:00
Walmart,8129940,George Flannel shorts,9.0,2026-09-17T00:00:00-04:00,2026-09-23T23:59:59-04:00
Walmart,8129940,Special Kitty health monitoring cat litter,16.97,2026-09-17T00:00:00-04:00,2026-09-23T23:59:59-04:00
Walmart,8129940,Great Value scrub sponges,9.97,2026-09-17T00:00:00-04:00,2026-09-23T23:59:59-04:00
Walmart,8129940,George Graphic tee,5.0,2026-09-17T00:00:00-04:00,2026-09-23T23:59:59-04:00
Walmart,8129940,Vileda Oskar Broom or Super Twist mop,11.47,2026-09-17T00:00:00-04:00,2026-09-23T23:59:59-04:00
Walmart,8129940,O'Tasty dumplings,4.98,2026-09-17T00:00:00-04:00,2026-09-23T23:59:59-04:00
Walmart,8129940,Melona ice bars,4.98,2026-09-17T00:00:00-04:00,2026-09-23T23:59:59-04:00
Walmart,8129940,Premier Protein shakes,11.67,2026-09-17T00:00:00-04:00,2026-09-23T23:59:59-04:00
Walmart,8129940,Spidey and His Amazing Friends Symbie Factory playset,39.93,2026-09-17T00:00:00-04:00,2026-09-23T23:59:59-04:00
Walmart,8129940,Decorative regular mouth 500 mL or 250 mL Mason jars with lids and bands,14.97,2026-09-17T00:00:00-04:00,2026-09-23T23:59:59-04:00
Walmart,8129940,Kewpie mayonnaise 450 g,5.98,2026-09-17T00:00:00-04:00,2026-09-23T23:59:59-04:00
Walmart,8129940,Children's Advil 100 mL or Advil pediatric drops 24 mL,9.17,2026-09-17T00:00:00-04:00,2026-09-23T23:59:59-04:00
Walmart,8129940,Maple Leaf Prime raised without antibiotics boneless skinless chicken breasts 3-piece,6.34,2026-09-17T00:00:00-04:00,2026-09-23T23:59:59-04:00
Walmart,8129940,Windex trigger spray cleaner,4.47,2026-09-17T00:00:00-04:00,2026-09-23T23:59:59-04:00
Walmart,8129940,Sunrise extra firm tofu,3.44,2026-09-17T00:00:00-04:00,2026-09-23T23:59:59-04:00
Walmart,8129940,Delicious Kitchen jasmine rice,14.88,2026-09-17T00:00:00-04:00,2026-09-23T23:59:59-04:00
Walmart,8129940,M&M's family size chocolate,6.98,2026-09-17T00:00:00-04:00,2026-09-23T23:59:59-04:00
Walmart,8129940,Joe's Tasty Travels cashews or pistachios,7.0,2026-09-17T00:00:00-04:00,2026-09-23T23:59:59-04:00
Walmart,8129940,Philadelphia cream cheese,3.97,2026-09-17T00:00:00-04:00,2026-09-23T23:59:59-04:00
Walmart,8129940,Picnic pork roast,2.48,2026-09-17T00:00:00-04:00,2026-09-23T23:59:59-04:00
Walmart,8129940,Affresh washing machine cleaners,7.97,2026-09-17T00:00:00-04:00,2026-09-23T23:59:59-04:00
Walmart,8129940,Harvest kitchen accessories,2.97,2026-09-17T00:00:00-04:00,2026-09-23T23:59:59-04:00
Walmart,8129940,Pepto Bismol,7.97,2026-09-17T00:00:00-04:00,2026-09-23T23:59:59-04:00
Walmart,8129940,Little Green Mini carpet and upholstery cleaner,84.98,2026-09-17T00:00:00-04:00,2026-09-23T23:59:59-04:00
Walmart,8129940,Kadoya sesame oil 327 mL,5.98,2026-09-17T00:00:00-04:00,2026-09-23T23:59:59-04:00
Walmart,8129940,Tokimi butterfly crispy palmier gift box,12.98,2026-09-17T00:00:00-04:00,2026-09-23T23:59:59-04:00
Walmart,8129940,Joe's Tasty Travels cashews or pistachios,7.0,2026-09-17T00:00:00-04:00,2026-09-23T23:59:59-04:00
Walmart,8129940,Red or green seedless grapes,3.84,2026-09-17T00:00:00-04:00,2026-09-23T23:59:59-04:00
Walmart,8129940,Lou's Kitchen fully cooked entrees,9.88,2026-09-17T00:00:00-04:00,2026-09-23T23:59:59-04:00
Walmart,8129940,Cavendish onion rings,2.97,2026-09-17T00:00:00-04:00,2026-09-23T23:59:59-04:00
Walmart,8129940,Lysol disinfectant spray,6.97,2026-09-17T00:00:00-04:00,2026-09-23T23:59:59-04:00
Walmart,8129940,Lactantia margarine 427 g or garlic butter 125 g,2.98,2026-09-17T00:00:00-04:00,2026-09-23T23:59:59-04:00
Walmart,8129940,Febreze Air air freshener spray,3.77,2026-09-17T00:00:00-04:00,2026-09-23T23:59:59-04:00
Walmart,8129940,Parent's Choice training pants,24.94,2026-09-17T00:00:00-04:00,2026-09-23T23:59:59-04:00
Walmart,8129940,Spider-Man 3-wheeled LED scooter,59.97,2026-09-17T00:00:00-04:00,2026-09-23T23:59:59-04:00
Walmart,8129940,Goldfish crackers,2.48,2026-09-17T00:00:00-04:00,2026-09-23T23:59:59-04:00
Walmart,8129940,Charmin bathroom tissue 12 = 48 rolls,14.98,2026-09-17T00:00:00-04:00,2026-09-23T23:59:59-04:00
Walmart,8129940,Advil Liqui-Gels value pack,24.63,2026-09-17T00:00:00-04:00,2026-09-23T23:59:59-04:00
Walmart,8129940,Activia probiotic drinkable yogurt,4.47,2026-09-17T00:00:00-04:00,2026-09-23T23:59:59-04:00
Walmart,8129940,LEGO Marvel Spidey on his Motorcycle vs. Rhino construction set,12.86,2026-09-17T00:00:00-04:00,2026-09-23T23:59:59-04:00
Walmart,8129940,Goldfish crackers,2.48,2026-09-17T00:00:00-04:00,2026-09-23T23:59:59-04:00
Walmart,8129940,Maple Leaf fresh air-chilled boneless skinless chicken thighs 12-pack,7.75,2026-09-17T00:00:00-04:00,2026-09-23T23:59:59-04:00
Walmart,8129940,Searay Basa fillets,4.98,2026-09-17T00:00:00-04:00,2026-09-23T23:59:59-04:00
Walmart,8129940,Bakeware,7.97,2026-09-17T00:00:00-04:00,2026-09-23T23:59:59-04:00
Walmart,8129940,SKIN1004 Madagascar Centella light cleansing oil 200 mL,20.78,2026-09-17T00:00:00-04:00,2026-09-23T23:59:59-04:00
Walmart,8129940,Dr. Oetker Ristorante or Casa di Mama frozen pizza,3.98,2026-09-17T00:00:00-04:00,2026-09-23T23:59:59-04:00
Walmart,8129940,Jamieson value size vitamin B12,15.97,2026-09-17T00:00:00-04:00,2026-09-23T23:59:59-04:00
Walmart,8129940,Huggies Pull-Ups superpack training pants,28.78,2026-09-17T00:00:00-04:00,2026-09-23T23:59:59-04:00
Walmart,8129940,Halls lozenges,8.38,2026-09-17T00:00:00-04:00,2026-09-23T23:59:59-04:00
Walmart,8129940,Notched-collar sleep set,25.0,2026-09-17T00:00:00-04:00,2026-09-23T23:59:59-04:00
Walmart,8129940,HALO® BassiNest Flex™ baby bassinet bedside sleeper,125.0,2026-09-17T00:00:00-04:00,2026-09-23T23:59:59-04:00
Walmart,8129940,Munchkin Miracle 360 toddler sippy cup,8.47,2026-09-17T00:00:00-04:00,2026-09-23T23:59:59-04:00
Walmart,8129940,Reunion lava or lava custard mooncakes,16.98,2026-09-17T00:00:00-04:00,2026-09-23T23:59:59-04:00
Walmart,8129940,Tena Super briefs 26s or overnight underwear 18s,28.97,2026-09-17T00:00:00-04:00,2026-09-23T23:59:59-04:00
Walmart,8129940,Fleecy fabric softener,10.97,2026-09-17T00:00:00-04:00,2026-09-23T23:59:59-04:00
Walmart,8129940,Febreze Air air freshener spray,3.77,2026-09-17T00:00:00-04:00,2026-09-23T23:59:59-04:00
Walmart,8129940,Mooncake with two egg yolks and lotus seed,9.98,2026-09-17T00:00:00-04:00,2026-09-23T23:59:59-04:00
Walmart,8129940,Maggi seasoning 800 mL,8.98,2026-09-17T00:00:00-04:00,2026-09-23T23:59:59-04:00
Walmart,8129940,Evenflo Balance+ wide neck glass bottles,36.97,2026-09-17T00:00:00-04:00,2026-09-23T23:59:59-04:00
Walmart,8129940,Gerber Puffs and Crunches baby and toddler snack,2.64,2026-09-17T00:00:00-04:00,2026-09-23T23:59:59-04:00
Walmart,8129940,Squishmallows HugMees Spidey plush,17.97,2026-09-17T00:00:00-04:00,2026-09-23T23:59:59-04:00
Walmart,8129940,Ocean Spray cranberry sauce,1.57,2026-09-17T00:00:00-04:00,2026-09-23T23:59:59-04:00
Walmart,8129940,Aroy-D coconut milk 400 mL,1.77,2026-09-17T00:00:00-04:00,2026-09-23T23:59:59-04:00
Walmart,8129940,Enfamil A+ NeuroPro Gentlease powder formula,49.97,2026-09-17T00:00:00-04:00,2026-09-23T23:59:59-04:00
Walmart,8129940,"Febreze Air spray, bathroom or car air fresheners",3.77,2026-09-17T00:00:00-04:00,2026-09-23T23:59:59-04:00
Walmart,8129940,Your Fresh Market™ beef stir fry strips,15.39,2026-09-17T00:00:00-04:00,2026-09-23T23:59:59-04:00
Walmart,8129940,Tokimi noodles or Siwin dumplings,3.98,2026-09-17T00:00:00-04:00,2026-09-23T23:59:59-04:00
Walmart,8129940,Spidey and His Amazing Friends toddlers' joggers set,22.0,2026-09-17T00:00:00-04:00,2026-09-23T23:59:59-04:00
Walmart,8129940,Finish dishwasher tabs 30s - 45s or Jet-Dry rinse aid 946 mL,13.97,2026-09-17T00:00:00-04:00,2026-09-23T23:59:59-04:00
Walmart,8129940,Downy in-wash scent booster beads,15.97,2026-09-17T00:00:00-04:00,2026-09-23T23:59:59-04:00
Walmart,8129940,Glade scented 3-wick candle or PlugIns Scented Oil air freshener starter kit,8.97,2026-09-17T00:00:00-04:00,2026-09-23T23:59:59-04:00
Walmart,8129940,Great Value lawn and leaf bags,7.47,2026-09-17T00:00:00-04:00,2026-09-23T23:59:59-04:00
Walmart,8129940,Great Value nitryl disposable gloves,8.96,2026-09-17T00:00:00-04:00,2026-09-23T23:59:59-04:00
Walmart,8129940,Dawn dish soap,2.46,2026-09-17T00:00:00-04:00,2026-09-23T23:59:59-04:00
Walmart,8129940,Scrubbing Bubbles multi-purpose or bathroom cleaners,4.47,2026-09-17T00:00:00-04:00,2026-09-23T23:59:59-04:00
Walmart,8129940,Tide Simply All-in-One liquid laundry detergent,11.97,2026-09-17T00:00:00-04:00,2026-09-23T23:59:59-04:00
Walmart,8129940,Bounce dryer sheets 200s or Mega Sheets 120s,9.97,2026-09-17T00:00:00-04:00,2026-09-23T23:59:59-04:00
Walmart,8129940,Swiffer Duster heavy duty refills,15.97,2026-09-17T00:00:00-04:00,2026-09-23T23:59:59-04:00
Walmart,8129940,Johnsonville smoked sausages,6.97,2026-09-17T00:00:00-04:00,2026-09-23T23:59:59-04:00
Walmart,8129940,Swiffer Duster heavy duty refills,15.97,2026-09-17T00:00:00-04:00,2026-09-23T23:59:59-04:00
Walmart,8129940,Eddoes,1.97,2026-09-17T00:00:00-04:00,2026-09-23T23:59:59-04:00
Walmart,8129940,Bulk jumbo carrots,1.44,2026-09-17T00:00:00-04:00,2026-09-23T23:59:59-04:00
Walmart,8129940,ChaCheer sunflower seeds,2.28,2026-09-17T00:00:00-04:00,2026-09-23T23:59:59-04:00
Walmart,8129940,Dr. Melaxin TX cream 50 mL or Cemenrete Cyano Pink Spicule serum 30 mL,33.97,2026-09-17T00:00:00-04:00,2026-09-23T23:59:59-04:00
Walmart,8129940,UFC coconut water 1 L or Kirin milk tea 1.5 L,2.98,2026-09-17T00:00:00-04:00,2026-09-23T23:59:59-04:00
Walmart,8129940,Starfrit 10-Cup rice cooker,29.97,2026-09-17T00:00:00-04:00,2026-09-23T23:59:59-04:00
Walmart,8129940,Bounce dryer sheets 200s or Mega Sheets 120s,9.97,2026-09-17T00:00:00-04:00,2026-09-23T23:59:59-04:00
Walmart,8129940,Mr. Clean multi-surface cleaner,3.97,2026-09-17T00:00:00-04:00,2026-09-23T23:59:59-04:00
Walmart,8129940,"Colgate MaxFresh 150 mL or Total 120 mL toothpaste or 360°, SlimSoft charcoal or kids' Smiles toothbrushes",3.97,2026-09-17T00:00:00-04:00,2026-09-23T23:59:59-04:00
Walmart,8129940,Takis rolled tortilla chips,2.96,2026-09-17T00:00:00-04:00,2026-09-23T23:59:59-04:00
Walmart,8129940,Fibre 1 bars or Nature Valley granola bars value pack,9.94,2026-09-17T00:00:00-04:00,2026-09-23T23:59:59-04:00
Walmart,8129940,Colgate Sensitive Pro-Relief 2 x 75 mL,7.97,2026-09-17T00:00:00-04:00,2026-09-23T23:59:59-04:00
Walmart,8129940,Mooncake with two egg yolks and lotus seed,9.98,2026-09-17T00:00:00-04:00,2026-09-23T23:59:59-04:00
Walmart,8129940,ChaCha frozen dessert,6.98,2026-09-17T00:00:00-04:00,2026-09-23T23:59:59-04:00
Walmart,8129940,Pocky strawberry or chocolate biscuit sticks,3.98,2026-09-17T00:00:00-04:00,2026-09-23T23:59:59-04:00
Walmart,8129940,J-Basket bubble tea kit 285 g or Binggrae milk drink 6 x 200 mL,6.98,2026-09-17T00:00:00-04:00,2026-09-23T23:59:59-04:00
Walmart,8129940,Reunion lava or lava custard mooncakes,16.98,2026-09-17T00:00:00-04:00,2026-09-23T23:59:59-04:00
Walmart,8129940,Tokimi roasted chestnuts,12.98,2026-09-17T00:00:00-04:00,2026-09-23T23:59:59-04:00
Walmart,8129940,Finute shrimp chips,6.98,2026-09-17T00:00:00-04:00,2026-09-23T23:59:59-04:00
Walmart,8129940,Cascade ActionPacs dishwasher detergent,19.97,2026-09-17T00:00:00-04:00,2026-09-23T23:59:59-04:00
Walmart,8129940,Graco Modes Trio 3-in-1 travel system,399.0,2026-09-17T00:00:00-04:00,2026-09-23T23:59:59-04:00
Walmart,8129940,Whiskas wet cat food single pouches,0.77,2026-09-17T00:00:00-04:00,2026-09-23T23:59:59-04:00
Walmart,8129940,Cesar wet dog food,8.48,2026-09-17T00:00:00-04:00,2026-09-23T23:59:59-04:00
Walmart,8129940,Softsoap liquid hand soap refill,5.46,2026-09-17T00:00:00-04:00,2026-09-23T23:59:59-04:00
Walmart,8129940,Garnier Nutrisse hair colour,10.22,2026-09-17T00:00:00-04:00,2026-09-23T23:59:59-04:00
Walmart,8129940,Tide Simply All-in-One liquid laundry detergent,11.97,2026-09-17T00:00:00-04:00,2026-09-23T23:59:59-04:00
Walmart,8129940,Tide Pods,28.97,2026-09-17T00:00:00-04:00,2026-09-23T23:59:59-04:00
Walmart,8129940,Notched-collar sleep set,24.0,2026-09-17T00:00:00-04:00,2026-09-23T23:59:59-04:00
Walmart,8129940,Sitara Atta whole wheat flour,9.94,2026-09-17T00:00:00-04:00,2026-09-23T23:59:59-04:00
Walmart,8129940,"Roborock Q7 M5+ Robot Vacuum and Mop, Upgraded from Q5 Max+, Self-Emptying, 10,000Pa Suction, Dual Anti-Tangle System for Pet Hair & Carpet, PreciSense LiDAR Navigation, App Control, Black",299.99,2026-09-17T00:00:00-04:00,2026-09-23T23:59:59-04:00
Walmart,8129940,IMFit 5–52.5 lb Adjustable Dumbbell Set with 2 Hand Grips & 2 Jump Ropes | Complete Home Workout Bundle | Space-Saving Home Gym Workout Equipment,209.96,2026-09-17T00:00:00-04:00,2026-09-23T23:59:59-04:00
Walmart,8129940,IMFit 5–52.5 lb Adjustable Dumbbell Set with 2 Hand Grips & 2 Jump Ropes | Complete Home Workout Bundle | Space-Saving Home Gym Workout Equipment,209.96,2026-09-17T00:00:00-04:00,2026-09-23T23:59:59-04:00
Walmart,8129940,Glade Plugins Scented Oil air freshener starter kit,8.97,2026-09-17T00:00:00-04:00,2026-09-23T23:59:59-04:00
Walmart,8129940,George Waffle sleep tee or flannel sleep pants,12.0,2026-09-17T00:00:00-04:00,2026-09-23T23:59:59-04:00
Walmart,8129940,George Waffle flannel sleep pants,12.0,2026-09-17T00:00:00-04:00,2026-09-23T23:59:59-04:00
Walmart,8129940,Old Spice deodorant or Secret Outlast antiperspirant,6.97,2026-09-17T00:00:00-04:00,2026-09-23T23:59:59-04:00
Walmart,8129940,Your Fresh Market pie,7.96,2026-09-17T00:00:00-04:00,2026-09-23T23:59:59-04:00
Walmart,8129940,Tim Hortons pumpkin spice K-Cups,10.97,2026-09-17T00:00:00-04:00,2026-09-23T23:59:59-04:00
Walmart,8129940,International Delight 369 mL seasonal edition pumpkin spice,5.88,2026-09-17T00:00:00-04:00,2026-09-23T23:59:59-04:00
Walmart,8129940,OREO maple creme cookies,2.98,2026-09-17T00:00:00-04:00,2026-09-23T23:59:59-04:00
Walmart,8129940,Starbucks pumpkin spice coffee K-Cups,10.97,2026-09-17T00:00:00-04:00,2026-09-23T23:59:59-04:00
Walmart,8129940,Cadbury treat-size chocolate bars,15.48,2026-09-17T00:00:00-04:00,2026-09-23T23:59:59-04:00
Walmart,8129940,Panda oyster sauce 510 g or Lee Kum Kee hoisin sauce 443 mL,2.98,2026-09-17T00:00:00-04:00,2026-09-23T23:59:59-04:00
Walmart,8129940,L'Oréal Paris Hair Expertise shampoo or conditioner,5.98,2026-09-17T00:00:00-04:00,2026-09-23T23:59:59-04:00
Walmart,8129940,"Nestlé Drumstick, Real Dairy confectioneries, Del Monte or Häagen-Dazs novelties or tubs",5.48,2026-09-17T00:00:00-04:00,2026-09-23T23:59:59-04:00
Walmart,8129940,Sitara beans or peas,5.38,2026-09-17T00:00:00-04:00,2026-09-23T23:59:59-04:00
Walmart,8129940,"Toddlers' long-sleeved tee, leggings or joggers",4.0,2026-09-17T00:00:00-04:00,2026-09-23T23:59:59-04:00
Walmart,8129940,Nivea body wash,4.98,2026-09-17T00:00:00-04:00,2026-09-23T23:59:59-04:00
Walmart,8129940,Verka brown cane sugar,5.24,2026-09-17T00:00:00-04:00,2026-09-23T23:59:59-04:00
Walmart,8129940,"Gyrocopters Zeno 2.0 Electric Scooter | 32 km/h Max Speed | Up to 40 km Range | UL2272 Approved | 500W Motor (Peak Power) |Shock-Absorbing Adjustable Seat | Anti-Theft GPS | All-Terrain 14"" Tires",399.96,2026-09-17T00:00:00-04:00,2026-09-23T23:59:59-04:00
Walmart,8129940,Halloween 3.5' – 4' inflatables,22.98,2026-09-17T00:00:00-04:00,2026-09-23T23:59:59-04:00
Walmart,8129940,Leclerc Célébration maple crème cookies,3.98,2026-09-17T00:00:00-04:00,2026-09-23T23:59:59-04:00
Walmart,8129940,Betty Crocker pumpkin spice cookie mix or cake mix,3.97,2026-09-17T00:00:00-04:00,2026-09-23T23:59:59-04:00
Walmart,8129940,Nestle Turtles fall assorted chocolates,15.27,2026-09-17T00:00:00-04:00,2026-09-23T23:59:59-04:00
Walmart,8129940,Great Value pumpkin spice seasoning,4.47,2026-09-17T00:00:00-04:00,2026-09-23T23:59:59-04:00
Walmart,8129940,Kellogg's Mini Wheats pumpkin spice cereal,3.97,2026-09-17T00:00:00-04:00,2026-09-23T23:59:59-04:00
Walmart,8129940,Gay Lea pumpkin spice whipped cream,3.47,2026-09-17T00:00:00-04:00,2026-09-23T23:59:59-04:00
Walmart,8129940,Selected squash,0.97,2026-09-17T00:00:00-04:00,2026-09-23T23:59:59-04:00
Walmart,8129940,Pie pumpkin,2.94,2026-09-17T00:00:00-04:00,2026-09-23T23:59:59-04:00
Walmart,8129940,Munchkin gentle transition cup,8.47,2026-09-17T00:00:00-04:00,2026-09-23T23:59:59-04:00
Walmart,8129940,Toddlers' joggers,4.0,2026-09-17T00:00:00-04:00,2026-09-23T23:59:59-04:00
Walmart,8129940,Great Value scrub sponges,9.97,2026-09-17T00:00:00-04:00,2026-09-23T23:59:59-04:00
Walmart,8129940,Ol' Roy dry dog food,27.98,2026-09-17T00:00:00-04:00,2026-09-23T23:59:59-04:00
Walmart,8129940,Oreo Cakesters soft snack cakes,4.98,2026-09-17T00:00:00-04:00,2026-09-23T23:59:59-04:00
Walmart,8129940,Ol' Roy dry dog food,27.98,2026-09-17T00:00:00-04:00,2026-09-23T23:59:59-04:00
Walmart,8129940,Kids' licensed socks,11.0,2026-09-17T00:00:00-04:00,2026-09-23T23:59:59-04:00
Walmart,8129940,Diaper Genie Essence diaper pail,49.94,2026-09-17T00:00:00-04:00,2026-09-23T23:59:59-04:00
Walmart,8129940,Spidey and His Amazing Friends Fantastic Pals figurine pack,29.97,2026-09-17T00:00:00-04:00,2026-09-23T23:59:59-04:00
Walmart,8129940,Our Finest mini stroopwafels,3.97,2026-09-17T00:00:00-04:00,2026-09-23T23:59:59-04:00
Walmart,8129940,Tokimi egg yolk pastry gift box,12.98,2026-09-17T00:00:00-04:00,2026-09-23T23:59:59-04:00
Walmart,8129940,O'Tasty dumplings,4.98,2026-09-17T00:00:00-04:00,2026-09-23T23:59:59-04:00
Walmart,8129940,Starbucks Nespresso Vertuo coffee pods,12.97,2026-09-17T00:00:00-04:00,2026-09-23T23:59:59-04:00
Walmart,8129940,Golden Happiness bun,1.42,2026-09-17T00:00:00-04:00,2026-09-23T23:59:59-04:00
Walmart,8129940,Thermos stainless steel sippy cup,14.24,2026-09-17T00:00:00-04:00,2026-09-23T23:59:59-04:00
Walmart,8129940,Great Value maple creme cookies,2.78,2026-09-17T00:00:00-04:00,2026-09-23T23:59:59-04:00
Walmart,8129940,Pillsbury pumpkin spice cookie dough,4.97,2026-09-17T00:00:00-04:00,2026-09-23T23:59:59-04:00
Walmart,8129940,Vileda Super Twist mop,11.47,2026-09-17T00:00:00-04:00,2026-09-23T23:59:59-04:00
Walmart,8129940,Great Value spring water,3.27,2026-09-17T00:00:00-04:00,2026-09-23T23:59:59-04:00
Walmart,8129940,Glad black garbage bags,10.97,2026-09-17T00:00:00-04:00,2026-09-23T23:59:59-04:00
Walmart,8129940,Finish dishwasher tabs 30s - 45s or Jet-Dry rinse aid 946 mL,13.97,2026-09-17T00:00:00-04:00,2026-09-23T23:59:59-04:00
Walmart,8129940,Tide Pods,28.97,2026-09-17T00:00:00-04:00,2026-09-23T23:59:59-04:00
Walmart,8129940,Samyang Buldak spicy ramen,6.98,2026-09-17T00:00:00-04:00,2026-09-23T23:59:59-04:00
Walmart,8129940,Nongshim 4-pack or KSF 5-pack noodles,3.98,2026-09-17T00:00:00-04:00,2026-09-23T23:59:59-04:00
Walmart,8129940,Lee Kum Kee chicken bouillon powder 1 kg,8.98,2026-09-17T00:00:00-04:00,2026-09-23T23:59:59-04:00
Walmart,8129940,Johnsonville smoked sausages,6.97,2026-09-17T00:00:00-04:00,2026-09-23T23:59:59-04:00
Walmart,8129940,Panda oyster sauce 510 g or Lee Kum Kee hoisin sauce 443 mL,2.98,2026-09-17T00:00:00-04:00,2026-09-23T23:59:59-04:00
Walmart,8129940,Stove Top stuffing mix,1.27,2026-09-17T00:00:00-04:00,2026-09-23T23:59:59-04:00
Walmart,8129940,Windex trigger spray cleaner,4.47,2026-09-17T00:00:00-04:00,2026-09-23T23:59:59-04:00
Walmart,8129940,Old Spice deodorant or Secret Outlast antiperspirant,6.97,2026-09-17T00:00:00-04:00,2026-09-23T23:59:59-04:00
Walmart,8129940,Whisperluxe crew-neck nightshirt,12.0,2026-09-17T00:00:00-04:00,2026-09-23T23:59:59-04:00
Walmart,8129940,Spidey and His Amazing Friends Rescue-Webs fire truck,49.93,2026-09-17T00:00:00-04:00,2026-09-23T23:59:59-04:00
Walmart,8129940,Men's boots,39.0,2026-09-17T00:00:00-04:00,2026-09-23T23:59:59-04:00
Walmart,8129940,Toddlers' 2-piece velour sleep sets,10.0,2026-09-17T00:00:00-04:00,2026-09-23T23:59:59-04:00
Walmart,8129940,Huggies Pull-Ups superpack training pants,28.78,2026-09-17T00:00:00-04:00,2026-09-23T23:59:59-04:00
Walmart,8129940,Starbucks Nespresso Vertuo coffee pods,12.97,2026-09-17T00:00:00-04:00,2026-09-23T23:59:59-04:00
Walmart,8129940,Guava,3.98,2026-09-17T00:00:00-04:00,2026-09-23T23:59:59-04:00
Walmart,8129940,Sesame Street multivitamins or omega-3 gummies,15.97,2026-09-17T00:00:00-04:00,2026-09-23T23:59:59-04:00
Walmart,8129940,George Women's fashion boots,39.0,2026-09-17T00:00:00-04:00,2026-09-23T23:59:59-04:00
Walmart,8129940,Advil Liqui-Gels,13.83,2026-09-17T00:00:00-04:00,2026-09-23T23:59:59-04:00
Walmart,8129940,Equate high protein meal replacement shakes,10.97,2026-09-17T00:00:00-04:00,2026-09-23T23:59:59-04:00
Walmart,8129940,Infants' or toddlers' 2-piece velour sleep sets.,10.0,2026-09-17T00:00:00-04:00,2026-09-23T23:59:59-04:00
Walmart,8129940,Revolution Nutrition Iso Whey protein powder,40.47,2026-09-17T00:00:00-04:00,2026-09-23T23:59:59-04:00
Walmart,8129940,Dare Ultimate maple cream cookies,2.98,2026-09-17T00:00:00-04:00,2026-09-23T23:59:59-04:00
Walmart,8129940,Softsoap liquid hand soap refill,5.46,2026-09-17T00:00:00-04:00,2026-09-23T23:59:59-04:00
Walmart,8129940,Takis rolled tortilla chips,2.96,2026-09-17T00:00:00-04:00,2026-09-23T23:59:59-04:00
Walmart,8129940,Whiskas wet cat food single pouches,0.77,2026-09-17T00:00:00-04:00,2026-09-23T23:59:59-04:00
Walmart,8129940,Similac 360 Total Care step 1,73.98,2026-09-17T00:00:00-04:00,2026-09-23T23:59:59-04:00
Walmart,8129940,Nivea body wash,4.98,2026-09-17T00:00:00-04:00,2026-09-23T23:59:59-04:00
Walmart,8129940,"Spidey and His Amazing Friends 14"" bike",128.0,2026-09-17T00:00:00-04:00,2026-09-23T23:59:59-04:00
Walmart,8129940,Pooja coconut,1.89,2026-09-17T00:00:00-04:00,2026-09-23T23:59:59-04:00
Walmart,8129940,ChaCha frozen dessert,6.98,2026-09-17T00:00:00-04:00,2026-09-23T23:59:59-04:00
Walmart,8129940,Harvest kitchen accessories,2.97,2026-09-17T00:00:00-04:00,2026-09-23T23:59:59-04:00
Walmart,8129940,Affresh dishwasher or washing machine cleaners,7.97,2026-09-17T00:00:00-04:00,2026-09-23T23:59:59-04:00
Walmart,8129940,"Mini chopper, stick blender or hand mixer",29.97,2026-09-17T00:00:00-04:00,2026-09-23T23:59:59-04:00
Walmart,8129940,Naziba black truffle ham soda crackers,6.98,2026-09-17T00:00:00-04:00,2026-09-23T23:59:59-04:00
Walmart,8129940,Lysol disinfectant spray,6.97,2026-09-17T00:00:00-04:00,2026-09-23T23:59:59-04:00
Walmart,8129940,Jamieson glucosamine 150s,22.97,2026-09-17T00:00:00-04:00,2026-09-23T23:59:59-04:00
Walmart,8129940,Character plush sleeper,20.0,2026-09-17T00:00:00-04:00,2026-09-23T23:59:59-04:00
Walmart,8129940,Halls lozenges,8.38,2026-09-17T00:00:00-04:00,2026-09-23T23:59:59-04:00
Walmart,8129940,Parent's Choice wipes,19.94,2026-09-17T00:00:00-04:00,2026-09-23T23:59:59-04:00
Walmart,8129940,RestoraLAX powder 45 doses,29.97,2026-09-17T00:00:00-04:00,2026-09-23T23:59:59-04:00
Walmart,8129940,George Men's tees 4-pack.,17.0,2026-09-17T00:00:00-04:00,2026-09-23T23:59:59-04:00
Walmart,8129940,Verka paneer,5.17,2026-09-17T00:00:00-04:00,2026-09-23T23:59:59-04:00
Walmart,8129940,Thermos stainless steel sippy cup or straw cup,14.24,2026-09-17T00:00:00-04:00,2026-09-23T23:59:59-04:00
Walmart,8129940,Infants' or toddlers' 2-piece cotton sleep set.,10.0,2026-09-17T00:00:00-04:00,2026-09-23T23:59:59-04:00
Walmart,8129940,Sitara beans or peas,5.38,2026-09-17T00:00:00-04:00,2026-09-23T23:59:59-04:00
Walmart,8129940,Graco® Made2Grow 5-in-1 highchair,176.0,2026-09-17T00:00:00-04:00,2026-09-23T23:59:59-04:00
Walmart,8129940,Kids' or toddlers' fashion boots,29.0,2026-09-17T00:00:00-04:00,2026-09-23T23:59:59-04:00
Walmart,8129940,"Momcozy new bottle washer, sterilizer and dryer BW04",338.0,2026-09-17T00:00:00-04:00,2026-09-23T23:59:59-04:00
Walmart,8129940,White cauliflower,3.44,2026-09-17T00:00:00-04:00,2026-09-23T23:59:59-04:00
Walmart,8129940,Yoplait Tubes 8 x 56 g,2.47,2026-09-17T00:00:00-04:00,2026-09-23T23:59:59-04:00
Walmart,8129940,Hans dahi natural yogurt,2.27,2026-09-17T00:00:00-04:00,2026-09-23T23:59:59-04:00
Walmart,8129940,Sitara white roti,3.77,2026-09-17T00:00:00-04:00,2026-09-23T23:59:59-04:00
Walmart,8129940,Infants' or toddlers' 2-piece cotton sleep set.,10.0,2026-09-17T00:00:00-04:00,2026-09-23T23:59:59-04:00
Walmart,8129940,Men's boxer briefs 4-pack.,17.0,2026-09-17T00:00:00-04:00,2026-09-23T23:59:59-04:00
Walmart,8129940,Kids' licensed socks,11.0,2026-09-17T00:00:00-04:00,2026-09-23T23:59:59-04:00
Walmart,8129940,Character plush sleeper,20.0,2026-09-17T00:00:00-04:00,2026-09-23T23:59:59-04:00
Walmart,8129940,Baby Jogger City Turn rotating convertible car seat,639.98,2026-09-17T00:00:00-04:00,2026-09-23T23:59:59-04:00
Walmart,8129940,Begum basmati rice,9.94,2026-09-17T00:00:00-04:00,2026-09-23T23:59:59-04:00
Walmart,8129940,Sitara sliced okra,1.17,2026-09-17T00:00:00-04:00,2026-09-23T23:59:59-04:00
Walmart,8129940,Munchkin gentle transition cup,8.47,2026-09-17T00:00:00-04:00,2026-09-23T23:59:59-04:00
Walmart,8129940,Advil Liqui-Gels,13.83,2026-09-17T00:00:00-04:00,2026-09-23T23:59:59-04:00
Walmart,8129940,Tylenol Arthritis pain relief,20.67,2026-09-17T00:00:00-04:00,2026-09-23T23:59:59-04:00
Walmart,8129940,Women's fashion boots,39.0,2026-09-17T00:00:00-04:00,2026-09-23T23:59:59-04:00
Walmart,8129940,Tata tea,7.98,2026-09-17T00:00:00-04:00,2026-09-23T23:59:59-04:00
Walmart,8129940,Ashoka shredded coconut,3.27,2026-09-17T00:00:00-04:00,2026-09-23T23:59:59-04:00
Walmart,8129940,PTI besan chickpea flour,4.88,2026-09-17T00:00:00-04:00,2026-09-23T23:59:59-04:00
Walmart,8129940,Trojan condoms,18.97,2026-09-17T00:00:00-04:00,2026-09-23T23:59:59-04:00
Walmart,8129940,Evenflo Pivot Xpand Travel System w/LiteMax NXT rotational infant car seat,599.97,2026-09-17T00:00:00-04:00,2026-09-23T23:59:59-04:00
Walmart,8129940,Adults' suede slippers,25.0,2026-09-17T00:00:00-04:00,2026-09-23T23:59:59-04:00
Walmart,8129940,Munchkin Miracle 360 toddler sippy cup,8.47,2026-09-17T00:00:00-04:00,2026-09-23T23:59:59-04:00
Walmart,8129940,Jamieson glucosamine 150s or cranberry complex 100s,22.97,2026-09-17T00:00:00-04:00,2026-09-23T23:59:59-04:00
Walmart,8129940,Hans dahi natural yogurt,2.27,2026-09-17T00:00:00-04:00,2026-09-23T23:59:59-04:00
Walmart,8129940,Ribbed notched-collar sleep set,24.0,2026-09-17T00:00:00-04:00,2026-09-23T23:59:59-04:00
Walmart,8129940,Equate high protein meal replacement shakes,10.97,2026-09-17T00:00:00-04:00,2026-09-23T23:59:59-04:00
Walmart,8129940,Guava,3.98,2026-09-17T00:00:00-04:00,2026-09-23T23:59:59-04:00
Walmart,8129940,Evenflo Victory Plus jogging stroller travel system with LiteMax infant car seat,299.0,2026-09-17T00:00:00-04:00,2026-09-23T23:59:59-04:00
Walmart,8129940,George Kids' or toddlers' fashion boots,29.0,2026-09-17T00:00:00-04:00,2026-09-23T23:59:59-04:00
Walmart,8129940,Squishmallows HugMees Spidey plush,17.97,2026-09-17T00:00:00-04:00,2026-09-23T23:59:59-04:00
Walmart,8129940,Parent's Choice wipes,19.94,2026-09-17T00:00:00-04:00,2026-09-23T23:59:59-04:00
Walmart,8129940,Gerber multigrain baby cereal,4.84,2026-09-17T00:00:00-04:00,2026-09-23T23:59:59-04:00
Walmart,8129940,Lactantia margarine 427 g or garlic butter 125 g,2.98,2026-09-17T00:00:00-04:00,2026-09-23T23:59:59-04:00
Walmart,8129940,Eggo waffles or pancakes,2.97,2026-09-17T00:00:00-04:00,2026-09-23T23:59:59-04:00
Walmart,8129940,Oîkos Greek yogurt tubs,6.46,2026-09-17T00:00:00-04:00,2026-09-23T23:59:59-04:00
Walmart,8129940,Dawn liquid dish soap,11.97,2026-09-17T00:00:00-04:00,2026-09-23T23:59:59-04:00
Walmart,8129940,Pampers superpack diapers,28.98,2026-09-17T00:00:00-04:00,2026-09-23T23:59:59-04:00
Walmart,8129940,Carnation evaporated milk,1.74,2026-09-17T00:00:00-04:00,2026-09-23T23:59:59-04:00
Walmart,8129940,Pepsi,3.97,2026-09-17T00:00:00-04:00,2026-09-23T23:59:59-04:00
Walmart,8129940,Advil Liqui-Gels value pack,24.63,2026-09-17T00:00:00-04:00,2026-09-23T23:59:59-04:00
Walmart,8129940,Your Fresh Market™ carrots,3.24,2026-09-17T00:00:00-04:00,2026-09-23T23:59:59-04:00
Walmart,8129940,Cashmere bathroom tissue,10.97,2026-09-17T00:00:00-04:00,2026-09-23T23:59:59-04:00
Walmart,8129940,Toddlers' long-sleeved tee,4.0,2026-09-17T00:00:00-04:00,2026-09-23T23:59:59-04:00
Walmart,8129940,Five Roses flour,11.97,2026-09-17T00:00:00-04:00,2026-09-23T23:59:59-04:00
Walmart,8129940,Your Fresh Market™ butter croissants,5.94,2026-09-17T00:00:00-04:00,2026-09-23T23:59:59-04:00
Walmart,8129940,Gay Lea butter,4.97,2026-09-17T00:00:00-04:00,2026-09-23T23:59:59-04:00
Walmart,8129940,Your Fresh Market™ carrots,3.24,2026-09-17T00:00:00-04:00,2026-09-23T23:59:59-04:00
Walmart,8129940,Swiss Chalet pies,8.98,2026-09-17T00:00:00-04:00,2026-09-23T23:59:59-04:00
Walmart,8129940,Premier Protein shakes,11.67,2026-09-17T00:00:00-04:00,2026-09-23T23:59:59-04:00
Walmart,8129940,Your Fresh Market™ pita,3.18,2026-09-17T00:00:00-04:00,2026-09-23T23:59:59-04:00
Walmart,8129940,Large eggplant or green zucchini,2.44,2026-09-17T00:00:00-04:00,2026-09-23T23:59:59-04:00
Walmart,8129940,Gay Lea butter,4.97,2026-09-17T00:00:00-04:00,2026-09-23T23:59:59-04:00
Walmart,8129940,Frito-Lay value size chips or snacks,5.47,2026-09-17T00:00:00-04:00,2026-09-23T23:59:59-04:00
Walmart,8129940,Green zucchini,2.44,2026-09-17T00:00:00-04:00,2026-09-23T23:59:59-04:00
Walmart,8129940,"Armstrong cheese blocks 400 g, shreds 320 g or slices 220 g - 240 g",4.98,2026-09-17T00:00:00-04:00,2026-09-23T23:59:59-04:00
Walmart,8129940,Scotties 3-ply facial tissue,19.97,2026-09-17T00:00:00-04:00,2026-09-23T23:59:59-04:00
Walmart,8129940,Pantene Pro-V shampoo 820 mL or conditioner 745 mL,11.96,2026-09-17T00:00:00-04:00,2026-09-23T23:59:59-04:00
Walmart,8129940,Oreo or Chips Ahoy! family size cookies,4.98,2026-09-17T00:00:00-04:00,2026-09-23T23:59:59-04:00
Walmart,8129940,Frito-Lay value size chips or snacks,5.47,2026-09-17T00:00:00-04:00,2026-09-23T23:59:59-04:00
Walmart,8129940,"Colgate Sensitive Pro-Relief 2 x 75 mL, Max Fresh 3 x 150 mL or Total 3 x 120 mL toothpaste or 360° toothbrushes 2-pack",7.97,2026-09-17T00:00:00-04:00,2026-09-23T23:59:59-04:00
Walmart,8129940,Farmers 10% blend cream,3.48,2026-09-17T00:00:00-04:00,2026-09-23T23:59:59-04:00
Walmart,8129940,Rainbow peppers,4.98,2026-09-17T00:00:00-04:00,2026-09-23T23:59:59-04:00
Walmart,8129940,Apple iPad A16 Wi-Fi 128GB,549.0,2026-09-17T00:00:00-04:00,2026-09-23T23:59:59-04:00
Walmart,8129940,Harvest kitchen accessories,2.97,2026-09-17T00:00:00-04:00,2026-09-23T23:59:59-04:00
Walmart,8129940,green seedless grapes,3.84,2026-09-17T00:00:00-04:00,2026-09-23T23:59:59-04:00
Walmart,8129940,Selected squash,0.97,2026-09-17T00:00:00-04:00,2026-09-23T23:59:59-04:00
Walmart,8129940,Colgate Optic White Renewal 70 mL,6.97,2026-09-17T00:00:00-04:00,2026-09-23T23:59:59-04:00
Walmart,8129940,Enfamil A+ NeuroPro Gentlease ready-to-feed,87.97,2026-09-17T00:00:00-04:00,2026-09-23T23:59:59-04:00
Walmart,8129940,Your Fresh Market™ coho salmon fillet,12.69,2026-09-17T00:00:00-04:00,2026-09-23T23:59:59-04:00
Walmart,8129940,Cadbury Dairy Milk chocolate bar,2.62,2026-09-17T00:00:00-04:00,2026-09-23T23:59:59-04:00
Walmart,8129940,Harvest or Halloween decor,9.98,2026-09-17T00:00:00-04:00,2026-09-23T23:59:59-04:00
Walmart,8129940,Armstrong cheese blocks 400 g,4.98,2026-09-17T00:00:00-04:00,2026-09-23T23:59:59-04:00
Walmart,8129940,Hershey's Chipits,5.47,2026-09-17T00:00:00-04:00,2026-09-23T23:59:59-04:00
Walmart,8129940,Hershey's Chipits,5.47,2026-09-17T00:00:00-04:00,2026-09-23T23:59:59-04:00
Walmart,8129940,Selected squash,0.97,2026-09-17T00:00:00-04:00,2026-09-23T23:59:59-04:00
Walmart,8129940,Kettle Brand chips,2.88,2026-09-17T00:00:00-04:00,2026-09-23T23:59:59-04:00
Walmart,8129940,Dawn liquid dish soap,11.97,2026-09-17T00:00:00-04:00,2026-09-23T23:59:59-04:00
Walmart,8129940,Kids licensed underwear,12.0,2026-09-17T00:00:00-04:00,2026-09-23T23:59:59-04:00
Walmart,8129940,TheraBreath oral rinse,13.47,2026-09-17T00:00:00-04:00,2026-09-23T23:59:59-04:00
Walmart,8129940,Harvest or Halloween decor,9.98,2026-09-17T00:00:00-04:00,2026-09-23T23:59:59-04:00
Walmart,8129940,"Great Value 8.75"" plates",13.93,2026-09-17T00:00:00-04:00,2026-09-23T23:59:59-04:00
Walmart,8129940,Harvest wreath,39.98,2026-09-17T00:00:00-04:00,2026-09-23T23:59:59-04:00
Walmart,8129940,Your Fresh Market™ mini muffins,4.97,2026-09-17T00:00:00-04:00,2026-09-23T23:59:59-04:00
Walmart,8129940,Cavendish Farms fries or onion rings,2.97,2026-09-17T00:00:00-04:00,2026-09-23T23:59:59-04:00
Walmart,8129940,Selected squash,0.97,2026-09-17T00:00:00-04:00,2026-09-23T23:59:59-04:00
Walmart,8129940,Eggo waffles or pancakes,2.97,2026-09-17T00:00:00-04:00,2026-09-23T23:59:59-04:00
Walmart,8129940,Selected squash,0.97,2026-09-17T00:00:00-04:00,2026-09-23T23:59:59-04:00
Walmart,8129940,Great Value sliced bread,2.88,2026-09-17T00:00:00-04:00,2026-09-23T23:59:59-04:00
Walmart,8129940,Colgate SlimSoft charcoal or kids' Smiles toothbrushes,3.97,2026-09-17T00:00:00-04:00,2026-09-23T23:59:59-04:00
Walmart,8129940,E.D. Smith canned pumpkin,4.97,2026-09-17T00:00:00-04:00,2026-09-23T23:59:59-04:00
Walmart,8129940,Bakeware,7.97,2026-09-17T00:00:00-04:00,2026-09-23T23:59:59-04:00
Walmart,8129940,Spam corned beef,3.47,2026-09-17T00:00:00-04:00,2026-09-23T23:59:59-04:00
Walmart,8129940,"Mini chopper, stick blender or hand mixer",29.97,2026-09-17T00:00:00-04:00,2026-09-23T23:59:59-04:00
Walmart,8129940,Tylenol Extra Strength,11.97,2026-09-17T00:00:00-04:00,2026-09-23T23:59:59-04:00
Walmart,8129940,PlayStation 5 digital edition console 825GB,749.96,2026-09-17T00:00:00-04:00,2026-09-23T23:59:59-04:00
Walmart,8129940,Dr. Oetker Ristorante or Casa di Mama frozen pizza,3.98,2026-09-17T00:00:00-04:00,2026-09-23T23:59:59-04:00
Walmart,8129940,Monster Energy drink,2.48,2026-09-17T00:00:00-04:00,2026-09-23T23:59:59-04:00
Walmart,8129940,"65"" 4K UHD HDR10 Smart Roku TV",488.0,2026-09-17T00:00:00-04:00,2026-09-23T23:59:59-04:00
Walmart,8129940,Colgate Optic White Renewal 70 mL or Advanced 133 mL or Sensitive Pro-Relief 120 mL toothpaste or kids' or SlimSoft 2-pack or Extra Clean 6-pack toothbrushes,6.97,2026-09-17T00:00:00-04:00,2026-09-23T23:59:59-04:00
Walmart,8129940,PowerForce upright vacuum,84.98,2026-09-17T00:00:00-04:00,2026-09-23T23:59:59-04:00
Walmart,8129940,"Mini chopper, stick blender or hand mixer",29.97,2026-09-17T00:00:00-04:00,2026-09-23T23:59:59-04:00
Walmart,8129940,Cheetos snacks,3.97,2026-09-17T00:00:00-04:00,2026-09-23T23:59:59-04:00
Walmart,8129940,"Lysol toilet bowl cleaner 2 x 710 mL, disinfectant spray 539 g, wipes 75s or laundry disinfectant 1.2 L",6.97,2026-09-17T00:00:00-04:00,2026-09-23T23:59:59-04:00
Walmart,8129940,Great Value sliced bread,2.88,2026-09-17T00:00:00-04:00,2026-09-23T23:59:59-04:00
Walmart,8129940,Scotties 2-ply or 3-ply facial tissue,19.97,2026-09-17T00:00:00-04:00,2026-09-23T23:59:59-04:00
Walmart,8129940,Your Fresh Market™ BBQ or herb & garlic chicken,11.57,2026-09-17T00:00:00-04:00,2026-09-23T23:59:59-04:00
Walmart,8129940,Rascals premium value pack diapers,38.88,2026-09-17T00:00:00-04:00,2026-09-23T23:59:59-04:00
FreshCo,8131136,Indomie Instant Noodles Selected Varieties 400-425 g,2.98,2026-09-17T00:00:00-04:00,2026-09-23T23:59:59-04:00
FreshCo,8131136,Binggrae Flavoured Milk Drink Selected Varieties 6x200 mL,6.98,2026-09-17T00:00:00-04:00,2026-09-23T23:59:59-04:00
FreshCo,8131136,Orion Choco Mont Biscuit 144 g,3.48,2026-09-17T00:00:00-04:00,2026-09-23T23:59:59-04:00
FreshCo,8131136,Mr. Brown Canned Coffee Selected Varieties 240 mL,1.08,2026-09-17T00:00:00-04:00,2026-09-23T23:59:59-04:00
FreshCo,8131136,Kikkoman Teriyaki Sauce 591 mL,5.98,2026-09-17T00:00:00-04:00,2026-09-23T23:59:59-04:00
FreshCo,8131136,Lee Kum Kee Soy Sauce 1.9 L,5.88,2026-09-17T00:00:00-04:00,2026-09-23T23:59:59-04:00
FreshCo,8131136,Billy Bee Natural Honey 1 kg,8.98,2026-09-17T00:00:00-04:00,2026-09-23T23:59:59-04:00
FreshCo,8131136,Pie Pumpkins Product of Canada,1.97,2026-09-17T00:00:00-04:00,2026-09-23T23:59:59-04:00
FreshCo,8131136,"Schneiders Stackers, Lunchmate or Adult Snack Kits 75-120 g",3.0,2026-09-17T00:00:00-04:00,2026-09-23T23:59:59-04:00
FreshCo,8131136,"Monster Singles 444-473 mL, Celsius Energy Drink 355 mL or Alani Nu Energy Drink 355 mL",2.49,2026-09-17T00:00:00-04:00,2026-09-23T23:59:59-04:00
FreshCo,8131136,Jamieson Vitamin C 500 mg or Vitamin D 1000 IU 75-240 pk Selected Varieties,5.99,2026-09-17T00:00:00-04:00,2026-09-23T23:59:59-04:00
FreshCo,8131136,Sunrise Wax Bologna 2 kg,10.77,2026-09-17T00:00:00-04:00,2026-09-23T23:59:59-04:00
FreshCo,8131136,Natrel Plus 2 L,6.99,2026-09-17T00:00:00-04:00,2026-09-23T23:59:59-04:00
FreshCo,8131136,Puck Dairy Spread 500 g,9.99,2026-09-17T00:00:00-04:00,2026-09-23T23:59:59-04:00
FreshCo,8131136,Puck Thickened Creamy Product 160 g,1.79,2026-09-17T00:00:00-04:00,2026-09-23T23:59:59-04:00
FreshCo,8131136,Piller's Deli Meats 125-175 g,3.97,2026-09-17T00:00:00-04:00,2026-09-23T23:59:59-04:00
FreshCo,8131136,Schneiders Juicy Jumbos or Smoked Sausages 375-450,6.97,2026-09-17T00:00:00-04:00,2026-09-23T23:59:59-04:00
FreshCo,8131136,Brussels Sprouts Product of Ontario Canada No. 1 6.55/kg,2.97,2026-09-17T00:00:00-04:00,2026-09-23T23:59:59-04:00
FreshCo,8131136,Tetley Orange Pekoe Tea 72 pk,3.99,2026-09-17T00:00:00-04:00,2026-09-23T23:59:59-04:00
FreshCo,8131136,Maggi Cubes 24 pk,4.99,2026-09-17T00:00:00-04:00,2026-09-23T23:59:59-04:00
FreshCo,8131136,Glico Pocky Biscuit Sticks 135-156 g or Lotte Mochi Ice Cream 270 mL Selected Varieties,3.98,2026-09-17T00:00:00-04:00,2026-09-23T23:59:59-04:00
FreshCo,8131136,L'Extra Brie Triple Crème 300 g,9.97,2026-09-17T00:00:00-04:00,2026-09-23T23:59:59-04:00
FreshCo,8131136,"Bagged Beets 5 lb Product of Canada Canada No. 1, 2.27 kg",3.97,2026-09-17T00:00:00-04:00,2026-09-23T23:59:59-04:00
FreshCo,8131136,"Green Cabbage Product of Canada Canada No. 1, 1.70/kg",0.77,2026-09-17T00:00:00-04:00,2026-09-23T23:59:59-04:00
FreshCo,8131136,Folgers K-Cups 30 pk,15.97,2026-09-17T00:00:00-04:00,2026-09-23T23:59:59-04:00
FreshCo,8131136,Hershey's Chocolate or Candy 100 pk,12.97,2026-09-17T00:00:00-04:00,2026-09-23T23:59:59-04:00
FreshCo,8131136,"Seedless Cucumbers Product of Canada, Canada No.1",1.47,2026-09-17T00:00:00-04:00,2026-09-23T23:59:59-04:00
FreshCo,8131136,Asian Yellow Pears Product of China Fancy Grade 3.26/kg,1.48,2026-09-17T00:00:00-04:00,2026-09-23T23:59:59-04:00
FreshCo,8131136,Lee Kum Kee Oyster Flavoured Sauce 510 g,2.98,2026-09-17T00:00:00-04:00,2026-09-23T23:59:59-04:00
FreshCo,8131136,Agropur Grand Cheddar 2 Years 400 g,11.47,2026-09-17T00:00:00-04:00,2026-09-23T23:59:59-04:00
FreshCo,8131136,OKA Classique Original 190 g Selected Varieties Available at Selected Stores,7.47,2026-09-17T00:00:00-04:00,2026-09-23T23:59:59-04:00
FreshCo,8131136,Carnation Evaporated Milk 354 mL,1.67,2026-09-17T00:00:00-04:00,2026-09-23T23:59:59-04:00
FreshCo,8131136,Raspberries 170 g Product of USA,2.44,2026-09-17T00:00:00-04:00,2026-09-23T23:59:59-04:00
FreshCo,8131136,Kiri 8 pk 144 g,3.47,2026-09-17T00:00:00-04:00,2026-09-23T23:59:59-04:00
FreshCo,8131136,Fruit Cups 16x107-112 mL Selected Varieties,14.97,2026-09-17T00:00:00-04:00,2026-09-23T23:59:59-04:00
FreshCo,8131136,"Lay's Potato Chips J77-235 g, Cheetos 170-285 g or SunChips 205 g",2.97,2026-09-17T00:00:00-04:00,2026-09-23T23:59:59-04:00
FreshCo,8131136,Fantino & Mondello Deli Meats 100-200 g,4.97,2026-09-17T00:00:00-04:00,2026-09-23T23:59:59-04:00
FreshCo,8131136,Best Buy Peeled Tail-on Deveined Cooked Shrimp Frozen 300 g or Compliments Cooked Shrimp with Cocktail Sauce Frozen 255 g,6.0,2026-09-17T00:00:00-04:00,2026-09-23T23:59:59-04:00
FreshCo,8131136,Danone Oikos Yogurt 650-750 g,6.99,2026-09-17T00:00:00-04:00,2026-09-23T23:59:59-04:00
FreshCo,8131136,Compliments Loaf Cakes 344-400 g,5.0,2026-09-17T00:00:00-04:00,2026-09-23T23:59:59-04:00
FreshCo,8131136,Compliments Cashews 200 g,4.0,2026-09-17T00:00:00-04:00,2026-09-23T23:59:59-04:00
FreshCo,8131136,Nabob Ground Coffee 915-930 g,19.99,2026-09-17T00:00:00-04:00,2026-09-23T23:59:59-04:00
FreshCo,8131136,Kicking Horse® Ground Coffee 284 g,10.99,2026-09-17T00:00:00-04:00,2026-09-23T23:59:59-04:00
FreshCo,8131136,Starbucks Roast and Ground Coffee 340 g or K-Cups 10 pk,11.99,2026-09-17T00:00:00-04:00,2026-09-23T23:59:59-04:00
FreshCo,8131136,Hershey 50 pk 481-515 g,10.99,2026-09-17T00:00:00-04:00,2026-09-23T23:59:59-04:00
FreshCo,8131136,ETI Tea Biscuits 400 g or Whola Digestive 393 g,2.49,2026-09-17T00:00:00-04:00,2026-09-23T23:59:59-04:00
FreshCo,8131136,Earth's Own Barista 946 mL,4.99,2026-09-17T00:00:00-04:00,2026-09-23T23:59:59-04:00
FreshCo,8131136,Carnation Hot Chocolate Canisters 400-450 g or Nesquik 540 g or 510-700 mL,4.99,2026-09-17T00:00:00-04:00,2026-09-23T23:59:59-04:00
FreshCo,8131136,Lipton Tea Bags Green Tea 100 pk or Yellow Label 100 pk or Red Rose Orange Pekoe Tea Bags 140 pk,6.99,2026-09-17T00:00:00-04:00,2026-09-23T23:59:59-04:00
FreshCo,8131136,Welch's Fruit Snacks 45 pk 630 g,9.99,2026-09-17T00:00:00-04:00,2026-09-23T23:59:59-04:00
FreshCo,8131136,Gerolsteiner Carbonated Water 750 mL,2.97,2026-09-17T00:00:00-04:00,2026-09-23T23:59:59-04:00
FreshCo,8131136,Kühne Barrel Sauerkraut 796 ml,3.97,2026-09-17T00:00:00-04:00,2026-09-23T23:59:59-04:00
FreshCo,8131136,Içim Labneh 550 g,5.69,2026-09-17T00:00:00-04:00,2026-09-23T23:59:59-04:00
FreshCo,8131136,Swanson Chicken Broth 412 mL,1.18,2026-09-17T00:00:00-04:00,2026-09-23T23:59:59-04:00
FreshCo,8131136,AROY-D Coconut Milk 400 mL,1.88,2026-09-17T00:00:00-04:00,2026-09-23T23:59:59-04:00
FreshCo,8131136,Kikkoman Soy Sauce 591 mL or Huy Fong Sriracha Hot Chili Sauce 714 mL,5.48,2026-09-17T00:00:00-04:00,2026-09-23T23:59:59-04:00
FreshCo,8131136,Philadelphia Cream Cheese 250 g,3.99,2026-09-17T00:00:00-04:00,2026-09-23T23:59:59-04:00
FreshCo,8131136,"Dare Bear Paws 168-240 g, Viva Puffs 300 g or Wagon Wheels 315 g",2.49,2026-09-17T00:00:00-04:00,2026-09-23T23:59:59-04:00
FreshCo,8131136,"Red Onions 7 lb Product of Canada Canada No. 1, 3.18 kg",6.97,2026-09-17T00:00:00-04:00,2026-09-23T23:59:59-04:00
FreshCo,8131136,"Sweet Potatoes Product of Canada Canada No. 1, 3,90/kg",1.77,2026-09-17T00:00:00-04:00,2026-09-23T23:59:59-04:00
FreshCo,8131136,"Schneiders Bacon 100-375 g, Maple Leaf Top Dogs or RedHot Wiener 375 g or Meat Pies Frozen 400 g",2.97,2026-09-17T00:00:00-04:00,2026-09-23T23:59:59-04:00
FreshCo,8131136,"Compliments White Potatoes Product of Canada, Canada No. 1, 10 lb 4,54 kg",3.88,2026-09-17T00:00:00-04:00,2026-09-23T23:59:59-04:00
FreshCo,8131136,"Nestlé Real Dairy or Confectionery Frozen Desserts 1.5 L, Drumsticks or Novelties 4 - 10 pk 55-140 ml",4.94,2026-09-17T00:00:00-04:00,2026-09-23T23:59:59-04:00
FreshCo,8131136,Hereford Corned Beef 340 g,2.97,2026-09-17T00:00:00-04:00,2026-09-23T23:59:59-04:00
FreshCo,8131136,"Cauliflower Product of Canada, Canada No. 1",2.77,2026-09-17T00:00:00-04:00,2026-09-23T23:59:59-04:00
FreshCo,8131136,Jif Peanut Butter 1 kg or Smucker's Jam 310-500 mL Selected Varieties,5.97,2026-09-17T00:00:00-04:00,2026-09-23T23:59:59-04:00
FreshCo,8131136,Dawn Dish Soap 431-502 mL,2.47,2026-09-17T00:00:00-04:00,2026-09-23T23:59:59-04:00
FreshCo,8131136,"Old Dutch Potato Chips Or Ridgies 200-235 g, Restaurante Tortilla Chips 275-290 g or Humpty Dumpty or Old Dutch Snacks 265-300 g",2.99,2026-09-17T00:00:00-04:00,2026-09-23T23:59:59-04:00
FreshCo,8131136,Kiwi Fruit 600 g Product of New Zealand or Pineapple Product of Costa Rica,4.97,2026-09-17T00:00:00-04:00,2026-09-23T23:59:59-04:00
FreshCo,8131136,Italpasta Artisan 450 g or Catelli Garden Select Pasta Sauce 600 mL,1.77,2026-09-17T00:00:00-04:00,2026-09-23T23:59:59-04:00
FreshCo,8131136,Imperial Margarine 1.28-1.36 kg or Philadelphia Cream Cheese 450 g,5.99,2026-09-17T00:00:00-04:00,2026-09-23T23:59:59-04:00
FreshCo,8131136,Cashmere Bathroom Tissue 24=48 rolls,12.97,2026-09-17T00:00:00-04:00,2026-09-23T23:59:59-04:00
FreshCo,8131136,Compliments Lemons Product of South Africa 907 g or Oranges 3 lb,4.97,2026-09-17T00:00:00-04:00,2026-09-23T23:59:59-04:00
FreshCo,8131136,McCain Pizza Pockets 6 pk,7.0,2026-09-17T00:00:00-04:00,2026-09-23T23:59:59-04:00
FreshCo,8131136,Colgate Toothpaste 52-95 mL or Extra Clean Toothbrush 1 pk Selected Varieties,1.27,2026-09-17T00:00:00-04:00,2026-09-23T23:59:59-04:00
FreshCo,8131136,SpongeTowels Paper Towels 6=12 rolls,12.97,2026-09-17T00:00:00-04:00,2026-09-23T23:59:59-04:00
FreshCo,8131136,Monsieur Gustav Double Crème 125 g Selected Varieties,4.47,2026-09-17T00:00:00-04:00,2026-09-23T23:59:59-04:00
FreshCo,8131136,"Dempster's Whole Grain, Signature or Gold Bread 600 g",2.97,2026-09-17T00:00:00-04:00,2026-09-23T23:59:59-04:00
FreshCo,8131136,"Panache Breaded Coconut, Butterfly, Tempura or Bang Bang Shrimp Frozen 252-355 g",8.97,2026-09-17T00:00:00-04:00,2026-09-23T23:59:59-04:00
FreshCo,8131136,Butcher's Selection Stampede Hot Dogs 900 g,5.0,2026-09-17T00:00:00-04:00,2026-09-23T23:59:59-04:00
FreshCo,8131136,Green Peppers Product of Atlantic Canada 4.34/kg,1.97,2026-09-17T00:00:00-04:00,2026-09-23T23:59:59-04:00
FreshCo,8131136,Panache Crispy Calamari or Crab Rangoon Frozen 252-340 g,8.97,2026-09-17T00:00:00-04:00,2026-09-23T23:59:59-04:00
FreshCo,8131136,Nutella Hazelnut or Peanut Spread 725 g,7.69,2026-09-17T00:00:00-04:00,2026-09-23T23:59:59-04:00
FreshCo,8131136,Old El Paso Taco Kits 250-510 g,3.97,2026-09-17T00:00:00-04:00,2026-09-23T23:59:59-04:00
FreshCo,8131136,Christie Family Size Crackers Selected Varieties 345-454 g or Premium Plus 402-500 g,3.99,2026-09-17T00:00:00-04:00,2026-09-23T23:59:59-04:00
FreshCo,8131136,Whiskas or Sheba Singles 75 g,1.29,2026-09-17T00:00:00-04:00,2026-09-23T23:59:59-04:00
FreshCo,8131136,"Coca-Cola, Canada Dry or Pepsi Soft Drinks 12x355 mL Selected Varieties",7.97,2026-09-17T00:00:00-04:00,2026-09-23T23:59:59-04:00
FreshCo,8131136,Campbell's Chunky Soup 515 mL or Habitant Soup 796 mL,2.99,2026-09-17T00:00:00-04:00,2026-09-23T23:59:59-04:00
FreshCo,8131136,Dr. Oetker Giuseppe Rising or Thin Crust Pizza 439-785 g or Easy Pizzi 573-600 g,5.99,2026-09-17T00:00:00-04:00,2026-09-23T23:59:59-04:00
FreshCo,8131136,Taco Bell Taco Kits 260-420 g or Creamy Sauce 354 mL,3.97,2026-09-17T00:00:00-04:00,2026-09-23T23:59:59-04:00
FreshCo,8131136,Purex or Sunlight Laundry Detergent 3.85-4.43 L,13.99,2026-09-17T00:00:00-04:00,2026-09-23T23:59:59-04:00
FreshCo,8131136,Maxwell House Instant Coffee 150 g,5.99,2026-09-17T00:00:00-04:00,2026-09-23T23:59:59-04:00
FreshCo,8131136,Pumpkins Product of Canada,3.97,2026-09-17T00:00:00-04:00,2026-09-23T23:59:59-04:00
FreshCo,8131136,"Compliments Carrots or Yellow Onions 3 lb Bag Product of Ontario, Canada No. 1, 1.36 kg",2.97,2026-09-17T00:00:00-04:00,2026-09-23T23:59:59-04:00
FreshCo,8131136,"Acorn, Buttercup, Butternut, Spaghetti Squash Product of Canada 2.80/kg",1.27,2026-09-17T00:00:00-04:00,2026-09-23T23:59:59-04:00
FreshCo,8131136,Turnips Product of Canada 2.14/kg,0.97,2026-09-17T00:00:00-04:00,2026-09-23T23:59:59-04:00
FreshCo,8131136,Tim Hortons French Vanilla 454 g,7.99,2026-09-17T00:00:00-04:00,2026-09-23T23:59:59-04:00
FreshCo,8131136,Lavazza Espresso Beans 1 kg,25.99,2026-09-17T00:00:00-04:00,2026-09-23T23:59:59-04:00
FreshCo,8131136,Tim Hortons Steeped Tea 72 pk Yorkshire Red Tea - Black Tea 80 pk,6.99,2026-09-17T00:00:00-04:00,2026-09-23T23:59:59-04:00
FreshCo,8131136,Carnation Hot Chocolate Envelopes 10 pk,4.49,2026-09-17T00:00:00-04:00,2026-09-23T23:59:59-04:00
FreshCo,8131136,Compliments Lollipops 500 g,6.99,2026-09-17T00:00:00-04:00,2026-09-23T23:59:59-04:00
FreshCo,8131136,Pringles Chips 456 g,10.99,2026-09-17T00:00:00-04:00,2026-09-23T23:59:59-04:00
FreshCo,8131136,Tootsie Roll Snack Bars 35 pk 599 g,6.99,2026-09-17T00:00:00-04:00,2026-09-23T23:59:59-04:00
FreshCo,8131136,Airheads Mini Bars 340 g,3.99,2026-09-17T00:00:00-04:00,2026-09-23T23:59:59-04:00
FreshCo,8131136,Frito Lay Chips 40 pk 640 g,11.99,2026-09-17T00:00:00-04:00,2026-09-23T23:59:59-04:00
FreshCo,8131136,Hershey 25 pk 357-390 g Selected Varieties,6.49,2026-09-17T00:00:00-04:00,2026-09-23T23:59:59-04:00
FreshCo,8131136,Chupa Chups Candy 25 pk,3.99,2026-09-17T00:00:00-04:00,2026-09-23T23:59:59-04:00
FreshCo,8131136,Finn Crisp Thin Crispbread 175-200 g,3.47,2026-09-17T00:00:00-04:00,2026-09-23T23:59:59-04:00
FreshCo,8131136,Kühne Gourmet Selection Gherkins 500 mL,4.97,2026-09-17T00:00:00-04:00,2026-09-23T23:59:59-04:00
FreshCo,8131136,Nongshim Noodles 448-480 g Selected Varieties,3.98,2026-09-17T00:00:00-04:00,2026-09-23T23:59:59-04:00
FreshCo,8131136,Fresh Pork Tenderloin 6.55/kg,2.97,2026-09-17T00:00:00-04:00,2026-09-23T23:59:59-04:00
FreshCo,8131136,Leclerc Celebration Cookies 240-350 g,2.67,2026-09-17T00:00:00-04:00,2026-09-23T23:59:59-04:00
FreshCo,8131136,Timothy's Coffee K-Cups 30 pk,14.99,2026-09-17T00:00:00-04:00,2026-09-23T23:59:59-04:00
FreshCo,8131136,"Minute Maid, Five Alive or Fuze Iced Tea Beverages 8x200 mL or 10x200 mL",3.29,2026-09-17T00:00:00-04:00,2026-09-23T23:59:59-04:00
FreshCo,8131136,Nestlé Chocolate Bars 33-60 g Selected Varieties,1.0,2026-09-17T00:00:00-04:00,2026-09-23T23:59:59-04:00
FreshCo,8131136,Kühne Sauerkraut with Wine 720 ml,4.47,2026-09-17T00:00:00-04:00,2026-09-23T23:59:59-04:00
FreshCo,8131136,ETI Popkek Cakes 144 g,2.29,2026-09-17T00:00:00-04:00,2026-09-23T23:59:59-04:00
FreshCo,8131136,"Dempster's Fibre or Protein Bread 600 g or Compliments Tortillas 10""",3.27,2026-09-17T00:00:00-04:00,2026-09-23T23:59:59-04:00
FreshCo,8131136,Scotties Facial Tissue 12 pk,12.97,2026-09-17T00:00:00-04:00,2026-09-23T23:59:59-04:00
FreshCo,8131136,Dempster's Hamburger or Hot Dog Buns 8 pk or Hostess Snack Cakes 202-206 g,2.67,2026-09-17T00:00:00-04:00,2026-09-23T23:59:59-04:00
FreshCo,8131136,Eggplant or Green Zucchini Product of Atlantic Canada 4.34/kg,1.97,2026-09-17T00:00:00-04:00,2026-09-23T23:59:59-04:00
FreshCo,8131136,Cilantro or Green Onions Product of Canada,1.27,2026-09-17T00:00:00-04:00,2026-09-23T23:59:59-04:00
FreshCo,8131136,Christie Kids Cookies Selected Varieties 150-225 g,2.27,2026-09-17T00:00:00-04:00,2026-09-23T23:59:59-04:00
FreshCo,8131136,Mars Chocolates Variety Pack 95 pk or Chocolates or Candy Mix 1.1 kg,15.97,2026-09-17T00:00:00-04:00,2026-09-23T23:59:59-04:00
FreshCo,8131136,Hothouse Tomatoes Product of Canada 5.45/kg or Compliments Organic Whole White Mushrooms Product of Ontario 227 g,2.47,2026-09-17T00:00:00-04:00,2026-09-23T23:59:59-04:00
FreshCo,8131136,St-Hubert Pot Pies Frozen 715-800 g,10.97,2026-09-17T00:00:00-04:00,2026-09-23T23:59:59-04:00
FreshCo,8131136,Taylor Farms Chopped Salad Kits 305-983 g Assorted Product of USA,5.97,2026-09-17T00:00:00-04:00,2026-09-23T23:59:59-04:00
FreshCo,8131136,Romaine Hearts 3 pk Product of Canada,4.97,2026-09-17T00:00:00-04:00,2026-09-23T23:59:59-04:00
FreshCo,8131136,Finish Autodish Tabs 60-105 pk,20.99,2026-09-17T00:00:00-04:00,2026-09-23T23:59:59-04:00
FreshCo,8131136,"Jarlsberg or Frico Cheese Slices 120-150 g, Compliments Bocconcini or Feta Cheese 200 g or Guacamole 227 g",5.0,2026-09-17T00:00:00-04:00,2026-09-23T23:59:59-04:00
FreshCo,8131136,Simply Beverages 1.54 L Selected Varieties,3.99,2026-09-17T00:00:00-04:00,2026-09-23T23:59:59-04:00
FreshCo,8131136,Dan-D Organic Chestnuts 100 g,1.28,2026-09-17T00:00:00-04:00,2026-09-23T23:59:59-04:00
FreshCo,8131136,Pocari Sweat Sports Beverage 1.5 L,5.48,2026-09-17T00:00:00-04:00,2026-09-23T23:59:59-04:00
FreshCo,8131136,Wholesome Crops Jasmine Rice or Premium Sushi Rice 7 kg,15.98,2026-09-17T00:00:00-04:00,2026-09-23T23:59:59-04:00
FreshCo,8131136,Maple Leaf Chicken Sausages 300 g,5.97,2026-09-17T00:00:00-04:00,2026-09-23T23:59:59-04:00
FreshCo,8131136,Dempster's Signature Buns 6-8 pk or Pull Aparts 2pk,3.47,2026-09-17T00:00:00-04:00,2026-09-23T23:59:59-04:00
FreshCo,8131136,Knorr Bouillon Cubes Chicken Flavour 63 g,2.98,2026-09-17T00:00:00-04:00,2026-09-23T23:59:59-04:00
FreshCo,8131136,Kadoya Sesame Oil 163 mL or Kikkoman Stir Fry Sauce 285 mL,4.98,2026-09-17T00:00:00-04:00,2026-09-23T23:59:59-04:00
FreshCo,8131136,Babybel 6 pk 120 g,4.47,2026-09-17T00:00:00-04:00,2026-09-23T23:59:59-04:00
FreshCo,8131136,Compliments Fruit Cups 4 pk,5.0,2026-09-17T00:00:00-04:00,2026-09-23T23:59:59-04:00
FreshCo,8131136,Maxwell House Pods 30 pk,16.99,2026-09-17T00:00:00-04:00,2026-09-23T23:59:59-04:00
FreshCo,8131136,Babybel 18 pk 360 g,12.97,2026-09-17T00:00:00-04:00,2026-09-23T23:59:59-04:00
FreshCo,8131136,Canned Fruits 398 mL,2.49,2026-09-17T00:00:00-04:00,2026-09-23T23:59:59-04:00
FreshCo,8131136,Kühne Red Cabbage 720 mL,3.97,2026-09-17T00:00:00-04:00,2026-09-23T23:59:59-04:00
FreshCo,8131136,Almarai Juice 1 L,1.99,2026-09-17T00:00:00-04:00,2026-09-23T23:59:59-04:00
FreshCo,8131136,Bibigo Dumplings or Mini Wontons Selected Varieties 680 g,6.98,2026-09-17T00:00:00-04:00,2026-09-23T23:59:59-04:00
FreshCo,8131136,ChaCha Sunflower Seeds Selected Varieties 260 g,2.28,2026-09-17T00:00:00-04:00,2026-09-23T23:59:59-04:00
FreshCo,8131136,Gold Kili Instant Matcha Latte 10x25 g,3.98,2026-09-17T00:00:00-04:00,2026-09-23T23:59:59-04:00
FreshCo,8131136,O'Food Seaweed Snack Selected Varieties 15 g,1.98,2026-09-17T00:00:00-04:00,2026-09-23T23:59:59-04:00
FreshCo,8131136,Ito En Oi Ocha Green Tea or Jasmine Green Tea 500 mL,1.98,2026-09-17T00:00:00-04:00,2026-09-23T23:59:59-04:00
FreshCo,8131136,Honey Pomelo Product of China - FreshCo Mid-Autumn,2.98,2026-09-17T00:00:00-04:00,2026-09-23T23:59:59-04:00
FreshCo,8131136,Pringles Potato Chips Spicy Hot Pot 156 g,2.48,2026-09-17T00:00:00-04:00,2026-09-23T23:59:59-04:00
FreshCo,8131136,Kikkoman Panko Bread Crumbs 227 g,3.48,2026-09-17T00:00:00-04:00,2026-09-23T23:59:59-04:00
FreshCo,8131136,Lee Kum Kee Black Bean Garlic Sauce 368 g,4.48,2026-09-17T00:00:00-04:00,2026-09-23T23:59:59-04:00
FreshCo,8131136,Lee Kum Kee Soy Sauce 500 mL,2.48,2026-09-17T00:00:00-04:00,2026-09-23T23:59:59-04:00
FreshCo,8131136,Kung-Fu Soy Sauce 1 L,4.98,2026-09-17T00:00:00-04:00,2026-09-23T23:59:59-04:00
FreshCo,8131136,Lee Kum Kee Chili Garlic Sauce 368 g,4.48,2026-09-17T00:00:00-04:00,2026-09-23T23:59:59-04:00
FreshCo,8131136,Lee Kum Kee Hoisin Sauce 445 mL,2.98,2026-09-17T00:00:00-04:00,2026-09-23T23:59:59-04:00
FreshCo,8131136,Thai Kitchen Peanut Satay Sauce 227 mL or Pad Thai Sauce 236 mL,6.98,2026-09-17T00:00:00-04:00,2026-09-23T23:59:59-04:00
FreshCo,8131136,Cheese Dippers 4 pk 140 g or The Laughing Cow 8 pk 133 g,2.97,2026-09-17T00:00:00-04:00,2026-09-23T23:59:59-04:00
FreshCo,8131136,The Laughing Cow 32 pk 535 g,11.97,2026-09-17T00:00:00-04:00,2026-09-23T23:59:59-04:00
FreshCo,8131136,Compliments Pulled Pork 900 g or Garlic & Herb Pork Loin Roast 800 g,13.0,2026-09-17T00:00:00-04:00,2026-09-23T23:59:59-04:00
FreshCo,8131136,Jarlsberg Cheese 250 g,9.97,2026-09-17T00:00:00-04:00,2026-09-23T23:59:59-04:00
FreshCo,8131136,Kasih Golden Tahini 900 g,8.99,2026-09-17T00:00:00-04:00,2026-09-23T23:59:59-04:00
FreshCo,8131136,California Fava or Lebanese Beans 450 g,1.69,2026-09-17T00:00:00-04:00,2026-09-23T23:59:59-04:00
FreshCo,8131136,Eight Treasures Whole Pompano Frozen 800 g,11.88,2026-09-17T00:00:00-04:00,2026-09-23T23:59:59-04:00
FreshCo,8131136,Ritter Sport Chocolate Bars 100 g,3.97,2026-09-17T00:00:00-04:00,2026-09-23T23:59:59-04:00
FreshCo,8131136,Snack Pack Puddings or Gels 4 pk,1.99,2026-09-17T00:00:00-04:00,2026-09-23T23:59:59-04:00
FreshCo,8131136,Starbucks By Nespresso Vertuo Po 8-10 pk,12.99,2026-09-17T00:00:00-04:00,2026-09-23T23:59:59-04:00
FreshCo,8131136,Leeks Bunch Product of Canada,4.97,2026-09-17T00:00:00-04:00,2026-09-23T23:59:59-04:00
FreshCo,8131136,Coca-Cola or Pepsi Soft Drinks 2 L,1.97,2026-09-17T00:00:00-04:00,2026-09-23T23:59:59-04:00
FreshCo,8131136,Tazo Chai Latte 946 mL,5.99,2026-09-17T00:00:00-04:00,2026-09-23T23:59:59-04:00
FreshCo,8131136,Asian Choice Crispy Pancake Original 450 g,2.48,2026-09-17T00:00:00-04:00,2026-09-23T23:59:59-04:00
FreshCo,8131136,Ahmad Tea 50 g,1.99,2026-09-17T00:00:00-04:00,2026-09-23T23:59:59-04:00
FreshCo,8131136,"Salem Pickled Vine Leaves 454 g, Cucumbers 1000 g or Hot Peppers 1000 mL",3.99,2026-09-17T00:00:00-04:00,2026-09-23T23:59:59-04:00
FreshCo,8131136,Olivieri Skillet Gnocchi 280 g,4.97,2026-09-17T00:00:00-04:00,2026-09-23T23:59:59-04:00
FreshCo,8131136,"Nature Valley Sweet & Salty, Protein or Fibre 1 Bars 125-226 g",2.97,2026-09-17T00:00:00-04:00,2026-09-23T23:59:59-04:00
FreshCo,8131136,KJ Dumplings or Pork Buns Selected Varieties 380-450 g,2.88,2026-09-17T00:00:00-04:00,2026-09-23T23:59:59-04:00
FreshCo,8131136,Fruit Cups 4x107 ml/112 ml Selected Varieties,3.47,2026-09-17T00:00:00-04:00,2026-09-23T23:59:59-04:00
FreshCo,8131136,Bok Choy or Flat or Napa Cabbage Product of Canada 1.94/kg,0.88,2026-09-17T00:00:00-04:00,2026-09-23T23:59:59-04:00
FreshCo,8131136,Candylious 180 g,1.89,2026-09-17T00:00:00-04:00,2026-09-23T23:59:59-04:00
FreshCo,8131136,Cocomax Coconut Water 1 L,2.98,2026-09-17T00:00:00-04:00,2026-09-23T23:59:59-04:00
FreshCo,8131136,Red or Green Seedless Grapes Product of USA No. 1 Grade 8.75/kg,3.97,2026-09-17T00:00:00-04:00,2026-09-23T23:59:59-04:00
