merchant,flyer_id,name,price,valid_from,valid_to
Walmart,8158247,Gain laundry detergent,13.97,2026-10-01T00:00:00-04:00,2026-10-07T23:59:59-04:00
Walmart,8158247,Your Fresh Market™ apple turnover 8-pack,5.94,2026-10-01T00:00:00-04:00,2026-10-07T23:59:59-04:00
Walmart,8158247,Weiman specialty cleaners,4.97,2026-10-01T00:00:00-04:00,2026-10-07T23:59:59-04:00
Walmart,8158247,Lysol multi-surface cleaner,9.97,2026-10-01T00:00:00-04:00,2026-10-07T23:59:59-04:00
Walmart,8158247,Cascade ActionPacs dishwasher detergent,19.97,2026-10-01T00:00:00-04:00,2026-10-07T23:59:59-04:00
Walmart,8158247,Weiman specialty cleaners,4.97,2026-10-01T00:00:00-04:00,2026-10-07T23:59:59-04:00
Walmart,8158247,Method all purpose cleaner,4.97,2026-10-01T00:00:00-04:00,2026-10-07T23:59:59-04:00
Walmart,8158247,Long squash,1.67,2026-10-01T00:00:00-04:00,2026-10-07T23:59:59-04:00
Walmart,8158247,One A Day Multivitamin gummies 130s,14.77,2026-10-01T00:00:00-04:00,2026-10-07T23:59:59-04:00
Walmart,8158247,Siggi's Skyr Yogurt Cups,3.96,2026-10-01T00:00:00-04:00,2026-10-07T23:59:59-04:00
Walmart,8158247,Your Fresh Market™ all-purpose potatoes,4.44,2026-10-01T00:00:00-04:00,2026-10-07T23:59:59-04:00
Walmart,8158247,6'-long lighted inflatable,66.99,2026-10-01T00:00:00-04:00,2026-10-07T23:59:59-04:00
Walmart,8158247,Lysol multi-surface cleaner,9.97,2026-10-01T00:00:00-04:00,2026-10-07T23:59:59-04:00
Walmart,8158247,Novelty drinkware or trick-or-treat buckets,3.0,2026-10-01T00:00:00-04:00,2026-10-07T23:59:59-04:00
Walmart,8158247,Halloween projection light,24.98,2026-10-01T00:00:00-04:00,2026-10-07T23:59:59-04:00
Walmart,8158247,Pure Balance dog treats,19.97,2026-10-01T00:00:00-04:00,2026-10-07T23:59:59-04:00
Walmart,8158247,Dress-up accessories,14.98,2026-10-01T00:00:00-04:00,2026-10-07T23:59:59-04:00
Walmart,8158247,Air Wick scented oil refills,10.97,2026-10-01T00:00:00-04:00,2026-10-07T23:59:59-04:00
Walmart,8158247,MAXX car battery,189.0,2026-10-01T00:00:00-04:00,2026-10-07T23:59:59-04:00
Walmart,8158247,"43"" Animated skeleton in cauldron bath",199.0,2026-10-01T00:00:00-04:00,2026-10-07T23:59:59-04:00
Walmart,8158247,3' Animated doll Halloween decor,79.98,2026-10-01T00:00:00-04:00,2026-10-07T23:59:59-04:00
Walmart,8158247,One A Day multivitamin gummies 130s for Women or Men 50+,14.77,2026-10-01T00:00:00-04:00,2026-10-07T23:59:59-04:00
Walmart,8158247,"36"" LED skeleton",29.98,2026-10-01T00:00:00-04:00,2026-10-07T23:59:59-04:00
Walmart,8158247,Glass candle stick or Skull arrangement,14.98,2026-10-01T00:00:00-04:00,2026-10-07T23:59:59-04:00
Walmart,8158247,Dempster's grain bread,2.98,2026-10-01T00:00:00-04:00,2026-10-07T23:59:59-04:00
Walmart,8158247,Pringles,2.47,2026-10-01T00:00:00-04:00,2026-10-07T23:59:59-04:00
Walmart,8158247,Lou's Kitchen fully cooked pork back ribs,9.97,2026-10-01T00:00:00-04:00,2026-10-07T23:59:59-04:00
Walmart,8158247,Your Fresh Market™ AAA Angus beef inside round sandwich steak,15.39,2026-10-01T00:00:00-04:00,2026-10-07T23:59:59-04:00
Walmart,8158247,Swiffer refills & Sweep + Mop starter kit,15.97,2026-10-01T00:00:00-04:00,2026-10-07T23:59:59-04:00
Walmart,8158247,Cantaloupes,4.97,2026-10-01T00:00:00-04:00,2026-10-07T23:59:59-04:00
Walmart,8158247,Robin Hood or Five Roses flour,4.97,2026-10-01T00:00:00-04:00,2026-10-07T23:59:59-04:00
Walmart,8158247,Dole canned pineapples,1.97,2026-10-01T00:00:00-04:00,2026-10-07T23:59:59-04:00
Walmart,8158247,Reser's side dishes,6.24,2026-10-01T00:00:00-04:00,2026-10-07T23:59:59-04:00
Walmart,8158247,Shakti pure desi ghee,9.97,2026-10-01T00:00:00-04:00,2026-10-07T23:59:59-04:00
Walmart,8158247,Pillsbury cinnamon rolls,2.78,2026-10-01T00:00:00-04:00,2026-10-07T23:59:59-04:00
Walmart,8158247,Guava,3.98,2026-10-01T00:00:00-04:00,2026-10-07T23:59:59-04:00
Walmart,8158247,Activia probiotic yogurt,5.96,2026-10-01T00:00:00-04:00,2026-10-07T23:59:59-04:00
Walmart,8158247,4-qt. triple slow cooker,69.97,2026-10-01T00:00:00-04:00,2026-10-07T23:59:59-04:00
Walmart,8158247,Keurig K-Café Essentials single-serve coffee maker,119.98,2026-10-01T00:00:00-04:00,2026-10-07T23:59:59-04:00
Walmart,8158247,Kids' licensed winter hat set,14.0,2026-10-01T00:00:00-04:00,2026-10-07T23:59:59-04:00
Walmart,8158247,Tide Simply detergent,11.97,2026-10-01T00:00:00-04:00,2026-10-07T23:59:59-04:00
Walmart,8158247,Method all purpose cleaner,4.97,2026-10-01T00:00:00-04:00,2026-10-07T23:59:59-04:00
Walmart,8158247,Boys' costume,19.98,2026-10-01T00:00:00-04:00,2026-10-07T23:59:59-04:00
Walmart,8158247,Downy fabric softener 138 - 190 loads or Downy fabric rinse 90 loads,15.97,2026-10-01T00:00:00-04:00,2026-10-07T23:59:59-04:00
Walmart,8158247,Vega Essentials protein powder,25.97,2026-10-01T00:00:00-04:00,2026-10-07T23:59:59-04:00
Walmart,8158247,Jamieson vitamins,9.97,2026-10-01T00:00:00-04:00,2026-10-07T23:59:59-04:00
Walmart,8158247,Special Kitty pate single can cat food,0.8,2026-10-01T00:00:00-04:00,2026-10-07T23:59:59-04:00
Walmart,8158247,iögo nanö drinkable Yogurt 6-pack,3.47,2026-10-01T00:00:00-04:00,2026-10-07T23:59:59-04:00
Walmart,8158247,Iogo Creamy yogurt pouch,9.47,2026-10-01T00:00:00-04:00,2026-10-07T23:59:59-04:00
Walmart,8158247,Iogo nano Bubbles yogurt,3.27,2026-10-01T00:00:00-04:00,2026-10-07T23:59:59-04:00
Walmart,8158247,iögo nanö drinkable Yogurt 6-pack,3.47,2026-10-01T00:00:00-04:00,2026-10-07T23:59:59-04:00
Walmart,8158247,Yogourt Astro Original,4.27,2026-10-01T00:00:00-04:00,2026-10-07T23:59:59-04:00
Walmart,8158247,HOMCOM inflatable haunted tree,64.99,2026-10-01T00:00:00-04:00,2026-10-07T23:59:59-04:00
Walmart,8158247,Window lights,14.98,2026-10-01T00:00:00-04:00,2026-10-07T23:59:59-04:00
Walmart,8158247,"Dweep Sara men's green silk blend embroidered long kurta - 36"" straight fit festive ethnic wear with side slits",37.99,2026-10-01T00:00:00-04:00,2026-10-07T23:59:59-04:00
Walmart,8158247,"Triscuit, Wheat Thins or Vegetable Thins crackers",2.98,2026-10-01T00:00:00-04:00,2026-10-07T23:59:59-04:00
Walmart,8158247,RITZ Drizzled minis,4.98,2026-10-01T00:00:00-04:00,2026-10-07T23:59:59-04:00
Walmart,8158247,Water line antifreeze -50°C,16.82,2026-10-01T00:00:00-04:00,2026-10-07T23:59:59-04:00
Walmart,8158247,Lijjat jeera papad,2.24,2026-10-01T00:00:00-04:00,2026-10-07T23:59:59-04:00
Walmart,8158247,White cauliflower or broccoli stalks,3.44,2026-10-01T00:00:00-04:00,2026-10-07T23:59:59-04:00
Walmart,8158247,RITZ original 350 g or Toppables 454 g family size crackers,3.98,2026-10-01T00:00:00-04:00,2026-10-07T23:59:59-04:00
Walmart,8158247,"Triscuit, Wheat Thins or Vegetable Thins crackers",2.98,2026-10-01T00:00:00-04:00,2026-10-07T23:59:59-04:00
Walmart,8158247,One A Day multivitamin gummies 130s for Women or Men 50+,14.77,2026-10-01T00:00:00-04:00,2026-10-07T23:59:59-04:00
Walmart,8158247,RITZ Crackers,2.78,2026-10-01T00:00:00-04:00,2026-10-07T23:59:59-04:00
Walmart,8158247,Special Kitty dry cat food,18.97,2026-10-01T00:00:00-04:00,2026-10-07T23:59:59-04:00
Walmart,8158247,BFit vanilla or chocolate protein shake,2.97,2026-10-01T00:00:00-04:00,2026-10-07T23:59:59-04:00
Walmart,8158247,Premier protein muffin mix,7.47,2026-10-01T00:00:00-04:00,2026-10-07T23:59:59-04:00
Walmart,8158247,Jamieson vitamins,16.47,2026-10-01T00:00:00-04:00,2026-10-07T23:59:59-04:00
Walmart,8158247,Halloween lighting,12.88,2026-10-01T00:00:00-04:00,2026-10-07T23:59:59-04:00
Walmart,8158247,Ashoka shredded coconut,3.27,2026-10-01T00:00:00-04:00,2026-10-07T23:59:59-04:00
Walmart,8158247,RITZ original 350 g or Toppables 454 g family size crackers,3.98,2026-10-01T00:00:00-04:00,2026-10-07T23:59:59-04:00
Walmart,8158247,Huggies wipes,23.94,2026-10-01T00:00:00-04:00,2026-10-07T23:59:59-04:00
Walmart,8158247,Farm Girl cake mixes,11.47,2026-10-01T00:00:00-04:00,2026-10-07T23:59:59-04:00
Walmart,8158247,Good Protein plant-based shake mixes,26.97,2026-10-01T00:00:00-04:00,2026-10-07T23:59:59-04:00
Walmart,8158247,Quaker Oatmeal protein,6.98,2026-10-01T00:00:00-04:00,2026-10-07T23:59:59-04:00
Walmart,8158247,Sheba Bistro Perfect Portions wet cat food variety pack,15.98,2026-10-01T00:00:00-04:00,2026-10-07T23:59:59-04:00
Walmart,8158247,Special Kitty clumping cat litter,12.97,2026-10-01T00:00:00-04:00,2026-10-07T23:59:59-04:00
Walmart,8158247,Licensed greeters,32.98,2026-10-01T00:00:00-04:00,2026-10-07T23:59:59-04:00
Walmart,8158247,Equate high protein meal replacement shakes,10.97,2026-10-01T00:00:00-04:00,2026-10-07T23:59:59-04:00
Walmart,8158247,Light-up candles,12.88,2026-10-01T00:00:00-04:00,2026-10-07T23:59:59-04:00
Walmart,8158247,Green Giant canned vegetables,1.67,2026-10-01T00:00:00-04:00,2026-10-07T23:59:59-04:00
Walmart,8158247,Cascade ActionPacs dishwasher detergent,19.97,2026-10-01T00:00:00-04:00,2026-10-07T23:59:59-04:00
Walmart,8158247,IAMS Proactive Health dry dog food for large breeds,62.97,2026-10-01T00:00:00-04:00,2026-10-07T23:59:59-04:00
Walmart,8158247,Vibrant Life Tough Chew dog toy,6.75,2026-10-01T00:00:00-04:00,2026-10-07T23:59:59-04:00
Walmart,8158247,Friskies Party Mix crunch cat treats,2.27,2026-10-01T00:00:00-04:00,2026-10-07T23:59:59-04:00
Walmart,8158247,Red cabbage,0.98,2026-10-01T00:00:00-04:00,2026-10-07T23:59:59-04:00
Walmart,8158247,AA24 or AAA16 batteries,14.97,2026-10-01T00:00:00-04:00,2026-10-07T23:59:59-04:00
Walmart,8158247,Windshield washer fluid,4.98,2026-10-01T00:00:00-04:00,2026-10-07T23:59:59-04:00
Walmart,8158247,Tide Pods laundry detergent,28.97,2026-10-01T00:00:00-04:00,2026-10-07T23:59:59-04:00
Walmart,8158247,Iogo nano Bubbles yogurt,3.27,2026-10-01T00:00:00-04:00,2026-10-07T23:59:59-04:00
Walmart,8158247,Siggi's Skyr Yogurt Cups,3.96,2026-10-01T00:00:00-04:00,2026-10-07T23:59:59-04:00
Walmart,8158247,Lactantia Cream cheese,3.98,2026-10-01T00:00:00-04:00,2026-10-07T23:59:59-04:00
Walmart,8158247,Yogourt Astro Original,4.27,2026-10-01T00:00:00-04:00,2026-10-07T23:59:59-04:00
Walmart,8158247,Olympic Krema yoghurt tubs,4.27,2026-10-01T00:00:00-04:00,2026-10-07T23:59:59-04:00
Walmart,8158247,Vibrant Life enclosed cat litter pan,29.94,2026-10-01T00:00:00-04:00,2026-10-07T23:59:59-04:00
Walmart,8158247,Prana Grano Love,3.97,2026-10-01T00:00:00-04:00,2026-10-07T23:59:59-04:00
Walmart,8158247,Schneiders Pepperettes,6.97,2026-10-01T00:00:00-04:00,2026-10-07T23:59:59-04:00
Walmart,8158247,Heavy duty deep tray car floor mats,30.98,2026-10-01T00:00:00-04:00,2026-10-07T23:59:59-04:00
Walmart,8158247,Ocean plush,4.97,2026-10-01T00:00:00-04:00,2026-10-07T23:59:59-04:00
Walmart,8158247,Pringles,2.47,2026-10-01T00:00:00-04:00,2026-10-07T23:59:59-04:00
Walmart,8158247,Cavendish Farms fries or onion rings,2.97,2026-10-01T00:00:00-04:00,2026-10-07T23:59:59-04:00
Walmart,8158247,Cascade ActionPacs dishwasher detergent,19.97,2026-10-01T00:00:00-04:00,2026-10-07T23:59:59-04:00
Walmart,8158247,Sitara naan bites,3.67,2026-10-01T00:00:00-04:00,2026-10-07T23:59:59-04:00
Walmart,8158247,Canada Grade A or Utility turkey,1.74,2026-10-01T00:00:00-04:00,2026-10-07T23:59:59-04:00
Walmart,8158247,Friskies dry cat food,23.48,2026-10-01T00:00:00-04:00,2026-10-07T23:59:59-04:00
Walmart,8158247,Bounce sheets,5.97,2026-10-01T00:00:00-04:00,2026-10-07T23:59:59-04:00
Walmart,8158247,Revolution Nutrition Iso Whey protein powder,40.47,2026-10-01T00:00:00-04:00,2026-10-07T23:59:59-04:00
Walmart,8158247,Fleecy fabric softener,10.97,2026-10-01T00:00:00-04:00,2026-10-07T23:59:59-04:00
Walmart,8158247,Barebells protein bars,12.47,2026-10-01T00:00:00-04:00,2026-10-07T23:59:59-04:00
Walmart,8158247,Adults' thermal socks,12.0,2026-10-01T00:00:00-04:00,2026-10-07T23:59:59-04:00
Walmart,8158247,Caledon Farms dog treats,7.98,2026-10-01T00:00:00-04:00,2026-10-07T23:59:59-04:00
Walmart,8158247,Laminator,24.97,2026-10-01T00:00:00-04:00,2026-10-07T23:59:59-04:00
Walmart,8158247,Scotties 2-ply or 3-ply facial tissue,19.97,2026-10-01T00:00:00-04:00,2026-10-07T23:59:59-04:00
Walmart,8158247,Listerine mouthwash,8.98,2026-10-01T00:00:00-04:00,2026-10-07T23:59:59-04:00
Walmart,8158247,Your Fresh Market™ whole white or cremini mushrooms,2.44,2026-10-01T00:00:00-04:00,2026-10-07T23:59:59-04:00
Walmart,8158247,Tide Pods laundry detergent,28.97,2026-10-01T00:00:00-04:00,2026-10-07T23:59:59-04:00
Walmart,8158247,Purina Tidy Cats Lightweight clumping cat litter,19.88,2026-10-01T00:00:00-04:00,2026-10-07T23:59:59-04:00
Walmart,8158247,Cavendish Farms fries or onion rings,2.97,2026-10-01T00:00:00-04:00,2026-10-07T23:59:59-04:00
Walmart,8158247,Pampers superpack diapers,28.98,2026-10-01T00:00:00-04:00,2026-10-07T23:59:59-04:00
Walmart,8158247,Maple Leaf fresh split chicken wings,6.43,2026-10-01T00:00:00-04:00,2026-10-07T23:59:59-04:00
Walmart,8158247,Nestlé snack-size bars,2.37,2026-10-01T00:00:00-04:00,2026-10-07T23:59:59-04:00
Walmart,8158247,Coffee mate liquid coffee enhancer,4.97,2026-10-01T00:00:00-04:00,2026-10-07T23:59:59-04:00
Walmart,8158247,Armstrong cheese blocks 400 g,4.98,2026-10-01T00:00:00-04:00,2026-10-07T23:59:59-04:00
Walmart,8158247,Crest Gum Detoxify 63 mL or Clean Breath 55 mL toothpaste or Scope mouthwash 1 L,4.97,2026-10-01T00:00:00-04:00,2026-10-07T23:59:59-04:00
Walmart,8158247,Tide Simply detergent,11.97,2026-10-01T00:00:00-04:00,2026-10-07T23:59:59-04:00
Walmart,8158247,Whiskas Paté wet cat food variety pack,13.98,2026-10-01T00:00:00-04:00,2026-10-07T23:59:59-04:00
Walmart,8158247,Our Finest appetizers or meatballs,12.84,2026-10-01T00:00:00-04:00,2026-10-07T23:59:59-04:00
Walmart,8158247,Nestlé snack-size bars,2.37,2026-10-01T00:00:00-04:00,2026-10-07T23:59:59-04:00
Walmart,8158247,Dawn dish soap,11.97,2026-10-01T00:00:00-04:00,2026-10-07T23:59:59-04:00
Walmart,8158247,Maple Leaf Prime raised without antibiotics boneless skinless chicken breasts 3-pack,6.34,2026-10-01T00:00:00-04:00,2026-10-07T23:59:59-04:00
Walmart,8158247,Girls' costume,19.98,2026-10-01T00:00:00-04:00,2026-10-07T23:59:59-04:00
Walmart,8158247,Huggies Pull-Ups superpack training pants,28.78,2026-10-01T00:00:00-04:00,2026-10-07T23:59:59-04:00
Walmart,8158247,Pantene Pro-V shampoo or conditioner,11.96,2026-10-01T00:00:00-04:00,2026-10-07T23:59:59-04:00
Walmart,8158247,Live Clean holiday hand soap,4.96,2026-10-01T00:00:00-04:00,2026-10-07T23:59:59-04:00
Walmart,8158247,Ceramic decor,7.98,2026-10-01T00:00:00-04:00,2026-10-07T23:59:59-04:00
Walmart,8158247,Halloween inflatables,22.98,2026-10-01T00:00:00-04:00,2026-10-07T23:59:59-04:00
Walmart,8158247,Pantene Pro-V shampoo,11.96,2026-10-01T00:00:00-04:00,2026-10-07T23:59:59-04:00
Walmart,8158247,Always Flexfoam pads or Tampax tampons,10.98,2026-10-01T00:00:00-04:00,2026-10-07T23:59:59-04:00
Walmart,8158247,Great Value bacon,5.47,2026-10-01T00:00:00-04:00,2026-10-07T23:59:59-04:00
Walmart,8158247,PTI besan chickpea flour,4.88,2026-10-01T00:00:00-04:00,2026-10-07T23:59:59-04:00
Walmart,8158247,Takis rolled tortilla chips,2.96,2026-10-01T00:00:00-04:00,2026-10-07T23:59:59-04:00
Walmart,8158247,Kotex ultra thin pads and liners,10.97,2026-10-01T00:00:00-04:00,2026-10-07T23:59:59-04:00
Walmart,8158247,Alcan aluminum foil 60',6.98,2026-10-01T00:00:00-04:00,2026-10-07T23:59:59-04:00
Walmart,8158247,Orville Redenbacher 492 g,3.97,2026-10-01T00:00:00-04:00,2026-10-07T23:59:59-04:00
Walmart,8158247,Halloween inflatables,59.98,2026-10-01T00:00:00-04:00,2026-10-07T23:59:59-04:00
Walmart,8158247,Huggies wipes,23.94,2026-10-01T00:00:00-04:00,2026-10-07T23:59:59-04:00
Walmart,8158247,Glade scented 3-wick candle or PlugIns Scented Oil Plus air freshener starter kit,8.97,2026-10-01T00:00:00-04:00,2026-10-07T23:59:59-04:00
Walmart,8158247,Cascade ActionPacs dishwasher detergent,19.97,2026-10-01T00:00:00-04:00,2026-10-07T23:59:59-04:00
Walmart,8158247,Britannia milk rusk,4.74,2026-10-01T00:00:00-04:00,2026-10-07T23:59:59-04:00
Walmart,8158247,Bulk McIntosh apples,1.28,2026-10-01T00:00:00-04:00,2026-10-07T23:59:59-04:00
Walmart,8158247,Poseable skeleton decoration,19.98,2026-10-01T00:00:00-04:00,2026-10-07T23:59:59-04:00
Walmart,8158247,Ceramic decor,22.98,2026-10-01T00:00:00-04:00,2026-10-07T23:59:59-04:00
Walmart,8158247,Garnier Nutrisse hair colour,10.22,2026-10-01T00:00:00-04:00,2026-10-07T23:59:59-04:00
Walmart,8158247,Multi-purpose paper 500-pack,8.98,2026-10-01T00:00:00-04:00,2026-10-07T23:59:59-04:00
Walmart,8158247,"5"" Orbital Sander",36.97,2026-10-01T00:00:00-04:00,2026-10-07T23:59:59-04:00
Walmart,8158247,Vileda Punch scrub sponge,5.97,2026-10-01T00:00:00-04:00,2026-10-07T23:59:59-04:00
Walmart,8158247,Arm & Hammer Double Duty cat litter deodorizer,4.48,2026-10-01T00:00:00-04:00,2026-10-07T23:59:59-04:00
Walmart,8158247,Fancy Feast Gems mouse wet cat food variety pack,15.93,2026-10-01T00:00:00-04:00,2026-10-07T23:59:59-04:00
Walmart,8158247,Webber Naturals magnesium,11.97,2026-10-01T00:00:00-04:00,2026-10-07T23:59:59-04:00
Walmart,8158247,Downy Beads 680 g or Rinse 90 loads or softener 190 loads,15.97,2026-10-01T00:00:00-04:00,2026-10-07T23:59:59-04:00
Walmart,8158247,Similac Pro-Advance step 1 ready to feed infant formula bottles,59.98,2026-10-01T00:00:00-04:00,2026-10-07T23:59:59-04:00
Walmart,8158247,Pampers superpack diapers,28.98,2026-10-01T00:00:00-04:00,2026-10-07T23:59:59-04:00
Walmart,8158247,HOMCOM 9' inflatable LED pumpkin,62.99,2026-10-01T00:00:00-04:00,2026-10-07T23:59:59-04:00
Walmart,8158247,Kids' waterproof ski gloves,10.0,2026-10-01T00:00:00-04:00,2026-10-07T23:59:59-04:00
Walmart,8158247,Great Value lemon scented disinfecting wipes,4.27,2026-10-01T00:00:00-04:00,2026-10-07T23:59:59-04:00
Walmart,8158247,Tim Hortons soup,2.24,2026-10-01T00:00:00-04:00,2026-10-07T23:59:59-04:00
Walmart,8158247,Nestlé Parlour frozen dessert tubs,2.94,2026-10-01T00:00:00-04:00,2026-10-07T23:59:59-04:00
Walmart,8158247,Halloween plush,8.48,2026-10-01T00:00:00-04:00,2026-10-07T23:59:59-04:00
Walmart,8158247,One A Day Multivitamin gummies 130s,14.77,2026-10-01T00:00:00-04:00,2026-10-07T23:59:59-04:00
Walmart,8158247,"SheaMoisture styling products, treatments or detanglers",14.42,2026-10-01T00:00:00-04:00,2026-10-07T23:59:59-04:00
Walmart,8158247,Whiskas wet cat food pouch singles,0.77,2026-10-01T00:00:00-04:00,2026-10-07T23:59:59-04:00
Walmart,8158247,Cesar wet dog food,8.48,2026-10-01T00:00:00-04:00,2026-10-07T23:59:59-04:00
Walmart,8158247,Milk-Bone dog biscuits,3.97,2026-10-01T00:00:00-04:00,2026-10-07T23:59:59-04:00
Walmart,8158247,Pillsbury ready-to-bake country biscuits or cinnamon rolls,2.78,2026-10-01T00:00:00-04:00,2026-10-07T23:59:59-04:00
Walmart,8158247,Kidde carbon monoxide alarm,32.77,2026-10-01T00:00:00-04:00,2026-10-07T23:59:59-04:00
Walmart,8158247,Pure Balance dry dog food,49.98,2026-10-01T00:00:00-04:00,2026-10-07T23:59:59-04:00
Walmart,8158247,Packing tape,9.98,2026-10-01T00:00:00-04:00,2026-10-07T23:59:59-04:00
Walmart,8158247,Great Value lawn and leaf bags,6.87,2026-10-01T00:00:00-04:00,2026-10-07T23:59:59-04:00
Walmart,8158247,Lawn stake lights,14.98,2026-10-01T00:00:00-04:00,2026-10-07T23:59:59-04:00
Walmart,8158247,Halloween inflatables,59.98,2026-10-01T00:00:00-04:00,2026-10-07T23:59:59-04:00
Walmart,8158247,Ocean Spray cranberry sauce,1.57,2026-10-01T00:00:00-04:00,2026-10-07T23:59:59-04:00
Walmart,8158247,Nestlé minis variety pack,15.97,2026-10-01T00:00:00-04:00,2026-10-07T23:59:59-04:00
Walmart,8158247,Lawn stake lights,14.98,2026-10-01T00:00:00-04:00,2026-10-07T23:59:59-04:00
Walmart,8158247,Coffee mate liquid coffee enhancer,4.97,2026-10-01T00:00:00-04:00,2026-10-07T23:59:59-04:00
Walmart,8158247,Prana overnight chia,5.97,2026-10-01T00:00:00-04:00,2026-10-07T23:59:59-04:00
Walmart,8158247,Glad blue recycling or clear garbage bags,10.67,2026-10-01T00:00:00-04:00,2026-10-07T23:59:59-04:00
Walmart,8158247,Energizer MAX batteries,14.97,2026-10-01T00:00:00-04:00,2026-10-07T23:59:59-04:00
Walmart,8158247,Halloween lighting,12.88,2026-10-01T00:00:00-04:00,2026-10-07T23:59:59-04:00
Walmart,8158247,Set of 3 6ft animated witches,299.0,2026-10-01T00:00:00-04:00,2026-10-07T23:59:59-04:00
Walmart,8158247,Toddlers' ride-on costume,32.98,2026-10-01T00:00:00-04:00,2026-10-07T23:59:59-04:00
Walmart,8158247,"Royal Chinet 10.38"" dinner plates",21.47,2026-10-01T00:00:00-04:00,2026-10-07T23:59:59-04:00
Walmart,8158247,Your Fresh Market™ apple fritter 4-pack,4.78,2026-10-01T00:00:00-04:00,2026-10-07T23:59:59-04:00
Walmart,8158247,Stove Top stuffing mix,1.27,2026-10-01T00:00:00-04:00,2026-10-07T23:59:59-04:00
Walmart,8158247,McCafé K-Cup 30s,22.86,2026-10-01T00:00:00-04:00,2026-10-07T23:59:59-04:00
Walmart,8158247,Lawn stake lights set,14.98,2026-10-01T00:00:00-04:00,2026-10-07T23:59:59-04:00
Walmart,8158247,De Cecco high protein pasta,5.47,2026-10-01T00:00:00-04:00,2026-10-07T23:59:59-04:00
Walmart,8158247,Halloween candy variety pack 40s,12.88,2026-10-01T00:00:00-04:00,2026-10-07T23:59:59-04:00
Walmart,8158247,Pure Balance dry dog food,49.98,2026-10-01T00:00:00-04:00,2026-10-07T23:59:59-04:00
Walmart,8158247,RestoraFAST soft chews,14.77,2026-10-01T00:00:00-04:00,2026-10-07T23:59:59-04:00
Walmart,8158247,Bulk sweet potatoes,1.44,2026-10-01T00:00:00-04:00,2026-10-07T23:59:59-04:00
Walmart,8158247,Ocean Spray cranberry sauce,1.57,2026-10-01T00:00:00-04:00,2026-10-07T23:59:59-04:00
Walmart,8158247,Tim Hortons ground coffee,22.86,2026-10-01T00:00:00-04:00,2026-10-07T23:59:59-04:00
Walmart,8158247,Boys' costumes,19.98,2026-10-01T00:00:00-04:00,2026-10-07T23:59:59-04:00
Walmart,8158247,Adults' costumes,19.98,2026-10-01T00:00:00-04:00,2026-10-07T23:59:59-04:00
Walmart,8158247,Bulk cluster tomatoes or Roma tomatoes,2.42,2026-10-01T00:00:00-04:00,2026-10-07T23:59:59-04:00
Walmart,8158247,Maple Leaf Natural Selections sliced deli meat,5.97,2026-10-01T00:00:00-04:00,2026-10-07T23:59:59-04:00
Walmart,8158247,Dove body wash 591 mL or beauty bar soap 6 x 106 g,8.86,2026-10-01T00:00:00-04:00,2026-10-07T23:59:59-04:00
Walmart,8158247,Nintendo Switch 2 console,679.96,2026-10-01T00:00:00-04:00,2026-10-07T23:59:59-04:00
Walmart,8158247,Your Fresh Market™ Rave apples,5.98,2026-10-01T00:00:00-04:00,2026-10-07T23:59:59-04:00
Walmart,8158247,Fancy Feast cat treats variety pack,6.97,2026-10-01T00:00:00-04:00,2026-10-07T23:59:59-04:00
Walmart,8158247,7' Reaper with Lantern animatronic,236.0,2026-10-01T00:00:00-04:00,2026-10-07T23:59:59-04:00
Walmart,8158247,Licensed greeters,32.98,2026-10-01T00:00:00-04:00,2026-10-07T23:59:59-04:00
Walmart,8158247,Pooja coconut,1.89,2026-10-01T00:00:00-04:00,2026-10-07T23:59:59-04:00
Walmart,8158247,"Your Fresh Market™ 9–10"" pies",5.94,2026-10-01T00:00:00-04:00,2026-10-07T23:59:59-04:00
Walmart,8158247,Elbow Macaroni,3.27,2026-10-01T00:00:00-04:00,2026-10-07T23:59:59-04:00
Walmart,8158247,500 mL Canning Jars,13.97,2026-10-01T00:00:00-04:00,2026-10-07T23:59:59-04:00
Walmart,8158247,Live Clean holiday hand soap,4.96,2026-10-01T00:00:00-04:00,2026-10-07T23:59:59-04:00
Walmart,8158247,Bakeware,7.97,2026-10-01T00:00:00-04:00,2026-10-07T23:59:59-04:00
Walmart,8158247,Nightmare Before Christmas Halloween tabletop decor,4.97,2026-10-01T00:00:00-04:00,2026-10-07T23:59:59-04:00
Walmart,8158247,Sitara beans or peas,5.38,2026-10-01T00:00:00-04:00,2026-10-07T23:59:59-04:00
Walmart,8158247,Your Fresh Market™ Gravenstein apples,4.98,2026-10-01T00:00:00-04:00,2026-10-07T23:59:59-04:00
Walmart,8158247,Philadelphia cream cheese,3.97,2026-10-01T00:00:00-04:00,2026-10-07T23:59:59-04:00
Walmart,8158247,OÏKOS high protein drinkable Greek yogurt,1.46,2026-10-01T00:00:00-04:00,2026-10-07T23:59:59-04:00
Walmart,8158247,Swiss Chalet pie,8.98,2026-10-01T00:00:00-04:00,2026-10-07T23:59:59-04:00
Walmart,8158247,Adults' leather Chelsea boots,59.0,2026-10-01T00:00:00-04:00,2026-10-07T23:59:59-04:00
Walmart,8158247,Campbell's broth,1.47,2026-10-01T00:00:00-04:00,2026-10-07T23:59:59-04:00
Walmart,8158247,Lactantia traditional spread,4.97,2026-10-01T00:00:00-04:00,2026-10-07T23:59:59-04:00
Walmart,8158247,Halloween inflatables,59.98,2026-10-01T00:00:00-04:00,2026-10-07T23:59:59-04:00
Walmart,8158247,Lou's Kitchen fully cooked pork back ribs,9.97,2026-10-01T00:00:00-04:00,2026-10-07T23:59:59-04:00
Walmart,8158247,Schneiders Pepperettes,6.97,2026-10-01T00:00:00-04:00,2026-10-07T23:59:59-04:00
Walmart,8158247,Our Finest appetizers,12.84,2026-10-01T00:00:00-04:00,2026-10-07T23:59:59-04:00
Walmart,8158247,Furlani garlic toast,4.48,2026-10-01T00:00:00-04:00,2026-10-07T23:59:59-04:00
Walmart,8158247,Great Value sliced bread,2.68,2026-10-01T00:00:00-04:00,2026-10-07T23:59:59-04:00
Walmart,8158247,Kid's costumes,19.98,2026-10-01T00:00:00-04:00,2026-10-07T23:59:59-04:00
Walmart,8158247,Bakeware,7.97,2026-10-01T00:00:00-04:00,2026-10-07T23:59:59-04:00
Walmart,8158247,Great Value Sparkling Water,5.24,2026-10-01T00:00:00-04:00,2026-10-07T23:59:59-04:00
Walmart,8158247,Glad blue recycling or clear garbage bags,10.67,2026-10-01T00:00:00-04:00,2026-10-07T23:59:59-04:00
Walmart,8158247,Crest Gum Detoxify 63 mL or Clean Breath 55 mL toothpaste or Scope mouthwash 1 L,4.97,2026-10-01T00:00:00-04:00,2026-10-07T23:59:59-04:00
Walmart,8158247,L'Oréal Paris Hair Expertise conditioner,5.98,2026-10-01T00:00:00-04:00,2026-10-07T23:59:59-04:00
Walmart,8158247,Suave body wash 532 mL or antiperspirant 74 g,3.97,2026-10-01T00:00:00-04:00,2026-10-07T23:59:59-04:00
Walmart,8158247,Light-up decor,22.98,2026-10-01T00:00:00-04:00,2026-10-07T23:59:59-04:00
Walmart,8158247,500 lumen 2-pack flashlight or 1200 lumen flashlight,14.98,2026-10-01T00:00:00-04:00,2026-10-07T23:59:59-04:00
Walmart,8158247,Oasis juice or smoothie drinks,4.46,2026-10-01T00:00:00-04:00,2026-10-07T23:59:59-04:00
Walmart,8158247,Dweep Sara green rayon fit & flare gown,39.99,2026-10-01T00:00:00-04:00,2026-10-07T23:59:59-04:00
Walmart,8158247,Dove body wash 591 mL or beauty bar soap 6 x 106 g,8.86,2026-10-01T00:00:00-04:00,2026-10-07T23:59:59-04:00
Walmart,8158247,Swiffer Refills & Sweep + Mop Starter Kit,15.97,2026-10-01T00:00:00-04:00,2026-10-07T23:59:59-04:00
Walmart,8158247,Vileda Punch scrub sponge,5.97,2026-10-01T00:00:00-04:00,2026-10-07T23:59:59-04:00
Walmart,8158247,Lysol multi-surface cleaner,9.97,2026-10-01T00:00:00-04:00,2026-10-07T23:59:59-04:00
Walmart,8158247,LED mini string lights,7.88,2026-10-01T00:00:00-04:00,2026-10-07T23:59:59-04:00
Walmart,8158247,Valvoline Advanced full synthetic motor oil,46.88,2026-10-01T00:00:00-04:00,2026-10-07T23:59:59-04:00
Walmart,8158247,Great Value sliced bread,2.68,2026-10-01T00:00:00-04:00,2026-10-07T23:59:59-04:00
Walmart,8158247,Frito-Lay Halloween chips or treat bags,12.97,2026-10-01T00:00:00-04:00,2026-10-07T23:59:59-04:00
Walmart,8158247,Listerine Total Care mouthwash,10.48,2026-10-01T00:00:00-04:00,2026-10-07T23:59:59-04:00
Walmart,8158247,Senso instant cardamom chai latte mix,5.47,2026-10-01T00:00:00-04:00,2026-10-07T23:59:59-04:00
Walmart,8158247,60W A19 LED bulbs,8.98,2026-10-01T00:00:00-04:00,2026-10-07T23:59:59-04:00
Walmart,8158247,Your Fresh Market™ yellow onions,4.44,2026-10-01T00:00:00-04:00,2026-10-07T23:59:59-04:00
Walmart,8158247,Your Fresh Market™ carrots,3.24,2026-10-01T00:00:00-04:00,2026-10-07T23:59:59-04:00
Walmart,8158247,Verka paneer,5.17,2026-10-01T00:00:00-04:00,2026-10-07T23:59:59-04:00
Walmart,8158247,Bear Paws cookies,2.28,2026-10-01T00:00:00-04:00,2026-10-07T23:59:59-04:00
Walmart,8158247,Sitara Atta whole wheat flour,9.94,2026-10-01T00:00:00-04:00,2026-10-07T23:59:59-04:00
Walmart,8158247,Betty Crocker cake mix,1.87,2026-10-01T00:00:00-04:00,2026-10-07T23:59:59-04:00
Walmart,8158247,Kidde fire extinguisher,32.77,2026-10-01T00:00:00-04:00,2026-10-07T23:59:59-04:00
Walmart,8158247,One Paw dog Halloween costumes,16.97,2026-10-01T00:00:00-04:00,2026-10-07T23:59:59-04:00
Walmart,8158247,Downy Beads 680 g or Rinse 90 loads or softener 190 loads,15.97,2026-10-01T00:00:00-04:00,2026-10-07T23:59:59-04:00
Walmart,8158247,White cauliflower,3.44,2026-10-01T00:00:00-04:00,2026-10-07T23:59:59-04:00
Walmart,8158247,La Cocina tortilla chips,3.44,2026-10-01T00:00:00-04:00,2026-10-07T23:59:59-04:00
Walmart,8158247,Gay Lea butter,4.97,2026-10-01T00:00:00-04:00,2026-10-07T23:59:59-04:00
Walmart,8158247,Dove conditioner,8.47,2026-10-01T00:00:00-04:00,2026-10-07T23:59:59-04:00
Walmart,8158247,Women's cozy knit hat,14.0,2026-10-01T00:00:00-04:00,2026-10-07T23:59:59-04:00
Walmart,8158247,Stove Top stuffing mix,1.27,2026-10-01T00:00:00-04:00,2026-10-07T23:59:59-04:00
Walmart,8158247,Nightmare Before Christmas Halloween tabletop decor,4.97,2026-10-01T00:00:00-04:00,2026-10-07T23:59:59-04:00
Walmart,8158247,Novelty glow-in-the-dark lantern,3.0,2026-10-01T00:00:00-04:00,2026-10-07T23:59:59-04:00
Walmart,8158247,HOMCOM 9' pumpkin ghost inflatable,71.99,2026-10-01T00:00:00-04:00,2026-10-07T23:59:59-04:00
Walmart,8158247,Halloween 3.5 - 4' inflatables,22.98,2026-10-01T00:00:00-04:00,2026-10-07T23:59:59-04:00
Walmart,8158247,Biba Rangriti Indian ethnic suit set for women - Chandrima Set,81.74,2026-10-01T00:00:00-04:00,2026-10-07T23:59:59-04:00
Walmart,8158247,"16"" Hanging retro decor",22.98,2026-10-01T00:00:00-04:00,2026-10-07T23:59:59-04:00
Walmart,8158247,Girl's costume,29.98,2026-10-01T00:00:00-04:00,2026-10-07T23:59:59-04:00
Walmart,8158247,Alcan aluminum foil 60' or 100',6.98,2026-10-01T00:00:00-04:00,2026-10-07T23:59:59-04:00
Walmart,8158247,Microfibre cleaning towels,14.98,2026-10-01T00:00:00-04:00,2026-10-07T23:59:59-04:00
Walmart,8158247,Bulk Honeycrisp apples,2.98,2026-10-01T00:00:00-04:00,2026-10-07T23:59:59-04:00
Walmart,8158247,6-Sheet strip-cut shredder,29.88,2026-10-01T00:00:00-04:00,2026-10-07T23:59:59-04:00
Walmart,8158247,Fleecy fabric softener,10.97,2026-10-01T00:00:00-04:00,2026-10-07T23:59:59-04:00
Walmart,8158247,Glade scented 3-wick candle or PlugIns Scented Oil Plus air freshener starter kit,8.97,2026-10-01T00:00:00-04:00,2026-10-07T23:59:59-04:00
Walmart,8158247,Downy or Gain fabric softener 138 - 190 loads or Downy fabric rinse 90 loads,15.97,2026-10-01T00:00:00-04:00,2026-10-07T23:59:59-04:00
Walmart,8158247,OL' Roy Munchy Bone dog treats,29.98,2026-10-01T00:00:00-04:00,2026-10-07T23:59:59-04:00
Walmart,8158247,Pedigree dry dog food,22.48,2026-10-01T00:00:00-04:00,2026-10-07T23:59:59-04:00
Walmart,8158247,Purina Beneful dry dog food,26.97,2026-10-01T00:00:00-04:00,2026-10-07T23:59:59-04:00
Walmart,8158247,Sitara white roti,3.77,2026-10-01T00:00:00-04:00,2026-10-07T23:59:59-04:00
Walmart,8158247,Club House sauce or gravy mixes,0.98,2026-10-01T00:00:00-04:00,2026-10-07T23:59:59-04:00
Walmart,8158247,Listerine Total Care mouthwash,10.48,2026-10-01T00:00:00-04:00,2026-10-07T23:59:59-04:00
Walmart,8158247,Scrubbing Bubbles bathroom cleaners,4.47,2026-10-01T00:00:00-04:00,2026-10-07T23:59:59-04:00
Walmart,8158247,Promise gluten free bread,7.98,2026-10-01T00:00:00-04:00,2026-10-07T23:59:59-04:00
Walmart,8158247,Mr. Clean 2-pack Extra Power Magic Eraser,3.97,2026-10-01T00:00:00-04:00,2026-10-07T23:59:59-04:00
Walmart,8158247,Nestlé Parlour frozen dessert tubs,2.94,2026-10-01T00:00:00-04:00,2026-10-07T23:59:59-04:00
Walmart,8158247,Advil Liqui-Gels,13.83,2026-10-01T00:00:00-04:00,2026-10-07T23:59:59-04:00
Walmart,8158247,Scrubbing Bubbles bathroom cleaners,4.47,2026-10-01T00:00:00-04:00,2026-10-07T23:59:59-04:00
Walmart,8158247,2.2-qt. Air fryer,39.98,2026-10-01T00:00:00-04:00,2026-10-07T23:59:59-04:00
Walmart,8158247,Kotex ultra thin pads and liners,10.97,2026-10-01T00:00:00-04:00,2026-10-07T23:59:59-04:00
Walmart,8158247,Begum basmati rice,9.94,2026-10-01T00:00:00-04:00,2026-10-07T23:59:59-04:00
Walmart,8158247,Dabur mustard oil,7.98,2026-10-01T00:00:00-04:00,2026-10-07T23:59:59-04:00
Walmart,8158247,Glade scented 3-wick candle,8.97,2026-10-01T00:00:00-04:00,2026-10-07T23:59:59-04:00
Walmart,8158247,Nightmare Before Christmas Halloween tabletop decor,4.97,2026-10-01T00:00:00-04:00,2026-10-07T23:59:59-04:00
Walmart,8158247,"Men's costume, Kid's costume",19.98,2026-10-01T00:00:00-04:00,2026-10-07T23:59:59-04:00
Walmart,8158247,Boys' costume,29.98,2026-10-01T00:00:00-04:00,2026-10-07T23:59:59-04:00
Walmart,8158247,Full synthetic motor oil,34.88,2026-10-01T00:00:00-04:00,2026-10-07T23:59:59-04:00
Walmart,8158247,Adults' costumes,29.98,2026-10-01T00:00:00-04:00,2026-10-07T23:59:59-04:00
Walmart,8158247,Coca-Cola Pop,6.94,2026-10-01T00:00:00-04:00,2026-10-07T23:59:59-04:00
Walmart,8158247,Canada Grade A Turkey,1.74,2026-10-01T00:00:00-04:00,2026-10-07T23:59:59-04:00
Walmart,8158247,Cetaphil Healthy Radiance brightening-C serum 30 mL or cream 50 g,32.97,2026-10-01T00:00:00-04:00,2026-10-07T23:59:59-04:00
Walmart,8158247,Guillotine trimmer,30.0,2026-10-01T00:00:00-04:00,2026-10-07T23:59:59-04:00
Walmart,8158247,OPI RapiDry Quick-Dry nail lacquer,9.97,2026-10-01T00:00:00-04:00,2026-10-07T23:59:59-04:00
Walmart,8158247,MERV 8 air filters,16.98,2026-10-01T00:00:00-04:00,2026-10-07T23:59:59-04:00
Walmart,8158247,All-season windshield washer fluid,6.48,2026-10-01T00:00:00-04:00,2026-10-07T23:59:59-04:00
Walmart,8158247,Indian red carrot,1.98,2026-10-01T00:00:00-04:00,2026-10-07T23:59:59-04:00
Walmart,8158247,Amul gulab jamun,6.24,2026-10-01T00:00:00-04:00,2026-10-07T23:59:59-04:00
Walmart,8158247,5-Gallon stainless steel wet/dry vacuum,62.88,2026-10-01T00:00:00-04:00,2026-10-07T23:59:59-04:00
Walmart,8158247,Canvas or Impact work gloves,14.98,2026-10-01T00:00:00-04:00,2026-10-07T23:59:59-04:00
Walmart,8158247,Purple sweet potato,1.87,2026-10-01T00:00:00-04:00,2026-10-07T23:59:59-04:00
Walmart,8158247,Terracotta pumpkin,26.98,2026-10-01T00:00:00-04:00,2026-10-07T23:59:59-04:00
Walmart,8158247,One A Day Multivitamin gummies 130s,14.77,2026-10-01T00:00:00-04:00,2026-10-07T23:59:59-04:00
Walmart,8158247,Verka gurkhpur jaggery,2.24,2026-10-01T00:00:00-04:00,2026-10-07T23:59:59-04:00
Walmart,8158247,Goldfish crackers,2.48,2026-10-01T00:00:00-04:00,2026-10-07T23:59:59-04:00
Walmart,8158247,Frito-Lay value size chips,5.47,2026-10-01T00:00:00-04:00,2026-10-07T23:59:59-04:00
Walmart,8158247,Your Fresh Market™ butter croissants,5.94,2026-10-01T00:00:00-04:00,2026-10-07T23:59:59-04:00
Walmart,8158247,Redpath sugar,2.77,2026-10-01T00:00:00-04:00,2026-10-07T23:59:59-04:00
Walmart,8158247,Boys' or girls' costumes,19.98,2026-10-01T00:00:00-04:00,2026-10-07T23:59:59-04:00
Walmart,8158247,Your Fresh Market™ cinnamon buns or fruit-filled danishes,4.98,2026-10-01T00:00:00-04:00,2026-10-07T23:59:59-04:00
Walmart,8158247,Natural Bakery rye bread,2.98,2026-10-01T00:00:00-04:00,2026-10-07T23:59:59-04:00
Walmart,8158247,Cadbury Dairy Milk chocolate bars,2.62,2026-10-01T00:00:00-04:00,2026-10-07T23:59:59-04:00
Walmart,8158247,Cake styling products,11.94,2026-10-01T00:00:00-04:00,2026-10-07T23:59:59-04:00
Walmart,8158247,Pampers value pack Swaddlers diapers,44.94,2026-10-01T00:00:00-04:00,2026-10-07T23:59:59-04:00
Walmart,8158247,Air Wick scented oil refills,10.97,2026-10-01T00:00:00-04:00,2026-10-07T23:59:59-04:00
Walmart,8158247,Bounce sheets,5.97,2026-10-01T00:00:00-04:00,2026-10-07T23:59:59-04:00
Walmart,8158247,Vileda H2prO flat mop and bucket system for multi-surface floor cleaning,49.96,2026-10-01T00:00:00-04:00,2026-10-07T23:59:59-04:00
Walmart,8158247,Febreze bathroom or car air fresheners,3.77,2026-10-01T00:00:00-04:00,2026-10-07T23:59:59-04:00
Walmart,8158247,Listerine Clinical Solutions Gum Therapy mouthwash,9.27,2026-10-01T00:00:00-04:00,2026-10-07T23:59:59-04:00
Walmart,8158247,Sitara sliced okra,1.17,2026-10-01T00:00:00-04:00,2026-10-07T23:59:59-04:00
Walmart,8158247,RITZ Drizzled minis,4.98,2026-10-01T00:00:00-04:00,2026-10-07T23:59:59-04:00
Walmart,8158247,Tim Hortons soup,2.24,2026-10-01T00:00:00-04:00,2026-10-07T23:59:59-04:00
Walmart,8158247,Minute Maid Fruitopia drinks,1.88,2026-10-01T00:00:00-04:00,2026-10-07T23:59:59-04:00
Walmart,8158247,Halloween decor,12.98,2026-10-01T00:00:00-04:00,2026-10-07T23:59:59-04:00
Walmart,8158247,HOMCOM 5'-long inflatable spider,37.99,2026-10-01T00:00:00-04:00,2026-10-07T23:59:59-04:00
Walmart,8158247,Universal tractor fluid,109.0,2026-10-01T00:00:00-04:00,2026-10-07T23:59:59-04:00
Walmart,8158247,20V Brushless Drill or Impact Driver,64.98,2026-10-01T00:00:00-04:00,2026-10-07T23:59:59-04:00
Walmart,8158247,RITZ baked chips,3.98,2026-10-01T00:00:00-04:00,2026-10-07T23:59:59-04:00
Walmart,8158247,Iogo nano Bubbles yogurt,3.27,2026-10-01T00:00:00-04:00,2026-10-07T23:59:59-04:00
Walmart,8158247,Dempster's Protein bread or bagels,3.98,2026-10-01T00:00:00-04:00,2026-10-07T23:59:59-04:00
Walmart,8158247,M&M's family size chocolate,6.98,2026-10-01T00:00:00-04:00,2026-10-07T23:59:59-04:00
Walmart,8158247,Biba Rangriti Indian ethnic kurta pants set for women - Festive Glam Set,58.19,2026-10-01T00:00:00-04:00,2026-10-07T23:59:59-04:00
Walmart,8158247,RITZ baked chips,3.98,2026-10-01T00:00:00-04:00,2026-10-07T23:59:59-04:00
Walmart,8158247,HOMCOM 6' jack-o'-lantern ghosts,44.99,2026-10-01T00:00:00-04:00,2026-10-07T23:59:59-04:00
Walmart,8158247,8' LED ghost tree inflatable,62.99,2026-10-01T00:00:00-04:00,2026-10-07T23:59:59-04:00
Walmart,8158247,Listerine Total Care mouthwash,10.48,2026-10-01T00:00:00-04:00,2026-10-07T23:59:59-04:00
Walmart,8158247,Your Fresh Market™ mini croissants,5.14,2026-10-01T00:00:00-04:00,2026-10-07T23:59:59-04:00
Walmart,8158247,Clif Bars,7.47,2026-10-01T00:00:00-04:00,2026-10-07T23:59:59-04:00
Walmart,8158247,"Your Fresh Market™ 9"" – 10"" pies",5.94,2026-10-01T00:00:00-04:00,2026-10-07T23:59:59-04:00
Walmart,8158247,-35 °C Windshield washer fluid,4.98,2026-10-01T00:00:00-04:00,2026-10-07T23:59:59-04:00
Walmart,8158247,Bulk Gala apples,1.28,2026-10-01T00:00:00-04:00,2026-10-07T23:59:59-04:00
Walmart,8158247,Lysol Toilet bowl cleaner,6.97,2026-10-01T00:00:00-04:00,2026-10-07T23:59:59-04:00
Walmart,8158247,Boursin cheese,4.98,2026-10-01T00:00:00-04:00,2026-10-07T23:59:59-04:00
Walmart,8158247,Philadelphia cream cheese,3.97,2026-10-01T00:00:00-04:00,2026-10-07T23:59:59-04:00
Walmart,8158247,TheraBreath oral rinse,13.47,2026-10-01T00:00:00-04:00,2026-10-07T23:59:59-04:00
Walmart,8158247,Sitara white or whole wheat roti,3.77,2026-10-01T00:00:00-04:00,2026-10-07T23:59:59-04:00
Walmart,8158247,Licensed Halloween inflatables,39.98,2026-10-01T00:00:00-04:00,2026-10-07T23:59:59-04:00
Walmart,8158247,Your Fresh Market™ apple cider,4.47,2026-10-01T00:00:00-04:00,2026-10-07T23:59:59-04:00
Walmart,8158247,Lysol Toilet bowl cleaner,6.97,2026-10-01T00:00:00-04:00,2026-10-07T23:59:59-04:00
Walmart,8158247,iögo nanö drinkable yogurt 24-pack,13.47,2026-10-01T00:00:00-04:00,2026-10-07T23:59:59-04:00
Walmart,8158247,Infants' costume,24.98,2026-10-01T00:00:00-04:00,2026-10-07T23:59:59-04:00
Walmart,8158247,"Triscuit, Wheat Thins or Vegetable Thins crackers",2.98,2026-10-01T00:00:00-04:00,2026-10-07T23:59:59-04:00
Walmart,8158247,Olympic Krema yoghurt tubs,4.27,2026-10-01T00:00:00-04:00,2026-10-07T23:59:59-04:00
Walmart,8158247,Licensed Halloween Inflatables,39.98,2026-10-01T00:00:00-04:00,2026-10-07T23:59:59-04:00
Walmart,8158247,Dawn dish soap,11.97,2026-10-01T00:00:00-04:00,2026-10-07T23:59:59-04:00
Walmart,8158247,Lactantia Cream cheese,3.98,2026-10-01T00:00:00-04:00,2026-10-07T23:59:59-04:00
Walmart,8158247,Febreze bathroom or car air fresheners,3.77,2026-10-01T00:00:00-04:00,2026-10-07T23:59:59-04:00
Walmart,8158247,Mane'n Tail shampoo or conditioner,10.77,2026-10-01T00:00:00-04:00,2026-10-07T23:59:59-04:00
Walmart,8158247,Skull arrangement,24.98,2026-10-01T00:00:00-04:00,2026-10-07T23:59:59-04:00
Walmart,8158247,iögo nanö drinkable Yogurt 6-pack,3.47,2026-10-01T00:00:00-04:00,2026-10-07T23:59:59-04:00
Walmart,8158247,Iogo Creamy yogurt pouch,9.47,2026-10-01T00:00:00-04:00,2026-10-07T23:59:59-04:00
Walmart,8158247,Hormel pepperoni and Genoa salami deli tray,20.97,2026-10-01T00:00:00-04:00,2026-10-07T23:59:59-04:00
Walmart,8158247,Tylenol Cold 20s Each,8.77,2026-10-01T00:00:00-04:00,2026-10-07T23:59:59-04:00
Walmart,8158247,MAINSTAYS 6' Folding plastic table,59.97,2026-10-01T00:00:00-04:00,2026-10-07T23:59:59-04:00
Walmart,8158247,Benylin 100 mL or Tylenol Cold 20s Each.,8.77,2026-10-01T00:00:00-04:00,2026-10-07T23:59:59-04:00
Walmart,8158247,Toddlers' or infants' costume,24.98,2026-10-01T00:00:00-04:00,2026-10-07T23:59:59-04:00
Walmart,8158247,Couples' costume,39.98,2026-10-01T00:00:00-04:00,2026-10-07T23:59:59-04:00
Walmart,8158247,Hans dahi natural yogurt,2.27,2026-10-01T00:00:00-04:00,2026-10-07T23:59:59-04:00
Walmart,8158247,Kids' waterproof ski gloves,10.0,2026-10-01T00:00:00-04:00,2026-10-07T23:59:59-04:00
Walmart,8158247,MAINSTAYS Fabric padded folding chair,21.98,2026-10-01T00:00:00-04:00,2026-10-07T23:59:59-04:00
Walmart,8158247,"Ziploc snack, sandwich or freezer bags",4.48,2026-10-01T00:00:00-04:00,2026-10-07T23:59:59-04:00
Walmart,8158247,Glade scented 3-wick candle or PlugIns Scented Oil Plus starter kit or refills 2-pack,8.97,2026-10-01T00:00:00-04:00,2026-10-07T23:59:59-04:00
Walmart,8158247,M&M's family size chocolate,6.98,2026-10-01T00:00:00-04:00,2026-10-07T23:59:59-04:00
Walmart,8158247,Scotties 2-ply or 3-ply facial tissue,19.97,2026-10-01T00:00:00-04:00,2026-10-07T23:59:59-04:00
Walmart,8158247,4-qt. Air fryer or triple slow cooker,69.97,2026-10-01T00:00:00-04:00,2026-10-07T23:59:59-04:00
Walmart,8158247,Pepsi,7.47,2026-10-01T00:00:00-04:00,2026-10-07T23:59:59-04:00
Walmart,8158247,Swiss Chalet pie,8.98,2026-10-01T00:00:00-04:00,2026-10-07T23:59:59-04:00
Walmart,8158247,Golden pineapple,4.97,2026-10-01T00:00:00-04:00,2026-10-07T23:59:59-04:00
Walmart,8158247,Tropicana Pure Premium orange juice 1.36 L or Lactantia traditional spread 850 g,4.97,2026-10-01T00:00:00-04:00,2026-10-07T23:59:59-04:00
Walmart,8158247,Betty Crocker cake mix,1.87,2026-10-01T00:00:00-04:00,2026-10-07T23:59:59-04:00
Walmart,8158247,Dempster's grain bread,2.98,2026-10-01T00:00:00-04:00,2026-10-07T23:59:59-04:00
Walmart,8158247,Tenderflake deep pie shells 340 g - 397 g,3.27,2026-10-01T00:00:00-04:00,2026-10-07T23:59:59-04:00
Walmart,8158247,Green cabbage,0.98,2026-10-01T00:00:00-04:00,2026-10-07T23:59:59-04:00
Walmart,8158247,Hans dahi natural yogurt,2.27,2026-10-01T00:00:00-04:00,2026-10-07T23:59:59-04:00
Walmart,8158247,Adults' thermal socks,12.0,2026-10-01T00:00:00-04:00,2026-10-07T23:59:59-04:00
Walmart,8158247,Listerine mouthwash,8.98,2026-10-01T00:00:00-04:00,2026-10-07T23:59:59-04:00
Walmart,8158247,Your Fresh Market™ muffins,5.78,2026-10-01T00:00:00-04:00,2026-10-07T23:59:59-04:00
Walmart,8158247,Your Fresh Market™ Royal Gala apples or McIntosh apples,4.98,2026-10-01T00:00:00-04:00,2026-10-07T23:59:59-04:00
Walmart,8158247,Evenflo Chase Plus booster car seat,129.98,2026-10-01T00:00:00-04:00,2026-10-07T23:59:59-04:00
Walmart,8158247,Toddlers' or infants' costume,24.98,2026-10-01T00:00:00-04:00,2026-10-07T23:59:59-04:00
Walmart,8158247,Huggies Pull-Ups superpack training pants,28.78,2026-10-01T00:00:00-04:00,2026-10-07T23:59:59-04:00
Walmart,8158247,Listerine mouthwash,8.98,2026-10-01T00:00:00-04:00,2026-10-07T23:59:59-04:00
Walmart,8158247,Dawn dish soap,11.97,2026-10-01T00:00:00-04:00,2026-10-07T23:59:59-04:00
Walmart,8158247,Nestlé minis,15.97,2026-10-01T00:00:00-04:00,2026-10-07T23:59:59-04:00
Walmart,8158247,Bulk green peppers,1.92,2026-10-01T00:00:00-04:00,2026-10-07T23:59:59-04:00
Walmart,8158247,General Mills Halloween Fruit Roll-Ups or Gushers,7.97,2026-10-01T00:00:00-04:00,2026-10-07T23:59:59-04:00
Walmart,8158247,Colgate Optic White Advanced 133 mL or Sensitive Pro-Relief 120 mL toothpaste or kids' or SlimSoft 2-pack or Extra Clean 6-pack toothbrushes,6.97,2026-10-01T00:00:00-04:00,2026-10-07T23:59:59-04:00
Walmart,8158247,Halloween plush,26.98,2026-10-01T00:00:00-04:00,2026-10-07T23:59:59-04:00
Walmart,8158247,Butterball boneless or stuffed turkey roast,17.97,2026-10-01T00:00:00-04:00,2026-10-07T23:59:59-04:00
Walmart,8158247,Frito-Lay value size chips,5.47,2026-10-01T00:00:00-04:00,2026-10-07T23:59:59-04:00
Walmart,8158247,Kids' licensed winter hat set,14.0,2026-10-01T00:00:00-04:00,2026-10-07T23:59:59-04:00
Walmart,8158247,Whiskas Perfect Portions,13.98,2026-10-01T00:00:00-04:00,2026-10-07T23:59:59-04:00
Walmart,8158247,Goldfish crackers,2.48,2026-10-01T00:00:00-04:00,2026-10-07T23:59:59-04:00
Walmart,8158247,Listerine PocketMist Cool Mint oral care mist,5.77,2026-10-01T00:00:00-04:00,2026-10-07T23:59:59-04:00
Walmart,8158247,"55"" QM51L Series QD-Mini LED 4K Google TV",648.0,2026-10-01T00:00:00-04:00,2026-10-07T23:59:59-04:00
Walmart,8158247,Our Promise medium ground beef,4.98,2026-10-01T00:00:00-04:00,2026-10-07T23:59:59-04:00
Walmart,8158247,Fantino & Mondello Italian charcuterie meats,5.97,2026-10-01T00:00:00-04:00,2026-10-07T23:59:59-04:00
Walmart,8158247,Del Monte grapefruit or peach fruit cups 4 x 190 mL,7.97,2026-10-01T00:00:00-04:00,2026-10-07T23:59:59-04:00
Walmart,8158247,Cheez-It crackers,1.97,2026-10-01T00:00:00-04:00,2026-10-07T23:59:59-04:00
Walmart,8158247,Oîkos high protein drinkable Greek yogurt,1.46,2026-10-01T00:00:00-04:00,2026-10-07T23:59:59-04:00
Walmart,8158247,Friskies dry cat food,23.48,2026-10-01T00:00:00-04:00,2026-10-07T23:59:59-04:00
Walmart,8158247,Your Fresh Market™ buns or rolls,3.97,2026-10-01T00:00:00-04:00,2026-10-07T23:59:59-04:00
Walmart,8158247,Arctic King 3-cu. ft. Upright freezer or 5.1-cu. ft. chest freezer,189.98,2026-10-01T00:00:00-04:00,2026-10-07T23:59:59-04:00
Walmart,8158247,Green Giant canned vegetables,1.67,2026-10-01T00:00:00-04:00,2026-10-07T23:59:59-04:00
Walmart,8158247,Your Fresh Market™ mandarins,4.44,2026-10-01T00:00:00-04:00,2026-10-07T23:59:59-04:00
Walmart,8158247,Campbell's broth,1.47,2026-10-01T00:00:00-04:00,2026-10-07T23:59:59-04:00
Walmart,8158247,Your Fresh Market™ whole white or cremini mushrooms,2.44,2026-10-01T00:00:00-04:00,2026-10-07T23:59:59-04:00
Walmart,8158247,Kitchen gadgets,10.97,2026-10-01T00:00:00-04:00,2026-10-07T23:59:59-04:00
Walmart,8158247,"Ziploc snack, sandwich or freezer bags",4.48,2026-10-01T00:00:00-04:00,2026-10-07T23:59:59-04:00
Walmart,8158247,2.2-qt. Air fryer,39.98,2026-10-01T00:00:00-04:00,2026-10-07T23:59:59-04:00
Walmart,8158247,Halloween plush,8.48,2026-10-01T00:00:00-04:00,2026-10-07T23:59:59-04:00
Walmart,8158247,Jamieson vitamins,16.47,2026-10-01T00:00:00-04:00,2026-10-07T23:59:59-04:00
Walmart,8158247,Bonkers PurrPops Halloween cat treats,1.98,2026-10-01T00:00:00-04:00,2026-10-07T23:59:59-04:00
Walmart,8158247,Reser's side dishes,6.24,2026-10-01T00:00:00-04:00,2026-10-07T23:59:59-04:00
Walmart,8158247,Colgate Optic White Advanced 133 mL or Sensitive Pro-Relief 120 mL toothpaste or kids' or SlimSoft 2-pack or Extra Clean 6-pack toothbrushes,6.97,2026-10-01T00:00:00-04:00,2026-10-07T23:59:59-04:00
Walmart,8158247,Always Flexfoam pads or Tampax tampons,10.98,2026-10-01T00:00:00-04:00,2026-10-07T23:59:59-04:00
Walmart,8158247,"Armstrong cheese blocks 400 g, shreds 320 g or slices 220 g - 240 g",4.98,2026-10-01T00:00:00-04:00,2026-10-07T23:59:59-04:00
Walmart,8158247,La Cocina tortilla chips,3.44,2026-10-01T00:00:00-04:00,2026-10-07T23:59:59-04:00
Walmart,8158247,Redpath sugar,2.77,2026-10-01T00:00:00-04:00,2026-10-07T23:59:59-04:00
Walmart,8158247,Cashmere bathroom tissue,10.97,2026-10-01T00:00:00-04:00,2026-10-07T23:59:59-04:00
Walmart,8158247,L'Oréal Paris Hair Expertise shampoo or conditioner,5.98,2026-10-01T00:00:00-04:00,2026-10-07T23:59:59-04:00
Walmart,8158247,Orville Redenbacher 492 g,3.97,2026-10-01T00:00:00-04:00,2026-10-07T23:59:59-04:00
Walmart,8158247,Butterball boneless or stuffed turkey roast,17.97,2026-10-01T00:00:00-04:00,2026-10-07T23:59:59-04:00
Walmart,8158247,Listerine Clinical Solutions Sensitivity Relief mouthwash,9.27,2026-10-01T00:00:00-04:00,2026-10-07T23:59:59-04:00
Walmart,8158247,Goldfish crackers Halloween 24-pack,9.98,2026-10-01T00:00:00-04:00,2026-10-07T23:59:59-04:00
Walmart,8158247,Kids' Halloween costume,19.98,2026-10-01T00:00:00-04:00,2026-10-07T23:59:59-04:00
Walmart,8158247,Bounty paper towels,16.98,2026-10-01T00:00:00-04:00,2026-10-07T23:59:59-04:00
Walmart,8158247,Takis rolled tortilla chips 40-pack.,16.97,2026-10-01T00:00:00-04:00,2026-10-07T23:59:59-04:00
Walmart,8158247,Couples' costume Set,39.98,2026-10-01T00:00:00-04:00,2026-10-07T23:59:59-04:00
Walmart,8158247,TheraBreath oral rinse,13.47,2026-10-01T00:00:00-04:00,2026-10-07T23:59:59-04:00
Walmart,8158247,Cadbury Dairy Milk chocolate bars,2.62,2026-10-01T00:00:00-04:00,2026-10-07T23:59:59-04:00
Walmart,8158247,Hungry-Man frozen entrees or POGO 4-pack,4.47,2026-10-01T00:00:00-04:00,2026-10-07T23:59:59-04:00
Walmart,8158247,Gain laundry detergent,13.97,2026-10-01T00:00:00-04:00,2026-10-07T23:59:59-04:00
Walmart,8158247,Kids' waterproof ski gloves,10.0,2026-10-01T00:00:00-04:00,2026-10-07T23:59:59-04:00
Walmart,8158247,Gay Lea butter,4.97,2026-10-01T00:00:00-04:00,2026-10-07T23:59:59-04:00
Walmart,8158247,Dove antiperspirant,7.86,2026-10-01T00:00:00-04:00,2026-10-07T23:59:59-04:00
Walmart,8158247,Farmers 10% blend cream,3.48,2026-10-01T00:00:00-04:00,2026-10-07T23:59:59-04:00
Walmart,8158247,Your Fresh Market™ deli salads,3.27,2026-10-01T00:00:00-04:00,2026-10-07T23:59:59-04:00
Walmart,8158247,Minute Maid juice,1.88,2026-10-01T00:00:00-04:00,2026-10-07T23:59:59-04:00
Walmart,8158247,Cheez-It crackers,1.97,2026-10-01T00:00:00-04:00,2026-10-07T23:59:59-04:00
Walmart,8158247,Halloween and fall wreaths,39.98,2026-10-01T00:00:00-04:00,2026-10-07T23:59:59-04:00
Walmart,8158247,Your Fresh Market™ fruit-filled danishes,4.98,2026-10-01T00:00:00-04:00,2026-10-07T23:59:59-04:00
Walmart,8158247,Sitara beans or peas,5.38,2026-10-01T00:00:00-04:00,2026-10-07T23:59:59-04:00
Walmart,8158247,Five Roses flour,4.97,2026-10-01T00:00:00-04:00,2026-10-07T23:59:59-04:00
Walmart,8158247,Your Fresh Market™ buns or rolls,3.97,2026-10-01T00:00:00-04:00,2026-10-07T23:59:59-04:00
Walmart,8158247,DualSense wireless controller,109.96,2026-10-01T00:00:00-04:00,2026-10-07T23:59:59-04:00
Walmart,8158247,Dove shampoo or conditioner,8.47,2026-10-01T00:00:00-04:00,2026-10-07T23:59:59-04:00
Walmart,8158247,Halloween plush,8.48,2026-10-01T00:00:00-04:00,2026-10-07T23:59:59-04:00
Walmart,8158247,Suave body wash 532 mL or antiperspirant 74 g,3.97,2026-10-01T00:00:00-04:00,2026-10-07T23:59:59-04:00
Walmart,8158247,Tata tea,7.98,2026-10-01T00:00:00-04:00,2026-10-07T23:59:59-04:00
Walmart,8158247,Lawn stake lights,14.98,2026-10-01T00:00:00-04:00,2026-10-07T23:59:59-04:00
Walmart,8158247,Equate high protein meal replacement shakes,10.97,2026-10-01T00:00:00-04:00,2026-10-07T23:59:59-04:00
Walmart,8158247,Halloween and fall wreaths,39.98,2026-10-01T00:00:00-04:00,2026-10-07T23:59:59-04:00
Walmart,8158247,Danone Danino drinkable yogurt 16 x 93 mL or Del Monte grapefruit or peach fruit cups 4 x 190 mL,7.97,2026-10-01T00:00:00-04:00,2026-10-07T23:59:59-04:00
Walmart,8158247,Halloween lighting,12.88,2026-10-01T00:00:00-04:00,2026-10-07T23:59:59-04:00
Walmart,8158247,General Mills Halloween Fruit Roll-Ups or Gushers,7.97,2026-10-01T00:00:00-04:00,2026-10-07T23:59:59-04:00
Walmart,8158247,Kids' waterproof ski gloves,10.0,2026-10-01T00:00:00-04:00,2026-10-07T23:59:59-04:00
Walmart,8158247,Balderson cheddar,6.67,2026-10-01T00:00:00-04:00,2026-10-07T23:59:59-04:00
Walmart,8158247,Alcan bakeware foil pan,3.98,2026-10-01T00:00:00-04:00,2026-10-07T23:59:59-04:00
Walmart,8158247,Barebells protein bars,12.47,2026-10-01T00:00:00-04:00,2026-10-07T23:59:59-04:00
Walmart,8158247,Halloween plush,26.98,2026-10-01T00:00:00-04:00,2026-10-07T23:59:59-04:00
Walmart,8158247,Takis rolled tortilla chips,2.96,2026-10-01T00:00:00-04:00,2026-10-07T23:59:59-04:00
Walmart,8158247,Bear Paws cookies,2.28,2026-10-01T00:00:00-04:00,2026-10-07T23:59:59-04:00
Walmart,8158247,Oasis juice,4.46,2026-10-01T00:00:00-04:00,2026-10-07T23:59:59-04:00
Walmart,8158247,Advil Liqui-Gels,13.83,2026-10-01T00:00:00-04:00,2026-10-07T23:59:59-04:00
Walmart,8158247,Adults' leather Chelsea boots,59.0,2026-10-01T00:00:00-04:00,2026-10-07T23:59:59-04:00
Walmart,8158247,Pure Balance dog treats,19.97,2026-10-01T00:00:00-04:00,2026-10-07T23:59:59-04:00
Walmart,8158247,broccoli stalks,3.44,2026-10-01T00:00:00-04:00,2026-10-07T23:59:59-04:00
Walmart,8158247,Alcan bakeware foil pan,3.98,2026-10-01T00:00:00-04:00,2026-10-07T23:59:59-04:00
Walmart,8158247,Verka brown cane sugar,5.24,2026-10-01T00:00:00-04:00,2026-10-07T23:59:59-04:00
Walmart,8158247,Club House sauce or gravy mixes,0.98,2026-10-01T00:00:00-04:00,2026-10-07T23:59:59-04:00
Walmart,8158247,Dawn dish soap,11.97,2026-10-01T00:00:00-04:00,2026-10-07T23:59:59-04:00
Walmart,8158247,Bulk cluster tomatoes or Roma tomatoes,2.42,2026-10-01T00:00:00-04:00,2026-10-07T23:59:59-04:00
Walmart,8158247,Women's cozy knit hat,14.0,2026-10-01T00:00:00-04:00,2026-10-07T23:59:59-04:00
Walmart,8158247,Pampers value pack Swaddlers or Cruisers 360° diapers,44.94,2026-10-01T00:00:00-04:00,2026-10-07T23:59:59-04:00
Walmart,8158247,Purina Tidy Cats LightWeight clumping cat litter,19.88,2026-10-01T00:00:00-04:00,2026-10-07T23:59:59-04:00
Walmart,8158247,Raspberries,2.84,2026-10-01T00:00:00-04:00,2026-10-07T23:59:59-04:00
Walmart,8158247,Lysol multi-surface cleaner,9.97,2026-10-01T00:00:00-04:00,2026-10-07T23:59:59-04:00
Walmart,8158247,Hungry-Man frozen entrees or POGO 4-pack,4.47,2026-10-01T00:00:00-04:00,2026-10-07T23:59:59-04:00
Walmart,8158247,Frito-Lay Halloween chips or treat bags,12.97,2026-10-01T00:00:00-04:00,2026-10-07T23:59:59-04:00
Walmart,8158247,Your Fresh Market™ double cream brie,6.67,2026-10-01T00:00:00-04:00,2026-10-07T23:59:59-04:00
Walmart,8158247,Adults' costumes,19.98,2026-10-01T00:00:00-04:00,2026-10-07T23:59:59-04:00
Walmart,8158247,Dove antiperspirant or deodorant,7.86,2026-10-01T00:00:00-04:00,2026-10-07T23:59:59-04:00
Walmart,8158247,Great Value whipped topping 1 L,3.27,2026-10-01T00:00:00-04:00,2026-10-07T23:59:59-04:00
Walmart,8158247,Women's cozy knit hat,14.0,2026-10-01T00:00:00-04:00,2026-10-07T23:59:59-04:00
Walmart,8158247,Milk-Bone Dipped peanut butter crunchy biscuit dog treats,9.97,2026-10-01T00:00:00-04:00,2026-10-07T23:59:59-04:00
FreshCo,8161580,"Brussels Sprouts Product of Ontario, Canada No. 1 or Netherlands No. 1 Grade 6.55/kg",2.97,2026-10-01T00:00:00-04:00,2026-10-07T23:59:59-04:00
FreshCo,8161580,Simply Orange Juice 1.36 L,5.0,2026-10-01T00:00:00-04:00,2026-10-07T23:59:59-04:00
FreshCo,8161580,Brar's Gulab Jamun 850 g,6.99,2026-10-01T00:00:00-04:00,2026-10-07T23:59:59-04:00
FreshCo,8161580,Tata Iodised Sea Salt 1 kg,1.49,2026-10-01T00:00:00-04:00,2026-10-07T23:59:59-04:00
FreshCo,8161580,Maple Leaf Natural Selections 175 g or Fantino & Mondello Deli Meats 100-200 g,4.47,2026-10-01T00:00:00-04:00,2026-10-07T23:59:59-04:00
FreshCo,8161580,Puck Dairy Spread 500 g,9.99,2026-10-01T00:00:00-04:00,2026-10-07T23:59:59-04:00
FreshCo,8161580,Compliments Frozen Mashed Potatoes 500 g,2.97,2026-10-01T00:00:00-04:00,2026-10-07T23:59:59-04:00
FreshCo,8161580,Ben & Jerry's Ice Cream 473 mL,5.47,2026-10-01T00:00:00-04:00,2026-10-07T23:59:59-04:00
FreshCo,8161580,Compliments Lasagna 375-500 g,2.5,2026-10-01T00:00:00-04:00,2026-10-07T23:59:59-04:00
FreshCo,8161580,Tomatoes on the Vine Product of Canada 4.34/kg,1.97,2026-10-01T00:00:00-04:00,2026-10-07T23:59:59-04:00
FreshCo,8161580,"Alcan Foil Wrap 50', Reynolds Parchment Paper 35' or Alcan Non-Stick Baking Foil 25'",3.49,2026-10-01T00:00:00-04:00,2026-10-07T23:59:59-04:00
FreshCo,8161580,Grace Coconut Oil 500 mL,7.99,2026-10-01T00:00:00-04:00,2026-10-07T23:59:59-04:00
FreshCo,8161580,Philadelphia Cream Cheese 450 g,5.99,2026-10-01T00:00:00-04:00,2026-10-07T23:59:59-04:00
FreshCo,8161580,Ahmad Tea 100 pk,6.99,2026-10-01T00:00:00-04:00,2026-10-07T23:59:59-04:00
FreshCo,8161580,KFI Cooking Sauce 375-395 mL Select Varieties,8.0,2026-10-01T00:00:00-04:00,2026-10-07T23:59:59-04:00
FreshCo,8161580,"Barilla, Catelli Classic, Smart or Healthy Harvest Pasta 375-454 g or Catelli Pasta Sauce 600 mL",1.67,2026-10-01T00:00:00-04:00,2026-10-07T23:59:59-04:00
FreshCo,8161580,Tim Hortons Coffee Single Serve K-Cup Pods 30 pk,19.97,2026-10-01T00:00:00-04:00,2026-10-07T23:59:59-04:00
FreshCo,8161580,Compliments Cashews 200 g or Peanuts 700 g,4.0,2026-10-01T00:00:00-04:00,2026-10-07T23:59:59-04:00
FreshCo,8161580,Compliments Boneless Smoked Ham Slices 375 g,3.97,2026-10-01T00:00:00-04:00,2026-10-07T23:59:59-04:00
FreshCo,8161580,Tre Stelle Feta Tub 200 g or Castello Blue or Gorgonzola Cheese Wedge 125 g,4.97,2026-10-01T00:00:00-04:00,2026-10-07T23:59:59-04:00
FreshCo,8161580,Christie Crackers Selected Varieties 180 g or Crispers or Bits & Bites 145 g,1.97,2026-10-01T00:00:00-04:00,2026-10-07T23:59:59-04:00
FreshCo,8161580,"Cadbury Chocolate Pouches 144-200 g, Maynards Candy Pouches 308-315 g or Caramilk 4 pk 200 g Selected Varieties",3.97,2026-10-01T00:00:00-04:00,2026-10-07T23:59:59-04:00
FreshCo,8161580,Armstrong Cheese Bars 400 g or Shreds 320 g,4.88,2026-10-01T00:00:00-04:00,2026-10-07T23:59:59-04:00
FreshCo,8161580,Compliments Cooked Shrimp with Cocktail Sauce Frozen 255 g or Cooked Pacific White Shrimp Frozen 340 g,4.97,2026-10-01T00:00:00-04:00,2026-10-07T23:59:59-04:00
FreshCo,8161580,Brar's Desi Ghee 800 g or Aashirvaad Whole Wheat Flour 9.07 kg,12.99,2026-10-01T00:00:00-04:00,2026-10-07T23:59:59-04:00
FreshCo,8161580,Thomas Farms Short Cut Lamb Leg Frozen 10.96/kg Product of Australia,4.97,2026-10-01T00:00:00-04:00,2026-10-07T23:59:59-04:00
FreshCo,8161580,Chapman's Canadian Collection Ice Cream Bars 8x55 mL or Markdale Creamery Ice Cream 2 L,3.97,2026-10-01T00:00:00-04:00,2026-10-07T23:59:59-04:00
FreshCo,8161580,Gala Apples Product of Atlantic Canada Extra Fancy 4.34/kg,1.97,2026-10-01T00:00:00-04:00,2026-10-07T23:59:59-04:00
FreshCo,8161580,King's Hawaiian Buns 340 g,3.47,2026-10-01T00:00:00-04:00,2026-10-07T23:59:59-04:00
FreshCo,8161580,Pineapple Product of Costa Rica or Kiwi Fruit 1 lb Product of New Zealand 454 g,4.97,2026-10-01T00:00:00-04:00,2026-10-07T23:59:59-04:00
FreshCo,8161580,Marie Callender's Frozen Entrées 680-879 g,8.47,2026-10-01T00:00:00-04:00,2026-10-07T23:59:59-04:00
FreshCo,8161580,Methi Bunch Product of Canada or Spinach Bunch Product of Canada or Mexico,1.97,2026-10-01T00:00:00-04:00,2026-10-07T23:59:59-04:00
FreshCo,8161580,"Panache Breaded Coconut or Butterfly, Tempura or Bang Bang Shrimp Frozen 252-355 g or Crispy Calamari or Crab Rangoon Frozen 252-340 g",8.97,2026-10-01T00:00:00-04:00,2026-10-07T23:59:59-04:00
FreshCo,8161580,Atlantic Meats Pork Riblets 2 kg,11.97,2026-10-01T00:00:00-04:00,2026-10-07T23:59:59-04:00
FreshCo,8161580,Lay's Potato Chips 177-235 g or Smartfood 150-220 g,2.75,2026-10-01T00:00:00-04:00,2026-10-07T23:59:59-04:00
FreshCo,8161580,"Cashmere Bathroom Tissue 12=24 rolls, SpongeTowels 3=6 rolls or Scotties Facial Tissue 6 pk",4.97,2026-10-01T00:00:00-04:00,2026-10-07T23:59:59-04:00
FreshCo,8161580,Bubly 12x355 mL or Montellier 10x355 mL Sparkling Water,5.97,2026-10-01T00:00:00-04:00,2026-10-07T23:59:59-04:00
FreshCo,8161580,Compliments Clementines 2 lb Product of South Africa 907 g,2.97,2026-10-01T00:00:00-04:00,2026-10-07T23:59:59-04:00
FreshCo,8161580,"Compliments White Potatoes 10 lb Product of Canada, Canada No. 1, 4.54 kg",2.97,2026-10-01T00:00:00-04:00,2026-10-07T23:59:59-04:00
FreshCo,8161580,Becel Margarine 800 g,6.97,2026-10-01T00:00:00-04:00,2026-10-07T23:59:59-04:00
FreshCo,8161580,Ocean Spray Cocktail 1.89 L or 100% Juice 1.77 L,3.97,2026-10-01T00:00:00-04:00,2026-10-07T23:59:59-04:00
FreshCo,8161580,Gay Lea Sour Cream 425-500 mL,2.47,2026-10-01T00:00:00-04:00,2026-10-07T23:59:59-04:00
FreshCo,8161580,Stove Top Stuffing Mix 120 g,1.27,2026-10-01T00:00:00-04:00,2026-10-07T23:59:59-04:00
FreshCo,8161580,Compliments Deli Meat 400 g,7.0,2026-10-01T00:00:00-04:00,2026-10-07T23:59:59-04:00
FreshCo,8161580,"Cranberries 340 g Product of Canada, Canada No. 1",2.97,2026-10-01T00:00:00-04:00,2026-10-07T23:59:59-04:00
FreshCo,8161580,Marigold Frozen Dinners 354 g,5.97,2026-10-01T00:00:00-04:00,2026-10-07T23:59:59-04:00
FreshCo,8161580,"Diana Sauce 500 mL, Bull's-Eye BBQ Sauce 425 mL or Kraft Flavoured Mayonnaise 340 mL",2.97,2026-10-01T00:00:00-04:00,2026-10-07T23:59:59-04:00
FreshCo,8161580,Mott's Clamato or Garden Cocktail 1.89 L,3.47,2026-10-01T00:00:00-04:00,2026-10-07T23:59:59-04:00
FreshCo,8161580,Tostitos 205-300 g or SunChips 205 g,2.97,2026-10-01T00:00:00-04:00,2026-10-07T23:59:59-04:00
FreshCo,8161580,Compliments Dinner Rolls 12 pk,2.0,2026-10-01T00:00:00-04:00,2026-10-07T23:59:59-04:00
FreshCo,8161580,Ashoka Frozen Coconut Shreds 310 g,2.99,2026-10-01T00:00:00-04:00,2026-10-07T23:59:59-04:00
FreshCo,8161580,Mother's Magic Kulfi 1 L Selected Varieties,7.99,2026-10-01T00:00:00-04:00,2026-10-07T23:59:59-04:00
FreshCo,8161580,Kasih Thyme 450 g,5.99,2026-10-01T00:00:00-04:00,2026-10-07T23:59:59-04:00
FreshCo,8161580,Deep Bhindi Baby Okra or Cut Okra 340 g,1.29,2026-10-01T00:00:00-04:00,2026-10-07T23:59:59-04:00
FreshCo,8161580,Tre Stelle Ricotta 400-475 g,5.97,2026-10-01T00:00:00-04:00,2026-10-07T23:59:59-04:00
FreshCo,8161580,Mina Halal Chicken Drumsticks 4.34/kg,1.97,2026-10-01T00:00:00-04:00,2026-10-07T23:59:59-04:00
FreshCo,8161580,"Yellow Onions 10 lb Product of Canada, Canada No. 1",3.97,2026-10-01T00:00:00-04:00,2026-10-07T23:59:59-04:00
FreshCo,8161580,Folgers Ground Coffee 544-816 g,15.97,2026-10-01T00:00:00-04:00,2026-10-07T23:59:59-04:00
FreshCo,8161580,Kraft Peanut Butter 750 g-1 kg or Hazelnut Spread 725 g,5.97,2026-10-01T00:00:00-04:00,2026-10-07T23:59:59-04:00
FreshCo,8161580,VH Sauce 341-380 mL,2.97,2026-10-01T00:00:00-04:00,2026-10-07T23:59:59-04:00
FreshCo,8161580,Compliments Frozen Fruit 300-600 g,4.47,2026-10-01T00:00:00-04:00,2026-10-07T23:59:59-04:00
FreshCo,8161580,Maynards 90 pk,12.97,2026-10-01T00:00:00-04:00,2026-10-07T23:59:59-04:00
FreshCo,8161580,"Turnips Product of Ontario or Green Cabbage Product of Ontario, Canada No 1, 1.92/kg",0.87,2026-10-01T00:00:00-04:00,2026-10-07T23:59:59-04:00
FreshCo,8161580,Vachon Snack Cakes 250-336 g or Hostess Craze Snack Cakes 200-324 g,2.97,2026-10-01T00:00:00-04:00,2026-10-07T23:59:59-04:00
FreshCo,8161580,Best Buy Egg or Spring Rolls Frozen 600 g-1.03 kg,10.0,2026-10-01T00:00:00-04:00,2026-10-07T23:59:59-04:00
FreshCo,8161580,"Red, Orange or Yellow Bell Peppers Product of Canada 6.55/kg",2.97,2026-10-01T00:00:00-04:00,2026-10-07T23:59:59-04:00
FreshCo,8161580,"Orange Flesh Sweet Potatoes Product of Ontario, Canada No. 1, 3.24/kg",1.47,2026-10-01T00:00:00-04:00,2026-10-07T23:59:59-04:00
FreshCo,8161580,St-Hubert Pot Pies Frozen 715-800 g,10.97,2026-10-01T00:00:00-04:00,2026-10-07T23:59:59-04:00
FreshCo,8161580,Heluva Good! Dip 680 g,5.99,2026-10-01T00:00:00-04:00,2026-10-07T23:59:59-04:00
FreshCo,8161580,Compliments Flour 2.5 kg,3.5,2026-10-01T00:00:00-04:00,2026-10-07T23:59:59-04:00
FreshCo,8161580,"Compliments Whipped Topping 1 L, Pie Shells 285-340 g or Phyllo Pastry Sheets 454 g",2.97,2026-10-01T00:00:00-04:00,2026-10-07T23:59:59-04:00
FreshCo,8161580,Twinings Tea Bags 20 pk,3.97,2026-10-01T00:00:00-04:00,2026-10-07T23:59:59-04:00
FreshCo,8161580,Ferrero Rocher or Collection T24 259-300 g or Ferrero Collection Grand Assortment 247 g Selected Varieties,12.99,2026-10-01T00:00:00-04:00,2026-10-07T23:59:59-04:00
FreshCo,8161580,Dare Breton or Vinta Crackers 173-225 g or Dare Veggie Crisps 100-150 g,2.47,2026-10-01T00:00:00-04:00,2026-10-07T23:59:59-04:00
FreshCo,8161580,McCain Premium Superfries 454-650 g or Premium Breakfast Potatoes 600-650 g,2.97,2026-10-01T00:00:00-04:00,2026-10-07T23:59:59-04:00
FreshCo,8161580,Unico Beans or Tomatoes 540-796 mL,1.77,2026-10-01T00:00:00-04:00,2026-10-07T23:59:59-04:00
FreshCo,8161580,Nestlé Turtles Chocolate 300-350 g,10.99,2026-10-01T00:00:00-04:00,2026-10-07T23:59:59-04:00
FreshCo,8161580,Butterball Boneless Turkey Roast Frozen 1.2 kg,20.97,2026-10-01T00:00:00-04:00,2026-10-07T23:59:59-04:00
FreshCo,8161580,Frozen Grade A Turkey 5-11 kg 5.45/kg,2.47,2026-10-01T00:00:00-04:00,2026-10-07T23:59:59-04:00
FreshCo,8161580,Sun-Maid Raisin Bread 450 g,3.87,2026-10-01T00:00:00-04:00,2026-10-07T23:59:59-04:00
FreshCo,8161580,Piller's Kolbassa 250-375 g,7.0,2026-10-01T00:00:00-04:00,2026-10-07T23:59:59-04:00
FreshCo,8161580,"Compliments Two-Bite Brownies, Coconut Macaroons 300-370 g or Swiss Rolls 400 g",5.0,2026-10-01T00:00:00-04:00,2026-10-07T23:59:59-04:00
FreshCo,8161580,Marigold Marinating Sauces 400 mL,3.97,2026-10-01T00:00:00-04:00,2026-10-07T23:59:59-04:00
FreshCo,8161580,St. Dalfour Jam 225 mL,6.97,2026-10-01T00:00:00-04:00,2026-10-07T23:59:59-04:00
FreshCo,8161580,Crave Roll-Ups 540 g,9.97,2026-10-01T00:00:00-04:00,2026-10-07T23:59:59-04:00
FreshCo,8161580,Lipton Green Tea or Yellow Label Tea Bags 100 pk or Red Rose Orange Pekoe Tea Bags 140 pk,6.97,2026-10-01T00:00:00-04:00,2026-10-07T23:59:59-04:00
FreshCo,8161580,Dare Ultimate Cookies 290-300 g or Whippet 250 g,2.97,2026-10-01T00:00:00-04:00,2026-10-07T23:59:59-04:00
FreshCo,8161580,Nutella Hazelnut or Peanut Spread 725 g,7.67,2026-10-01T00:00:00-04:00,2026-10-07T23:59:59-04:00
FreshCo,8161580,Kicking Horse Whole Bean Coffee 454 g,17.97,2026-10-01T00:00:00-04:00,2026-10-07T23:59:59-04:00
FreshCo,8161580,General Mills Cereal Selected Varieties 252-416 g,3.47,2026-10-01T00:00:00-04:00,2026-10-07T23:59:59-04:00
FreshCo,8161580,Gatorade 6x591 mL or 8x355 mL,6.27,2026-10-01T00:00:00-04:00,2026-10-07T23:59:59-04:00
FreshCo,8161580,"Nature Valley Sweet & Salty, Protein or Fibre 1 Bars 125-226 g",2.97,2026-10-01T00:00:00-04:00,2026-10-07T23:59:59-04:00
FreshCo,8161580,Orville Redenbacher Microwave Popcorn 6-8 pk 340-492 g or Gourmet Popping Corn 850 g,4.47,2026-10-01T00:00:00-04:00,2026-10-07T23:59:59-04:00
FreshCo,8161580,Dawn Dish Detergent 2.01-2.64 L,11.99,2026-10-01T00:00:00-04:00,2026-10-07T23:59:59-04:00
FreshCo,8161580,Carnation® Evaporated Milk 354 mL Assorted Varieties,2.27,2026-10-01T00:00:00-04:00,2026-10-07T23:59:59-04:00
FreshCo,8161580,Vita Malt Beverage 330 mL,1.49,2026-10-01T00:00:00-04:00,2026-10-07T23:59:59-04:00
FreshCo,8161580,Salem Foods Bulgur or Semolina 907-908 g,2.49,2026-10-01T00:00:00-04:00,2026-10-07T23:59:59-04:00
FreshCo,8161580,ETI Wafe'up Wafers 142 g,1.99,2026-10-01T00:00:00-04:00,2026-10-07T23:59:59-04:00
FreshCo,8161580,Puck Thickened Creamy Product 160 g,1.79,2026-10-01T00:00:00-04:00,2026-10-07T23:59:59-04:00
FreshCo,8161580,Grace Condensed Milk 300 mL,4.49,2026-10-01T00:00:00-04:00,2026-10-07T23:59:59-04:00
FreshCo,8161580,Kasih Liquid Jameed Soup Starter 1 kg,13.99,2026-10-01T00:00:00-04:00,2026-10-07T23:59:59-04:00
FreshCo,8161580,Excelsior Water or Cream Crackers 225-300 g,2.0,2026-10-01T00:00:00-04:00,2026-10-07T23:59:59-04:00
FreshCo,8161580,Rubicon Juice 1 L Selected Varieties,2.49,2026-10-01T00:00:00-04:00,2026-10-07T23:59:59-04:00
FreshCo,8161580,Mirch Masala Plain Paratha Family Pack 2 kg,10.0,2026-10-01T00:00:00-04:00,2026-10-07T23:59:59-04:00
FreshCo,8161580,Deep Spicy Veggie Burger or Aloo Tikki 400 g,3.79,2026-10-01T00:00:00-04:00,2026-10-07T23:59:59-04:00
FreshCo,8161580,New Krunch Biscuits 1 kg Selected Varieties,3.99,2026-10-01T00:00:00-04:00,2026-10-07T23:59:59-04:00
FreshCo,8161580,Mitchell's Sarson Ka Saag or Spinach Puree 800 g,2.99,2026-10-01T00:00:00-04:00,2026-10-07T23:59:59-04:00
FreshCo,8161580,Britannia Milk Rusk 560 g,3.99,2026-10-01T00:00:00-04:00,2026-10-07T23:59:59-04:00
FreshCo,8161580,Tre Stelle Bocconcini 200 g,4.97,2026-10-01T00:00:00-04:00,2026-10-07T23:59:59-04:00
FreshCo,8161580,Maple Leaf® Natural Ham 600 g,9.97,2026-10-01T00:00:00-04:00,2026-10-07T23:59:59-04:00
FreshCo,8161580,Michelina's Munchsters Frozen Dinners 198-212 g,2.0,2026-10-01T00:00:00-04:00,2026-10-07T23:59:59-04:00
FreshCo,8161580,Campbell's Broth 900 mL,1.87,2026-10-01T00:00:00-04:00,2026-10-07T23:59:59-04:00
FreshCo,8161580,San Pellegrino or Maison Perrier Sparkling Water 1 L,1.88,2026-10-01T00:00:00-04:00,2026-10-07T23:59:59-04:00
FreshCo,8161580,Schneiders Applewood Smoked Bone-In Ham,2.97,2026-10-01T00:00:00-04:00,2026-10-07T23:59:59-04:00
FreshCo,8161580,Boursin Cheese Selected Varieties 150 g,5.97,2026-10-01T00:00:00-04:00,2026-10-07T23:59:59-04:00
FreshCo,8161580,Compliments Dessert Squares 345-400 g,6.0,2026-10-01T00:00:00-04:00,2026-10-07T23:59:59-04:00
FreshCo,8161580,Jarlsberg Cheese Slices 120 g or Frico Slices 150 g,5.0,2026-10-01T00:00:00-04:00,2026-10-07T23:59:59-04:00
FreshCo,8161580,Eagle Brand® Sweetened Condensed Milk 300 mL Assorted Varieties,3.47,2026-10-01T00:00:00-04:00,2026-10-07T23:59:59-04:00
FreshCo,8161580,Febreze Trash Starter Kit or Refill 4.88-9.76 mL,6.99,2026-10-01T00:00:00-04:00,2026-10-07T23:59:59-04:00
FreshCo,8161580,Gay Lea Butter Sticks 454 g,6.99,2026-10-01T00:00:00-04:00,2026-10-07T23:59:59-04:00
FreshCo,8161580,Glad Cling Wrap 60 m,2.99,2026-10-01T00:00:00-04:00,2026-10-07T23:59:59-04:00
FreshCo,8161580,Haldiram's Snacks 150 g Selected Varieties,1.49,2026-10-01T00:00:00-04:00,2026-10-07T23:59:59-04:00
FreshCo,8161580,Lunchmate® 90-120 g,3.0,2026-10-01T00:00:00-04:00,2026-10-07T23:59:59-04:00
FreshCo,8161580,Tre Stelle Parmigiano Reggiano 200 g,9.97,2026-10-01T00:00:00-04:00,2026-10-07T23:59:59-04:00
FreshCo,8161580,Schneiders® Min-Charcuterie Kits 705 g,3.0,2026-10-01T00:00:00-04:00,2026-10-07T23:59:59-04:00
FreshCo,8161580,Compliments Cocktail Wieners 375 g,2.97,2026-10-01T00:00:00-04:00,2026-10-07T23:59:59-04:00
FreshCo,8161580,Schneiders® Ham 700 g,9.97,2026-10-01T00:00:00-04:00,2026-10-07T23:59:59-04:00
FreshCo,8161580,Tre Stelle Mozzarella Ball 340 g,6.47,2026-10-01T00:00:00-04:00,2026-10-07T23:59:59-04:00
FreshCo,8161580,Schneiders® Sausage Rings or Pepperoni 250-300 g,6.97,2026-10-01T00:00:00-04:00,2026-10-07T23:59:59-04:00
FreshCo,8161580,Coca-Cola or Pepsi Soft Drinks 12x355 mL Selected Varieties,7.97,2026-10-01T00:00:00-04:00,2026-10-07T23:59:59-04:00
FreshCo,8161580,Philadelphia Cream Cheese Products,3.99,2026-10-01T00:00:00-04:00,2026-10-07T23:59:59-04:00
FreshCo,8161580,Swiss Chalet Sauces 284 mL or St-Hubert Poutine Sauce 398 mL,1.97,2026-10-01T00:00:00-04:00,2026-10-07T23:59:59-04:00
FreshCo,8161580,Greenworld Goat or Lamb Bone-In 700 g,11.99,2026-10-01T00:00:00-04:00,2026-10-07T23:59:59-04:00
FreshCo,8161580,"Romaine Hearts 3 pk Product of Canada or Cauliflower Product of Canada, Canada No.1",3.97,2026-10-01T00:00:00-04:00,2026-10-07T23:59:59-04:00
FreshCo,8161580,Dunya Harvest Rice,13.97,2026-10-01T00:00:00-04:00,2026-10-07T23:59:59-04:00
FreshCo,8161580,Nestlé 50 pk 485 g or Hershey's 50 pk 481-515 g,8.97,2026-10-01T00:00:00-04:00,2026-10-07T23:59:59-04:00
FreshCo,8161580,"Club House Recipe Mixes 20-47 g, Franco-American Gravy 284 mL, Swiss Chalet or The Keg Sauce Mixes 22-51 g",0.97,2026-10-01T00:00:00-04:00,2026-10-07T23:59:59-04:00
FreshCo,8161580,Old El Paso Taco Shells 125-334 g Selected Varieties,2.97,2026-10-01T00:00:00-04:00,2026-10-07T23:59:59-04:00
FreshCo,8161580,"Buttercup, Butternut, Acorn or Spaghetti Squash Product of Canada, Canada No. 1, 2.80/kg",1.27,2026-10-01T00:00:00-04:00,2026-10-07T23:59:59-04:00
FreshCo,8161580,Dole Pineapple 398 mL,2.47,2026-10-01T00:00:00-04:00,2026-10-07T23:59:59-04:00
FreshCo,8161580,Crave Frozen Entrées,3.97,2026-10-01T00:00:00-04:00,2026-10-07T23:59:59-04:00
FreshCo,8161580,Robin Hood® Gluten Free Flour 907 g,6.97,2026-10-01T00:00:00-04:00,2026-10-07T23:59:59-04:00
FreshCo,8161580,Ocean Spray Cranberry Sauce 348 mL,2.27,2026-10-01T00:00:00-04:00,2026-10-07T23:59:59-04:00
FreshCo,8161580,Pepperidge Farm Goldfish Crackers 167-227 g or Snyder's of Hanover Pretzels 240 g,2.97,2026-10-01T00:00:00-04:00,2026-10-07T23:59:59-04:00
FreshCo,8161580,Green Giant 750 g or Valley Selections Frozen Vegetables 400-500 g,2.97,2026-10-01T00:00:00-04:00,2026-10-07T23:59:59-04:00
FreshCo,8161580,Best Buy Smoked Boneless Ham 1.2 kg,13.0,2026-10-01T00:00:00-04:00,2026-10-07T23:59:59-04:00
FreshCo,8161580,Deep Mango Pulp 850 g,3.49,2026-10-01T00:00:00-04:00,2026-10-07T23:59:59-04:00
FreshCo,8161580,Robin Hood® Flour 5 kg Assorted Varieties,9.97,2026-10-01T00:00:00-04:00,2026-10-07T23:59:59-04:00
FreshCo,8161580,Compliments Pies 580-750 g Selected Varieties,5.0,2026-10-01T00:00:00-04:00,2026-10-07T23:59:59-04:00
FreshCo,8161580,Gay Lea Butter Salted or Unsalted 454 g,5.99,2026-10-01T00:00:00-04:00,2026-10-07T23:59:59-04:00
FreshCo,8161580,Nabob Roast & Ground Coffee 915-930 g or Single Serve Pods 30 pk,18.97,2026-10-01T00:00:00-04:00,2026-10-07T23:59:59-04:00
FreshCo,8161580,Pillsbury Crescent Rolls 226 g,1.99,2026-10-01T00:00:00-04:00,2026-10-07T23:59:59-04:00
FreshCo,8161580,Castello® 200 g Assorted Varieties,5.97,2026-10-01T00:00:00-04:00,2026-10-07T23:59:59-04:00
FreshCo,8161580,PHILADELPHIA Cream Cheese 227-250 g,3.99,2026-10-01T00:00:00-04:00,2026-10-07T23:59:59-04:00
FreshCo,8161580,Sher Besan 1.81 kg,5.99,2026-10-01T00:00:00-04:00,2026-10-07T23:59:59-04:00
FreshCo,8161580,Villaggio Bread 550-675 g or Buns 6-8 pk or Dempster's Bagels 5-6 pk Selected Varieties,2.87,2026-10-01T00:00:00-04:00,2026-10-07T23:59:59-04:00
FreshCo,8161580,Bothwell Cheese Selected Varieties 170 g,5.0,2026-10-01T00:00:00-04:00,2026-10-07T23:59:59-04:00
FreshCo,8161580,Coca-Cola or Canada Dry Soft Drinks 2 L Selected Varieties,2.47,2026-10-01T00:00:00-04:00,2026-10-07T23:59:59-04:00
FreshCo,8161580,Raspberries Product of USA 170 g,3.97,2026-10-01T00:00:00-04:00,2026-10-07T23:59:59-04:00
FreshCo,8161580,Taylor Farms Salad Kits Product of USA 305-383 g,5.97,2026-10-01T00:00:00-04:00,2026-10-07T23:59:59-04:00
FreshCo,8161580,Almarai Juice 1 L,1.99,2026-10-01T00:00:00-04:00,2026-10-07T23:59:59-04:00
FreshCo,8161580,Armstrong Natural Cheese Slices 220-240 g,4.99,2026-10-01T00:00:00-04:00,2026-10-07T23:59:59-04:00
FreshCo,8161580,Christie Cookies Selected Varieties 224-303 g or Triscuits 185-200 g,2.77,2026-10-01T00:00:00-04:00,2026-10-07T23:59:59-04:00
FreshCo,8161580,Lavazza Espresso Bricks 250 g,5.97,2026-10-01T00:00:00-04:00,2026-10-07T23:59:59-04:00
FreshCo,8161580,Bull's-Eye BBQ Sauce 425 mL or Diana Sauce 500 mL,2.97,2026-10-01T00:00:00-04:00,2026-10-07T23:59:59-04:00
FreshCo,8161580,Navel Oranges Product of South Africa 4.34/kg,1.97,2026-10-01T00:00:00-04:00,2026-10-07T23:59:59-04:00
FreshCo,8161580,Red Seedless Grapes Product of USA No. 1 Grade 8.75/kg,3.97,2026-10-01T00:00:00-04:00,2026-10-07T23:59:59-04:00
FreshCo,8161580,Fontaine Santé Hummus 227-260 g,3.47,2026-10-01T00:00:00-04:00,2026-10-07T23:59:59-04:00
FreshCo,8161580,Compliments Cooked Shrimp with Cocktail Sauce Frozen 737 g or Newfoundland & Labrador Wild Snow Crab Clusters Frozen 454 g,17.97,2026-10-01T00:00:00-04:00,2026-10-07T23:59:59-04:00
FreshCo,8161580,"Compliments Breaded Pickle Spears, Blooming Onion Pearls, Sausage Rolls or Spring Rolls Frozen 364-576 g",8.0,2026-10-01T00:00:00-04:00,2026-10-07T23:59:59-04:00
FreshCo,8161580,Betty Crocker Homestyle Mashed Potatoes 141-215 g,1.97,2026-10-01T00:00:00-04:00,2026-10-07T23:59:59-04:00
Sobeys,8159967,Organic Milk,6.99,2026-10-01T00:00:00-04:00,2026-10-07T22:59:59-04:00
Sobeys,8159967,"Strudel Fingers, Turnovers or Mini Strudel - Apple Fest",3.99,2026-10-01T00:00:00-04:00,2026-10-07T22:59:59-04:00
Sobeys,8159967,COMPLIMENTS Fresh AIR-CHILLED Bone-In Chicken Breast Halves,5.49,2026-10-01T00:00:00-04:00,2026-10-07T22:59:59-04:00
Sobeys,8159967,Wafer Rolls,1.79,2026-10-01T00:00:00-04:00,2026-10-07T22:59:59-04:00
Sobeys,8159967,Hazelnut or Peanut Spread,5.49,2026-10-01T00:00:00-04:00,2026-10-07T22:59:59-04:00
Sobeys,8159967,"Shampoo, Conditioner or Stylers",5.99,2026-10-01T00:00:00-04:00,2026-10-07T22:59:59-04:00
Sobeys,8159967,Fresh Pork Loin Rib and Sirloin Combo Chops,3.99,2026-10-01T00:00:00-04:00,2026-10-07T22:59:59-04:00
Sobeys,8159967,COMPLIMENTS Pie or Tart Shells or Phyllo Pastry Sheets,3.0,2026-10-01T00:00:00-04:00,2026-10-07T22:59:59-04:00
Sobeys,8159967,Condensed Soup,2.49,2026-10-01T00:00:00-04:00,2026-10-07T22:59:59-04:00
Sobeys,8159967,COMPLIMENTS Chicken or Beef Individual Pot Pies,11.99,2026-10-01T00:00:00-04:00,2026-10-07T22:59:59-04:00
Sobeys,8159967,Fresh Pork Shoulder Blade Roasts or Steaks,4.49,2026-10-01T00:00:00-04:00,2026-10-07T22:59:59-04:00
Sobeys,8159967,"COMPLIMENTS NATURALLY SIMPLE Wild Pink Salmon, Cod or Haddock Loins",8.99,2026-10-01T00:00:00-04:00,2026-10-07T22:59:59-04:00
Sobeys,8159967,COMPLIMENTS NATURALLY SIMPLE Black Tiger Shrimp In Ring with Sauce,24.99,2026-10-01T00:00:00-04:00,2026-10-07T22:59:59-04:00
Sobeys,8159967,"COMPLIMENTS Ground Chicken, Turkey or Pork",6.0,2026-10-01T00:00:00-04:00,2026-10-07T22:59:59-04:00
Sobeys,8159967,COMPLIMENTS Bone-In Ham Steak or Honey Ham,6.49,2026-10-01T00:00:00-04:00,2026-10-07T22:59:59-04:00
Sobeys,8159967,COMPLIMENTS Cooked Shrimp in Ring with Sauce 255 g,7.99,2026-10-01T00:00:00-04:00,2026-10-07T22:59:59-04:00
Sobeys,8159967,From Atlantic Canada Fresh Mussels,2.69,2026-10-01T00:00:00-04:00,2026-10-07T22:59:59-04:00
Sobeys,8159967,"COMPLIMENTS Beef, Chicken or Vegetable Lasagna or Macaroni & Cheese",10.99,2026-10-01T00:00:00-04:00,2026-10-07T22:59:59-04:00
Sobeys,8159967,COMPLIMENTS or THE CANADIAN BUTCHER Bacon,5.99,2026-10-01T00:00:00-04:00,2026-10-07T22:59:59-04:00
Sobeys,8159967,BUTCHER'S SELECTION BBQ or Honey Garlic Pork Back Ribs,9.99,2026-10-01T00:00:00-04:00,2026-10-07T22:59:59-04:00
Sobeys,8159967,COMPLIMENTS Cooked Shrimp In Bag with Cocktail Sauce 680 g,13.99,2026-10-01T00:00:00-04:00,2026-10-07T22:59:59-04:00
Sobeys,8159967,Yellowfin Tuna Steaks,10.99,2026-10-01T00:00:00-04:00,2026-10-07T22:59:59-04:00
Sobeys,8159967,COMPLIMENTS Cooked or Raw Shrimp 31-40 or 71-90 ct per lb or Bay Scallops 80-120 ct per lb,8.99,2026-10-01T00:00:00-04:00,2026-10-07T22:59:59-04:00
Sobeys,8159967,Fresh Boneless Peeled Top Blade/Flat Iron Simmering Steak,19.99,2026-10-01T00:00:00-04:00,2026-10-07T22:59:59-04:00
Sobeys,8159967,Gala Apples - Apple Fest,8.0,2026-10-01T00:00:00-04:00,2026-10-07T22:59:59-04:00
Sobeys,8159967,"COMPLIMENTS Premium or Stuffed, CARDINAL ROADHOUSE or BELMONT Burgers",15.99,2026-10-01T00:00:00-04:00,2026-10-07T22:59:59-04:00
Sobeys,8159967,JANES Ultimates Breaded or Battered Haddock or Cod or Lightly Dusted Haddock or Sole Fillets,14.99,2026-10-01T00:00:00-04:00,2026-10-07T22:59:59-04:00
Sobeys,8159967,ULTRA NATURAL Fair Trade Honduras Marinated Cooked Shrimp or Gluten Free Shrimp Appetizers,11.99,2026-10-01T00:00:00-04:00,2026-10-07T22:59:59-04:00
Sobeys,8159967,COMPLIMENTS Canned Fruit or Pineapple Slices,5.0,2026-10-01T00:00:00-04:00,2026-10-07T22:59:59-04:00
Sobeys,8159967,Cool Whip Frozen Whipped Topping,4.99,2026-10-01T00:00:00-04:00,2026-10-07T22:59:59-04:00
Sobeys,8159967,Celebration or Ultimate Cookies,7.0,2026-10-01T00:00:00-04:00,2026-10-07T22:59:59-04:00
Sobeys,8159967,Pie Fillings,2.49,2026-10-01T00:00:00-04:00,2026-10-07T22:59:59-04:00
Sobeys,8159967,Avocados,3.99,2026-10-01T00:00:00-04:00,2026-10-07T22:59:59-04:00
Sobeys,8159967,Bathroom Tissue,4.99,2026-10-01T00:00:00-04:00,2026-10-07T22:59:59-04:00
Sobeys,8159967,COMPLIMENTS Large Cooked Shrimp in Ring with,21.99,2026-10-01T00:00:00-04:00,2026-10-07T22:59:59-04:00
Sobeys,8159967,Signature Fall Harvest Bouquets,24.99,2026-10-01T00:00:00-04:00,2026-10-07T22:59:59-04:00
Sobeys,8159967,Peanuts,7.99,2026-10-01T00:00:00-04:00,2026-10-07T22:59:59-04:00
Sobeys,8159967,Chili Crisp Flavoured Chicken Strips,2.49,2026-10-01T00:00:00-04:00,2026-10-07T22:59:59-04:00
Sobeys,8159967,Raisin or Cinnamon Raisin Bread,4.99,2026-10-01T00:00:00-04:00,2026-10-07T22:59:59-04:00
Sobeys,8159967,Pomegranates,3.99,2026-10-01T00:00:00-04:00,2026-10-07T22:59:59-04:00
Sobeys,8159967,Celery,1.99,2026-10-01T00:00:00-04:00,2026-10-07T22:59:59-04:00
Sobeys,8159967,"Ginger Gold, Gravenstein or McIntosh Apples",1.99,2026-10-01T00:00:00-04:00,2026-10-07T22:59:59-04:00
Sobeys,8159967,Welsh Cheddar,10.99,2026-10-01T00:00:00-04:00,2026-10-07T22:59:59-04:00
Sobeys,8159967,"COMPLIMENTS Baby Spinach, Baby Arugula or Spring Mix",3.99,2026-10-01T00:00:00-04:00,2026-10-07T22:59:59-04:00
Sobeys,8159967,Vegetarian Ravioli,10.99,2026-10-01T00:00:00-04:00,2026-10-07T22:59:59-04:00
Sobeys,8159967,Popcorn,4.99,2026-10-01T00:00:00-04:00,2026-10-07T22:59:59-04:00
Sobeys,8159967,Gouda or Swiss,6.99,2026-10-01T00:00:00-04:00,2026-10-07T22:59:59-04:00
Sobeys,8159967,COMPLIMENTS Broth,1.99,2026-10-01T00:00:00-04:00,2026-10-07T22:59:59-04:00
Sobeys,8159967,Tortilla Chips,3.99,2026-10-01T00:00:00-04:00,2026-10-07T22:59:59-04:00
Sobeys,8159967,Single Serve Coffee Pods,32.99,2026-10-01T00:00:00-04:00,2026-10-07T22:59:59-04:00
Sobeys,8159967,COMPLIMENTS Mandarins,1.69,2026-10-01T00:00:00-04:00,2026-10-07T22:59:59-04:00
Sobeys,8159967,Naan,3.49,2026-10-01T00:00:00-04:00,2026-10-07T22:59:59-04:00
Sobeys,8159967,Whole Wheat Flour,21.49,2026-10-01T00:00:00-04:00,2026-10-07T22:59:59-04:00
Sobeys,8159967,Zero Sugar Drinks,3.99,2026-10-01T00:00:00-04:00,2026-10-07T22:59:59-04:00
Sobeys,8159967,RUBICON,5.0,2026-10-01T00:00:00-04:00,2026-10-07T22:59:59-04:00
Sobeys,8159967,Dragon Fruit,3.99,2026-10-01T00:00:00-04:00,2026-10-07T22:59:59-04:00
Sobeys,8159967,Large Gerbera Daisy Bouquet,16.0,2026-10-01T00:00:00-04:00,2026-10-07T22:59:59-04:00
Sobeys,8159967,Mini Croissants,2.99,2026-10-01T00:00:00-04:00,2026-10-07T22:59:59-04:00
Sobeys,8159967,COMPLIMENTS Granola Bars,2.69,2026-10-01T00:00:00-04:00,2026-10-07T22:59:59-04:00
Sobeys,8159967,Samosas,6.99,2026-10-01T00:00:00-04:00,2026-10-07T22:59:59-04:00
Sobeys,8159967,Jam,5.99,2026-10-01T00:00:00-04:00,2026-10-07T22:59:59-04:00
Sobeys,8159967,Assorted Blooming in Fall Ceramics,8.99,2026-10-01T00:00:00-04:00,2026-10-07T22:59:59-04:00
Sobeys,8159967,Single Layer Shortcakes,12.99,2026-10-01T00:00:00-04:00,2026-10-07T22:59:59-04:00
Sobeys,8159967,Sweet Potatoes,1.44,2026-10-01T00:00:00-04:00,2026-10-07T22:59:59-04:00
Sobeys,8159967,Roast Fine Grind Coffee,13.99,2026-10-01T00:00:00-04:00,2026-10-07T22:59:59-04:00
Sobeys,8159967,Guacamole,8.99,2026-10-01T00:00:00-04:00,2026-10-07T22:59:59-04:00
Sobeys,8159967,Real Cream Layer Cakes,12.99,2026-10-01T00:00:00-04:00,2026-10-07T22:59:59-04:00
Sobeys,8159967,Pumpkin Spice Cupcakes,7.99,2026-10-01T00:00:00-04:00,2026-10-07T22:59:59-04:00
Sobeys,8159967,COMPLIMENTS Cranberry or Ruby Red Cocktail,3.99,2026-10-01T00:00:00-04:00,2026-10-07T22:59:59-04:00
Sobeys,8159967,Salad,9.49,2026-10-01T00:00:00-04:00,2026-10-07T22:59:59-04:00
Sobeys,8159967,"Buttercup, Butternut, Spaghetti or Acorn Squash",0.99,2026-10-01T00:00:00-04:00,2026-10-07T22:59:59-04:00
Sobeys,8159967,Pretzel Crisps,5.99,2026-10-01T00:00:00-04:00,2026-10-07T22:59:59-04:00
Sobeys,8159967,Fingers Cookies,4.0,2026-10-01T00:00:00-04:00,2026-10-07T22:59:59-04:00
Sobeys,8159967,COMPLIMENTS Cocktail-Flavoured Sparkling Beverage,6.49,2026-10-01T00:00:00-04:00,2026-10-07T22:59:59-04:00
Sobeys,8159967,Bourbon and Brown Sugar Seasoned Apple Stuffed Pork Tenderloin - Apple Fest,6.99,2026-10-01T00:00:00-04:00,2026-10-07T22:59:59-04:00
Sobeys,8159967,Herring Fillets,4.29,2026-10-01T00:00:00-04:00,2026-10-07T22:59:59-04:00
Sobeys,8159967,Stuff the bag! - Apple Fest,1.99,2026-10-01T00:00:00-04:00,2026-10-07T22:59:59-04:00
Sobeys,8159967,Regular Dips or Hummus,3.99,2026-10-01T00:00:00-04:00,2026-10-07T22:59:59-04:00
Sobeys,8159967,WILLY KRAUCH'S Cold Smoked or COMEAU or GOSSELIN Hot Smoked Atlantic,9.99,2026-10-01T00:00:00-04:00,2026-10-07T22:59:59-04:00
Sobeys,8159967,MAPLE LODGE FARMS Chicken Sausage,5.99,2026-10-01T00:00:00-04:00,2026-10-07T22:59:59-04:00
Sobeys,8159967,Raised Without Antibiotics Frozen Grade A Turkeys,1.99,2026-10-01T00:00:00-04:00,2026-10-07T22:59:59-04:00
Sobeys,8159967,"Wensleydale Cranberry, Apricot or Cheddar with Caramelized Onions",7.99,2026-10-01T00:00:00-04:00,2026-10-07T22:59:59-04:00
Sobeys,8159967,Assorted Chrysanthemums,19.99,2026-10-01T00:00:00-04:00,2026-10-07T22:59:59-04:00
Sobeys,8159967,COMPLIMENTS Large Cooked Shrimp in Ring with Sauce,21.99,2026-10-01T00:00:00-04:00,2026-10-07T22:59:59-04:00
Sobeys,8159967,Tomatoes on the Vine,2.77,2026-10-01T00:00:00-04:00,2026-10-07T22:59:59-04:00
Sobeys,8159967,Ready To Heat Rice,5.0,2026-10-01T00:00:00-04:00,2026-10-07T22:59:59-04:00
Sobeys,8159967,Apple Juice,3.99,2026-10-01T00:00:00-04:00,2026-10-07T22:59:59-04:00
Sobeys,8159967,Whitening or Pronamel,6.99,2026-10-01T00:00:00-04:00,2026-10-07T22:59:59-04:00
Sobeys,8159967,COMPLIMENTS De-Alcoholized Beer,11.49,2026-10-01T00:00:00-04:00,2026-10-07T22:59:59-04:00
Sobeys,8159967,Cheddar,11.99,2026-10-01T00:00:00-04:00,2026-10-07T22:59:59-04:00
Sobeys,8159967,Dairy Milk Chocolate Bars,6.99,2026-10-01T00:00:00-04:00,2026-10-07T22:59:59-04:00
Sobeys,8159967,COMPLIMENTS Brie or Camembert,12.99,2026-10-01T00:00:00-04:00,2026-10-07T22:59:59-04:00
Sobeys,8159967,Triple Wick Jar Candles,5.79,2026-10-01T00:00:00-04:00,2026-10-07T22:59:59-04:00
Sobeys,8159967,Max,9.99,2026-10-01T00:00:00-04:00,2026-10-07T22:59:59-04:00
Sobeys,8159967,Hydration Mix,19.99,2026-10-01T00:00:00-04:00,2026-10-07T22:59:59-04:00
Sobeys,8159967,Protein Bar,3.99,2026-10-01T00:00:00-04:00,2026-10-07T22:59:59-04:00
Sobeys,8159967,Steel Wool Soap Pads,2.99,2026-10-01T00:00:00-04:00,2026-10-07T22:59:59-04:00
Sobeys,8159967,Prosciutto or Genoa Salami,3.99,2026-10-01T00:00:00-04:00,2026-10-07T22:59:59-04:00
Sobeys,8159967,Artisan Breads,4.69,2026-10-01T00:00:00-04:00,2026-10-07T22:59:59-04:00
Sobeys,8159967,Cracker Assortment Classic Collection,5.99,2026-10-01T00:00:00-04:00,2026-10-07T22:59:59-04:00
Sobeys,8159967,All-Purpose or Multi-Purpose Cleaners,9.0,2026-10-01T00:00:00-04:00,2026-10-07T22:59:59-04:00
Sobeys,8159967,Underwear or Pads,20.99,2026-10-01T00:00:00-04:00,2026-10-07T22:59:59-04:00
Sobeys,8159967,Curry Paste,5.49,2026-10-01T00:00:00-04:00,2026-10-07T22:59:59-04:00
Sobeys,8159967,Ground Coffee,12.99,2026-10-01T00:00:00-04:00,2026-10-07T22:59:59-04:00
Sobeys,8159967,"Classique, Original Mushrooms & Truffle or Apple",8.99,2026-10-01T00:00:00-04:00,2026-10-07T22:59:59-04:00
Sobeys,8159967,Cheddar,7.99,2026-10-01T00:00:00-04:00,2026-10-07T22:59:59-04:00
Sobeys,8159967,Samosas,3.0,2026-10-01T00:00:00-04:00,2026-10-07T22:59:59-04:00
Sobeys,8159967,COMPLIMENTS Herbs,2.75,2026-10-01T00:00:00-04:00,2026-10-07T22:59:59-04:00
Sobeys,8159967,Q-TIPS Cotton Swabs,4.49,2026-10-01T00:00:00-04:00,2026-10-07T22:59:59-04:00
Sobeys,8159967,Farmer's Medley Biscuits,4.99,2026-10-01T00:00:00-04:00,2026-10-07T22:59:59-04:00
Sobeys,8159967,COMPLIMENTS Pita Bread,3.99,2026-10-01T00:00:00-04:00,2026-10-07T22:59:59-04:00
Sobeys,8159967,Fresh Boneless Stewing Beef or Fresh Boneless Sirloin Tip Oven Roast or Marinating Steak,11.99,2026-10-01T00:00:00-04:00,2026-10-07T22:59:59-04:00
Sobeys,8159967,COMPLIMENTS Grape Tomatoes,8.0,2026-10-01T00:00:00-04:00,2026-10-07T22:59:59-04:00
Sobeys,8159967,Microgreens,4.0,2026-10-01T00:00:00-04:00,2026-10-07T22:59:59-04:00
Sobeys,8159967,Organic Bartlett or Red Pears,6.99,2026-10-01T00:00:00-04:00,2026-10-07T22:59:59-04:00
Sobeys,8159967,Fresh Pasta,6.49,2026-10-01T00:00:00-04:00,2026-10-07T22:59:59-04:00
Sobeys,8159967,Whole Roasted Chili Crisp Flavoured Chicken,14.99,2026-10-01T00:00:00-04:00,2026-10-07T22:59:59-04:00
Sobeys,8159967,Stuffing Bread,3.99,2026-10-01T00:00:00-04:00,2026-10-07T22:59:59-04:00
Sobeys,8159967,COMPLIMENTS Bocconcini,6.99,2026-10-01T00:00:00-04:00,2026-10-07T22:59:59-04:00
Sobeys,8159967,CHEETOS,9.0,2026-10-01T00:00:00-04:00,2026-10-07T22:59:59-04:00
Sobeys,8159967,Chocolates,8.49,2026-10-01T00:00:00-04:00,2026-10-07T22:59:59-04:00
Sobeys,8159967,Extra Virgin Olive Oil,16.99,2026-10-01T00:00:00-04:00,2026-10-07T22:59:59-04:00
Sobeys,8159967,GATORADE,7.49,2026-10-01T00:00:00-04:00,2026-10-07T22:59:59-04:00
Sobeys,8159967,Flushable Wipes,6.99,2026-10-01T00:00:00-04:00,2026-10-07T22:59:59-04:00
Sobeys,8159967,Shampoo or Conditioner,11.99,2026-10-01T00:00:00-04:00,2026-10-07T22:59:59-04:00
Sobeys,8159967,Laundry Detergent,12.49,2026-10-01T00:00:00-04:00,2026-10-07T22:59:59-04:00
Sobeys,8159967,Oat Bars,8.0,2026-10-01T00:00:00-04:00,2026-10-07T22:59:59-04:00
Sobeys,8159967,Caramel Wafer Biscuits,2.99,2026-10-01T00:00:00-04:00,2026-10-07T22:59:59-04:00
Sobeys,8159967,Pomegranates,3.99,2026-10-01T00:00:00-04:00,2026-10-07T22:59:59-04:00
Sobeys,8159967,Coconut Water,3.49,2026-10-01T00:00:00-04:00,2026-10-07T22:59:59-04:00
Sobeys,8159967,Sauces,4.49,2026-10-01T00:00:00-04:00,2026-10-07T22:59:59-04:00
Sobeys,8159967,COMPLIMENTS Apples - Apple Fest,5.99,2026-10-01T00:00:00-04:00,2026-10-07T22:59:59-04:00
Sobeys,8159967,Candy,3.29,2026-10-01T00:00:00-04:00,2026-10-07T22:59:59-04:00
Sobeys,8159967,Pancake Mix,9.99,2026-10-01T00:00:00-04:00,2026-10-07T22:59:59-04:00
Sobeys,8159967,SUSTAINABLE BLUE Land-Raised Fresh Atlantic,16.99,2026-10-01T00:00:00-04:00,2026-10-07T22:59:59-04:00
Sobeys,8159967,COMPLIMENTS Instant Coffee,8.49,2026-10-01T00:00:00-04:00,2026-10-07T22:59:59-04:00
Sobeys,8159967,Fresh Raised Without Antibiotics Grade A Turkeys,2.59,2026-10-01T00:00:00-04:00,2026-10-07T22:59:59-04:00
Sobeys,8159967,Tablet Bars,3.49,2026-10-01T00:00:00-04:00,2026-10-07T22:59:59-04:00
Sobeys,8159967,Almond or Oat Beverage,3.99,2026-10-01T00:00:00-04:00,2026-10-07T22:59:59-04:00
Sobeys,8159967,Electrolyte,8.99,2026-10-01T00:00:00-04:00,2026-10-07T22:59:59-04:00
Sobeys,8159967,Topped Hummus,3.99,2026-10-01T00:00:00-04:00,2026-10-07T22:59:59-04:00
Sobeys,8159967,Boneless Pork Sirloin Chops or Roasts,3.99,2026-10-01T00:00:00-04:00,2026-10-07T22:59:59-04:00
Sobeys,8159967,Flour,4.49,2026-10-01T00:00:00-04:00,2026-10-07T22:59:59-04:00
Sobeys,8159967,Sauerkraut,3.49,2026-10-01T00:00:00-04:00,2026-10-07T22:59:59-04:00
Sobeys,8159967,COMPLIMENTS Fresh AIR-CHILLED Split Chicken Wings,5.99,2026-10-01T00:00:00-04:00,2026-10-07T22:59:59-04:00
Sobeys,8159967,Crescent Rolls or Wiener Wraps,1.99,2026-10-01T00:00:00-04:00,2026-10-07T22:59:59-04:00
Sobeys,8159967,Frozen Vegetables or Valley Selections,5.0,2026-10-01T00:00:00-04:00,2026-10-07T22:59:59-04:00
Sobeys,8159967,Ice Cream,4.94,2026-10-01T00:00:00-04:00,2026-10-07T22:59:59-04:00
Sobeys,8159967,Méditerranée Yogurt,3.49,2026-10-01T00:00:00-04:00,2026-10-07T22:59:59-04:00
Sobeys,8159967,Cheese,5.97,2026-10-01T00:00:00-04:00,2026-10-07T22:59:59-04:00
Sobeys,8159967,Raised Without Antibiotics Frozen Grade A Turkeys,1.99,2026-10-01T00:00:00-04:00,2026-10-07T22:59:59-04:00
Sobeys,8159967,Fresh Boneless Striploin Grilling Steaks Family Size or Premium Oven Roast,11.88,2026-10-01T00:00:00-04:00,2026-10-07T22:59:59-04:00
Sobeys,8159967,Cereal,3.99,2026-10-01T00:00:00-04:00,2026-10-07T22:59:59-04:00
Sobeys,8159967,Salad Dressing,2.97,2026-10-01T00:00:00-04:00,2026-10-07T22:59:59-04:00
Sobeys,8159967,Cheese Slices,5.49,2026-10-01T00:00:00-04:00,2026-10-07T22:59:59-04:00
Sobeys,8159967,Candy or Assorted Chocolates,15.99,2026-10-01T00:00:00-04:00,2026-10-07T22:59:59-04:00
Sobeys,8159967,COMPLIMENTS Extra Large Cooked Shrimp in Ring with Sauce,9.99,2026-10-01T00:00:00-04:00,2026-10-07T22:59:59-04:00
Sobeys,8159967,Roast & Ground Coffee,15.97,2026-10-01T00:00:00-04:00,2026-10-07T22:59:59-04:00
Sobeys,8159967,Prepared Fresh Daily In-Store Fruit or Vegetable Trays,9.99,2026-10-01T00:00:00-04:00,2026-10-07T22:59:59-04:00
Sobeys,8159967,"Whole Grains, Protein or Signature Bread",3.49,2026-10-01T00:00:00-04:00,2026-10-07T22:59:59-04:00
Sobeys,8159967,Potato Chips,2.75,2026-10-01T00:00:00-04:00,2026-10-07T22:59:59-04:00
Sobeys,8159967,Snacking or Mini Crackers,1.97,2026-10-01T00:00:00-04:00,2026-10-07T22:59:59-04:00
Sobeys,8159967,Raspberries,5.0,2026-10-01T00:00:00-04:00,2026-10-07T22:59:59-04:00
Sobeys,8159967,Kitchen Bags,5.99,2026-10-01T00:00:00-04:00,2026-10-07T22:59:59-04:00
Sobeys,8159967,Crema e Gusto or Qualità Rossa Whole Bean Coffee,29.99,2026-10-01T00:00:00-04:00,2026-10-07T22:59:59-04:00
Sobeys,8159967,COMPLIMENTS Baby Whole or Cut Corn,2.29,2026-10-01T00:00:00-04:00,2026-10-07T22:59:59-04:00
Sobeys,8159967,Boneless Lamb Leg,12.99,2026-10-01T00:00:00-04:00,2026-10-07T22:59:59-04:00
Sobeys,8159967,COMPLIMENTS Smoked Sausages,9.99,2026-10-01T00:00:00-04:00,2026-10-07T22:59:59-04:00
Sobeys,8159967,Applewood Smoked Bone-In Ham,2.49,2026-10-01T00:00:00-04:00,2026-10-07T22:59:59-04:00
Sobeys,8159967,Miracle Whip or Mayonnaise,5.49,2026-10-01T00:00:00-04:00,2026-10-07T22:59:59-04:00
Sobeys,8159967,COMPLIMENTS ORGANIC Cremini or White Mushrooms,3.99,2026-10-01T00:00:00-04:00,2026-10-07T22:59:59-04:00
Sobeys,8159967,Pizza Pockets,13.99,2026-10-01T00:00:00-04:00,2026-10-07T22:59:59-04:00
Sobeys,8159967,Gravy Powder,4.99,2026-10-01T00:00:00-04:00,2026-10-07T22:59:59-04:00
Sobeys,8159967,Fresh Bone-in Sirloin Tip Roast Royale,11.99,2026-10-01T00:00:00-04:00,2026-10-07T22:59:59-04:00
Sobeys,8159967,Pistachios,10.99,2026-10-01T00:00:00-04:00,2026-10-07T22:59:59-04:00
Sobeys,8159967,Bean Sprouts,1.98,2026-10-01T00:00:00-04:00,2026-10-07T22:59:59-04:00
Sobeys,8159967,Breakfast Egg Bites,5.99,2026-10-01T00:00:00-04:00,2026-10-07T22:59:59-04:00
Sobeys,8159967,Regular Ground Beef,6.99,2026-10-01T00:00:00-04:00,2026-10-07T22:59:59-04:00
Sobeys,8159967,Sweet or Hot Italian Pork Sausage Meat,4.99,2026-10-01T00:00:00-04:00,2026-10-07T22:59:59-04:00
Sobeys,8159967,Dragon Fruit,3.99,2026-10-01T00:00:00-04:00,2026-10-07T22:59:59-04:00
Sobeys,8159967,Wedges,9.99,2026-10-01T00:00:00-04:00,2026-10-07T22:59:59-04:00
Sobeys,8159967,Cheddar or Graham Bunnies,5.0,2026-10-01T00:00:00-04:00,2026-10-07T22:59:59-04:00
Sobeys,8159967,COMPLIMENTS ORGANIC Tablet Bars,7.49,2026-10-01T00:00:00-04:00,2026-10-07T22:59:59-04:00
Sobeys,8159967,Cold Brew Coffee,8.99,2026-10-01T00:00:00-04:00,2026-10-07T22:59:59-04:00
Sobeys,8159967,Frozen Entrées,10.0,2026-10-01T00:00:00-04:00,2026-10-07T22:59:59-04:00
Sobeys,8159967,Protein + Creatine,47.99,2026-10-01T00:00:00-04:00,2026-10-07T22:59:59-04:00
Sobeys,8159967,Source Yogurt,3.99,2026-10-01T00:00:00-04:00,2026-10-07T22:59:59-04:00
Sobeys,8159967,"Bars, Minis or Rice Crisps",3.99,2026-10-01T00:00:00-04:00,2026-10-07T22:59:59-04:00
Sobeys,8159967,Frozen Dinners,5.99,2026-10-01T00:00:00-04:00,2026-10-07T22:59:59-04:00
Sobeys,8159967,COMPLIMENTS Butter Sticks,7.99,2026-10-01T00:00:00-04:00,2026-10-07T22:59:59-04:00
Sobeys,8159967,COMPLIMENTS Orange Juice,4.99,2026-10-01T00:00:00-04:00,2026-10-07T22:59:59-04:00
Sobeys,8159967,COMPLIMENTS Sour Cream,2.49,2026-10-01T00:00:00-04:00,2026-10-07T22:59:59-04:00
Sobeys,8159967,Broth,5.29,2026-10-01T00:00:00-04:00,2026-10-07T22:59:59-04:00
Sobeys,8159967,Cool Whip Aerosol Whipped Topping,4.49,2026-10-01T00:00:00-04:00,2026-10-07T22:59:59-04:00
Sobeys,8159967,Flavoured Butter,2.99,2026-10-01T00:00:00-04:00,2026-10-07T22:59:59-04:00
Sobeys,8159967,CENTRUM MultiGummies,21.99,2026-10-01T00:00:00-04:00,2026-10-07T22:59:59-04:00
Sobeys,8159967,Bars,4.0,2026-10-01T00:00:00-04:00,2026-10-07T22:59:59-04:00
Sobeys,8159967,Oikos Greek Yogurt,10.99,2026-10-01T00:00:00-04:00,2026-10-07T22:59:59-04:00
Sobeys,8159967,Green Tea,5.99,2026-10-01T00:00:00-04:00,2026-10-07T22:59:59-04:00
Sobeys,8159967,Premium Ice Cream,5.49,2026-10-01T00:00:00-04:00,2026-10-07T22:59:59-04:00
Sobeys,8159967,Premium Ice Cream,5.49,2026-10-01T00:00:00-04:00,2026-10-07T22:59:59-04:00
Sobeys,8159967,Chef's Signature Bricks salted,4.99,2026-10-01T00:00:00-04:00,2026-10-07T22:59:59-04:00
Sobeys,8159967,Pan Pizza,10.49,2026-10-01T00:00:00-04:00,2026-10-07T22:59:59-04:00
Sobeys,8159967,COMPLIMENTS Flour - Apple Fest,4.99,2026-10-01T00:00:00-04:00,2026-10-07T22:59:59-04:00
Sobeys,8159967,K-Cup® Pods,13.99,2026-10-01T00:00:00-04:00,2026-10-07T22:59:59-04:00
Sobeys,8159967,COMPLIMENTS Pie or Tart Shells or Phyllo Pastry - Apple Fest,3.0,2026-10-01T00:00:00-04:00,2026-10-07T22:59:59-04:00
Sobeys,8159967,X-Large Bagged Chocolate,10.99,2026-10-01T00:00:00-04:00,2026-10-07T22:59:59-04:00
Sobeys,8159967,Apple Cider - Apple Fest,5.99,2026-10-01T00:00:00-04:00,2026-10-07T22:59:59-04:00
Sobeys,8159967,Instant Coffee,8.99,2026-10-01T00:00:00-04:00,2026-10-07T22:59:59-04:00
Sobeys,8159967,Apple Fritter - Apple Fest,6.99,2026-10-01T00:00:00-04:00,2026-10-07T22:59:59-04:00
Sobeys,8159967,Oats - Apple Fest,3.99,2026-10-01T00:00:00-04:00,2026-10-07T22:59:59-04:00
Sobeys,8159967,Chicken Apple Brie or Selected Gourmet Sandwiches - Apple Fest,8.99,2026-10-01T00:00:00-04:00,2026-10-07T22:59:59-04:00
Sobeys,8159967,Frozen Turkey,2.77,2026-10-01T00:00:00-04:00,2026-10-07T22:59:59-04:00
Sobeys,8159967,Boneless Smoked Ham,14.99,2026-10-01T00:00:00-04:00,2026-10-07T22:59:59-04:00
Sobeys,8159967,Danish - Apple Fest,3.99,2026-10-01T00:00:00-04:00,2026-10-07T22:59:59-04:00
Sobeys,8159967,Cereal,3.99,2026-10-01T00:00:00-04:00,2026-10-07T22:59:59-04:00
Sobeys,8159967,Boneless Smoked Ham 800 g,9.99,2026-10-01T00:00:00-04:00,2026-10-07T22:59:59-04:00
Sobeys,8159967,Bagged Chocolate,4.29,2026-10-01T00:00:00-04:00,2026-10-07T22:59:59-04:00
Sobeys,8159967,K-Cup® Pods,12.99,2026-10-01T00:00:00-04:00,2026-10-07T22:59:59-04:00
Sobeys,8159967,Fresh Turkey,3.77,2026-10-01T00:00:00-04:00,2026-10-07T22:59:59-04:00
Sobeys,8159967,Dip,8.49,2026-10-01T00:00:00-04:00,2026-10-07T22:59:59-04:00
Sobeys,8159967,Gravy,1.79,2026-10-01T00:00:00-04:00,2026-10-07T22:59:59-04:00
Sobeys,8159967,"Dinner, Tray or Butter-Topped Buns",4.0,2026-10-01T00:00:00-04:00,2026-10-07T22:59:59-04:00
Sobeys,8159967,Glowing Hearts Bouquet,16.99,2026-10-01T00:00:00-04:00,2026-10-07T22:59:59-04:00
Sobeys,8159967,Pure Pumpkin,5.99,2026-10-01T00:00:00-04:00,2026-10-07T22:59:59-04:00
Sobeys,8159967,K-Cup® Pods,24.99,2026-10-01T00:00:00-04:00,2026-10-07T22:59:59-04:00
Sobeys,8159967,K-Cup® Pods,39.99,2026-10-01T00:00:00-04:00,2026-10-07T22:59:59-04:00
Sobeys,8159967,DentaStix,11.49,2026-10-01T00:00:00-04:00,2026-10-07T22:59:59-04:00
Sobeys,8159967,Gourmet Selection Gherkins,4.99,2026-10-01T00:00:00-04:00,2026-10-07T22:59:59-04:00
Sobeys,8159967,Chocolate Bars,3.99,2026-10-01T00:00:00-04:00,2026-10-07T22:59:59-04:00
Sobeys,8159967,Cream Crackers,1.99,2026-10-01T00:00:00-04:00,2026-10-07T22:59:59-04:00
Sobeys,8159967,Biscuits,1.29,2026-10-01T00:00:00-04:00,2026-10-07T22:59:59-04:00
Sobeys,8159967,NANA'S Samosas,3.0,2026-10-01T00:00:00-04:00,2026-10-07T22:59:59-04:00
Sobeys,8159967,Long Squash (Opo Squash),2.29,2026-10-01T00:00:00-04:00,2026-10-07T22:59:59-04:00
Sobeys,8159967,Evaporated Milk,1.79,2026-10-01T00:00:00-04:00,2026-10-07T22:59:59-04:00
Sobeys,8159967,COMPLIMENTS Seafood Sauce,2.99,2026-10-01T00:00:00-04:00,2026-10-07T22:59:59-04:00
Sobeys,8159967,Chocolate Chips,3.99,2026-10-01T00:00:00-04:00,2026-10-07T22:59:59-04:00
Sobeys,8159967,Cream Cheese,3.99,2026-10-01T00:00:00-04:00,2026-10-07T22:59:59-04:00
Sobeys,8159967,Grab-N-Go All Rolled-Up Wraps,1.49,2026-10-01T00:00:00-04:00,2026-10-07T22:59:59-04:00
Sobeys,8159967,Long English Cucumbers,5.0,2026-10-01T00:00:00-04:00,2026-10-07T22:59:59-04:00
Sobeys,8159967,Large Lemons,0.99,2026-10-01T00:00:00-04:00,2026-10-07T22:59:59-04:00
Sobeys,8159967,Bartlett Pears,2.99,2026-10-01T00:00:00-04:00,2026-10-07T22:59:59-04:00
Sobeys,8159967,Cranberries,2.77,2026-10-01T00:00:00-04:00,2026-10-07T22:59:59-04:00
Sobeys,8159967,Carrots or COMPLIMENTS Onions,2.99,2026-10-01T00:00:00-04:00,2026-10-07T22:59:59-04:00
Sobeys,8159967,Pie Pumpkins or Gourds,2.49,2026-10-01T00:00:00-04:00,2026-10-07T22:59:59-04:00
Sobeys,8159967,Kolbassa Sausage,6.99,2026-10-01T00:00:00-04:00,2026-10-07T22:59:59-04:00
Sobeys,8159967,Natural Selections Turkey or Ham,4.29,2026-10-01T00:00:00-04:00,2026-10-07T22:59:59-04:00
Sobeys,8159967,Pumpkin Spice Dessert Cake,23.99,2026-10-01T00:00:00-04:00,2026-10-07T22:59:59-04:00
Sobeys,8159967,Coffee-Mate Creamers,5.49,2026-10-01T00:00:00-04:00,2026-10-07T22:59:59-04:00
Sobeys,8159967,Salad Dressing,4.99,2026-10-01T00:00:00-04:00,2026-10-07T22:59:59-04:00
Sobeys,8159967,"COMPLIMENTS Apple, Apple Crumble or Pumpkin Pie",5.99,2026-10-01T00:00:00-04:00,2026-10-07T22:59:59-04:00
Sobeys,8159967,Russet Potatoes,2.99,2026-10-01T00:00:00-04:00,2026-10-07T22:59:59-04:00
Sobeys,8159967,Broccoli Bunches,1.99,2026-10-01T00:00:00-04:00,2026-10-07T22:59:59-04:00
Sobeys,8159967,COMPLIMENTS Baby-Cut Carrots,5.0,2026-10-01T00:00:00-04:00,2026-10-07T22:59:59-04:00
Sobeys,8159967,Dry Cured Sliced Salami,7.99,2026-10-01T00:00:00-04:00,2026-10-07T22:59:59-04:00
Sobeys,8159967,Phalaenopsis Orchids in Ceramic grown in Canada,17.99,2026-10-01T00:00:00-04:00,2026-10-07T22:59:59-04:00
Sobeys,8159967,Liquid Hand Soap,2.29,2026-10-01T00:00:00-04:00,2026-10-07T22:59:59-04:00
Sobeys,8159967,Total Care or Ultra Clean,7.99,2026-10-01T00:00:00-04:00,2026-10-07T22:59:59-04:00
Sobeys,8159967,Wine Sauerkraut,4.79,2026-10-01T00:00:00-04:00,2026-10-07T22:59:59-04:00
Sobeys,8159967,Bean Sprouts,1.98,2026-10-01T00:00:00-04:00,2026-10-07T22:59:59-04:00
Sobeys,8159967,Snack or Classic Meal Boxes,5.99,2026-10-01T00:00:00-04:00,2026-10-07T22:59:59-04:00
Sobeys,8159967,Energy Drinks,6.0,2026-10-01T00:00:00-04:00,2026-10-07T22:59:59-04:00
Sobeys,8159967,Pitted Dates,4.99,2026-10-01T00:00:00-04:00,2026-10-07T22:59:59-04:00
Sobeys,8159967,Pitted Dates,4.99,2026-10-01T00:00:00-04:00,2026-10-07T22:59:59-04:00
Sobeys,8159967,Salsa,5.99,2026-10-01T00:00:00-04:00,2026-10-07T22:59:59-04:00
Sobeys,8159967,Hummus large,6.49,2026-10-01T00:00:00-04:00,2026-10-07T22:59:59-04:00
Sobeys,8159967,ROBIN HOOD Oats,3.99,2026-10-01T00:00:00-04:00,2026-10-07T22:59:59-04:00
Sobeys,8159967,COMPLIMENTS Compostable Cutlery,2.99,2026-10-01T00:00:00-04:00,2026-10-07T22:59:59-04:00
Sobeys,8159967,Body Wash,12.99,2026-10-01T00:00:00-04:00,2026-10-07T22:59:59-04:00
Sobeys,8159967,Crispy Minis,3.49,2026-10-01T00:00:00-04:00,2026-10-07T22:59:59-04:00
Sobeys,8159967,Desi Ghee,15.99,2026-10-01T00:00:00-04:00,2026-10-07T22:59:59-04:00
Sobeys,8159967,Hashbrown Patties,6.49,2026-10-01T00:00:00-04:00,2026-10-07T22:59:59-04:00
Sobeys,8159967,Chocolate,12.99,2026-10-01T00:00:00-04:00,2026-10-07T22:59:59-04:00
Sobeys,8159967,Chili Crisp Caesar Chicken Wrap,6.99,2026-10-01T00:00:00-04:00,2026-10-07T22:59:59-04:00
Sobeys,8159967,Frozen Boxed Turkey Roast,22.0,2026-10-01T00:00:00-04:00,2026-10-07T22:59:59-04:00
Sobeys,8159967,Masala Noodles,0.49,2026-10-01T00:00:00-04:00,2026-10-07T22:59:59-04:00
Sobeys,8159967,Plant-Based Ground Meat,5.49,2026-10-01T00:00:00-04:00,2026-10-07T22:59:59-04:00
Sobeys,8159967,Clementines,1.99,2026-10-01T00:00:00-04:00,2026-10-07T22:59:59-04:00
Sobeys,8159967,ProActive Health Dry Cat Food,15.49,2026-10-01T00:00:00-04:00,2026-10-07T22:59:59-04:00
Sobeys,8159967,PIZZA,8.99,2026-10-01T00:00:00-04:00,2026-10-07T22:59:59-04:00
Sobeys,8159967,Frosting,3.49,2026-10-01T00:00:00-04:00,2026-10-07T22:59:59-04:00
Sobeys,8159967,COMPLIMENTS Lasagna,2.49,2026-10-01T00:00:00-04:00,2026-10-07T22:59:59-04:00
Sobeys,8159967,Small Pumpkin Spice Bar Cake,8.99,2026-10-01T00:00:00-04:00,2026-10-07T22:59:59-04:00
Sobeys,8159967,"Apples Mcintosh, Gravenstein or Ginger Gold product of Atlantic Canada - Apple Fest",1.99,2026-10-01T00:00:00-04:00,2026-10-07T22:59:59-04:00
Sobeys,8159967,Red Carrots,1.99,2026-10-01T00:00:00-04:00,2026-10-07T22:59:59-04:00
Sobeys,8159967,Juniors,2.99,2026-10-01T00:00:00-04:00,2026-10-07T22:59:59-04:00
Sobeys,8159967,Mini Hummus,5.49,2026-10-01T00:00:00-04:00,2026-10-07T22:59:59-04:00
Sobeys,8159967,Probiotic Soda,2.69,2026-10-01T00:00:00-04:00,2026-10-07T22:59:59-04:00
Sobeys,8159967,"Shampoo, Conditioner or Stylers",4.99,2026-10-01T00:00:00-04:00,2026-10-07T22:59:59-04:00
Sobeys,8159967,Tastefuls Cat Food,5.0,2026-10-01T00:00:00-04:00,2026-10-07T22:59:59-04:00
Sobeys,8159967,Whole Tilapia,8.88,2026-10-01T00:00:00-04:00,2026-10-07T22:59:59-04:00
Sobeys,8159967,Snacks,3.99,2026-10-01T00:00:00-04:00,2026-10-07T22:59:59-04:00
Sobeys,8159967,Rainbow Soft Drinks,13.99,2026-10-01T00:00:00-04:00,2026-10-07T22:59:59-04:00
Sobeys,8159967,Italian Chicken Sausages,5.99,2026-10-01T00:00:00-04:00,2026-10-07T22:59:59-04:00
Sobeys,8159967,Liquid Detergent,9.99,2026-10-01T00:00:00-04:00,2026-10-07T22:59:59-04:00
Sobeys,8159967,Grilled or Breaded Chicken Breast,3.99,2026-10-01T00:00:00-04:00,2026-10-07T22:59:59-04:00
Sobeys,8159967,Fresh Boneless Whole Beef Brisket,7.99,2026-10-01T00:00:00-04:00,2026-10-07T22:59:59-04:00
Sobeys,8159967,COMPLIMENTS White or Whole Wheat Bread,2.89,2026-10-01T00:00:00-04:00,2026-10-07T22:59:59-04:00
Sobeys,8159967,A&D Blood Pressure Monitors UB525CN or UA770CNBLE,59.99,2026-10-01T00:00:00-04:00,2026-10-07T22:59:59-04:00
Sobeys,8159967,Pure Jam,4.99,2026-10-01T00:00:00-04:00,2026-10-07T22:59:59-04:00
Sobeys,8159967,Seasoned Boneless Turkey Breast Roast,25.0,2026-10-01T00:00:00-04:00,2026-10-07T22:59:59-04:00
Sobeys,8159967,Basmati Rice,8.99,2026-10-01T00:00:00-04:00,2026-10-07T22:59:59-04:00
Sobeys,8159967,Creamers,6.49,2026-10-01T00:00:00-04:00,2026-10-07T22:59:59-04:00
Sobeys,8159967,Gourmet Cinnamon Buns,6.99,2026-10-01T00:00:00-04:00,2026-10-07T22:59:59-04:00
Sobeys,8159967,One Pot Pasta,6.49,2026-10-01T00:00:00-04:00,2026-10-07T22:59:59-04:00
Sobeys,8159967,Coffee,12.99,2026-10-01T00:00:00-04:00,2026-10-07T22:59:59-04:00
Sobeys,8159967,Twirl,2.99,2026-10-01T00:00:00-04:00,2026-10-07T22:59:59-04:00
Sobeys,8159967,Double Crème,5.99,2026-10-01T00:00:00-04:00,2026-10-07T22:59:59-04:00
Sobeys,8159967,Burritos,9.0,2026-10-01T00:00:00-04:00,2026-10-07T22:59:59-04:00
Sobeys,8159967,Pot Pies,1.99,2026-10-01T00:00:00-04:00,2026-10-07T22:59:59-04:00
Sobeys,8159967,Stove Top Stuffing Mix,2.29,2026-10-01T00:00:00-04:00,2026-10-07T22:59:59-04:00
Sobeys,8159967,Whole Bean Coffee,14.99,2026-10-01T00:00:00-04:00,2026-10-07T22:59:59-04:00
Sobeys,8159967,Chicken Alfredo Chili Crisp Flatbread or Select Varieties,7.0,2026-10-01T00:00:00-04:00,2026-10-07T22:59:59-04:00
Sobeys,8159967,COMPLIMENTS Coffee Pods,38.99,2026-10-01T00:00:00-04:00,2026-10-07T22:59:59-04:00
Sobeys,8159967,Flavoured Shells,5.49,2026-10-01T00:00:00-04:00,2026-10-07T22:59:59-04:00
Sobeys,8159967,Mini Watermelon,5.99,2026-10-01T00:00:00-04:00,2026-10-07T22:59:59-04:00
Sobeys,8159967,Complete Nutritional Supplement Drink,8.99,2026-10-01T00:00:00-04:00,2026-10-07T22:59:59-04:00
Sobeys,8159967,Figs,4.99,2026-10-01T00:00:00-04:00,2026-10-07T22:59:59-04:00
Sobeys,8159967,Red or Green Organic Grapes,4.99,2026-10-01T00:00:00-04:00,2026-10-07T22:59:59-04:00
Sobeys,8159967,COMPLIMENTS Apple Sauce,2.99,2026-10-01T00:00:00-04:00,2026-10-07T22:59:59-04:00
Atlantic Superstore,8163999,PETITS PAINS KINGS HAWAIIAN OU POUDING YORKSHIRE PC,3.5,2026-10-01T00:00:00-04:00,2026-10-07T23:59:59-04:00
Atlantic Superstore,8163999,"SPLIT TOP ROLLS, 9'S, CIRCLE ROLLS, 12'S",4.5,2026-10-01T00:00:00-04:00,2026-10-07T23:59:59-04:00
Atlantic Superstore,8163999,STEWING BEEF CUBES,14.0,2026-10-01T00:00:00-04:00,2026-10-07T23:59:59-04:00
Atlantic Superstore,8163999,"PC® GREENHOUSE STRAWBERRIES, 340 G",6.5,2026-10-01T00:00:00-04:00,2026-10-07T23:59:59-04:00
Atlantic Superstore,8163999,"RIO MARE® FILODOLIO LIGHT TUNA IN OLIVE OIL, 100 G",7.0,2026-10-01T00:00:00-04:00,2026-10-07T23:59:59-04:00
Atlantic Superstore,8163999,CELERY STALKS,3.0,2026-10-01T00:00:00-04:00,2026-10-07T23:59:59-04:00
Atlantic Superstore,8163999,"PURINA FANCY FEAST PETITES CAT FOOD, 79.4 G",1.25,2026-10-01T00:00:00-04:00,2026-10-07T23:59:59-04:00
Atlantic Superstore,8163999,"PC DELI CHEESE BLOCKS, 500 G",13.0,2026-10-01T00:00:00-04:00,2026-10-07T23:59:59-04:00
Atlantic Superstore,8163999,"LARSEN WIENERS OR SUNRISE SLICED BOLOGNA, 375-450 G",4.0,2026-10-01T00:00:00-04:00,2026-10-07T23:59:59-04:00
Atlantic Superstore,8163999,"KIKKOMAN PANKO BREAD CRUMBS, 227 G",4.5,2026-10-01T00:00:00-04:00,2026-10-07T23:59:59-04:00
Atlantic Superstore,8163999,"IFC SEAFOOD CANADIAN SNOW CRAB CLUSTERS, 500 G OR OCEAN PIER WILD ATLANTIC SEA SCALLOPS, 320 G",25.0,2026-10-01T00:00:00-04:00,2026-10-07T23:59:59-04:00
Atlantic Superstore,8163999,CILANTRO,1.79,2026-10-01T00:00:00-04:00,2026-10-07T23:59:59-04:00
Atlantic Superstore,8163999,"NESCAFÉ TASTER'S CHOICE INSTANT COFFEE, 198 G",13.0,2026-10-01T00:00:00-04:00,2026-10-07T23:59:59-04:00
Atlantic Superstore,8163999,"ST-HUBERT OR SWISS CHALET PIES, 650/800 G",9.0,2026-10-01T00:00:00-04:00,2026-10-07T23:59:59-04:00
Atlantic Superstore,8163999,HARVEST CRACKERS,10.0,2026-10-01T00:00:00-04:00,2026-10-07T23:59:59-04:00
Atlantic Superstore,8163999,"CADBURY CHOCOLATE BARS, 80-105 G",6.0,2026-10-01T00:00:00-04:00,2026-10-07T23:59:59-04:00
Atlantic Superstore,8163999,"CHRIS BROTHERS SLICED MEATS, 250 G",5.0,2026-10-01T00:00:00-04:00,2026-10-07T23:59:59-04:00
Atlantic Superstore,8163999,"BLACK FIGS, 454 G",8.0,2026-10-01T00:00:00-04:00,2026-10-07T23:59:59-04:00
Atlantic Superstore,8163999,"PC® WILD BIRD FOOD, 4 KG",15.0,2026-10-01T00:00:00-04:00,2026-10-07T23:59:59-04:00
Atlantic Superstore,8163999,HALLOWEEN OUTDOOR INFLATABLES,32.0,2026-10-01T00:00:00-04:00,2026-10-07T23:59:59-04:00
Atlantic Superstore,8163999,"BRANDT MINI HONEY MAPLE HAM, 750 G",14.0,2026-10-01T00:00:00-04:00,2026-10-07T23:59:59-04:00
Atlantic Superstore,8163999,"FURLANI GARLIC TOAST, 16'S OR LA FOURNÉE DORÉE MINI ROLLS, 480 G",5.0,2026-10-01T00:00:00-04:00,2026-10-07T23:59:59-04:00
Atlantic Superstore,8163999,"MASTRO SLICED SALAMI DELI MEATS, 125-150 G OR BOURSIN, 150 G",5.0,2026-10-01T00:00:00-04:00,2026-10-07T23:59:59-04:00
Atlantic Superstore,8163999,"PC® THE DECADENT® CHOCOLATE CHIPS OR CHUNKS, 226-300 G",5.0,2026-10-01T00:00:00-04:00,2026-10-07T23:59:59-04:00
Atlantic Superstore,8163999,"DEL MONTE FRUIT, 398 ML",2.5,2026-10-01T00:00:00-04:00,2026-10-07T23:59:59-04:00
Atlantic Superstore,8163999,"SOURDOUGH OR PUMPERNICKEL BOULE, 574 G",4.0,2026-10-01T00:00:00-04:00,2026-10-07T23:59:59-04:00
Atlantic Superstore,8163999,"PC® APPLE CIDER, 3 L",8.0,2026-10-01T00:00:00-04:00,2026-10-07T23:59:59-04:00
Atlantic Superstore,8163999,PC® BLACK SABLE OR EXTRA LARGE GREEN OR RED SEEDLESS GRAPES,4.5,2026-10-01T00:00:00-04:00,2026-10-07T23:59:59-04:00
Atlantic Superstore,8163999,"NUTELLA HAZELNUT SPREAD, 1 KG",13.0,2026-10-01T00:00:00-04:00,2026-10-07T23:59:59-04:00
Atlantic Superstore,8163999,"PEDIGREE DRY, 8 KG",26.0,2026-10-01T00:00:00-04:00,2026-10-07T23:59:59-04:00
Atlantic Superstore,8163999,"OIKOS® PRO™, 300 mL",7.0,2026-10-01T00:00:00-04:00,2026-10-07T23:59:59-04:00
Atlantic Superstore,8163999,"FARMER'S MARKET™ ENGLISH CUCUMBERS, 3'S",4.0,2026-10-01T00:00:00-04:00,2026-10-07T23:59:59-04:00
Atlantic Superstore,8163999,"NO NAME® FLOUR, 2.5 KG",3.0,2026-10-01T00:00:00-04:00,2026-10-07T23:59:59-04:00
Atlantic Superstore,8163999,"ROOSTER GARLIC, 3'S",0.99,2026-10-01T00:00:00-04:00,2026-10-07T23:59:59-04:00
Atlantic Superstore,8163999,"BASSÉ NUTS, 415-600 G",7.0,2026-10-01T00:00:00-04:00,2026-10-07T23:59:59-04:00
Atlantic Superstore,8163999,"LITTLE POTATO COMPANY BBQ READY KITS, 454 G",4.0,2026-10-01T00:00:00-04:00,2026-10-07T23:59:59-04:00
Atlantic Superstore,8163999,"SWISS CHALET SAUCE OR GRAVY MIXES, 36-52G, THE KEG SAUCE OR GRAVY MIXES, 22-31G OR EAST SIDE MARIO'S SAUCE MIXES, 36G",1.79,2026-10-01T00:00:00-04:00,2026-10-07T23:59:59-04:00
Atlantic Superstore,8163999,"ORVILLE REDENBACHER MICROWAVE POPCORN, 1.475 KG",12.49,2026-10-01T00:00:00-04:00,2026-10-07T23:59:59-04:00
Atlantic Superstore,8163999,"FARMER'S MARKET™ LEMONS, 2 LB",5.0,2026-10-01T00:00:00-04:00,2026-10-07T23:59:59-04:00
Atlantic Superstore,8163999,"OCEAN SPRAY CRANBERRY SAUCE, 348 ML",2.0,2026-10-01T00:00:00-04:00,2026-10-07T23:59:59-04:00
Atlantic Superstore,8163999,"CAMPBELL'S CHUNKY, 515 ML",3.0,2026-10-01T00:00:00-04:00,2026-10-07T23:59:59-04:00
Atlantic Superstore,8163999,BOTHWELL MONTEREY JACK SPICY DILL PICKLE,7.0,2026-10-01T00:00:00-04:00,2026-10-07T23:59:59-04:00
Atlantic Superstore,8163999,"KICKING HORSE K-CUP PODS, 10'S",13.5,2026-10-01T00:00:00-04:00,2026-10-07T23:59:59-04:00
Atlantic Superstore,8163999,"BRETAGNE PÂTÉ, 150 G",4.0,2026-10-01T00:00:00-04:00,2026-10-07T23:59:59-04:00
Atlantic Superstore,8163999,"CRANBERRIES, 340 G",3.0,2026-10-01T00:00:00-04:00,2026-10-07T23:59:59-04:00
Atlantic Superstore,8163999,"DR. OETKER RISTORANTE OR CASA DI MAMA PIZZA, 288-410 G",4.5,2026-10-01T00:00:00-04:00,2026-10-07T23:59:59-04:00
Atlantic Superstore,8163999,"RED BULL ENERGY DRINKS, 250 ML",2.5,2026-10-01T00:00:00-04:00,2026-10-07T23:59:59-04:00
Atlantic Superstore,8163999,"SCOTSBURN FAMILY FAVOURITES ICE CREAM, 1.5 L OR BARS, 12'S",5.0,2026-10-01T00:00:00-04:00,2026-10-07T23:59:59-04:00
Atlantic Superstore,8163999,"ZINDA COUSCOUS, 907 G",2.99,2026-10-01T00:00:00-04:00,2026-10-07T23:59:59-04:00
Atlantic Superstore,8163999,"KIND MINIS OR THINS BARS, 200/210 G",9.0,2026-10-01T00:00:00-04:00,2026-10-07T23:59:59-04:00
Atlantic Superstore,8163999,NO NAME® OR HALAL WHOLE CHICKEN,2.99,2026-10-01T00:00:00-04:00,2026-10-07T23:59:59-04:00
Atlantic Superstore,8163999,"LACTANTIA MARGARINE, 850 G",6.0,2026-10-01T00:00:00-04:00,2026-10-07T23:59:59-04:00
Atlantic Superstore,8163999,"SURAJ® DRIED CHICK PEAS OR LENTILS,",5.0,2026-10-01T00:00:00-04:00,2026-10-07T23:59:59-04:00
Atlantic Superstore,8163999,"ONE PAN FAMILY MEALS, 440-960 G",16.0,2026-10-01T00:00:00-04:00,2026-10-07T23:59:59-04:00
Atlantic Superstore,8163999,"GERBER ORGANIC CEREAL OR NESTLÉ CERELAC SAVOURY CEREAL, 200-208 G",11.0,2026-10-01T00:00:00-04:00,2026-10-07T23:59:59-04:00
Atlantic Superstore,8163999,"BREYERS CREAMERY STYLE ICE CREAM OR FROZEN DESSERT, 1.4-1.41 L",4.0,2026-10-01T00:00:00-04:00,2026-10-07T23:59:59-04:00
Atlantic Superstore,8163999,"MARCANGELO ASSORTED SALAMI CHUBS, 300 G",13.0,2026-10-01T00:00:00-04:00,2026-10-07T23:59:59-04:00
Atlantic Superstore,8163999,COCONUT,5.0,2026-10-01T00:00:00-04:00,2026-10-07T23:59:59-04:00
Atlantic Superstore,8163999,"COCK BRAND CHILLI SAUCES, 650/720 ML",4.29,2026-10-01T00:00:00-04:00,2026-10-07T23:59:59-04:00
Atlantic Superstore,8163999,"ETNICO GOAT STEW, 500 G",12.0,2026-10-01T00:00:00-04:00,2026-10-07T23:59:59-04:00
Atlantic Superstore,8163999,"PC® THE DECADENT® COOKIE, 280/300 G",4.5,2026-10-01T00:00:00-04:00,2026-10-07T23:59:59-04:00
Atlantic Superstore,8163999,"DOLE PINEAPPLE, 398 ML",2.0,2026-10-01T00:00:00-04:00,2026-10-07T23:59:59-04:00
Atlantic Superstore,8163999,CABBAGE,0.97,2026-10-01T00:00:00-04:00,2026-10-07T23:59:59-04:00
Atlantic Superstore,8163999,"SCOTSBURN OR BAXTER CREAM, 1 L",4.0,2026-10-01T00:00:00-04:00,2026-10-07T23:59:59-04:00
Atlantic Superstore,8163999,"COCA-COLA OR PEPSI SOFT DRINKS, 24X355 ML",12.99,2026-10-01T00:00:00-04:00,2026-10-07T23:59:59-04:00
Atlantic Superstore,8163999,"FARMER'S MARKET™ COFFEE CAKE, 750 G",8.0,2026-10-01T00:00:00-04:00,2026-10-07T23:59:59-04:00
Atlantic Superstore,8163999,"RIO MARE® INSALATISSIME MEXICAN STYLE TUNA SALAD, 160 G",4.5,2026-10-01T00:00:00-04:00,2026-10-07T23:59:59-04:00
Atlantic Superstore,8163999,"CINNAMON RAISIN BREAD, 468 G",4.0,2026-10-01T00:00:00-04:00,2026-10-07T23:59:59-04:00
Atlantic Superstore,8163999,"AYLMER TOMATOES OR ACCENTS, 540-796 ML",2.5,2026-10-01T00:00:00-04:00,2026-10-07T23:59:59-04:00
Atlantic Superstore,8163999,"PC® MINI JAMAICAN BEEF PATTIES OR CHICKEN EMPANADAS, 480 G",9.0,2026-10-01T00:00:00-04:00,2026-10-07T23:59:59-04:00
Atlantic Superstore,8163999,"KRAFT KD MACARONI & CHEESE, 156/175 G",1.0,2026-10-01T00:00:00-04:00,2026-10-07T23:59:59-04:00
Atlantic Superstore,8163999,"PC® SHREDDED CHEESE,250-320 G OR BLACK DIAMOND CHEESE BARS OR SHREDDED CHEESE, 300-400 G",4.99,2026-10-01T00:00:00-04:00,2026-10-07T23:59:59-04:00
Atlantic Superstore,8163999,"CROFTER'S ORGANIC PREMIUM SPREADS, 383 ML",6.0,2026-10-01T00:00:00-04:00,2026-10-07T23:59:59-04:00
Atlantic Superstore,8163999,"RXBAR PROTEIN BARS, 55 G OR 12X52 G",29.0,2026-10-01T00:00:00-04:00,2026-10-07T23:59:59-04:00
Atlantic Superstore,8163999,"LOU'S ENTRÉES PULLED PORK, 400 G",10.0,2026-10-01T00:00:00-04:00,2026-10-07T23:59:59-04:00
Atlantic Superstore,8163999,NO NAME® OR HALAL CHICKEN LEG QUARTERS,3.5,2026-10-01T00:00:00-04:00,2026-10-07T23:59:59-04:00
Atlantic Superstore,8163999,"ST-HUBERT SAUCES OR GRAVY, 358 ML",2.0,2026-10-01T00:00:00-04:00,2026-10-07T23:59:59-04:00
Atlantic Superstore,8163999,"GT'S KOMBUCHA, 480 ML",8.0,2026-10-01T00:00:00-04:00,2026-10-07T23:59:59-04:00
Atlantic Superstore,8163999,"PC® TRADITIONAL NAAN DIPPERS, 400 G",6.0,2026-10-01T00:00:00-04:00,2026-10-07T23:59:59-04:00
Atlantic Superstore,8163999,"NO NAME® CHICKEN WINGS, 1.8 KG",26.0,2026-10-01T00:00:00-04:00,2026-10-07T23:59:59-04:00
Atlantic Superstore,8163999,"WHISKAS CAT FOOD, 75 G",7.5,2026-10-01T00:00:00-04:00,2026-10-07T23:59:59-04:00
Atlantic Superstore,8163999,"NO NAME® PASTA, 1.81/2 KG",4.25,2026-10-01T00:00:00-04:00,2026-10-07T23:59:59-04:00
Atlantic Superstore,8163999,"CAMPBELL'S® READY TO SERVE SOUPS, 515 ML",2.5,2026-10-01T00:00:00-04:00,2026-10-07T23:59:59-04:00
Atlantic Superstore,8163999,"ATLANTIC CHOICE PORK SAUSAGES, 1 KG",13.0,2026-10-01T00:00:00-04:00,2026-10-07T23:59:59-04:00
Atlantic Superstore,8163999,"PC® NATURAL SPRING WATER, 24X500 ML",7.0,2026-10-01T00:00:00-04:00,2026-10-07T23:59:59-04:00
Atlantic Superstore,8163999,PC® BONE-IN CHICKEN THIGHS OR DRUMSTICKS,13.0,2026-10-01T00:00:00-04:00,2026-10-07T23:59:59-04:00
Atlantic Superstore,8163999,"OIKOS PRO, 650",7.5,2026-10-01T00:00:00-04:00,2026-10-07T23:59:59-04:00
Atlantic Superstore,8163999,"UNICO PASTA, 700-900 G OR PASTA SAUCE, 680 ML",5.0,2026-10-01T00:00:00-04:00,2026-10-07T23:59:59-04:00
Atlantic Superstore,8163999,BABY OR SHANGHAI BOK CHOY,2.98,2026-10-01T00:00:00-04:00,2026-10-07T23:59:59-04:00
Atlantic Superstore,8163999,"PC® ORGANICS CREMINI OR WHITE MUSHROOMS, 227 G",2.97,2026-10-01T00:00:00-04:00,2026-10-07T23:59:59-04:00
Atlantic Superstore,8163999,"DEMPSTER'S PROTEIN BREAD, BAGELS OR TORTILLAS, 330-600 G",4.5,2026-10-01T00:00:00-04:00,2026-10-07T23:59:59-04:00
Atlantic Superstore,8163999,"CAMPBELL'S® READY TO USE & CONCENTRATED BROTHS, 250 – 900 mL",2.0,2026-10-01T00:00:00-04:00,2026-10-07T23:59:59-04:00
Atlantic Superstore,8163999,"PC® DOUBLE CREAM BRIE, 450 G",12.0,2026-10-01T00:00:00-04:00,2026-10-07T23:59:59-04:00
Atlantic Superstore,8163999,HALLOWEEN HANGING DECOR,39.0,2026-10-01T00:00:00-04:00,2026-10-07T23:59:59-04:00
Atlantic Superstore,8163999,"NESTLÉ MINIS, 100'S",20.0,2026-10-01T00:00:00-04:00,2026-10-07T23:59:59-04:00
Atlantic Superstore,8163999,"NESTEA ICED TEA, 12X341 ML",7.99,2026-10-01T00:00:00-04:00,2026-10-07T23:59:59-04:00
Atlantic Superstore,8163999,"GATORADE SPORTS DRINK, 710 ML",1.99,2026-10-01T00:00:00-04:00,2026-10-07T23:59:59-04:00
Atlantic Superstore,8163999,"LARGE VEGETABLE OR FRUIT PLATTER, 1.34-1.87 KG",26.0,2026-10-01T00:00:00-04:00,2026-10-07T23:59:59-04:00
Atlantic Superstore,8163999,"CHRISTIE CRACKERS, 162-200 G",8.0,2026-10-01T00:00:00-04:00,2026-10-07T23:59:59-04:00
Atlantic Superstore,8163999,"HIGH LINER FISH FILLETS, STICKS, CAKES OR SHRIMP, 315-700 G",8.5,2026-10-01T00:00:00-04:00,2026-10-07T23:59:59-04:00
Atlantic Superstore,8163999,"PC® NUTRITION FIRST™ DOG FOOD, 7 KG",32.0,2026-10-01T00:00:00-04:00,2026-10-07T23:59:59-04:00
Atlantic Superstore,8163999,"HUGGIES SNUG AND DRY, 132-198'S",45.0,2026-10-01T00:00:00-04:00,2026-10-07T23:59:59-04:00
Atlantic Superstore,8163999,"THE SNACK FACTORY PRETZEL CRISPS DRIZZLERS PRETZEL SNACKS, 155 G",6.5,2026-10-01T00:00:00-04:00,2026-10-07T23:59:59-04:00
Atlantic Superstore,8163999,NO NAME® NATURALLY IMPERFECT LIMES,4.0,2026-10-01T00:00:00-04:00,2026-10-07T23:59:59-04:00
Atlantic Superstore,8163999,"IMAGINE ORGANIC BROTH OR BONE BROTH, 946 ML",5.0,2026-10-01T00:00:00-04:00,2026-10-07T23:59:59-04:00
Atlantic Superstore,8163999,"GREEN GIANT VALLEY SELECTIONS OR FROZEN VEGETABLES, 400-750 G",4.0,2026-10-01T00:00:00-04:00,2026-10-07T23:59:59-04:00
Atlantic Superstore,8163999,"PC® ORGANICS RICE RUSKS, 50 G",2.25,2026-10-01T00:00:00-04:00,2026-10-07T23:59:59-04:00
Atlantic Superstore,8163999,"TAMAM BEANS, LENTILS OR CHICKPEAS, 540 ML",1.5,2026-10-01T00:00:00-04:00,2026-10-07T23:59:59-04:00
Atlantic Superstore,8163999,"BRAR'S DESI GHEE COOKING OIL, 800 G",14.0,2026-10-01T00:00:00-04:00,2026-10-07T23:59:59-04:00
Atlantic Superstore,8163999,"CHEEMO PEROGIES, 745-907 G OR CAVENDISH FARMS FRIES, 800 G",2.5,2026-10-01T00:00:00-04:00,2026-10-07T23:59:59-04:00
Atlantic Superstore,8163999,"MR. NOODLES INSTANT NOODLES, 12X85 G",5.5,2026-10-01T00:00:00-04:00,2026-10-07T23:59:59-04:00
Atlantic Superstore,8163999,"FRITO-LAY SNACKS VARIETY PACK, 428/448 G",10.49,2026-10-01T00:00:00-04:00,2026-10-07T23:59:59-04:00
Atlantic Superstore,8163999,"BRIDOR BUTTER CROISSANTS, 30'S",20.0,2026-10-01T00:00:00-04:00,2026-10-07T23:59:59-04:00
Atlantic Superstore,8163999,GARNIER BELLE COLOR HAIR COLOUR,6.5,2026-10-01T00:00:00-04:00,2026-10-07T23:59:59-04:00
Atlantic Superstore,8163999,"PC® SPRING ROLLS, 574 G OR SAUSAGE ROLLS, 500 G",9.0,2026-10-01T00:00:00-04:00,2026-10-07T23:59:59-04:00
Atlantic Superstore,8163999,"NESTEA ICED TEA, 10X200 ML",4.0,2026-10-01T00:00:00-04:00,2026-10-07T23:59:59-04:00
Atlantic Superstore,8163999,"IN-STORE MADE CHICKEN CATERING PLATTERS, 1.92-3.19 KG",45.0,2026-10-01T00:00:00-04:00,2026-10-07T23:59:59-04:00
Atlantic Superstore,8163999,"8 INCH PIE, 680/750 G",7.0,2026-10-01T00:00:00-04:00,2026-10-07T23:59:59-04:00
Atlantic Superstore,8163999,"GAY LEA REAL WHIPPED CREAM OR WHIPPED TOPPING, 225 G",4.5,2026-10-01T00:00:00-04:00,2026-10-07T23:59:59-04:00
Atlantic Superstore,8163999,"NO NAME® TART SHELLS, 570 G",5.5,2026-10-01T00:00:00-04:00,2026-10-07T23:59:59-04:00
Atlantic Superstore,8163999,"PRINGLES PARTY STACK POTATO CHIPS, 179/188 G OR MINGLES PUFFED SNACKS, 155 G",3.79,2026-10-01T00:00:00-04:00,2026-10-07T23:59:59-04:00
Atlantic Superstore,8163999,SHEA MOISTURE OR NEXXUS HAIR CARE,12.0,2026-10-01T00:00:00-04:00,2026-10-07T23:59:59-04:00
Atlantic Superstore,8163999,"HELLMANN'S MAYONNAISE, MAYONNAISE TYPE DRESSING, AIOLI OR DIPS, 340/445 ML",5.5,2026-10-01T00:00:00-04:00,2026-10-07T23:59:59-04:00
Atlantic Superstore,8163999,METHOD WOMEN OR MEN'S HAIR CARE,12.0,2026-10-01T00:00:00-04:00,2026-10-07T23:59:59-04:00
Atlantic Superstore,8163999,"ALCAN ALUMINUM FOIL, 50'",5.0,2026-10-01T00:00:00-04:00,2026-10-07T23:59:59-04:00
Atlantic Superstore,8163999,"NO NAME® 1 PLY NAPKINS, 500'S",6.0,2026-10-01T00:00:00-04:00,2026-10-07T23:59:59-04:00
Atlantic Superstore,8163999,"PC® LIVE LETTUCE GREEN, RED OR TRIO",4.0,2026-10-01T00:00:00-04:00,2026-10-07T23:59:59-04:00
Atlantic Superstore,8163999,"PC® TOMATO CHERRY MIXIANY, 340 G",7.0,2026-10-01T00:00:00-04:00,2026-10-07T23:59:59-04:00
Atlantic Superstore,8163999,"PC® OR BLUE MENU® SPARKLING WATER, 12X355 ML",5.5,2026-10-01T00:00:00-04:00,2026-10-07T23:59:59-04:00
Atlantic Superstore,8163999,"NO NAME® BAKING POWDER 450 G OR CORN STARCH, 454 G",4.5,2026-10-01T00:00:00-04:00,2026-10-07T23:59:59-04:00
Atlantic Superstore,8163999,"ROUGEMONT, 2 L",8.0,2026-10-01T00:00:00-04:00,2026-10-07T23:59:59-04:00
Atlantic Superstore,8163999,"STOK COLD BREW, 142 L",9.0,2026-10-01T00:00:00-04:00,2026-10-07T23:59:59-04:00
Atlantic Superstore,8163999,"PC® NUTRITION FIRST® CAT FOOD, 2 KG",14.0,2026-10-01T00:00:00-04:00,2026-10-07T23:59:59-04:00
Atlantic Superstore,8163999,"PC® GOAT CHEESE CRUMBLES, 165/175 G",7.0,2026-10-01T00:00:00-04:00,2026-10-07T23:59:59-04:00
Atlantic Superstore,8163999,"TWO GOOD™, 4 X 95 G",5.0,2026-10-01T00:00:00-04:00,2026-10-07T23:59:59-04:00
Atlantic Superstore,8163999,"SEAQUEST® CRAB FLAVOURED POLLOCK FLAKES OR CHUNKS, 454 G",6.0,2026-10-01T00:00:00-04:00,2026-10-07T23:59:59-04:00
Atlantic Superstore,8163999,PINEAPPLE,6.0,2026-10-01T00:00:00-04:00,2026-10-07T23:59:59-04:00
Atlantic Superstore,8163999,"BLUE BUFFALO DRY DOG FOOD, 2.2 KG",24.0,2026-10-01T00:00:00-04:00,2026-10-07T23:59:59-04:00
Atlantic Superstore,8163999,"DARE BEAR PAWS COOKIES, 168-210 G",1.75,2026-10-01T00:00:00-04:00,2026-10-07T23:59:59-04:00
Atlantic Superstore,8163999,"SHER BESAN FLOUR, 1.81 KG",6.0,2026-10-01T00:00:00-04:00,2026-10-07T23:59:59-04:00
Atlantic Superstore,8163999,"PC® BREAD OR HOT CROSS BUNS, 565/675 G",4.0,2026-10-01T00:00:00-04:00,2026-10-07T23:59:59-04:00
Atlantic Superstore,8163999,"VEGA ONE ALL-IN-ONE PROTEIN POWDER, 827-876 G",48.0,2026-10-01T00:00:00-04:00,2026-10-07T23:59:59-04:00
Atlantic Superstore,8163999,"CASHMERE BATHROOM TISSUE, 20=60 ROLLS OR SPONGETOWELS PAPER TOWELS, 6=12 ROLLS OR SCOTTIES FACIAL TISSUE, 12'S",13.99,2026-10-01T00:00:00-04:00,2026-10-07T23:59:59-04:00
Atlantic Superstore,8163999,BOTHWELL MONTEREY JACK RED HOT CHILI PEPPER,14.0,2026-10-01T00:00:00-04:00,2026-10-07T23:59:59-04:00
Atlantic Superstore,8163999,"WATERVIEW MARKET CRISPY CALAMARI, 300 G",6.0,2026-10-01T00:00:00-04:00,2026-10-07T23:59:59-04:00
Atlantic Superstore,8163999,"PC® SOFT DRINKS, 2 L",1.5,2026-10-01T00:00:00-04:00,2026-10-07T23:59:59-04:00
Atlantic Superstore,8163999,"PC® BACON- WRAPPED STUFFED JALAPEÑO PEPPERS OR CHEESE STICKS, 225-454 G",9.0,2026-10-01T00:00:00-04:00,2026-10-07T23:59:59-04:00
Atlantic Superstore,8163999,Shrimp Platter with Mild Cocktail Sauce,19.0,2026-10-01T00:00:00-04:00,2026-10-07T23:59:59-04:00
Atlantic Superstore,8163999,"PC® NUTRITION FIRST® CAT FOOD, 85 G",1.0,2026-10-01T00:00:00-04:00,2026-10-07T23:59:59-04:00
Atlantic Superstore,8163999,"OIKOS® - 4 X 95 G, 4 X 100 G",3.99,2026-10-01T00:00:00-04:00,2026-10-07T23:59:59-04:00
Atlantic Superstore,8163999,"FANCY FEAST CAT FOOD, 12'S",11.0,2026-10-01T00:00:00-04:00,2026-10-07T23:59:59-04:00
Atlantic Superstore,8163999,"COLGATE OPTIC WHITE OR SENSITIVE PRO RELIEF TOOTHPASTE, 70-150 ML, KIDS MANUAL TOOTHBRUSHES, 2'S, HELLO TOOTHPASTE, 82-98 ML OR COLGATE PERIOGARD TOOTHPASTE, 70 ML",6.5,2026-10-01T00:00:00-04:00,2026-10-07T23:59:59-04:00
Atlantic Superstore,8163999,NOT YOUR MOTHER'S SELECT HAIR CARE,9.0,2026-10-01T00:00:00-04:00,2026-10-07T23:59:59-04:00
Atlantic Superstore,8163999,"BRITANNIA GOOD DAY OR FIFTY FIFTY COOKIES, 231/372 G",2.5,2026-10-01T00:00:00-04:00,2026-10-07T23:59:59-04:00
Atlantic Superstore,8163999,"SIMILAC GO & GROW TODDLER NUTRITION POWDER, MILK FLAVOUR, 850 G",29.0,2026-10-01T00:00:00-04:00,2026-10-07T23:59:59-04:00
Atlantic Superstore,8163999,"BUTTER CROISSANTS, 12'S",7.0,2026-10-01T00:00:00-04:00,2026-10-07T23:59:59-04:00
Atlantic Superstore,8163999,"KITCHENS OF INDIA READY TO EAT MEALS, 270 ML/G OR 280 ML/G",3.99,2026-10-01T00:00:00-04:00,2026-10-07T23:59:59-04:00
Atlantic Superstore,8163999,"PC® OLD-FASHIONED STYLE BACON, 1 KG",15.0,2026-10-01T00:00:00-04:00,2026-10-07T23:59:59-04:00
Atlantic Superstore,8163999,"NESTLÉ MINIS, 40/50'S",12.0,2026-10-01T00:00:00-04:00,2026-10-07T23:59:59-04:00
Atlantic Superstore,8163999,"BRANDT LIVER SAUSAGE CHUB OR KOLBASSA SAUSAGE, 250 G",6.0,2026-10-01T00:00:00-04:00,2026-10-07T23:59:59-04:00
Atlantic Superstore,8163999,"PC OR BLUE MENU™ MEMORIES SAUCES OR VINAIGRETTES, 350 ML",5.0,2026-10-01T00:00:00-04:00,2026-10-07T23:59:59-04:00
Atlantic Superstore,8163999,"LACTANTIA BUTTER STICKS, 454 G",7.0,2026-10-01T00:00:00-04:00,2026-10-07T23:59:59-04:00
Atlantic Superstore,8163999,"KASHI CEREAL, 349-510 G OR PROBIOTIC GRANOLA, 227 G",7.0,2026-10-01T00:00:00-04:00,2026-10-07T23:59:59-04:00
Atlantic Superstore,8163999,"PC® TATAKI, 130/131 G",12.0,2026-10-01T00:00:00-04:00,2026-10-07T23:59:59-04:00
Atlantic Superstore,8163999,"PC® NUTRITION FIRST® DOG FOOD, 2 KG",10.0,2026-10-01T00:00:00-04:00,2026-10-07T23:59:59-04:00
Atlantic Superstore,8163999,HALLOWEEN WREATHS,29.0,2026-10-01T00:00:00-04:00,2026-10-07T23:59:59-04:00
Atlantic Superstore,8163999,BRUSSELS SPROUTS,4.0,2026-10-01T00:00:00-04:00,2026-10-07T23:59:59-04:00
Atlantic Superstore,8163999,"PC® GOAT CHEESE, 140 G",6.0,2026-10-01T00:00:00-04:00,2026-10-07T23:59:59-04:00
Atlantic Superstore,8163999,"SPICE IT UP ENTRÉES, 800 G",20.0,2026-10-01T00:00:00-04:00,2026-10-07T23:59:59-04:00
Atlantic Superstore,8163999,"MTR READY TO EAT MEALS, 300 G",2.25,2026-10-01T00:00:00-04:00,2026-10-07T23:59:59-04:00
Atlantic Superstore,8163999,COOK'S PORTION HAM,1.99,2026-10-01T00:00:00-04:00,2026-10-07T23:59:59-04:00
Atlantic Superstore,8163999,"NESTLÉ MINIS, 25'S",8.0,2026-10-01T00:00:00-04:00,2026-10-07T23:59:59-04:00
Atlantic Superstore,8163999,"PURINA ONE DOG FOOD, 1.45-1.81 KG",12.0,2026-10-01T00:00:00-04:00,2026-10-07T23:59:59-04:00
Atlantic Superstore,8163999,NINJA PRO PLUS BLENDER,99.0,2026-10-01T00:00:00-04:00,2026-10-07T23:59:59-04:00
Atlantic Superstore,8163999,"PALDO NOODLES, 408-520 G",4.99,2026-10-01T00:00:00-04:00,2026-10-07T23:59:59-04:00
Atlantic Superstore,8163999,"CRAVE ENTRÉES, 200-340 G",4.0,2026-10-01T00:00:00-04:00,2026-10-07T23:59:59-04:00
Atlantic Superstore,8163999,"ROOSTER® COCONUT MILK, 398 ML",1.5,2026-10-01T00:00:00-04:00,2026-10-07T23:59:59-04:00
Atlantic Superstore,8163999,"OASIS, 8X200 ML",5.99,2026-10-01T00:00:00-04:00,2026-10-07T23:59:59-04:00
Atlantic Superstore,8163999,"SILK PROTEIN NON-DAIRY BEVERAGES, 1.42 L",6.5,2026-10-01T00:00:00-04:00,2026-10-07T23:59:59-04:00
Atlantic Superstore,8163999,"IAMS DOG FOOD, 6.12/6.8 KG",32.0,2026-10-01T00:00:00-04:00,2026-10-07T23:59:59-04:00
Atlantic Superstore,8163999,ALWAYS DISCREET UNDERWEAR OR PADS,30.0,2026-10-01T00:00:00-04:00,2026-10-07T23:59:59-04:00
Atlantic Superstore,8163999,EVERYDAY ESSENTIALS™ METAL BAKEWARE,7.0,2026-10-01T00:00:00-04:00,2026-10-07T23:59:59-04:00
Atlantic Superstore,8163999,"BECEL MARGARINE, 637/800 G",7.0,2026-10-01T00:00:00-04:00,2026-10-07T23:59:59-04:00
Atlantic Superstore,8163999,"QUAKER MUFFIN OR COOKIE MIXES, 900 G OR OAT FLOUR, 700 G",6.99,2026-10-01T00:00:00-04:00,2026-10-07T23:59:59-04:00
Atlantic Superstore,8163999,"SIMPLY ORANGE JUICE, APPLE OR CRANBERRY COCKTAIL, 1.36 L, LEMONADE, 2.25 L",5.0,2026-10-01T00:00:00-04:00,2026-10-07T23:59:59-04:00
Atlantic Superstore,8163999,"STARBUCKS ROAST AND GROUND, 311/340 G, K-CUPS 10'S, INSTANT COFFEE, 90 G OR CREMA INSTANT COFFEE, 202 G",11.99,2026-10-01T00:00:00-04:00,2026-10-07T23:59:59-04:00
Atlantic Superstore,8163999,"PEARL MILLING COMPANY PANCAKE & WAFFLE MIX, 905 G OR SYRUP, 710 ML",4.0,2026-10-01T00:00:00-04:00,2026-10-07T23:59:59-04:00
Atlantic Superstore,8163999,BOTHWELL MONTEREY JACK JALAPEÑO,7.0,2026-10-01T00:00:00-04:00,2026-10-07T23:59:59-04:00
Atlantic Superstore,8163999,OLIVE AND ANTIPASTO BAR,3.0,2026-10-01T00:00:00-04:00,2026-10-07T23:59:59-04:00
Atlantic Superstore,8163999,"PC® PORK SAUSAGES, 375/500 G",7.0,2026-10-01T00:00:00-04:00,2026-10-07T23:59:59-04:00
Atlantic Superstore,8163999,"ENFAMIL A+ NEUROPRO OR GENTLEASE BABY FORMULA POWDER REFILLS 0-12 MONTHS, 862/890 G",65.5,2026-10-01T00:00:00-04:00,2026-10-07T23:59:59-04:00
Atlantic Superstore,8163999,"PRAN INSTANT NOODLES, 280 G",1.5,2026-10-01T00:00:00-04:00,2026-10-07T23:59:59-04:00
Atlantic Superstore,8163999,"CRISPY ROTI WRAPS, 750 G",3.5,2026-10-01T00:00:00-04:00,2026-10-07T23:59:59-04:00
Atlantic Superstore,8163999,"PC® FROZEN VEGETABLES, 350-750 G",3.0,2026-10-01T00:00:00-04:00,2026-10-07T23:59:59-04:00
Atlantic Superstore,8163999,NO NAME® OR HALAL CHICKEN BREAST,5.5,2026-10-01T00:00:00-04:00,2026-10-07T23:59:59-04:00
Atlantic Superstore,8163999,"CHOSEN FOODS AVOCADO OIL, 750 ML",14.0,2026-10-01T00:00:00-04:00,2026-10-07T23:59:59-04:00
Atlantic Superstore,8163999,"NO NAME® NATURALLY IMPERFECT™ APPLES, 6 LB",8.0,2026-10-01T00:00:00-04:00,2026-10-07T23:59:59-04:00
Atlantic Superstore,8163999,"PARTAKE NON-ALCOHOLIC BEER, 6X355 ML",9.99,2026-10-01T00:00:00-04:00,2026-10-07T23:59:59-04:00
Atlantic Superstore,8163999,"TRE STELLE MASCARPONE, 475 G",12.0,2026-10-01T00:00:00-04:00,2026-10-07T23:59:59-04:00
Atlantic Superstore,8163999,"SUNFLOWERS, 5 STEM",10.0,2026-10-01T00:00:00-04:00,2026-10-07T23:59:59-04:00
Atlantic Superstore,8163999,"PAMPERS SWADDLERS, PURE PROTECTION, CRUISERS 360°, BABY DRY OR AMORE DIAPERS, SIZE 2-6, 36-124'S",28.0,2026-10-01T00:00:00-04:00,2026-10-07T23:59:59-04:00
Atlantic Superstore,8163999,ST. IVES SKINCARE PRODUCTS,5.0,2026-10-01T00:00:00-04:00,2026-10-07T23:59:59-04:00
Atlantic Superstore,8163999,"DOVE BASE DEODORANT OR ANTIPERSPIRANT, 45/74 G",5.5,2026-10-01T00:00:00-04:00,2026-10-07T23:59:59-04:00
Atlantic Superstore,8163999,"OCEAN'S HALO LIGHT TUNA, 170 G",1.25,2026-10-01T00:00:00-04:00,2026-10-07T23:59:59-04:00
Atlantic Superstore,8163999,FRESH GRADE A TURKEY,2.49,2026-10-04T00:00:00-04:00,2026-10-04T23:59:59-04:00
Atlantic Superstore,8163999,"PC® SPLENDIDO® SLICED DELI MEATS, 100 G",6.0,2026-10-01T00:00:00-04:00,2026-10-07T23:59:59-04:00
Atlantic Superstore,8163999,KIDDICARE ECONO PACK DIAPERS,25.0,2026-10-01T00:00:00-04:00,2026-10-07T23:59:59-04:00
Atlantic Superstore,8163999,PC® 12 PIECE RIDGE DINNERWARE,30.0,2026-10-01T00:00:00-04:00,2026-10-07T23:59:59-04:00
Atlantic Superstore,8163999,"LISTERINE CLASSIC, 1L MOUTHWASH, COLGATE OPTIC WHITE OR SENSITIVE PRO RELIEF TOOTHPASTE, 70-150 ML OR KIDS MANUAL TOOTHBRUSHES, 2'S",6.5,2026-10-01T00:00:00-04:00,2026-10-07T23:59:59-04:00
Atlantic Superstore,8163999,OKRA,4.5,2026-10-01T00:00:00-04:00,2026-10-07T23:59:59-04:00
Atlantic Superstore,8163999,"IDAHOAN® BUTTER & HERB MASHED POTATOES, IDAHOAN® ROASTED GARLIC MASHED POTATOES",3.0,2026-10-01T00:00:00-04:00,2026-10-07T23:59:59-04:00
Atlantic Superstore,8163999,"GARNIER WHOLE BLENDS SHAMPOO OR CONDITIONER, 370 ML",5.0,2026-10-01T00:00:00-04:00,2026-10-07T23:59:59-04:00
Atlantic Superstore,8163999,PC® LOADS OF™ LIGHT ICE CREAM 1.5 L OR MCCAIN DEEP'N DELICIOUS TARTES 310 G,7.0,2026-10-01T00:00:00-04:00,2026-10-07T23:59:59-04:00
Atlantic Superstore,8163999,"KAUKAUNA SHARP OR SMOKY CHEDDAR, 170 G",5.0,2026-10-01T00:00:00-04:00,2026-10-07T23:59:59-04:00
Atlantic Superstore,8163999,"PC® PACIFIC WHITE SHRIMP RAW ZIPPERBACK®, 31-40/LB, 400 G OR MARINA DEL REY WILD ARGENTINIAN SHRIMP RAW EASY PEEL, 20-30/LB, 300 G",9.0,2026-10-01T00:00:00-04:00,2026-10-07T23:59:59-04:00
Atlantic Superstore,8163999,"LEAN GROUND PORK, 450 G",4.5,2026-10-01T00:00:00-04:00,2026-10-07T23:59:59-04:00
Atlantic Superstore,8163999,"LOU'S ENTRÉES PHILLY-STYLE SHAVED STEAK, 400 G",10.0,2026-10-01T00:00:00-04:00,2026-10-07T23:59:59-04:00
Atlantic Superstore,8163999,"SMARTFOOD POPCORN, 150-200 G",4.49,2026-10-01T00:00:00-04:00,2026-10-07T23:59:59-04:00
Atlantic Superstore,8163999,"LARGE PREMIUM SALADS, 422 G",10.0,2026-10-01T00:00:00-04:00,2026-10-07T23:59:59-04:00
Atlantic Superstore,8163999,"LIBERTÉ GREEK YOGURT, 1 KG",9.0,2026-10-01T00:00:00-04:00,2026-10-07T23:59:59-04:00
Atlantic Superstore,8163999,"ASIAN INSPIRATIONS ENTRÉES, 400 G",5.5,2026-10-01T00:00:00-04:00,2026-10-07T23:59:59-04:00
Atlantic Superstore,8163999,CHINESE JUMBO CARROTS,1.75,2026-10-01T00:00:00-04:00,2026-10-07T23:59:59-04:00
Atlantic Superstore,8163999,"THE KEG SALAD DRESSING, 475 ML",5.0,2026-10-01T00:00:00-04:00,2026-10-07T23:59:59-04:00
Atlantic Superstore,8163999,BROCCOLI STALKS,3.0,2026-10-01T00:00:00-04:00,2026-10-07T23:59:59-04:00
Atlantic Superstore,8163999,"KURKURE SNACKS, 115 G",1.5,2026-10-01T00:00:00-04:00,2026-10-07T23:59:59-04:00
Atlantic Superstore,8163999,"KEWPIE SALAD DRESSING, 355 ML OR MAYONNAISE, 465 ML",6.49,2026-10-01T00:00:00-04:00,2026-10-07T23:59:59-04:00
Atlantic Superstore,8163999,"DARE REALFRUIT GUMMIES, 350 G",4.5,2026-10-01T00:00:00-04:00,2026-10-07T23:59:59-04:00
Atlantic Superstore,8163999,"FARMER'S MARKET™ GRAPE TOMATOES, 907 G",7.0,2026-10-01T00:00:00-04:00,2026-10-07T23:59:59-04:00
Atlantic Superstore,8163999,NESCAFÉ INSTANT COFFEE 100-170 G OR SWEET & CREAMY SACHETS 144-351 G,6.44,2026-10-01T00:00:00-04:00,2026-10-07T23:59:59-04:00
Atlantic Superstore,8163999,"STARBUCKS NESPRESSO VERTUO CAPSULES, 8'S",12.99,2026-10-01T00:00:00-04:00,2026-10-07T23:59:59-04:00
Atlantic Superstore,8163999,"MAGGI MASALA NOODLES, 70 G",0.9,2026-10-01T00:00:00-04:00,2026-10-07T23:59:59-04:00
Atlantic Superstore,8163999,"PC® GUACAMOLE, 420/425 G",7.0,2026-10-01T00:00:00-04:00,2026-10-07T23:59:59-04:00
Atlantic Superstore,8163999,"POLIDENT TABLETS, 96'S OR POLIGRIP, 62.4-70 G",8.0,2026-10-01T00:00:00-04:00,2026-10-07T23:59:59-04:00
Atlantic Superstore,8163999,NO NAME® CREAM CHEESE 227/250 G,2.98,2026-10-01T00:00:00-04:00,2026-10-07T23:59:59-04:00
Atlantic Superstore,8163999,"BLUE DIAMOND ALMONDS, 170 G",12.0,2026-10-01T00:00:00-04:00,2026-10-07T23:59:59-04:00
Atlantic Superstore,8163999,"PC® DIPS, HUMMUS OR NAAN DIPPERS, 200-228 G",3.5,2026-10-01T00:00:00-04:00,2026-10-07T23:59:59-04:00
Atlantic Superstore,8163999,"NO NAME® CAT LITTER, 7 KG",8.0,2026-10-01T00:00:00-04:00,2026-10-07T23:59:59-04:00
Atlantic Superstore,8163999,CAULIFLOWER,4.0,2026-10-01T00:00:00-04:00,2026-10-07T23:59:59-04:00
Atlantic Superstore,8163999,"NO NAME® MANDARIN ORANGE, 284 ML",1.5,2026-10-01T00:00:00-04:00,2026-10-07T23:59:59-04:00
Atlantic Superstore,8163999,PC TOTAL COMFORT PILLOW,17.0,2026-10-01T00:00:00-04:00,2026-10-07T23:59:59-04:00
Atlantic Superstore,8163999,"CRACKER BARREL CHEESE SNACKS, 168 G., BLACK DIAMOND COMBO, 129 G",5.0,2026-10-01T00:00:00-04:00,2026-10-07T23:59:59-04:00
Atlantic Superstore,8163999,"CRISPY POUND CAKE, 308 G",3.5,2026-10-01T00:00:00-04:00,2026-10-07T23:59:59-04:00
Atlantic Superstore,8163999,EGGPLANT,3.0,2026-10-01T00:00:00-04:00,2026-10-07T23:59:59-04:00
Atlantic Superstore,8163999,"ACTIVIA, 650 G",4.0,2026-10-01T00:00:00-04:00,2026-10-07T23:59:59-04:00
Atlantic Superstore,8163999,"ALPO DOG FOOD, 16 KG",36.0,2026-10-01T00:00:00-04:00,2026-10-07T23:59:59-04:00
Atlantic Superstore,8163999,"COCA-COLA, CANADA DRY OR PEPSI SOFT DRINKS, 6X710 ML",14.0,2026-10-01T00:00:00-04:00,2026-10-07T23:59:59-04:00
Atlantic Superstore,8163999,SMOKED STEELHEAD SALMON READY TO SERVE 50 G OR WILD YELLOWFIN TUNA STEAK 92 G,2.0,2026-10-01T00:00:00-04:00,2026-10-07T23:59:59-04:00
Atlantic Superstore,8163999,"MEGA SARDINES, 155 G",1.28,2026-10-01T00:00:00-04:00,2026-10-07T23:59:59-04:00
Atlantic Superstore,8163999,"FONTAINE SANTÉ TOFU, 400 G",5.88,2026-10-01T00:00:00-04:00,2026-10-07T23:59:59-04:00
Atlantic Superstore,8163999,"PC® BUTTER QUARTERS, 454 G",7.0,2026-10-01T00:00:00-04:00,2026-10-07T23:59:59-04:00
Atlantic Superstore,8163999,"T&T KOREAN ROASTED SEAWEED LAVER, 15 G",1.79,2026-10-01T00:00:00-04:00,2026-10-07T23:59:59-04:00
Atlantic Superstore,8163999,"HOSTESS CAKES, 121-206 G",3.0,2026-10-01T00:00:00-04:00,2026-10-07T23:59:59-04:00
Atlantic Superstore,8163999,"PC® BLUE MENU™ CANNED VEGETABLES OR BEANS, 284-540 ML",1.5,2026-10-01T00:00:00-04:00,2026-10-07T23:59:59-04:00
Atlantic Superstore,8163999,"FARMER'S MARKET™ GREENHOUSE PEPPERS, 3'S",5.0,2026-10-01T00:00:00-04:00,2026-10-07T23:59:59-04:00
Atlantic Superstore,8163999,"PC 100% VIRGIN COLD-PRESSED COCONUT OIL, 1.6L OR NO NAME™ EXTRA VIRGIN OLIVE OIL, 3L",26.0,2026-10-01T00:00:00-04:00,2026-10-07T23:59:59-04:00
Atlantic Superstore,8163999,"DEL MONTE, 1 L",3.29,2026-10-01T00:00:00-04:00,2026-10-07T23:59:59-04:00
Atlantic Superstore,8163999,FAMILY SIZE SALAD,14.0,2026-10-01T00:00:00-04:00,2026-10-07T23:59:59-04:00
Atlantic Superstore,8163999,SIGNATURE GIFT BOUQUET,26.0,2026-10-01T00:00:00-04:00,2026-10-07T23:59:59-04:00
Atlantic Superstore,8163999,"HUGGIES 1X BABY WIPES, 56-64'S",2.0,2026-10-01T00:00:00-04:00,2026-10-07T23:59:59-04:00
Atlantic Superstore,8163999,"ENFAGROW NUTRITIONAL SUPPLEMENT MILK-BASED POWDER, 907 G",37.0,2026-10-01T00:00:00-04:00,2026-10-07T23:59:59-04:00
Atlantic Superstore,8163999,FARM TO TABLE BOUQUET,10.0,2026-10-01T00:00:00-04:00,2026-10-07T23:59:59-04:00
Atlantic Superstore,8163999,"ACORN, BUTTERNUT, BUTTERCUP OR SPAGHETTI SQUASH",2.0,2026-10-01T00:00:00-04:00,2026-10-07T23:59:59-04:00
Atlantic Superstore,8163999,SAN DANIELE PROSCIUTTO,350.0,2026-10-01T00:00:00-04:00,2026-10-07T23:59:59-04:00
Atlantic Superstore,8163999,"NO NAME® PURE WHITE VINEGAR, 4 L",2.25,2026-10-01T00:00:00-04:00,2026-10-07T23:59:59-04:00
Atlantic Superstore,8163999,"DABUR NECTAR JUICE DRINKS, 1 L",3.5,2026-10-01T00:00:00-04:00,2026-10-07T23:59:59-04:00
Atlantic Superstore,8163999,"LIFE AT HOME® BUBBLE FASHION STORAGE, 2'S",20.0,2026-10-01T00:00:00-04:00,2026-10-07T23:59:59-04:00
Atlantic Superstore,8163999,"HUGGIES PULL-UPS TRAINING PANTS OR GOODNITES NIGHTTIME UNDERWEAR, 24-74'S",28.0,2026-10-01T00:00:00-04:00,2026-10-07T23:59:59-04:00
Atlantic Superstore,8163999,"CREST COMPLETE, 120 ML, CREST STAIN ERASER 65 ML OR CREST KIDS TOOTHPASTE, 85-100 ML OR ORAL-B FLOSS, 50 M",3.75,2026-10-01T00:00:00-04:00,2026-10-07T23:59:59-04:00
Atlantic Superstore,8163999,"HUGGIES LITTLE SNUGGLERS, LITTLE MOVERS, OVERNITES, SNUG & DRY OR SKIN ESSENTIALS BIG OR SUPER SIZE DIAPERS, SIZE N-7, 36-104'S",258.0,2026-10-01T00:00:00-04:00,2026-10-07T23:59:59-04:00
Atlantic Superstore,8163999,"PC® DE-ALCOHOLIZED BEER, 12X355 ML",9.0,2026-10-01T00:00:00-04:00,2026-10-07T23:59:59-04:00
Atlantic Superstore,8163999,"SURAJ NAAN FLATBREADS, 10'S",4.0,2026-10-01T00:00:00-04:00,2026-10-07T23:59:59-04:00
Atlantic Superstore,8163999,"LARSEN SMOKED BONELESS HAM SLICES, 375 G",7.0,2026-10-01T00:00:00-04:00,2026-10-07T23:59:59-04:00
Atlantic Superstore,8163999,COHO SALMON FILLET,10.0,2026-10-01T00:00:00-04:00,2026-10-07T23:59:59-04:00
Atlantic Superstore,8163999,"ADVIL TABLETS, CAPLETS, CAPSULES OR LIQUI-GELS, 40-150'S",15.5,2026-10-01T00:00:00-04:00,2026-10-07T23:59:59-04:00
Atlantic Superstore,8163999,"PAMPERS OR HUGGIES 9X/10X BABY WIPES, 504-600'S",20.0,2026-10-01T00:00:00-04:00,2026-10-07T23:59:59-04:00
Atlantic Superstore,8163999,EXTRA LEAN GROUND BEEF,11.0,2026-10-01T00:00:00-04:00,2026-10-07T23:59:59-04:00
Atlantic Superstore,8163999,"SURAJ AGED BASMATI RICE, 8 LB",7.99,2026-10-01T00:00:00-04:00,2026-10-07T23:59:59-04:00
Atlantic Superstore,8163999,"CHARCUTERIE BOARDS, 278-330 G",14.0,2026-10-01T00:00:00-04:00,2026-10-07T23:59:59-04:00
Atlantic Superstore,8163999,"TOSTITOS TORTILLA CHIPS, 210-295 G",4.5,2026-10-01T00:00:00-04:00,2026-10-07T23:59:59-04:00
Atlantic Superstore,8163999,"STRAWBERRIES, 454 G",4.0,2026-10-01T00:00:00-04:00,2026-10-07T23:59:59-04:00
Atlantic Superstore,8163999,"BRU INSTANT COFFEE & ROASTED CHICORY, 200 G",8.0,2026-10-01T00:00:00-04:00,2026-10-07T23:59:59-04:00
Atlantic Superstore,8163999,HALLOWEEN POSABLE SKELETON DECOR,54.0,2026-10-01T00:00:00-04:00,2026-10-07T23:59:59-04:00
Atlantic Superstore,8163999,"PEDIGREE DENTASTIX TREATS FOR DOGS, 500 G-1.9 KG",12.99,2026-10-01T00:00:00-04:00,2026-10-07T23:59:59-04:00
Atlantic Superstore,8163999,"KRAFT PARMESAN SHREDDED CHEESE, 200 G",6.0,2026-10-01T00:00:00-04:00,2026-10-07T23:59:59-04:00
Atlantic Superstore,8163999,"ALLEN'S JUICE OR COCKTAILS, OASIS 100% JUICE BLENDS, DEL MONTE BLEND S JUICE 960 ML OR HYDRAFRUIT OR ARIZONA TEA 960 ML",1.25,2026-10-01T00:00:00-04:00,2026-10-07T23:59:59-04:00
Atlantic Superstore,8163999,HALLOWEEN PILLOWS,14.0,2026-10-01T00:00:00-04:00,2026-10-07T23:59:59-04:00
Atlantic Superstore,8163999,EVERYDAY ESSENTIALS™ COOKWARE,9.0,2026-10-01T00:00:00-04:00,2026-10-07T23:59:59-04:00
Atlantic Superstore,8163999,SYSTANE EYE DROPS 10 ML OR SYSTANE LID WIPES 32'S,12.0,2026-10-01T00:00:00-04:00,2026-10-07T23:59:59-04:00
Atlantic Superstore,8163999,"FRENCH'S MUSTARD, 325 ML OR KRAFT SALAD DRESSING, 425 ML",3.5,2026-10-01T00:00:00-04:00,2026-10-07T23:59:59-04:00
Atlantic Superstore,8163999,"CAFFÈ BORBONE COFFEE CAPSULES, 10'S",7.0,2026-10-01T00:00:00-04:00,2026-10-07T23:59:59-04:00
Atlantic Superstore,8163999,"NO NAME® LONG GRAIN WHITE RICE, 8 KG",17.0,2026-10-01T00:00:00-04:00,2026-10-07T23:59:59-04:00
Atlantic Superstore,8163999,"PC LOADS OF™ FLAVOUR POTATO CHIPS, 200 G",2.5,2026-10-01T00:00:00-04:00,2026-10-07T23:59:59-04:00
Atlantic Superstore,8163999,INTERNATIONAL DELIGHT COFFEE ENHANCER 946 ML OR COLD FOAM 369/396 G,6.25,2026-10-01T00:00:00-04:00,2026-10-07T23:59:59-04:00
Atlantic Superstore,8163999,"NO NAME® BROTH, 900 ML",3.5,2026-10-01T00:00:00-04:00,2026-10-07T23:59:59-04:00
Atlantic Superstore,8163999,"RAVINE CANNED MUSHROOMS, 284 ML",1.25,2026-10-01T00:00:00-04:00,2026-10-07T23:59:59-04:00
Atlantic Superstore,8163999,"TRESEMMÉ 'A LIST' STYLING PRODUCTS, 168-311 ML/198-311 G",12.0,2026-10-01T00:00:00-04:00,2026-10-07T23:59:59-04:00
Atlantic Superstore,8163999,"PC® PROFITEROLES, MINI ECLAIRS OR CHEESECAKES",12.0,2026-10-01T00:00:00-04:00,2026-10-07T23:59:59-04:00
Atlantic Superstore,8163999,"MARIE MARIN CRÈME BRÛLÉE, SALTED CARAMEL CHEESECAKE OR CHOCOLATE GANACHE, 90 - 103 G",7.0,2026-10-01T00:00:00-04:00,2026-10-07T23:59:59-04:00
Atlantic Superstore,8163999,"PC® FROZEN FRUIT, 300-600 G, BEN & JERRY'S ICE CREAM OR FROZEN DESSERT, 473 ML OR MAGNUM ICE CREAM BARS, 3-4'S",5.0,2026-10-01T00:00:00-04:00,2026-10-07T23:59:59-04:00
Atlantic Superstore,8163999,"PC WORLD OF FLAVOURS POTATO CHIPS, 200 G",2.5,2026-10-01T00:00:00-04:00,2026-10-07T23:59:59-04:00
Atlantic Superstore,8163999,"KELLOGG'S EGGO WAFFLES, PANCAKES OR MINIS, 240-560G, SCHNEIDERS EGG BITES OR BREAKFAST SANDWICHES, 204-288 G",6.0,2026-10-01T00:00:00-04:00,2026-10-07T23:59:59-04:00
Atlantic Superstore,8163999,"ACTIVIA®, 12 X 100 G",7.75,2026-10-01T00:00:00-04:00,2026-10-07T23:59:59-04:00
Atlantic Superstore,8163999,"O'DOUGHS BAGELS, 300 G",5.5,2026-10-01T00:00:00-04:00,2026-10-07T23:59:59-04:00
Atlantic Superstore,8163999,"NATURE CLEAN DISHWASHER PACS, LAUNDRY DETERGENT PACS, LAUNDRY BOOSTER, 432 G OR LIQUID HAND SOAP, 1 L",9.0,2026-10-01T00:00:00-04:00,2026-10-07T23:59:59-04:00
Atlantic Superstore,8163999,"SQUARES TRAY, 510 G",12.0,2026-10-01T00:00:00-04:00,2026-10-07T23:59:59-04:00
Atlantic Superstore,8163999,"MILK-BONE BRUSHING CHEWS, 535‑688 G",10.0,2026-10-01T00:00:00-04:00,2026-10-07T23:59:59-04:00
Atlantic Superstore,8163999,"CHEF BOMBAY FROZEN ENTRÉES OR SNACKS, 240-350 G",5.0,2026-10-01T00:00:00-04:00,2026-10-07T23:59:59-04:00
Atlantic Superstore,8163999,"NO NAME® SPICES OR HERBS, 5.5-250 G",3.5,2026-10-01T00:00:00-04:00,2026-10-07T23:59:59-04:00
Atlantic Superstore,8163999,"NESTLÉ DRUMSTICK, 4'S, CONFECTIONERY NOVELTIES, 4-10'S OR TUBS, 1.5 L",5.0,2026-10-01T00:00:00-04:00,2026-10-07T23:59:59-04:00
Atlantic Superstore,8163999,"PC® ORGANICS PLANT BASED PUFFS, 142 G",3.5,2026-10-01T00:00:00-04:00,2026-10-07T23:59:59-04:00
Atlantic Superstore,8163999,"PC® KETTLE COOKED OR RIPPLED KETTLE COOKED POTATO CHIPS, 200 G",2.5,2026-10-01T00:00:00-04:00,2026-10-07T23:59:59-04:00
Atlantic Superstore,8163999,"AVEENO BODY LOTIONS, 975 ML",20.0,2026-10-01T00:00:00-04:00,2026-10-07T23:59:59-04:00
Atlantic Superstore,8163999,"KRAFT COOL WHIP FROZEN WHIPPED TOPPING, 1 L OR TENDERFLAKE PIE, TART OR PATTY SHELLS OR PUFF PASTRY, 255-397 G",4.5,2026-10-01T00:00:00-04:00,2026-10-07T23:59:59-04:00
Atlantic Superstore,8163999,"NO NAME® HONEY, 1 KG",11.0,2026-10-01T00:00:00-04:00,2026-10-07T23:59:59-04:00
Atlantic Superstore,8163999,"PC® PITAS OR SCALLOPED CRACKERS, 142/185 G",3.0,2026-10-01T00:00:00-04:00,2026-10-07T23:59:59-04:00
Atlantic Superstore,8163999,"PC® READY TO EAT POPCORN, 220/250 G",3.5,2026-10-01T00:00:00-04:00,2026-10-07T23:59:59-04:00
Atlantic Superstore,8163999,"PC® BATHROOM TISSUE, 30'S",19.94,2026-10-01T00:00:00-04:00,2026-10-07T23:59:59-04:00
Atlantic Superstore,8163999,"FRISKIES CAT FOOD, 156 G",7.7,2026-10-01T00:00:00-04:00,2026-10-07T23:59:59-04:00
Atlantic Superstore,8163999,"ECO-MAX LAUNDRY WASHER FABRIC SOFTENER, 3 L",12.0,2026-10-01T00:00:00-04:00,2026-10-07T23:59:59-04:00
Atlantic Superstore,8163999,"PC® COOKING OIL SPRAYS 100% AVOCADO OIL NO NAME™ ALL-VEGETABLE SHORTENING, 454 G",5.0,2026-10-01T00:00:00-04:00,2026-10-07T23:59:59-04:00
Atlantic Superstore,8163999,"PC® DELI CHEESE SLICES, 500 G",13.0,2026-10-01T00:00:00-04:00,2026-10-07T23:59:59-04:00
Atlantic Superstore,8163999,"KELLOGG'S RICE KRISPIES SQUARES, 160-200 G, POP-TARTS, 384 G, SPECIAL K BARS, 125 G OR NUTRI-GRAIN BARS, 175-295 G",9.99,2026-10-01T00:00:00-04:00,2026-10-07T23:59:59-04:00
Atlantic Superstore,8163999,"NATUR SOURCE SALAD TOPPERS, 450-625 G",11.5,2026-10-01T00:00:00-04:00,2026-10-07T23:59:59-04:00
Atlantic Superstore,8163999,"PC PACIFIC LARGE WHITE SHRIMP RAW OR COOKED PEELED, 400 G",7.0,2026-10-01T00:00:00-04:00,2026-10-07T23:59:59-04:00
Atlantic Superstore,8163999,"TIDE 3.46-3.9L OR GAIN 5.44L LAUNDRY DETERGENT, TIDE PODS OR GAIN FLINGS 45'S OR 57-76'S OR BEADS 751-853 G",20.0,2026-10-01T00:00:00-04:00,2026-10-07T23:59:59-04:00
Atlantic Superstore,8163999,PORK SIDE RIB PORTION,3.88,2026-10-01T00:00:00-04:00,2026-10-07T23:59:59-04:00
Atlantic Superstore,8163999,"IAMS CAT FOOD, 2.72/3.18 KG",20.0,2026-10-01T00:00:00-04:00,2026-10-07T23:59:59-04:00
Atlantic Superstore,8163999,NIVEA CLUB SIZE CREAMS OR LOTIONS,16.0,2026-10-01T00:00:00-04:00,2026-10-07T23:59:59-04:00
Atlantic Superstore,8163999,"NESTLÉ EVERYDAY INSTANT TEA MIX, 200 G",6.0,2026-10-01T00:00:00-04:00,2026-10-07T23:59:59-04:00
Atlantic Superstore,8163999,"FARMER'S MARKET™ HOMESTYLE TARTS, 348-510 G",6.0,2026-10-01T00:00:00-04:00,2026-10-07T23:59:59-04:00
Atlantic Superstore,8163999,"MAPLE LEAF VIENNA SAUSAGE, 113 G",1.75,2026-10-01T00:00:00-04:00,2026-10-07T23:59:59-04:00
Atlantic Superstore,8163999,FROM OUR CHEFS™ HAMS,3.25,2026-10-01T00:00:00-04:00,2026-10-07T23:59:59-04:00
Atlantic Superstore,8163999,"BABY GOURMET ORGANIC FRUIT OR VEGETABLE BABY FOOD POUCHES, 113/128 ML",10.0,2026-10-01T00:00:00-04:00,2026-10-07T23:59:59-04:00
Atlantic Superstore,8163999,"IRISH SPRING BODY WASH, 887 ML OR BAR SOAP, 12X104 G",10.0,2026-10-01T00:00:00-04:00,2026-10-07T23:59:59-04:00
Atlantic Superstore,8163999,"SUNKIST FRUIT SNACKS, 792 G",11.0,2026-10-01T00:00:00-04:00,2026-10-07T23:59:59-04:00
Atlantic Superstore,8163999,"BACHAN'S JAPANESE BARBECUE, 355 ML",9.99,2026-10-01T00:00:00-04:00,2026-10-07T23:59:59-04:00
Atlantic Superstore,8163999,"TRE STELLE BOCCONCINI, RICOTTA OR FETA, 200/475 G",6.0,2026-10-01T00:00:00-04:00,2026-10-07T23:59:59-04:00
Atlantic Superstore,8163999,"TIM HORTONS ICED COFFEE, 1.42 L",7.5,2026-10-01T00:00:00-04:00,2026-10-07T23:59:59-04:00
Atlantic Superstore,8163999,"MOTT'S CLAMATO TOMATO CLAM COCKTAIL, 1.89 L",4.5,2026-10-01T00:00:00-04:00,2026-10-07T23:59:59-04:00
Atlantic Superstore,8163999,"LOU'S ENTRÉES SHAVED BEEF AU JUS, 400 G",10.0,2026-10-01T00:00:00-04:00,2026-10-07T23:59:59-04:00
Atlantic Superstore,8163999,"WAGH BAKRI PREMIUM TEA, 907 G",10.0,2026-10-01T00:00:00-04:00,2026-10-07T23:59:59-04:00
Atlantic Superstore,8163999,"PARLE HIDE & SEEK OR GLUCOSE COOKIES OR BISCUITS, 75-300 G",1.0,2026-10-01T00:00:00-04:00,2026-10-07T23:59:59-04:00
Atlantic Superstore,8163999,EVERYDAY ESSENTIALS™ SCENTED CANDLES,6.0,2026-10-01T00:00:00-04:00,2026-10-07T23:59:59-04:00
Atlantic Superstore,8163999,"ZIPLOC MEGAPACKS, 60-270'S",10.0,2026-10-01T00:00:00-04:00,2026-10-07T23:59:59-04:00
Atlantic Superstore,8163999,"MARCANGELO PROSCIUTTO AND ASSORTED VARIETIES, 85 G",8.0,2026-10-01T00:00:00-04:00,2026-10-07T23:59:59-04:00
Atlantic Superstore,8163999,"GLICO POCKY BISCUIT STICKS BAGS, 135-156 G",4.99,2026-10-01T00:00:00-04:00,2026-10-07T23:59:59-04:00
Atlantic Superstore,8163999,"GATORADE FROST, G2 OR ZERO SPORTS DRINK, 24X591 ML",21.49,2026-10-01T00:00:00-04:00,2026-10-07T23:59:59-04:00
Atlantic Superstore,8163999,"TEMPTATIONS CAT TREATS, 454 G",7.0,2026-10-01T00:00:00-04:00,2026-10-07T23:59:59-04:00
Atlantic Superstore,8163999,"OIKOS, 750 G",7.5,2026-10-01T00:00:00-04:00,2026-10-07T23:59:59-04:00
Atlantic Superstore,8163999,"PC® SALMON WELLINGTON, 725 G",20.0,2026-10-01T00:00:00-04:00,2026-10-07T23:59:59-04:00
Atlantic Superstore,8163999,"STOVE TOP STUFFING MIX, 120 G",1.25,2026-10-01T00:00:00-04:00,2026-10-07T23:59:59-04:00
Atlantic Superstore,8163999,"JACK LINK'S MEAT SNACKS, 65-81 G",13.0,2026-10-01T00:00:00-04:00,2026-10-07T23:59:59-04:00
Atlantic Superstore,8163999,"SIGGI'S SKYR, 4X100 G OR IÖGO NANO BUBBLES, 4X100 G",3.0,2026-10-01T00:00:00-04:00,2026-10-07T23:59:59-04:00
Atlantic Superstore,8163999,"ETNICO CHICKEN GIZZARDS, HEARTS OR LIVERS",9.0,2026-10-01T00:00:00-04:00,2026-10-07T23:59:59-04:00
Atlantic Superstore,8163999,"MAYNARDS CANDY, 135-154 G",5.5,2026-10-01T00:00:00-04:00,2026-10-07T23:59:59-04:00
Atlantic Superstore,8163999,"HOT CROSS BUNS, 8'S",4.0,2026-10-01T00:00:00-04:00,2026-10-07T23:59:59-04:00
Atlantic Superstore,8163999,"SCHNEIDERS LUNCH OR SNACK KITS, 75-120 G",3.0,2026-10-01T00:00:00-04:00,2026-10-07T23:59:59-04:00
Atlantic Superstore,8163999,"LOU'S ENTRÉES BEEF POT ROAST AU JUS, 375 G",10.0,2026-10-01T00:00:00-04:00,2026-10-07T23:59:59-04:00
Atlantic Superstore,8163999,"MAPLE LEAF NATURAL SELECTIONS SHAVED DELI MEAT, 375/400 G",14.0,2026-10-01T00:00:00-04:00,2026-10-07T23:59:59-04:00
Atlantic Superstore,8163999,"MARCANGELO BUON APPETITO, 200 G",14.0,2026-10-01T00:00:00-04:00,2026-10-07T23:59:59-04:00
Atlantic Superstore,8163999,"MCCAFÉ K-CUP PODS, 48'S",43.0,2026-10-01T00:00:00-04:00,2026-10-07T23:59:59-04:00
Atlantic Superstore,8163999,"FRUITÉ, 2 L",6.0,2026-10-01T00:00:00-04:00,2026-10-07T23:59:59-04:00
Atlantic Superstore,8163999,"T&T COOKIES, 168-304 G",3.48,2026-10-01T00:00:00-04:00,2026-10-07T23:59:59-04:00
Atlantic Superstore,8163999,"MARCANGELO ITALIAN SLICED MEAT, 85 G",8.0,2026-10-01T00:00:00-04:00,2026-10-07T23:59:59-04:00
Atlantic Superstore,8163999,PC® SPLENDIDO™ PARMIGIANO REGGIANO CHEESE,5.0,2026-10-01T00:00:00-04:00,2026-10-07T23:59:59-04:00
Atlantic Superstore,8163999,"PARTY TRAY, 592 G - 1 KG",25.0,2026-10-01T00:00:00-04:00,2026-10-07T23:59:59-04:00
Atlantic Superstore,8163999,"RIO MARE® SOLID LIGHT TUNA IN OLIVE OIL WITH ITALIAN CHILI, 3X65 G",7.0,2026-10-01T00:00:00-04:00,2026-10-07T23:59:59-04:00
Atlantic Superstore,8163999,"CHUCK HUGHES ANTIPASTO OR COLESLAW CONDIMENT, 375 ML",8.0,2026-10-01T00:00:00-04:00,2026-10-07T23:59:59-04:00
Atlantic Superstore,8163999,"HEINZ BEANS OR PASTA, 398 ML",6.0,2026-10-01T00:00:00-04:00,2026-10-07T23:59:59-04:00
Atlantic Superstore,8163999,"BRAGG ORGANIC APPLE CIDER VINEGAR, 946 ML",8.0,2026-10-01T00:00:00-04:00,2026-10-07T23:59:59-04:00
Atlantic Superstore,8163999,"CEDAR VALLEY PITA CHIPS, 180 G",3.0,2026-10-01T00:00:00-04:00,2026-10-07T23:59:59-04:00
Atlantic Superstore,8163999,"MILKBONE DOG BISCUITS, 750‑900 G",4.99,2026-10-01T00:00:00-04:00,2026-10-07T23:59:59-04:00
Atlantic Superstore,8163999,"ACE BAKERY BAGUETTE, 350-400 G",3.25,2026-10-01T00:00:00-04:00,2026-10-07T23:59:59-04:00
Atlantic Superstore,8163999,JOE FRESH,29.0,2026-10-01T00:00:00-04:00,2026-10-07T23:59:59-04:00
Atlantic Superstore,8163999,"BOTHWELL VARIETY SLICE PACK, MEDIUM",16.0,2026-10-01T00:00:00-04:00,2026-10-07T23:59:59-04:00
Atlantic Superstore,8163999,"STARBUCKS WHOLE BEAN COFFEE, 907 G",26.0,2026-10-01T00:00:00-04:00,2026-10-07T23:59:59-04:00
Atlantic Superstore,8163999,"CAMPBELL'S® CONDENSED SOUPS, 284 ML",2.0,2026-10-01T00:00:00-04:00,2026-10-07T23:59:59-04:00
Atlantic Superstore,8163999,"NO NAME® CONDENSED SOUP, 284 ML",1.0,2026-10-01T00:00:00-04:00,2026-10-07T23:59:59-04:00
Atlantic Superstore,8163999,"GENERAL MILLS NATURE VALLEY OR FIBRE 1 GRANOLA BARS, 28'S, BETTY CROCKER FRUIT FROM THE FOOTHILL 30'S OR MOTT'S FRUITSATIONS FRUIT & VEGGIE SNACKS, 40'S, 637 G-1.17 KG",12.0,2026-10-01T00:00:00-04:00,2026-10-07T23:59:59-04:00
Atlantic Superstore,8163999,"PARKAY MARGARINE, 1.28 KG",6.0,2026-10-01T00:00:00-04:00,2026-10-07T23:59:59-04:00
Atlantic Superstore,8163999,PORK BELLY PORTIONS,5.88,2026-10-01T00:00:00-04:00,2026-10-07T23:59:59-04:00
Atlantic Superstore,8163999,PREMIER READY TO DRINK PROTEIN SHAKES,12.5,2026-10-01T00:00:00-04:00,2026-10-07T23:59:59-04:00
Atlantic Superstore,8163999,"NO NAME® GRAHAM CRACKER PIE CRUST, 170 G",3.79,2026-10-01T00:00:00-04:00,2026-10-07T23:59:59-04:00
Atlantic Superstore,8163999,"E.D. SMITH PIE FILLING OR PURE PUMPKIN, 504-796 ML",6.0,2026-10-01T00:00:00-04:00,2026-10-07T23:59:59-04:00
Atlantic Superstore,8163999,"KIND GRANOLA, 312 G",7.0,2026-10-01T00:00:00-04:00,2026-10-07T23:59:59-04:00
Atlantic Superstore,8163999,"FARMER'S MARKET™ WHITE POTATOES, 10 LB",4.0,2026-10-01T00:00:00-04:00,2026-10-07T23:59:59-04:00
Atlantic Superstore,8163999,"DR. OETKER MOUSSE, 28-120 G OR SHIRRIFF PIE FILLED DESSERT MIX, 111-164 G, 28-164 G",5.0,2026-10-01T00:00:00-04:00,2026-10-07T23:59:59-04:00
Atlantic Superstore,8163999,"TENDERFLAKE PURE LARD, 454 G OR FLEISCHMANN'S YEAST OR BREAD BOOSTER, 100/113 G",5.5,2026-10-01T00:00:00-04:00,2026-10-07T23:59:59-04:00
Atlantic Superstore,8163999,"KOMBUCHA REMEDY OR SODALY, 4X355 ML",6.5,2026-10-01T00:00:00-04:00,2026-10-07T23:59:59-04:00
Atlantic Superstore,8163999,"NO NAME® PARTY CUPS, 50'S",5.5,2026-10-01T00:00:00-04:00,2026-10-07T23:59:59-04:00
Atlantic Superstore,8163999,"SURATI SNACKS, 250/341 G",2.0,2026-10-01T00:00:00-04:00,2026-10-07T23:59:59-04:00
Atlantic Superstore,8163999,"NO NAME® PLASTIC WRAP, 90 M",4.0,2026-10-01T00:00:00-04:00,2026-10-07T23:59:59-04:00
Atlantic Superstore,8163999,"PC TORTILLA CHIPS, 320-350 G",2.5,2026-10-01T00:00:00-04:00,2026-10-07T23:59:59-04:00
Atlantic Superstore,8163999,"PC® BLACK LABEL ARTISAN CRISPS, 150 G OR SOMETHING SPECIAL GOURMET DIP OR SPREAD, 300 G",5.5,2026-10-01T00:00:00-04:00,2026-10-07T23:59:59-04:00
Atlantic Superstore,8163999,"BAKED IN-STORE MINI COOKIES, 24'S",5.0,2026-10-01T00:00:00-04:00,2026-10-07T23:59:59-04:00
Atlantic Superstore,8163999,"OLIVIERI FAMILY PACK PASTA, 500-700 G OR PASTA SAUCE, 600 ML",9.0,2026-10-01T00:00:00-04:00,2026-10-07T23:59:59-04:00
Atlantic Superstore,8163999,"CHACHA SUNFLOWER SEEDS, 260 G",2.49,2026-10-01T00:00:00-04:00,2026-10-07T23:59:59-04:00
Atlantic Superstore,8163999,"MARCANGELO ITALIAN ANTIPASTO QUATTRO, 150 G",12.0,2026-10-01T00:00:00-04:00,2026-10-07T23:59:59-04:00
Atlantic Superstore,8163999,"FRENCH BEANS, 400 G",6.0,2026-10-01T00:00:00-04:00,2026-10-07T23:59:59-04:00
Atlantic Superstore,8163999,FILIPPO BERIO 500/750 ML OR MORESH 1 L EXTRA VIRGIN OLIVE OIL,9.98,2026-10-01T00:00:00-04:00,2026-10-07T23:59:59-04:00
Atlantic Superstore,8163999,"PC® HUMMUS, 908 G",11.0,2026-10-01T00:00:00-04:00,2026-10-07T23:59:59-04:00
Atlantic Superstore,8163999,"PC® PACIFIC LARGE WHITE SHRIMP RAW OR COOKED PEELED, 31-40 PER LB, 400 G",7.0,2026-10-01T00:00:00-04:00,2026-10-07T23:59:59-04:00
Atlantic Superstore,8163999,"PORK LOIN SCHNITZEL, 300 G",5.0,2026-10-01T00:00:00-04:00,2026-10-07T23:59:59-04:00
Atlantic Superstore,8163999,"REYNOLDS PARCHMENT PAPER, 35'",5.0,2026-10-01T00:00:00-04:00,2026-10-07T23:59:59-04:00
Atlantic Superstore,8163999,EVERYDAY ESSENTIALS™ 12 CUP COFFEE MAKER,30.0,2026-10-01T00:00:00-04:00,2026-10-07T23:59:59-04:00
Atlantic Superstore,8163999,"VEEBA SAUCES, 300 G",4.0,2026-10-01T00:00:00-04:00,2026-10-07T23:59:59-04:00
Atlantic Superstore,8163999,"SURAJ SPICES, 50-400 G",2.5,2026-10-01T00:00:00-04:00,2026-10-07T23:59:59-04:00
Atlantic Superstore,8163999,"BALZACS WHOLE BEAN COFFEE, 340 G OR K-CUPS, 18'S",15.0,2026-10-01T00:00:00-04:00,2026-10-07T23:59:59-04:00
Atlantic Superstore,8163999,"CRACKER BARREL NATURAL CHEESE SLICES, 200 - 240 G OR BLACK DIAMOND CHEDDAR NATURAL CHEESE SLICES, 220 - 240 G",5.0,2026-10-01T00:00:00-04:00,2026-10-07T23:59:59-04:00
Atlantic Superstore,8163999,"ROMAINE HEARTS, 3'S",5.0,2026-10-01T00:00:00-04:00,2026-10-07T23:59:59-04:00
Atlantic Superstore,8163999,FALL TULIPS,20.0,2026-10-01T00:00:00-04:00,2026-10-07T23:59:59-04:00
Atlantic Superstore,8163999,"PC® PLANET FIRST ALL- PURPOSE CLEANERS, 700 ML",4.5,2026-10-01T00:00:00-04:00,2026-10-07T23:59:59-04:00
Atlantic Superstore,8163999,"NO NAME® CANOLA, VEGETABLE OR CORN OIL, 3 L",10.5,2026-10-01T00:00:00-04:00,2026-10-07T23:59:59-04:00
Atlantic Superstore,8163999,QUEST PROTEIN CHIPS,4.0,2026-10-01T00:00:00-04:00,2026-10-07T23:59:59-04:00
Atlantic Superstore,8163999,"AHMAD TEA, 200 G",6.0,2026-10-01T00:00:00-04:00,2026-10-07T23:59:59-04:00
Atlantic Superstore,8163999,"WHOLE WILD PINK SALMON, GOLDEN POMPANO OR MILKFISH",4.5,2026-10-01T00:00:00-04:00,2026-10-07T23:59:59-04:00
Atlantic Superstore,8163999,"NATIVE BODY WASH, 532 ML",10.0,2026-10-01T00:00:00-04:00,2026-10-07T23:59:59-04:00
Atlantic Superstore,8163999,"BASA STEAKS OR CHUB MACKEREL, 1KG",8.0,2026-10-01T00:00:00-04:00,2026-10-07T23:59:59-04:00
Atlantic Superstore,8163999,"SWISS CHALET SAUCE OR GRAVY, 284 ML",1.5,2026-10-01T00:00:00-04:00,2026-10-07T23:59:59-04:00
Atlantic Superstore,8163999,"TILDA PURE BASMATI RICE, 10 LB",12.99,2026-10-01T00:00:00-04:00,2026-10-07T23:59:59-04:00
Atlantic Superstore,8163999,"PC® BACON-WRAPPED WILD SEA SCALLOPS, 260 G OR FOPPEN SMOKED SALMON TOAST TRIO, 248 G",15.0,2026-10-01T00:00:00-04:00,2026-10-07T23:59:59-04:00
Atlantic Superstore,8163999,DRAGONFRUIT,3.98,2026-10-01T00:00:00-04:00,2026-10-07T23:59:59-04:00
Atlantic Superstore,8163999,BEN'S ORIGINAL RICE,8.0,2026-10-01T00:00:00-04:00,2026-10-07T23:59:59-04:00
Atlantic Superstore,8163999,"BLACK DIAMOND CHEESTRINGS, 24 PK - 504 G",10.0,2026-10-01T00:00:00-04:00,2026-10-07T23:59:59-04:00
Atlantic Superstore,8163999,"LAVAZZA K-CUP PODS, 30'S",26.0,2026-10-01T00:00:00-04:00,2026-10-07T23:59:59-04:00
Atlantic Superstore,8163999,"PILLSBURY 100% WHOLE WHEAT FLOUR CHAKKI ATTA, 9.07 KG",14.0,2026-10-01T00:00:00-04:00,2026-10-07T23:59:59-04:00
No Frills,8164510,"NATURE VALLEY GRANOLA BARS, 130-210 g, BETTY CROCKER or MOTT'S FRUITSATIONS FRUIT SNACKS, 128-226 g or GENERAL MILLS CEREAL BARS, 120-160 g",3.0,2026-10-01T00:00:00-04:00,2026-10-07T23:59:59-04:00
No Frills,8164510,"FINISH AUTO DISHWASHING TABS, 60-105'S",21.0,2026-10-01T00:00:00-04:00,2026-10-07T23:59:59-04:00
No Frills,8164510,"KD MACARONI AND CHEESE, 156 - 175 G",1.0,2026-10-01T00:00:00-04:00,2026-10-07T23:59:59-04:00
No Frills,8164510,"SEAQUEST® COD, SOLE, TILAPIA or WILD POLLOCK FILLETS, 400 g",7.0,2026-10-01T00:00:00-04:00,2026-10-07T23:59:59-04:00
No Frills,8164510,"GAY LEA REAL WHIPPED CREAM, 225 g",3.75,2026-10-01T00:00:00-04:00,2026-10-07T23:59:59-04:00
No Frills,8164510,"STOVE TOP STUFFING MIX, 120 g",1.29,2026-10-01T00:00:00-04:00,2026-10-07T23:59:59-04:00
No Frills,8164510,"FRANCO-AMERICAN GRAVY, 284 mL",0.79,2026-10-01T00:00:00-04:00,2026-10-07T23:59:59-04:00
No Frills,8164510,"BETTY CROCKER SUPER MOIST CAKE MIX, 375/404 g, SNACK SIZE MIX, 184-212 g or FROSTING, 340/450 g",1.87,2026-10-01T00:00:00-04:00,2026-10-07T23:59:59-04:00
No Frills,8164510,CELERY STALKS,2.49,2026-10-01T00:00:00-04:00,2026-10-07T23:59:59-04:00
No Frills,8164510,CAULIFLOWER,3.99,2026-10-01T00:00:00-04:00,2026-10-07T23:59:59-04:00
No Frills,8164510,"TRE STELLE FETA, BOCCONCINI, CHEDDAR, 200 G OR MASCARPONE, 275 G OR RICOTTA, 475 G",6.0,2026-10-01T00:00:00-04:00,2026-10-07T23:59:59-04:00
No Frills,8164510,PC® FLATBREAD 330-395 G OR FOCACCIA 415-456 G,5.0,2026-10-01T00:00:00-04:00,2026-10-07T23:59:59-04:00
No Frills,8164510,"SMOKED STEELHEAD SALMON, 50 G OR YELLOWFIN TUNA STEAK, 92 G",2.0,2026-10-01T00:00:00-04:00,2026-10-07T23:59:59-04:00
No Frills,8164510,"UTILITY or GRADE A TURKEY, 3-5 kg",18.0,2026-10-01T00:00:00-04:00,2026-10-07T23:59:59-04:00
No Frills,8164510,"ARMSTRONG OR PC® SHREDDED CHEESE, 250-320 G, ARMSTRONG CHEESE, 400 G",4.99,2026-10-01T00:00:00-04:00,2026-10-07T23:59:59-04:00
No Frills,8164510,"EVERYDAY ESSENTIALS™ FALL CANDLES, 18 oz",6.0,2026-10-01T00:00:00-04:00,2026-10-07T23:59:59-04:00
No Frills,8164510,"TRE STELLE CREAM CHEESE, 200 g",2.99,2026-10-01T00:00:00-04:00,2026-10-07T23:59:59-04:00
No Frills,8164510,"NO NAME® SULTANA RAISINS, CRANBERRIES or WHOLE PITTED DATES, 750 g/1 kg",8.0,2026-10-01T00:00:00-04:00,2026-10-07T23:59:59-04:00
No Frills,8164510,JUMBO PUMPKINS,3.99,2026-10-01T00:00:00-04:00,2026-10-07T23:59:59-04:00
No Frills,8164510,BROCCOLI CROWNS,1.99,2026-10-01T00:00:00-04:00,2026-10-07T23:59:59-04:00
No Frills,8164510,"LANTIC GRANULATED SUGAR, 2 KG",1.99,2026-10-01T00:00:00-04:00,2026-10-07T23:59:59-04:00
No Frills,8164510,"PC® SPLENDIDO® EXTRA VIRGIN OLIVE OIL, 1 L",9.99,2026-10-01T00:00:00-04:00,2026-10-07T23:59:59-04:00
No Frills,8164510,"LIBERTÉ GREEK, 650/750 G OR YOPLAIT SOURCE, 16X100 G YOGURT",7.0,2026-10-01T00:00:00-04:00,2026-10-07T23:59:59-04:00
No Frills,8164510,TOP BLADE STEAK,11.0,2026-10-01T00:00:00-04:00,2026-10-07T23:59:59-04:00
No Frills,8164510,EVERYDAY ESSENTIALS™ SALAD SPINNER,8.0,2026-10-01T00:00:00-04:00,2026-10-07T23:59:59-04:00
No Frills,8164510,"NO NAME® ALUMINUM FOIL, 25 FT",2.0,2026-10-01T00:00:00-04:00,2026-10-07T23:59:59-04:00
No Frills,8164510,"PC® SAUSAGES or ULTIMATE DINNER or BREAKFAST CHICKEN SAUSAGES, 375/500 g",6.49,2026-10-01T00:00:00-04:00,2026-10-07T23:59:59-04:00
No Frills,8164510,"EVERYDAY ESSENTIALS™, 4.5 L PITCHER WITH 4 CUPS",5.0,2026-10-01T00:00:00-04:00,2026-10-07T23:59:59-04:00
No Frills,8164510,"MCCAIN DEEP 'N DELICIOUS CAKES, 510 g or CHAPMAN'S PREMIUM ICE CREAM, 2 L",6.0,2026-10-01T00:00:00-04:00,2026-10-07T23:59:59-04:00
No Frills,8164510,"PUREX, 3.45-3.85 L SUNLIGHT, 3.85 L LIQUID LAUNDRY DETERGENT, SNUGGLE FABRIC SOFTENER, 2.77 L or DRYER SHEETS, 200's",13.0,2026-10-01T00:00:00-04:00,2026-10-07T23:59:59-04:00
No Frills,8164510,"STARBUCKS GROUND COFFEE,793 g",23.49,2026-10-01T00:00:00-04:00,2026-10-07T23:59:59-04:00
No Frills,8164510,"NO NAME® PEANUT BUTTER, 1 KG",4.5,2026-10-01T00:00:00-04:00,2026-10-07T23:59:59-04:00
No Frills,8164510,"FARMER'S MARKET™ MUFFINS, 6's or PC® THE DECADENT MUFFINS, 4's",6.0,2026-10-01T00:00:00-04:00,2026-10-07T23:59:59-04:00
No Frills,8164510,NO NAME® CHICKEN DRUMSTICKS,2.99,2026-10-01T00:00:00-04:00,2026-10-07T23:59:59-04:00
No Frills,8164510,NO NAME® PORK COTTAGE ROLL,5.49,2026-10-01T00:00:00-04:00,2026-10-07T23:59:59-04:00
No Frills,8164510,"NO NAME® FREEZER FOOD STORAGE BAGS, 30/40'S",5.5,2026-10-01T00:00:00-04:00,2026-10-07T23:59:59-04:00
No Frills,8164510,"CARNATION EVAPORATED MILK, 354 ML",1.75,2026-10-01T00:00:00-04:00,2026-10-07T23:59:59-04:00
No Frills,8164510,"CASTELLO HAVARTI, 200 G",5.0,2026-10-01T00:00:00-04:00,2026-10-07T23:59:59-04:00
No Frills,8164510,"POGO ORIGINAL CORN DOGS, 20's, 1.5 KG",10.0,2026-10-01T00:00:00-04:00,2026-10-07T23:59:59-04:00
No Frills,8164510,"FLEISCHMANN'S CORN STARCH, 454 g or BAKING POWDER, 340 g",3.49,2026-10-01T00:00:00-04:00,2026-10-07T23:59:59-04:00
No Frills,8164510,"ACORN, BUTTERNUT BUCKET or SPAGHETTI SQUASH",1.49,2026-10-01T00:00:00-04:00,2026-10-07T23:59:59-04:00
No Frills,8164510,"PAM COOKING OIL SPRAY, 141/170 g",4.99,2026-10-01T00:00:00-04:00,2026-10-07T23:59:59-04:00
No Frills,8164510,"KRAFT PEANUT BUTTER, 500 G",3.75,2026-10-01T00:00:00-04:00,2026-10-07T23:59:59-04:00
No Frills,8164510,"CLASSICO PASTA OR PIZZA SAUCE, 410/600 ML OR KRAFT SALAD DRESSING, 425 ML",3.0,2026-10-01T00:00:00-04:00,2026-10-07T23:59:59-04:00
No Frills,8164510,FARMER'S MARKET® Citrus,3.49,2026-10-01T00:00:00-04:00,2026-10-07T23:59:59-04:00
No Frills,8164510,SWEET POTATOES,1.79,2026-10-01T00:00:00-04:00,2026-10-07T23:59:59-04:00
No Frills,8164510,"GAY LEA REAL WHIPPED CREAM, 225 G",3.75,2026-10-01T00:00:00-04:00,2026-10-07T23:59:59-04:00
No Frills,8164510,"NO NAME® LIQUID OR CREAMED HONEY, 1 KG OR FLOURISH PROTEIN PANCAKE & WAFFLE MIX, 430 G",9.0,2026-10-01T00:00:00-04:00,2026-10-07T23:59:59-04:00
No Frills,8164510,VILEDA TWIST MOP or OSKAR BROOM WITH DUSTPAN,11.5,2026-10-01T00:00:00-04:00,2026-10-07T23:59:59-04:00
No Frills,8164510,"D'ITALIANO BREAD, 620/675 G OR BUNS, 6/8'S",3.25,2026-10-01T00:00:00-04:00,2026-10-07T23:59:59-04:00
No Frills,8164510,"ROBIN HOOD OR FIVE ROSES ALL PURPOSE FLOUR, 10 KG",11.97,2026-10-01T00:00:00-04:00,2026-10-07T23:59:59-04:00
No Frills,8164510,"BLACKBERRIES, RASPBERRIES, 6 OZ CLAMSHELL",2.99,2026-10-01T00:00:00-04:00,2026-10-07T23:59:59-04:00
No Frills,8164510,"NO NAME® SCOOPABLE CLUMPING CAT LITTER, 18 KG",12.0,2026-10-01T00:00:00-04:00,2026-10-07T23:59:59-04:00
No Frills,8164510,"PC® DINNER ENTRÉES, 212-365 g",4.0,2026-10-01T00:00:00-04:00,2026-10-07T23:59:59-04:00
No Frills,8164510,"NO NAME® FLAKED OR CHUNK LIGHT TUNA, 85/170 G",1.0,2026-10-01T00:00:00-04:00,2026-10-07T23:59:59-04:00
No Frills,8164510,"GIUSEPPE'S THIN CRUST OR RISING CRUST PIZZA, 480-785 g",3.97,2026-10-01T00:00:00-04:00,2026-10-07T23:59:59-04:00
No Frills,8164510,"FARMER'S MARKET™ GRAVENSTEIN or ROYAL GALA APPLES, 4 LB BAG",4.99,2026-10-01T00:00:00-04:00,2026-10-07T23:59:59-04:00
No Frills,8164510,"STRAWBERRIES, 1 LB CLAMSHELL, BLUEBERRIES, 6 OZ CLAMSHELL",4.99,2026-10-01T00:00:00-04:00,2026-10-07T23:59:59-04:00
No Frills,8164510,"OCEAN SPRAY CRANBERRY COCKTAILS or MOTT'S CLAMATO, 1.89 L",4.0,2026-10-01T00:00:00-04:00,2026-10-07T23:59:59-04:00
No Frills,8164510,"TENDERFLAKE LARD or CRISCO SHORTENING, 454 g",3.49,2026-10-01T00:00:00-04:00,2026-10-07T23:59:59-04:00
No Frills,8164510,GREEN or RED SEEDLESS GRAPES,3.99,2026-10-01T00:00:00-04:00,2026-10-07T23:59:59-04:00
No Frills,8164510,"GUSTA VEGGIE SLICES, 155 g",4.0,2026-10-01T00:00:00-04:00,2026-10-07T23:59:59-04:00
No Frills,8164510,"NO NAME® LAUNDRY DETERGENT, 1.92-2.03 L",4.0,2026-10-01T00:00:00-04:00,2026-10-07T23:59:59-04:00
No Frills,8164510,"ROYALE TIGER TOWEL PAPER TOWELS, 6=12 rolls",12.0,2026-10-01T00:00:00-04:00,2026-10-07T23:59:59-04:00
No Frills,8164510,"TRE STELLE BOCCONCINI, 200 g or RICOTTA, 475 g",6.0,2026-10-01T00:00:00-04:00,2026-10-07T23:59:59-04:00
No Frills,8164510,"ROBIN HOOD or FIVE ROSES FLOUR, 2/2.5 kg",4.5,2026-10-01T00:00:00-04:00,2026-10-07T23:59:59-04:00
No Frills,8164510,"PAMPERS EASY UPS TRAINING UNDERWEAR or NINJAMAS NIGHTTIME UNDER WEAR, 34-74's",26.99,2026-10-01T00:00:00-04:00,2026-10-07T23:59:59-04:00
No Frills,8164510,"TIDE LIQUID, 3.46/3.9 L or PODS or FLINGS, 45. 57 or 76'S LAUNDRY DETERGENT",22.0,2026-10-01T00:00:00-04:00,2026-10-07T23:59:59-04:00
No Frills,8164510,"PC® LAUNDRY DETERGENT STRIPS, 32's or TOILET STRIPS, 39's",9.0,2026-10-01T00:00:00-04:00,2026-10-07T23:59:59-04:00
No Frills,8164510,"TETLEY TEA, 80/144's",6.99,2026-10-01T00:00:00-04:00,2026-10-07T23:59:59-04:00
No Frills,8164510,"NO NAME® OLIVES, 375 mL",2.69,2026-10-01T00:00:00-04:00,2026-10-07T23:59:59-04:00
No Frills,8164510,"GLAD GARBAGE BAGS WHITE, 30-52's",8.0,2026-10-01T00:00:00-04:00,2026-10-07T23:59:59-04:00
No Frills,8164510,"CLUB HOUSE GRAVY, SAUCE OR SEASONING MIXES, 21-47 G",1.0,2026-10-01T00:00:00-04:00,2026-10-07T23:59:59-04:00
No Frills,8164510,"SAPUTO MOZZARELLISSIMA, 500 g",6.0,2026-10-01T00:00:00-04:00,2026-10-07T23:59:59-04:00
No Frills,8164510,"NO NAME® SOUR CREAM, 500 ml",2.5,2026-10-01T00:00:00-04:00,2026-10-07T23:59:59-04:00
No Frills,8164510,"TILDA BASMATI RICE, 4.54 kg",12.98,2026-10-01T00:00:00-04:00,2026-10-07T23:59:59-04:00
No Frills,8164510,"PC® BATHROOM TISSUE, 30=100 rolls",20.0,2026-10-01T00:00:00-04:00,2026-10-07T23:59:59-04:00
No Frills,8164510,"CASCADE AUTO DISHWASHER TABS, 30-45's",15.0,2026-10-01T00:00:00-04:00,2026-10-07T23:59:59-04:00
No Frills,8164510,"TIDE WASHING MACHINE CLEANER, 3'S OR LAUNDRY STAIN REMOVER, 22OZ",6.0,2026-10-01T00:00:00-04:00,2026-10-07T23:59:59-04:00
No Frills,8164510,"NO NAME® AIR FRESHENER SPRAY, 283 g or DISHWASHING LIQUID, 800 mL",2.29,2026-10-01T00:00:00-04:00,2026-10-07T23:59:59-04:00
No Frills,8164510,"MCCAIN SUPERFRIES or SPECIALTY FRIES, 454-800 g or POCKETS, 300 g",2.77,2026-10-01T00:00:00-04:00,2026-10-07T23:59:59-04:00
No Frills,8164510,"DOLE PINEAPPLE, 398 mL",1.97,2026-10-01T00:00:00-04:00,2026-10-07T23:59:59-04:00
No Frills,8164510,STEFANO SAUCE 648 mL or KRAFT GRATED PARMESAN CHEESE 250 g,6.99,2026-10-01T00:00:00-04:00,2026-10-07T23:59:59-04:00
No Frills,8164510,NEW ZEALAND SHORT CUT LAMB LEG,5.99,2026-10-01T00:00:00-04:00,2026-10-07T23:59:59-04:00
No Frills,8164510,"DORITOS TORTILLA CHIPS, 210/235 g",3.0,2026-10-01T00:00:00-04:00,2026-10-07T23:59:59-04:00
No Frills,8164510,"LEAN GROUND BEEF, 2x450 g",11.88,2026-10-01T00:00:00-04:00,2026-10-07T23:59:59-04:00
No Frills,8164510,"NO NAME® NATURALLY IMPERFECT™ GREEN PEPPERS or NO NAME® NATURALLY IMPERFECT™ MIXED PEPPERS, 2.5 LB BAG",5.0,2026-10-01T00:00:00-04:00,2026-10-07T23:59:59-04:00
No Frills,8164510,"ACE ARTISAN STYLE ROLLS, 400-530 g",5.0,2026-10-01T00:00:00-04:00,2026-10-07T23:59:59-04:00
No Frills,8164510,COCA-COLA or PEPSI SOFT DRINKS,13.99,2026-10-01T00:00:00-04:00,2026-10-07T23:59:59-04:00
No Frills,8164510,"AIR WICK SCENTED OIL REFILL, 2X20 ML, VIBRANT STARTER KIT, 23.9 ML OR REFILL ,2X23.9 ML OR ESSENTIAL MIST STARTER KIT, 20 ML",11.0,2026-10-01T00:00:00-04:00,2026-10-07T23:59:59-04:00
No Frills,8164510,"MR. CLEAN ALL PURPOSE CLEANER, 1.21 L, FEBREZE AIR, 230 g, BATHROOM, 7.5 mL, CAR, 2 mL AIR FRESHENER or MAGIC ERASER, 2's",4.0,2026-10-01T00:00:00-04:00,2026-10-07T23:59:59-04:00
No Frills,8164510,"PC® BLACK LABEL ICE CREAM, 500 ML",4.5,2026-10-01T00:00:00-04:00,2026-10-07T23:59:59-04:00
No Frills,8164510,"Cedar Valley Pita Chips, 180 g",3.0,2026-10-01T00:00:00-04:00,2026-10-07T23:59:59-04:00
No Frills,8164510,"PINE-SOL ALL PURPOSE CLEANER, 1.41 L",4.29,2026-10-01T00:00:00-04:00,2026-10-07T23:59:59-04:00
No Frills,8164510,"GUSTA VEGGIE GROUNDS or VEGGIE BURGERS, 300/340 G",5.5,2026-10-01T00:00:00-04:00,2026-10-07T23:59:59-04:00
No Frills,8164510,PC® AXIANY or LITTLE BEAUTS VARIETY TOMATOES,6.99,2026-10-01T00:00:00-04:00,2026-10-07T23:59:59-04:00
No Frills,8164510,"ACTIVIA PROBIOTIC YOGURT, 650 G OR DANINO KIDS YOGURT DRINK, 6 X 95 ML",3.5,2026-10-01T00:00:00-04:00,2026-10-07T23:59:59-04:00
No Frills,8164510,"UTILITY or GRADE A TURKEY, 5-7 kg",23.0,2026-10-01T00:00:00-04:00,2026-10-07T23:59:59-04:00
No Frills,8164510,EVERYDAY ESSENTIALS™ 3 PIECE COOKIE SHEET SET,8.0,2026-10-01T00:00:00-04:00,2026-10-07T23:59:59-04:00
No Frills,8164510,"SMUCKER'S FRUIT SPREADS, JAM, JELLY OR MARMALADE, 310/500 ML OR LOTUS BISCOFF SPREAD, 380/400 G",5.99,2026-10-01T00:00:00-04:00,2026-10-07T23:59:59-04:00
No Frills,8164510,"OCEAN SPRAY CRANBERRY SAUCE, 348 ML",1.5,2026-10-01T00:00:00-04:00,2026-10-07T23:59:59-04:00
No Frills,8164510,"POGO ORIGINAL CORN DOGS, 20's, 1.5 KG",10.0,2026-10-01T00:00:00-04:00,2026-10-07T23:59:59-04:00
No Frills,8164510,"SNACK FACTORY PRETZEL CRISPS, 200 G",4.0,2026-10-01T00:00:00-04:00,2026-10-07T23:59:59-04:00
No Frills,8164510,"ALLEN'S FRUIT COCKTAIL, 1 L or POWERADE SPORT DRINKS, 710 mL",1.25,2026-10-01T00:00:00-04:00,2026-10-07T23:59:59-04:00
No Frills,8164510,"CAMPBELL'S TOMATO, CREAM OF MUSHROOM, VEGETABLE or CHICKEN NOODLE SOUP, 284 ML",0.95,2026-10-01T00:00:00-04:00,2026-10-07T23:59:59-04:00
No Frills,8164510,"MAPLE LEAF FLAKED MEAT, 156 g or HOLIDAY LUNCHEON MEAT, 340 g",1.75,2026-10-01T00:00:00-04:00,2026-10-07T23:59:59-04:00
No Frills,8164510,"MAYNARDS CANDY, 1.12 kg or CADBURY CHOCOLATES, 993 g",11.99,2026-10-01T00:00:00-04:00,2026-10-07T23:59:59-04:00
No Frills,8164510,"CAMPBELL'S BROTH OR CONCENTRATED BROTH, 250/900 ML",1.5,2026-10-01T00:00:00-04:00,2026-10-07T23:59:59-04:00
No Frills,8164510,EAT SMART SWEET KALE or TAYLOR FARMS CHOP SALAD KITS,3.99,2026-10-01T00:00:00-04:00,2026-10-07T23:59:59-04:00
No Frills,8164510,"UTILITY or GRADE A TURKEY, 9-11 kg",35.0,2026-10-01T00:00:00-04:00,2026-10-07T23:59:59-04:00
No Frills,8164510,"UTILITY or GRADE A TURKEY, 7-9 kg",30.0,2026-10-01T00:00:00-04:00,2026-10-07T23:59:59-04:00
No Frills,8164510,"FARMERS MARKET™ MANDARINS, 4 LB BAG",6.99,2026-10-01T00:00:00-04:00,2026-10-07T23:59:59-04:00
No Frills,8164510,"DARE CRACKERS, 100-225 G, TOWNHOUSE, 247-391 G OR CHEEZ IT SNAP'D CRACKERS, 213 G",2.5,2026-10-01T00:00:00-04:00,2026-10-07T23:59:59-04:00
No Frills,8164510,MCCAIN SUPER FRIES or SPECIALTY FRIES,2.77,2026-10-01T00:00:00-04:00,2026-10-07T23:59:59-04:00
No Frills,8164510,"BLACK DIAMOND CHEESE SLICES, 410 g",3.33,2026-10-01T00:00:00-04:00,2026-10-07T23:59:59-04:00
No Frills,8164510,"PC® SWEETENED CONDENSED MILK, 300 mL",2.5,2026-10-01T00:00:00-04:00,2026-10-07T23:59:59-04:00
No Frills,8164510,"PC® FROZEN FRUIT, 300-600 g",5.5,2026-10-01T00:00:00-04:00,2026-10-07T23:59:59-04:00
No Frills,8164510,"NO NAME® WHIPPED TOPPING, 1 L OR PIE SHELLS, 350-380 G",4.0,2026-10-01T00:00:00-04:00,2026-10-07T23:59:59-04:00
No Frills,8164510,"CARNATION EVAPORATED MILK, 354 ML",1.75,2026-10-01T00:00:00-04:00,2026-10-07T23:59:59-04:00
No Frills,8164510,"PHILADELPHIA CREAM CHEESE PRODUCT, 227/250 g",3.99,2026-10-01T00:00:00-04:00,2026-10-07T23:59:59-04:00
No Frills,8164510,AIR WICK SCENTED OIL KITS 2x52 mL or REFILLS 3's,18.0,2026-10-01T00:00:00-04:00,2026-10-07T23:59:59-04:00
No Frills,8164510,"ROBIN HOOD or FIVE ROSES ALL PURPOSE FLOUR, 10 kg",11.97,2026-10-01T00:00:00-04:00,2026-10-07T23:59:59-04:00
No Frills,8164510,"PC® LITTLE GEMS™ RED, YELLOW or MIXED MINI POTATOES, 680 G",3.99,2026-10-01T00:00:00-04:00,2026-10-07T23:59:59-04:00
No Frills,8164510,"PC® DIP, HUMMUS, 200/227 g or NAAN DIPPERS, 200 g",3.5,2026-10-01T00:00:00-04:00,2026-10-07T23:59:59-04:00
No Frills,8164510,"NESCAFÉ SWEET & CREAMY, 144-351 G, RICH INSTANT COFFEE, 100-170 G OR ESPRESSO CONCENTRATE, 500 ML",6.44,2026-10-01T00:00:00-04:00,2026-10-07T23:59:59-04:00
No Frills,8164510,FARMER'S MARKET YELLOW ONIONS,4.99,2026-10-01T00:00:00-04:00,2026-10-07T23:59:59-04:00
No Frills,8164510,"FRITO-LAY MINIS CANISTERS, 102-145 G",3.75,2026-10-01T00:00:00-04:00,2026-10-07T23:59:59-04:00
No Frills,8164510,"DE CECCO PASTA, 454 G",2.75,2026-10-01T00:00:00-04:00,2026-10-07T23:59:59-04:00
No Frills,8164510,"PC® SWEETENED CONDENSED MILK, 300 mL",2.5,2026-10-01T00:00:00-04:00,2026-10-07T23:59:59-04:00
No Frills,8164510,"PEELE MUMS, 6 inches",8.99,2026-10-01T00:00:00-04:00,2026-10-07T23:59:59-04:00
No Frills,8164510,"PC® WHOLE CREMINI or WHITE MUSHROOMS, 227 G",2.49,2026-10-01T00:00:00-04:00,2026-10-07T23:59:59-04:00
No Frills,8164510,"MCCAIN DEEP 'N DELICIOUS CAKE, 510 G OR CHAPMAN'S PREMIUM ICE CREAM, 2 L",6.0,2026-10-01T00:00:00-04:00,2026-10-07T23:59:59-04:00
No Frills,8164510,"PC® THE DECADENT® COOKIES, 280/300 g",4.5,2026-10-01T00:00:00-04:00,2026-10-07T23:59:59-04:00
No Frills,8164510,"LYSOL TOILET BOWL CLEANER, 2x710 mL, DISINFECTANT SPRAY, 425/539 g or LAUNDRY DISINFECTANT, 1.2 L",8.0,2026-10-01T00:00:00-04:00,2026-10-07T23:59:59-04:00
No Frills,8164510,"DARE BEAR PAWS, 168-210 G",1.75,2026-10-01T00:00:00-04:00,2026-10-07T23:59:59-04:00
No Frills,8164510,"E.D. SMITH PIE FILLING, 540/796 ml",4.79,2026-10-01T00:00:00-04:00,2026-10-07T23:59:59-04:00
No Frills,8164510,"NO NAME® LIQUID HONEY, 1 KG OR FLOURISH PROTEIN PANCAKE & WAFFLE MIX, 430 G",9.0,2026-10-01T00:00:00-04:00,2026-10-07T23:59:59-04:00
No Frills,8164510,"GUSTA VEGAN SAUSAGES, 350 G",6.0,2026-10-01T00:00:00-04:00,2026-10-07T23:59:59-04:00
No Frills,8164510,"PC® THE DECADENT® CHOCOLATE CHIPS, 226-300 G",5.0,2026-10-01T00:00:00-04:00,2026-10-07T23:59:59-04:00
No Frills,8164510,"CLUB HOUSE GRAVY, SAUCE or SEASONING MIXES, 21-47 g",1.0,2026-10-01T00:00:00-04:00,2026-10-07T23:59:59-04:00
No Frills,8164510,"MAPLE LEAF HAM, 600 G",7.0,2026-10-01T00:00:00-04:00,2026-10-07T23:59:59-04:00
No Frills,8164510,BRUSSEL SPROUTS,2.99,2026-10-01T00:00:00-04:00,2026-10-07T23:59:59-04:00
No Frills,8164510,"FARMER'S MARKET SWEET CORN, PKG OF 5",4.99,2026-10-01T00:00:00-04:00,2026-10-07T23:59:59-04:00
No Frills,8164510,"LANTIC SUGAR, 1 kg",2.79,2026-10-01T00:00:00-04:00,2026-10-07T23:59:59-04:00
No Frills,8164510,"EASY OFF FUME FREE OVEN CLEANER, 400 g",7.99,2026-10-01T00:00:00-04:00,2026-10-07T23:59:59-04:00
No Frills,8164510,"LANTIC GRANULATED SUGAR, 2 kg",1.99,2026-10-01T00:00:00-04:00,2026-10-07T23:59:59-04:00
No Frills,8164510,"PC® NUTRITION FIRST® DRY DOG FOOD, 7 KG",30.0,2026-10-01T00:00:00-04:00,2026-10-07T23:59:59-04:00
No Frills,8164510,"PC® NUTRITION FIRST™ DRY CAT FOOD, 2 KG",14.0,2026-10-01T00:00:00-04:00,2026-10-07T23:59:59-04:00
No Frills,8164510,"SAPUTO MOZZARELLISSIMA, 500 G",6.0,2026-10-01T00:00:00-04:00,2026-10-07T23:59:59-04:00
No Frills,8164510,"TRE STELLE MOZZARELLA, 340 G",7.0,2026-10-01T00:00:00-04:00,2026-10-07T23:59:59-04:00
No Frills,8164510,"CLOROX BLEACH, 2.4 L",4.5,2026-10-01T00:00:00-04:00,2026-10-07T23:59:59-04:00
No Frills,8164510,"HÄAGEN-DAZS ICE CREAM, 216-450 mL or BARS, 3 x 45 g",4.99,2026-10-01T00:00:00-04:00,2026-10-07T23:59:59-04:00
No Frills,8164510,"D'ITALIANO BREAD, 620/675 g or BUNS, 6 8's",3.25,2026-10-01T00:00:00-04:00,2026-10-07T23:59:59-04:00
No Frills,8164510,PINEAPPLE,5.99,2026-10-01T00:00:00-04:00,2026-10-07T23:59:59-04:00
No Frills,8164510,PIE PUMPKINS,1.99,2026-10-01T00:00:00-04:00,2026-10-07T23:59:59-04:00
No Frills,8164510,"SWIFFER WET REFILLS, 12-24's, DRY REFILLS, 16-32's or DUSTER REFILLS, 6-10's",11.0,2026-10-01T00:00:00-04:00,2026-10-07T23:59:59-04:00
No Frills,8164510,RUTABAGAS or GREEN CABBAGE,0.99,2026-10-01T00:00:00-04:00,2026-10-07T23:59:59-04:00
No Frills,8164510,"CASTELLO HAVARTI, 200 g or BLUE CHEESE, 125 g",5.0,2026-10-01T00:00:00-04:00,2026-10-07T23:59:59-04:00
No Frills,8164510,"MAPLE LEAF HAM, 600 g",7.0,2026-10-01T00:00:00-04:00,2026-10-07T23:59:59-04:00
No Frills,8164510,"FARMER'S MARKET™ ORANGES, 3 LB BAG",4.99,2026-10-01T00:00:00-04:00,2026-10-07T23:59:59-04:00
No Frills,8164510,"HEINZ PASTA or BEANS,398 ML",1.27,2026-10-01T00:00:00-04:00,2026-10-07T23:59:59-04:00
No Frills,8164510,"PURINA ALPO COOKOUT CLASSICS DRY DOG FOOD,16 KG",32.0,2026-10-01T00:00:00-04:00,2026-10-07T23:59:59-04:00
No Frills,8164510,"PC® THE DECADENT® COOKIES, 280/300 G",4.5,2026-10-01T00:00:00-04:00,2026-10-07T23:59:59-04:00
No Frills,8164510,"I CAN'T BELIEVE IT'S NOT BUTTER! ORIGINAL, 400 G",1.89,2026-10-01T00:00:00-04:00,2026-10-07T23:59:59-04:00
No Frills,8164510,"PC® SOFT DRINKS, 12x355 ml",6.75,2026-10-01T00:00:00-04:00,2026-10-07T23:59:59-04:00
No Frills,8164510,"TRE STELLE MOZZARELLA, 340 g",7.0,2026-10-01T00:00:00-04:00,2026-10-07T23:59:59-04:00
No Frills,8164510,"HERSHEY'S or REESE'S CHOCOLATE BARS, 90-120 g, JOLLY RANCHER or TWIZZLERS CANDY or GUMMIES, 170-198 g",2.5,2026-10-01T00:00:00-04:00,2026-10-07T23:59:59-04:00
No Frills,8164510,"BEETS, FARMER'S MARKET™ CARROTS or YELLOW ONIONS, 10 LB BAG",4.99,2026-10-01T00:00:00-04:00,2026-10-07T23:59:59-04:00
No Frills,8164510,"BURNBRAE FARMS NATUREGG NEST LAID LARGE WHITE EGGS, 12's",5.0,2026-10-01T00:00:00-04:00,2026-10-07T23:59:59-04:00
No Frills,8164510,"HELUVA GOOD! DIPS, 250 g",2.5,2026-10-01T00:00:00-04:00,2026-10-07T23:59:59-04:00
No Frills,8164510,"LIBERTÉ GREEK, 650/750 g or YOPLAIT SOURCE, 16 x 100 g YOGURT",7.0,2026-10-01T00:00:00-04:00,2026-10-07T23:59:59-04:00
No Frills,8164510,"PLANTERS PEANUTS, 600 g or CASHEWS, 200 g",5.0,2026-10-01T00:00:00-04:00,2026-10-07T23:59:59-04:00
No Frills,8164510,"GOGO SQUEEZ FRUIT SAUCE, 4x90 g",3.0,2026-10-01T00:00:00-04:00,2026-10-07T23:59:59-04:00
No Frills,8164510,"PC® ORANGE JUICE, LEMONADE OR ICED TEA, 1.36 L",3.75,2026-10-01T00:00:00-04:00,2026-10-07T23:59:59-04:00
No Frills,8164510,"HEINZ PASTA or BEANS, 398 mL",1.27,2026-10-01T00:00:00-04:00,2026-10-07T23:59:59-04:00
