merchant,flyer_id,name,price,valid_from,valid_to
Costco,8128317,"Bounty Plus Paper Towel, 12 x 91 Sheets",33.49,2026-09-07T00:00:00-04:00,2026-09-13T23:59:59-04:00
Costco,8128317,"Tim Hortons Single-serve K-Cup Pods, 80-count",42.99,2026-09-07T00:00:00-04:00,2026-09-13T23:59:59-04:00
Costco,8128317,"Rogaine Men's Hair Regrowth Foam with 5% Minoxidil, 6 x 60 g",149.99,2026-09-07T00:00:00-04:00,2026-09-13T23:59:59-04:00
Costco,8128317,"Rogaine Women's Hair Regrowth Foam with 5% Minoxidil, 4 x 60 g",109.99,2026-09-07T00:00:00-04:00,2026-09-13T23:59:59-04:00
Costco,8128317,"Maynards Fuzzy Peach Candy, 18 × 64 g",14.99,2026-09-07T00:00:00-04:00,2026-09-13T23:59:59-04:00
Costco,8128317,"Maynards Swedish Berries Candy, 18 × 64 g",14.99,2026-09-07T00:00:00-04:00,2026-09-13T23:59:59-04:00
Costco,8128317,"Ristoris Champignons and Black Truffle Sauce (Tartufata), 510 g",14.99,2026-09-07T00:00:00-04:00,2026-09-13T23:59:59-04:00
Costco,8128317,"Van Houtte Original House Blend Coffee K-Cups, 80-count",42.99,2026-09-07T00:00:00-04:00,2026-09-13T23:59:59-04:00
Costco,8128317,"Oasis Apple Juice, 24 × 300 ml",18.99,2026-09-07T00:00:00-04:00,2026-09-13T23:59:59-04:00
Costco,8128317,"Farm Girl Cereal, 6 × 280 g",39.99,2026-09-07T00:00:00-04:00,2026-09-13T23:59:59-04:00
Costco,8128317,"SunRype Fruit Source Fruit Bars Variety Pack, 30 × 37 g",22.99,2026-09-07T00:00:00-04:00,2026-09-13T23:59:59-04:00
Costco,8128317,"Morinaga Hi-Chew Candy, Variety Pack, 500 g",9.99,2026-09-07T00:00:00-04:00,2026-09-13T23:59:59-04:00
Costco,8128317,"Unreal Dark Chocolate Coconut Mini Bars, 435 g",16.99,2026-09-07T00:00:00-04:00,2026-09-13T23:59:59-04:00
Costco,8128317,"Dare Bear Paws Chocolate Chip Cookies, 40 Pouches",12.49,2026-09-07T00:00:00-04:00,2026-09-13T23:59:59-04:00
Costco,8128317,"Hershey's Whole Almond Creamy Milk Chocolate Bars, 36 × 43 g",44.99,2026-09-07T00:00:00-04:00,2026-09-13T23:59:59-04:00
Costco,8128317,"Monster Energy Drink Ultra Zero Sugar Variety, 473 mL 24-pack",44.99,2026-09-07T00:00:00-04:00,2026-09-13T23:59:59-04:00
Costco,8128317,"Zavida Colombian Coffee K-Cup Pods, 96- count",51.99,2026-09-07T00:00:00-04:00,2026-09-13T23:59:59-04:00
Costco,8128317,"Finish Quantum Everyday Dishwasher Detergent, 176 Tablets",30.99,2026-09-07T00:00:00-04:00,2026-09-13T23:59:59-04:00
Costco,8128317,"Roar Organic Hydration Drink, 532 mL, 18-pack",29.99,2026-09-07T00:00:00-04:00,2026-09-13T23:59:59-04:00
Costco,8128317,"McCafé Premium Roast Coffee, 4 × 340 g",32.99,2026-09-07T00:00:00-04:00,2026-09-13T23:59:59-04:00
Costco,8128317,"DOSE Organic Ginger and Turmeric Multi-Serve bottle, 6 x 600mL",79.99,2026-09-07T00:00:00-04:00,2026-09-13T23:59:59-04:00
Costco,8128317,"Miss Vickie's Sea Salt & Malt Vinegar Kettle Cooked Potato Chips, 572 g",8.99,2026-09-07T00:00:00-04:00,2026-09-13T23:59:59-04:00
Costco,8128317,"Dole Diced Peaches Cups, 107 mL, 20-pack",13.99,2026-09-07T00:00:00-04:00,2026-09-13T23:59:59-04:00
Costco,8128317,"Maynards Wine Gums Candy Rolls, 18 × 44 g",19.99,2026-09-07T00:00:00-04:00,2026-09-13T23:59:59-04:00
Costco,8128317,"love good fats Love Good Protein, Protein Bars, 24 × 55 g",49.99,2026-09-07T00:00:00-04:00,2026-09-13T23:59:59-04:00
Costco,8128317,"Lotus Biscoff Creamy Spread, 3 kg",31.99,2026-09-07T00:00:00-04:00,2026-09-13T23:59:59-04:00
Costco,8128317,"Maynards Sour Patch Kids Candy, 18 × 60 g",14.99,2026-09-07T00:00:00-04:00,2026-09-13T23:59:59-04:00
Costco,8128317,"Nescafé Rich Instant Coffee, 475 g",15.49,2026-09-07T00:00:00-04:00,2026-09-13T23:59:59-04:00
Costco,8128317,"Alani Nu Energy Drink Blue Slush, 355 ml 12-pack",21.99,2026-09-07T00:00:00-04:00,2026-09-13T23:59:59-04:00
Costco,8128317,"Mr. Clean Magic Eraser Extra Durable, 18-count",19.99,2026-09-07T00:00:00-04:00,2026-09-13T23:59:59-04:00
Costco,8128317,"Alani Nu Energy Drink Cosmic Stardust, 12 x 355 ml",21.99,2026-09-07T00:00:00-04:00,2026-09-13T23:59:59-04:00
Costco,8128317,"Orangina Zero Sugar Sparkling Citrus Beverage Cans, 330 ml x 24-pack",26.99,2026-09-07T00:00:00-04:00,2026-09-13T23:59:59-04:00
Costco,8128317,"Tostitos Medium Salsa, Twin Pack, 2 x 1.21 L",11.99,2026-09-07T00:00:00-04:00,2026-09-13T23:59:59-04:00
Costco,8128317,"Excel Sugar Free Gum, Variety Pack, 27 × 12 pieces",19.99,2026-09-07T00:00:00-04:00,2026-09-13T23:59:59-04:00
Costco,8128317,Monster Energy Zero Ultra 24 x 473 ml,44.99,2026-09-07T00:00:00-04:00,2026-09-13T23:59:59-04:00
Costco,8128317,"Flourish Protein Buttermilk Pancake and Waffle Mix, 1.5 kg",20.99,2026-09-07T00:00:00-04:00,2026-09-13T23:59:59-04:00
Costco,8128317,"Zavida Hazelnut Vanilla Coffee K-Cup Pods, 96- count",51.99,2026-09-07T00:00:00-04:00,2026-09-13T23:59:59-04:00
Costco,8128317,Alani Nu Energy Drink Hawaiian Shaved Ice 355 mL 12-pack,21.99,2026-09-07T00:00:00-04:00,2026-09-13T23:59:59-04:00
Costco,8128317,"Lysol Advanced Disinfecting Wipes, 550 Wipes",25.99,2026-09-07T00:00:00-04:00,2026-09-13T23:59:59-04:00
Costco,8128317,"Dawn Professional Liquid Dish Detergent, 3.78 L",17.99,2026-09-07T00:00:00-04:00,2026-09-13T23:59:59-04:00
Costco,8128317,"Sunmaid Raisin Cinnamon Swirl Raisin Bread, 3 x 450 g",9.99,2026-09-07T00:00:00-04:00,2026-09-13T23:59:59-04:00
Costco,8128317,"Awake Caffeinated Chocolate, 432 g",10.99,2026-09-07T00:00:00-04:00,2026-09-13T23:59:59-04:00
Costco,8128317,Monster Energy Drink 24 x 473 mL,44.99,2026-09-07T00:00:00-04:00,2026-09-13T23:59:59-04:00
Costco,8128317,"Ruffles All Dressed Potato Chips, 612 g",7.99,2026-09-07T00:00:00-04:00,2026-09-13T23:59:59-04:00
Costco,8128317,"OMG! Milk Chocolate Almond & Toffee Clusters, 680 g",14.99,2026-09-07T00:00:00-04:00,2026-09-13T23:59:59-04:00
Costco,8128317,"Tim Hortons Single-serve Decaf K-Cup Pods, 80-count",45.99,2026-09-07T00:00:00-04:00,2026-09-13T23:59:59-04:00
Costco,8128317,"Tide Power Pods Hygienic Clean Heavy Duty Original, 79-count",32.99,2026-09-07T00:00:00-04:00,2026-09-13T23:59:59-04:00
Costco,8128317,"Biosteel Zero Sugar Hydration Drink Variety Pack, 473 mL 24-pack",33.99,2026-09-07T00:00:00-04:00,2026-09-13T23:59:59-04:00
Costco,8128317,"Alani Nu Energy Drink Variety, 355 mL 18-pack",30.99,2026-09-07T00:00:00-04:00,2026-09-13T23:59:59-04:00
Costco,8128317,"Tim Hortons Dark Roast Single-serve K-Cup Pods, 80-count",42.99,2026-09-07T00:00:00-04:00,2026-09-13T23:59:59-04:00
Costco,8128317,"Sensible Portions Pita Bites, 567 g",8.99,2026-09-07T00:00:00-04:00,2026-09-13T23:59:59-04:00
Costco,8128317,"Hellmann's Real Mayonnaise, 1.8 L",11.49,2026-09-07T00:00:00-04:00,2026-09-13T23:59:59-04:00
Costco,8128317,"Starbucks Cafè Verona Coffee K-Cup Pods, 54-count",42.99,2026-09-07T00:00:00-04:00,2026-09-13T23:59:59-04:00
Costco,8128317,"General Mills Cheerios Jumbo Pack, 1.22 kg",9.99,2026-09-07T00:00:00-04:00,2026-09-13T23:59:59-04:00
Costco,8128317,"DOSE Organic Ginger Daily Booster Shots, Variety Pack, 48 × 60 mL (2 fl oz)",89.99,2026-09-07T00:00:00-04:00,2026-09-13T23:59:59-04:00
Costco,8128317,"Zavida Cinnamon Bun K Cup Pods, 96-count",46.99,2026-09-07T00:00:00-04:00,2026-09-13T23:59:59-04:00
Costco,8128317,"Kashi Organic Twisted Fruit Bites Variety Pack, 24 × 20 g",19.99,2026-09-07T00:00:00-04:00,2026-09-13T23:59:59-04:00
Costco,8128317,"Kellogg's Rice Krispies Squares, 54 × 22 g",12.49,2026-09-07T00:00:00-04:00,2026-09-13T23:59:59-04:00
Costco,8128317,"Herbamare Organic Herbed Sea Salt, 500 g",9.99,2026-09-07T00:00:00-04:00,2026-09-13T23:59:59-04:00
Costco,8128317,"Brookside Dark Chocolate, Assorted Flavours, 40 × 20 g",16.49,2026-09-07T00:00:00-04:00,2026-09-13T23:59:59-04:00
Costco,8128317,"Alani Nu Energy Drink Witch's Brew, 355 ml, 18-pack",30.99,2026-09-07T00:00:00-04:00,2026-09-13T23:59:59-04:00
Costco,8128317,"Cashmere Premium Soft & Thick Toilet Paper, Hypoallergenic, and Septic Safe, 40-pack",29.49,2026-09-07T00:00:00-04:00,2026-09-13T23:59:59-04:00
Costco,8128317,"Nature's Bakery Whole Wheat Fig Bars Variety Pack, 32 × 57 g",21.99,2026-09-07T00:00:00-04:00,2026-09-13T23:59:59-04:00
Costco,8128317,"Pepperidge Farm, Goldfish Crackers, 1.64 kg",12.99,2026-09-07T00:00:00-04:00,2026-09-13T23:59:59-04:00
Costco,8128317,Orangina Sparkling Citrus Beverage Slim Cans 330 mL 24-pack,26.99,2026-09-07T00:00:00-04:00,2026-09-13T23:59:59-04:00
Costco,8128317,"Quaker Harvest Crunch Granola Cereal, Original, 1.8 kg",12.49,2026-09-07T00:00:00-04:00,2026-09-13T23:59:59-04:00
Costco,8128317,"Maple Leaf Mighty Protein Original Chicken Sticks, 16 × 32 g",20.99,2026-09-07T00:00:00-04:00,2026-09-13T23:59:59-04:00
Costco,8128317,"Goodhost Raspberry Lemonade Drink Mix, 2.35 kg",14.49,2026-09-07T00:00:00-04:00,2026-09-13T23:59:59-04:00
Costco,8128317,"General Mills Super Jumbo Cinnamon Toast Crunch Cereal, 1.3 kg",9.99,2026-09-07T00:00:00-04:00,2026-09-13T23:59:59-04:00
Costco,8128317,Always Infinity with FlexFoam Size 2 Menstrual Pads,19.99,2026-09-07T00:00:00-04:00,2026-09-13T23:59:59-04:00
Costco,8128317,"Tide Ultra Concentrated Liquid Laundry Detergent Original Scent, 146 loads",28.99,2026-09-07T00:00:00-04:00,2026-09-13T23:59:59-04:00
Costco,8128317,"Welch's Fruit Snacks, 60 × 22 g",13.99,2026-09-07T00:00:00-04:00,2026-09-13T23:59:59-04:00
Costco,8128317,"Moulin Rouge Paprika, 1.8 kg",12.99,2026-09-07T00:00:00-04:00,2026-09-13T23:59:59-04:00
Costco,8128317,"Maynards Sour Patch Kids Sour Cherry Blasters Candy, 18 × 64 g",14.99,2026-09-07T00:00:00-04:00,2026-09-13T23:59:59-04:00
Costco,8128317,"ACE Bakery Sourdough Bistro Bread Loaf, 1.15 g",6.99,2026-09-07T00:00:00-04:00,2026-09-13T23:59:59-04:00
Costco,8128317,"Calypso Lemonade Variety Pack, 473 mL, 12-pack",22.99,2026-09-07T00:00:00-04:00,2026-09-13T23:59:59-04:00
Costco,8128317,"Dole Lots-o-Cherries Fruit Salad, 107 mL, 20-pack",13.99,2026-09-07T00:00:00-04:00,2026-09-13T23:59:59-04:00
Costco,8128317,"Cascade Platinum Plus ActionPacs, 81-count",28.99,2026-09-07T00:00:00-04:00,2026-09-13T23:59:59-04:00
Costco,8128317,"Duracell CopperTop AAA Batteries with PowerBoost Ingredients, 40 count",19.99,2026-09-07T00:00:00-04:00,2026-09-13T23:59:59-04:00
Costco,8128317,"NaturSource Tamari® Almonds, 950 g",16.49,2026-09-07T00:00:00-04:00,2026-09-13T23:59:59-04:00
Costco,8128317,"Nongshim Tonkotsu Ramen, 6 x 101 g",16.99,2026-09-07T00:00:00-04:00,2026-09-13T23:59:59-04:00
Costco,8128317,"Zavida Coffee Discovery Pack Aluminum Capsules Compatible with Nespresso Original System, 60 count",39.99,2026-09-07T00:00:00-04:00,2026-09-13T23:59:59-04:00
Costco,8128317,"Monster Energy Zero Sugar, 24 × 473 mL",44.99,2026-09-07T00:00:00-04:00,2026-09-13T23:59:59-04:00
Costco,8128317,"Alani Nu Juicy Peach Energy Drink, 355 ml, 12-pack",21.99,2026-09-07T00:00:00-04:00,2026-09-13T23:59:59-04:00
Costco,8128317,"Alani Nu Energy Drink Dream Float 355 mL, 12-pack",21.99,2026-09-07T00:00:00-04:00,2026-09-13T23:59:59-04:00
Costco,8128317,"Simply Protein Crispy Snack Bars, 18 × 40 g",21.99,2026-09-07T00:00:00-04:00,2026-09-13T23:59:59-04:00
Sobeys,8122289,"COMPLIMENTS Montreal Smoked Meat, Roast Beef or Pastrami",3.99,2026-09-10T00:00:00-04:00,2026-09-16T22:59:59-04:00
Sobeys,8122289,SMUCKER'S Pure Jam 310-500 mL or JIF Peanut Butter 1 kg,6.99,2026-09-10T00:00:00-04:00,2026-09-16T22:59:59-04:00
Sobeys,8122289,COMPLIMENTS Pure Pumpkin,2.99,2026-09-10T00:00:00-04:00,2026-09-16T22:59:59-04:00
Sobeys,8122289,COMPLIMENTS Grape Tomatoes,3.99,2026-09-10T00:00:00-04:00,2026-09-16T22:59:59-04:00
Sobeys,8122289,LIBERTÉ Probiotic Kéfir,6.49,2026-09-10T00:00:00-04:00,2026-09-16T22:59:59-04:00
Sobeys,8122289,Oaty Bars or Snacks,4.49,2026-09-10T00:00:00-04:00,2026-09-16T22:59:59-04:00
Sobeys,8122289,Iced Tea,5.49,2026-09-10T00:00:00-04:00,2026-09-16T22:59:59-04:00
Sobeys,8122289,KJ Dumplings or Pork Buns,3.48,2026-09-10T00:00:00-04:00,2026-09-16T22:59:59-04:00
Sobeys,8122289,Premium Lean Ground Bison,6.0,2026-09-10T00:00:00-04:00,2026-09-16T22:59:59-04:00
Sobeys,8122289,COMPLIMENTS Bone In Ham Steak or Honey Ham,6.49,2026-09-10T00:00:00-04:00,2026-09-16T22:59:59-04:00
Sobeys,8122289,Oat Barista,10.0,2026-09-10T00:00:00-04:00,2026-09-16T22:59:59-04:00
Sobeys,8122289,COMPLIMENTS Aerosol Whip Cream,4.49,2026-09-10T00:00:00-04:00,2026-09-16T22:59:59-04:00
Sobeys,8122289,"HIGH LINER Breaded or Battered Haddock or Pollock, Shrimp, Chips & Fish or Fish Cakes",7.99,2026-09-10T00:00:00-04:00,2026-09-16T22:59:59-04:00
Sobeys,8122289,EIGHT TREASURES Whole Head-On Raw Shrimp,6.88,2026-09-10T00:00:00-04:00,2026-09-16T22:59:59-04:00
Sobeys,8122289,MAPLE LEAF Natural Selections Family Pack Shaved Deli Meats,13.99,2026-09-10T00:00:00-04:00,2026-09-16T22:59:59-04:00
Sobeys,8122289,PANACHE Flattened Chicken,5.99,2026-09-10T00:00:00-04:00,2026-09-16T22:59:59-04:00
Sobeys,8122289,TRE STELLE Value Size Feta,21.99,2026-09-10T00:00:00-04:00,2026-09-16T22:59:59-04:00
Sobeys,8122289,"Premium or No Sugar Added Ice Cream, Frozen Yogurt or Sorbet",5.99,2026-09-10T00:00:00-04:00,2026-09-16T22:59:59-04:00
Sobeys,8122289,RX BAR,5.5,2026-09-10T00:00:00-04:00,2026-09-16T22:59:59-04:00
Sobeys,8122289,MAZOLA OIL,7.49,2026-09-10T00:00:00-04:00,2026-09-16T22:59:59-04:00
Sobeys,8122289,COMPLIMENTS Cozy Coop Large White Eggs,4.99,2026-09-10T00:00:00-04:00,2026-09-16T22:59:59-04:00
Sobeys,8122289,Real Cream Layer Cake,12.99,2026-09-10T00:00:00-04:00,2026-09-16T22:59:59-04:00
Sobeys,8122289,Rice Vermicelli Noodles,1.98,2026-09-10T00:00:00-04:00,2026-09-16T22:59:59-04:00
Sobeys,8122289,SOUP'S ON Soups,9.99,2026-09-10T00:00:00-04:00,2026-09-16T22:59:59-04:00
Sobeys,8122289,INTERNATIONAL DELIGHT Creamer,5.99,2026-09-10T00:00:00-04:00,2026-09-16T22:59:59-04:00
Sobeys,8122289,"NESTLÉ Assorted, KitKat or Smarties Minis",9.49,2026-09-10T00:00:00-04:00,2026-09-16T22:59:59-04:00
Sobeys,8122289,MINUTE RICE 1.2-1.4 kg or TILDA Basmati Rice 907 g,7.99,2026-09-10T00:00:00-04:00,2026-09-16T22:59:59-04:00
Sobeys,8122289,Regular Fries,6.49,2026-09-10T00:00:00-04:00,2026-09-16T22:59:59-04:00
Sobeys,8122289,In-Store Marinated Fresh Atlantic Salmon Fillets,12.99,2026-09-10T00:00:00-04:00,2026-09-16T22:59:59-04:00
Sobeys,8122289,Small Pumpkin Spice Bar Cake,8.99,2026-09-10T00:00:00-04:00,2026-09-16T22:59:59-04:00
Sobeys,8122289,Whole Pompano,14.88,2026-09-10T00:00:00-04:00,2026-09-16T22:59:59-04:00
Sobeys,8122289,VASCO & CO Smoked Atlantic Salmon,6.99,2026-09-10T00:00:00-04:00,2026-09-16T22:59:59-04:00
Sobeys,8122289,STERLING SILVER Fresh Boneless Cross Rib Pot Roast or Family Size Simmering Steak,12.99,2026-09-10T00:00:00-04:00,2026-09-16T22:59:59-04:00
Sobeys,8122289,Mixed Deli Meat Subs,15.99,2026-09-10T00:00:00-04:00,2026-09-16T22:59:59-04:00
Sobeys,8122289,Filled Donut Bites,5.99,2026-09-10T00:00:00-04:00,2026-09-16T22:59:59-04:00
Sobeys,8122289,Deep Dish Pizza,5.49,2026-09-10T00:00:00-04:00,2026-09-16T22:59:59-04:00
Sobeys,8122289,PATAK'S Cooking Sauces,4.49,2026-09-10T00:00:00-04:00,2026-09-16T22:59:59-04:00
Sobeys,8122289,Sweetened Condensed Milk,3.28,2026-09-10T00:00:00-04:00,2026-09-16T22:59:59-04:00
Sobeys,8122289,World Classics Jasmine Rice,9.88,2026-09-10T00:00:00-04:00,2026-09-16T22:59:59-04:00
Sobeys,8122289,Soy Sauce or Teriyaki Sauce,5.98,2026-09-10T00:00:00-04:00,2026-09-16T22:59:59-04:00
Sobeys,8122289,COMPLIMENTS Carrots or Onions,1.99,2026-09-10T00:00:00-04:00,2026-09-16T22:59:59-04:00
Sobeys,8122289,OASIS Juice,3.99,2026-09-10T00:00:00-04:00,2026-09-16T22:59:59-04:00
Sobeys,8122289,Assorted Minis,14.99,2026-09-10T00:00:00-04:00,2026-09-16T22:59:59-04:00
Sobeys,8122289,KELLOGG'S,3.99,2026-09-10T00:00:00-04:00,2026-09-16T22:59:59-04:00
Sobeys,8122289,Dragon Fruit,3.98,2026-09-10T00:00:00-04:00,2026-09-16T22:59:59-04:00
Sobeys,8122289,Oil,16.49,2026-09-10T00:00:00-04:00,2026-09-16T22:59:59-04:00
Sobeys,8122289,GREENHOUSE Smoothies,7.99,2026-09-10T00:00:00-04:00,2026-09-16T22:59:59-04:00
Sobeys,8122289,Caesar Bacon Dressing Kit,4.99,2026-09-10T00:00:00-04:00,2026-09-16T22:59:59-04:00
Sobeys,8122289,SIWIN Potstickers or Dumplings - mid-autumn festival,4.98,2026-09-10T00:00:00-04:00,2026-09-16T22:59:59-04:00
Sobeys,8122289,Coronation Grapes,5.99,2026-09-10T00:00:00-04:00,2026-09-16T22:59:59-04:00
Sobeys,8122289,BLUE TIDE Wild Caught Canadian Lobster Meat,29.99,2026-09-10T00:00:00-04:00,2026-09-16T22:59:59-04:00
Sobeys,8122289,EIGHT TREASURES Whole Tilapia,8.88,2026-09-10T00:00:00-04:00,2026-09-16T22:59:59-04:00
Sobeys,8122289,All-in-One Nutrition,49.99,2026-09-10T00:00:00-04:00,2026-09-16T22:59:59-04:00
Sobeys,8122289,KOZY SHACK Rice Pudding 6 pk or PILLSBURY Ready To Bake Cookies 454 g,4.99,2026-09-10T00:00:00-04:00,2026-09-16T22:59:59-04:00
Sobeys,8122289,COMPLIMENTS Ground Chicken or Turkey,6.0,2026-09-10T00:00:00-04:00,2026-09-16T22:59:59-04:00
Sobeys,8122289,PILLER'S Sliced Meats,5.99,2026-09-10T00:00:00-04:00,2026-09-16T22:59:59-04:00
Sobeys,8122289,Whole Bean Coffee,21.99,2026-09-10T00:00:00-04:00,2026-09-16T22:59:59-04:00
Sobeys,8122289,MINUTE MAID Zero Sugar Drinks,3.99,2026-09-10T00:00:00-04:00,2026-09-16T22:59:59-04:00
Sobeys,8122289,HUNGRY-MAN Frozen Dinners or XL Bowls,5.99,2026-09-10T00:00:00-04:00,2026-09-16T22:59:59-04:00
Sobeys,8122289,RED BARON Rising Crust Pizza,6.99,2026-09-10T00:00:00-04:00,2026-09-16T22:59:59-04:00
Sobeys,8122289,COMPLIMENTS Orange Juice,8.99,2026-09-10T00:00:00-04:00,2026-09-16T22:59:59-04:00
Sobeys,8122289,"Cheese Style Shreds, Slices or Blocks",4.99,2026-09-10T00:00:00-04:00,2026-09-16T22:59:59-04:00
Sobeys,8122289,FOUR TREES by PHOEAPOLIS Organic Extra Virgin Olive Oil,16.99,2026-09-10T00:00:00-04:00,2026-09-16T22:59:59-04:00
Sobeys,8122289,COMPLIMENTS Moxii Ice Pops or Mini Novelties,4.99,2026-09-10T00:00:00-04:00,2026-09-16T22:59:59-04:00
Sobeys,8122289,GLAD Waste Bags,11.99,2026-09-10T00:00:00-04:00,2026-09-16T22:59:59-04:00
Sobeys,8122289,WINDEX Glass Cleaner,6.99,2026-09-10T00:00:00-04:00,2026-09-16T22:59:59-04:00
Sobeys,8122289,"Baby Shampoo, Oil or Lotions",6.99,2026-09-10T00:00:00-04:00,2026-09-16T22:59:59-04:00
Sobeys,8122289,SENSODYNE Whitening or Pronamel Toothpaste,5.99,2026-09-10T00:00:00-04:00,2026-09-16T22:59:59-04:00
Sobeys,8122289,HUGGIES Baby Wipes,15.99,2026-09-10T00:00:00-04:00,2026-09-16T22:59:59-04:00
Sobeys,8122289,Antiperspirant or Deodorant,7.99,2026-09-10T00:00:00-04:00,2026-09-16T22:59:59-04:00
Sobeys,8122289,Frozen Entrées,1.99,2026-09-10T00:00:00-04:00,2026-09-16T22:59:59-04:00
Sobeys,8122289,DEL MONTE Nectar or Tropical Juice,2.49,2026-09-10T00:00:00-04:00,2026-09-16T22:59:59-04:00
Sobeys,8122289,Non-Alcoholic Beer,11.99,2026-09-10T00:00:00-04:00,2026-09-16T22:59:59-04:00
Sobeys,8122289,Celebration Cookies,7.0,2026-09-10T00:00:00-04:00,2026-09-16T22:59:59-04:00
Sobeys,8122289,FRITO-LAY Value Size Snacks,6.29,2026-09-10T00:00:00-04:00,2026-09-16T22:59:59-04:00
Sobeys,8122289,"DOVE Shampoo, Conditioner or Hair Spray",5.79,2026-09-10T00:00:00-04:00,2026-09-16T22:59:59-04:00
Sobeys,8122289,EIGHT TREASURES Jasmine Rice,4.98,2026-09-10T00:00:00-04:00,2026-09-16T22:59:59-04:00
Sobeys,8122289,Fresh Boneless Whole Pork Loin Centre and Rib Portion or Fresh Pork Tenderloin - mid-autumn festival,3.49,2026-09-10T00:00:00-04:00,2026-09-16T22:59:59-04:00
Sobeys,8122289,Frozen Meals - mid-autumn festival,4.48,2026-09-10T00:00:00-04:00,2026-09-16T22:59:59-04:00
Sobeys,8122289,Mochi Ice Cream - mid-autumn festival,4.28,2026-09-10T00:00:00-04:00,2026-09-16T22:59:59-04:00
Sobeys,8122289,Assorted Fall Flowering Plants,6.99,2026-09-10T00:00:00-04:00,2026-09-16T22:59:59-04:00
Sobeys,8122289,Calluna Heather,9.99,2026-09-10T00:00:00-04:00,2026-09-16T22:59:59-04:00
Sobeys,8122289,Large Navel Oranges,2.0,2026-09-10T00:00:00-04:00,2026-09-16T22:59:59-04:00
Sobeys,8122289,Methi or Mint Bunches,4.0,2026-09-10T00:00:00-04:00,2026-09-16T22:59:59-04:00
Sobeys,8122289,Bosc Pears,2.99,2026-09-10T00:00:00-04:00,2026-09-16T22:59:59-04:00
Sobeys,8122289,Avocados,4.99,2026-09-10T00:00:00-04:00,2026-09-16T22:59:59-04:00
Sobeys,8122289,COMPLIMENTS ORGANIC Sliced White or Cremini Mushrooms,3.99,2026-09-10T00:00:00-04:00,2026-09-16T22:59:59-04:00
Sobeys,8122289,BOB'S Bacon,5.0,2026-09-10T00:00:00-04:00,2026-09-16T22:59:59-04:00
Sobeys,8122289,COMPLIMENTS NATURALLY SIMPLE Wild Pacific Pink Salmon Fillets,8.99,2026-09-10T00:00:00-04:00,2026-09-16T22:59:59-04:00
Sobeys,8122289,EIGHT TREASURES Basa Steaks,4.88,2026-09-10T00:00:00-04:00,2026-09-16T22:59:59-04:00
Sobeys,8122289,Fresh Pork Loin Back Ribs,6.99,2026-09-10T00:00:00-04:00,2026-09-16T22:59:59-04:00
Sobeys,8122289,COMPLIMENTS Brie or Camembert,7.49,2026-09-10T00:00:00-04:00,2026-09-16T22:59:59-04:00
Sobeys,8122289,All-Butter Chocolate Croissants or Pastries,5.99,2026-09-10T00:00:00-04:00,2026-09-16T22:59:59-04:00
Sobeys,8122289,NANA'S Samosas,7.99,2026-09-10T00:00:00-04:00,2026-09-16T22:59:59-04:00
Sobeys,8122289,Dip,3.49,2026-09-10T00:00:00-04:00,2026-09-16T22:59:59-04:00
Sobeys,8122289,"MADEGOOD Bars, Minis or Rice Crisps",3.49,2026-09-10T00:00:00-04:00,2026-09-16T22:59:59-04:00
Sobeys,8122289,MACLAREN'S IMPERIAL Cheese,6.99,2026-09-10T00:00:00-04:00,2026-09-16T22:59:59-04:00
Sobeys,8122289,HIPPIE SNACKS Crunchers,5.0,2026-09-10T00:00:00-04:00,2026-09-16T22:59:59-04:00
Sobeys,8122289,COMPLIMENTS Cheese Slices or Cheese Sticks,4.99,2026-09-10T00:00:00-04:00,2026-09-16T22:59:59-04:00
Sobeys,8122289,Pizza Pockets,3.99,2026-09-10T00:00:00-04:00,2026-09-16T22:59:59-04:00
Sobeys,8122289,La Grille Seasonings,5.99,2026-09-10T00:00:00-04:00,2026-09-16T22:59:59-04:00
Sobeys,8122289,Baby Food,4.0,2026-09-10T00:00:00-04:00,2026-09-16T22:59:59-04:00
Sobeys,8122289,TIDE Pods,35.99,2026-09-10T00:00:00-04:00,2026-09-16T22:59:59-04:00
Sobeys,8122289,GLAD Cling Wrap 60 m or Cling'n Seal,4.99,2026-09-10T00:00:00-04:00,2026-09-16T22:59:59-04:00
Sobeys,8122289,COMPLIMENTS Dry Sweeping Cloths,4.99,2026-09-10T00:00:00-04:00,2026-09-16T22:59:59-04:00
Sobeys,8122289,EARTH'S BEST Organic Bars,4.49,2026-09-10T00:00:00-04:00,2026-09-16T22:59:59-04:00
Sobeys,8122289,NIVEA Face or Body Lotion,6.99,2026-09-10T00:00:00-04:00,2026-09-16T22:59:59-04:00
Sobeys,8122289,Pads or Liners or Tampons,14.99,2026-09-10T00:00:00-04:00,2026-09-16T22:59:59-04:00
Sobeys,8122289,Flattened Chicken,5.99,2026-09-10T00:00:00-04:00,2026-09-16T22:59:59-04:00
Sobeys,8122289,Flat Cabbage,0.98,2026-09-10T00:00:00-04:00,2026-09-16T22:59:59-04:00
Sobeys,8122289,STERLING SILVER Fresh Boneless Top Sirloin Grilling Medallions,19.99,2026-09-10T00:00:00-04:00,2026-09-16T22:59:59-04:00
Sobeys,8122289,Prepared In-Store Cooked or Raw Garlic Shrimp Griller,6.99,2026-09-10T00:00:00-04:00,2026-09-16T22:59:59-04:00
Sobeys,8122289,Stuffed Mushroom Caps with Imitation Crab & Seafood Style Stuffing,8.99,2026-09-10T00:00:00-04:00,2026-09-16T22:59:59-04:00
Sobeys,8122289,Fresh Atlantic Salmon Roasts with Mediterranean-Style Stuffing,12.99,2026-09-10T00:00:00-04:00,2026-09-16T22:59:59-04:00
Sobeys,8122289,COMPLIMENTS Chocolate Chips,4.99,2026-09-10T00:00:00-04:00,2026-09-16T22:59:59-04:00
Sobeys,8122289,ROBIN HOOD Flour,7.98,2026-09-10T00:00:00-04:00,2026-09-16T22:59:59-04:00
Sobeys,8122289,FLEISCHMANN'S Baking Powder,4.49,2026-09-10T00:00:00-04:00,2026-09-16T22:59:59-04:00
Sobeys,8122289,CRISCO Shortening,3.99,2026-09-10T00:00:00-04:00,2026-09-16T22:59:59-04:00
Sobeys,8122289,Pumpkin Spice Cupcakes,7.99,2026-09-10T00:00:00-04:00,2026-09-16T22:59:59-04:00
Sobeys,8122289,Less Sodium Soy Sauce,7.98,2026-09-10T00:00:00-04:00,2026-09-16T22:59:59-04:00
Sobeys,8122289,Coconut Milk,1.28,2026-09-10T00:00:00-04:00,2026-09-16T22:59:59-04:00
Sobeys,8122289,ENFAMIL A+ NeuroPro or Gentlease,79.99,2026-09-10T00:00:00-04:00,2026-09-16T22:59:59-04:00
Sobeys,8122289,CLASSICO Pasta Sauce,2.97,2026-09-10T00:00:00-04:00,2026-09-16T22:59:59-04:00
Sobeys,8122289,ROBIN HOOD Flour,7.98,2026-09-10T00:00:00-04:00,2026-09-16T22:59:59-04:00
Sobeys,8122289,Dahlia Bouquet,19.99,2026-09-10T00:00:00-04:00,2026-09-16T22:59:59-04:00
Sobeys,8122289,COMPLIMENTS Cheese,4.99,2026-09-10T00:00:00-04:00,2026-09-16T22:59:59-04:00
Sobeys,8122289,Superfries,2.77,2026-09-10T00:00:00-04:00,2026-09-16T22:59:59-04:00
Sobeys,8122289,Bathroom Tissue,11.99,2026-09-10T00:00:00-04:00,2026-09-16T22:59:59-04:00
Sobeys,8122289,Pasta or Beans,1.25,2026-09-10T00:00:00-04:00,2026-09-16T22:59:59-04:00
Sobeys,8122289,Tomatoes on the Vine,1.49,2026-09-10T00:00:00-04:00,2026-09-16T22:59:59-04:00
Sobeys,8122289,Cauliflower,2.99,2026-09-10T00:00:00-04:00,2026-09-16T22:59:59-04:00
Sobeys,8122289,Chinese Eggplant,3.99,2026-09-10T00:00:00-04:00,2026-09-16T22:59:59-04:00
Sobeys,8122289,HEINZ Ketchup,4.97,2026-09-10T00:00:00-04:00,2026-09-16T22:59:59-04:00
Sobeys,8122289,Fresh Regular Ground Beef,5.99,2026-09-10T00:00:00-04:00,2026-09-16T22:59:59-04:00
Sobeys,8122289,"KELLOGG'S Nutri-Grain Bars, Rice Krispies Squares, Pop-Tarts or Pastry Crisps",2.99,2026-09-10T00:00:00-04:00,2026-09-16T22:59:59-04:00
Sobeys,8122289,Soft Drinks,2.0,2026-09-10T00:00:00-04:00,2026-09-16T22:59:59-04:00
Sobeys,8122289,Fresh Boneless Sirloin Tip Oven Roast or Marinating Steak,10.99,2026-09-10T00:00:00-04:00,2026-09-16T22:59:59-04:00
Sobeys,8122289,COMPLIMENTS Natural Ingredients Sliced Meat,7.99,2026-09-10T00:00:00-04:00,2026-09-16T22:59:59-04:00
Sobeys,8122289,"DEMPSTER'S Whole Grains, Protein, Fibre or Signature Bread",2.99,2026-09-10T00:00:00-04:00,2026-09-16T22:59:59-04:00
Sobeys,8122289,Spring Rolls,13.98,2026-09-10T00:00:00-04:00,2026-09-16T22:59:59-04:00
Sobeys,8122289,MINI CRUSH Fruit Jelly Jar,5.98,2026-09-10T00:00:00-04:00,2026-09-16T22:59:59-04:00
Sobeys,8122289,SAMYANG Noodles,8.28,2026-09-10T00:00:00-04:00,2026-09-16T22:59:59-04:00
Sobeys,8122289,COMPLIMENTS Cooked or Raw Shrimp,7.99,2026-09-10T00:00:00-04:00,2026-09-16T22:59:59-04:00
Sobeys,8122289,EIGHT TREASURES Thai Jasmine Rice,13.98,2026-09-10T00:00:00-04:00,2026-09-16T22:59:59-04:00
Sobeys,8122289,Ice Cream or Novelties,4.94,2026-09-10T00:00:00-04:00,2026-09-16T22:59:59-04:00
Sobeys,8122289,"LARSEN Wieners 900 g, MAPLE LEAF or SCHNEIDERS Bacon 375 g, SUNRISE Sliced Bologna 375 g, SCHNEIDERS Cooked Bacon 100 g, Juicy Jumbos or Smoked Sausages 375-450 g",5.99,2026-09-10T00:00:00-04:00,2026-09-16T22:59:59-04:00
Sobeys,8122289,EIGHT TREASURES Whole Head-On Raw Shrimp,6.88,2026-09-10T00:00:00-04:00,2026-09-16T22:59:59-04:00
Sobeys,8122289,Tubs,8.99,2026-09-10T00:00:00-04:00,2026-09-16T22:59:59-04:00
Sobeys,8122289,POGO Original 10 pk or All Beef 8 pk,9.99,2026-09-10T00:00:00-04:00,2026-09-16T22:59:59-04:00
Sobeys,8122289,Wild Yellowfin Tuna Steaks,10.99,2026-09-10T00:00:00-04:00,2026-09-16T22:59:59-04:00
Sobeys,8122289,Glorious Day Bouquet,22.99,2026-09-10T00:00:00-04:00,2026-09-16T22:59:59-04:00
Sobeys,8122289,Taste of Country Bouquet,19.99,2026-09-10T00:00:00-04:00,2026-09-16T22:59:59-04:00
Sobeys,8122289,CARNATION Evaporated Milk,2.48,2026-09-10T00:00:00-04:00,2026-09-16T22:59:59-04:00
Sobeys,8122289,AROY-D Coconut Milk - mid-autumn festival,1.98,2026-09-10T00:00:00-04:00,2026-09-16T22:59:59-04:00
Sobeys,8122289,COMPLIMENTS Newfoundland Cooked Wild Snow Crab Clusters or New Brunswick Wild Lobster Claws,22.88,2026-09-10T00:00:00-04:00,2026-09-16T22:59:59-04:00
Sobeys,8122289,Fresh Wild Haddock Fillets,15.99,2026-09-10T00:00:00-04:00,2026-09-16T22:59:59-04:00
Sobeys,8122289,Extra Large Seedless Green or Red Grapes,2.99,2026-09-10T00:00:00-04:00,2026-09-16T22:59:59-04:00
Sobeys,8122289,KRAFT Cheez Whiz 450 g or Peanut Butter 500 g or E.D. SMITH Triple Fruit Jams 250-500 mL,4.49,2026-09-10T00:00:00-04:00,2026-09-16T22:59:59-04:00
Sobeys,8122289,Butter,5.99,2026-09-10T00:00:00-04:00,2026-09-16T22:59:59-04:00
Sobeys,8122289,"RUSTICA Stuffed Crust, Rising Crust, Oven-Fired or Pan Pizza",6.99,2026-09-10T00:00:00-04:00,2026-09-16T22:59:59-04:00
Sobeys,8122289,"COMPLIMENTS Breaded Chicken, Cheese Sticks, Spring Rolls or Egg Rolls or ASIAN INSPIRATIONS or WONG WING Entrées or Appetizers",5.99,2026-09-10T00:00:00-04:00,2026-09-16T22:59:59-04:00
Sobeys,8122289,"Chef's Signature Salted Bricks, Plant-Based Bricks or Sticks",3.99,2026-09-10T00:00:00-04:00,2026-09-16T22:59:59-04:00
Sobeys,8122289,Sunflower Bouquet,8.99,2026-09-10T00:00:00-04:00,2026-09-16T22:59:59-04:00
Sobeys,8122289,SAPPORO Ichiban Noodles,5.78,2026-09-10T00:00:00-04:00,2026-09-16T22:59:59-04:00
Sobeys,8122289,NONGSHIM Ramen,5.48,2026-09-10T00:00:00-04:00,2026-09-16T22:59:59-04:00
Sobeys,8122289,"PRINGLES Sweet Chili, Spicy Hot Pot or Masala",2.49,2026-09-10T00:00:00-04:00,2026-09-16T22:59:59-04:00
Sobeys,8122289,BIG MOUNTAIN Soy-Free Tofu,4.99,2026-09-10T00:00:00-04:00,2026-09-16T22:59:59-04:00
Sobeys,8122289,GOODLEAF Salad Greens,3.99,2026-09-10T00:00:00-04:00,2026-09-16T22:59:59-04:00
Sobeys,8122289,DORITOS Tortilla Chips,7.0,2026-09-10T00:00:00-04:00,2026-09-16T22:59:59-04:00
Sobeys,8122289,Fresh Atlantic Salmon Fillets,11.99,2026-09-10T00:00:00-04:00,2026-09-16T22:59:59-04:00
Sobeys,8122289,APPLESNAX 6 pk or COMPLIMENTS Canned Fruit 398 mL or Apple Sauce 620 mL or 4-6 pk,2.22,2026-09-10T00:00:00-04:00,2026-09-16T22:59:59-04:00
Sobeys,8122289,TIDE Liquid Laundry,14.99,2026-09-10T00:00:00-04:00,2026-09-16T22:59:59-04:00
Sobeys,8122289,GLICO Pocky Bag - mid-autumn festival,3.98,2026-09-10T00:00:00-04:00,2026-09-16T22:59:59-04:00
Sobeys,8122289,DAN-D PAK Cashews,8.78,2026-09-10T00:00:00-04:00,2026-09-16T22:59:59-04:00
Sobeys,8122289,Flour,7.98,2026-09-10T00:00:00-04:00,2026-09-16T22:59:59-04:00
Sobeys,8122289,FIELD ROAST Plant-Based Stadium Dogs or Pepperoni,7.99,2026-09-10T00:00:00-04:00,2026-09-16T22:59:59-04:00
Sobeys,8122289,Broccoli Bunch,3.44,2026-09-10T00:00:00-04:00,2026-09-16T22:59:59-04:00
Sobeys,8122289,Sweet Potatoes,2.27,2026-09-10T00:00:00-04:00,2026-09-16T22:59:59-04:00
Sobeys,8122289,Green Peppers,2.49,2026-09-10T00:00:00-04:00,2026-09-16T22:59:59-04:00
Sobeys,8122289,Potted Eucalyptus,21.99,2026-09-10T00:00:00-04:00,2026-09-16T22:59:59-04:00
Sobeys,8122289,MELONA Ice Bars,5.98,2026-09-10T00:00:00-04:00,2026-09-16T22:59:59-04:00
Sobeys,8122289,Soya Sauce,2.98,2026-09-10T00:00:00-04:00,2026-09-16T22:59:59-04:00
Sobeys,8122289,Fruit Flan,18.88,2026-09-10T00:00:00-04:00,2026-09-16T22:59:59-04:00
Sobeys,8122289,Ramune Soda,2.78,2026-09-10T00:00:00-04:00,2026-09-16T22:59:59-04:00
Sobeys,8122289,Figs,5.0,2026-09-10T00:00:00-04:00,2026-09-16T22:59:59-04:00
Sobeys,8122289,Mini Rose in Self Watering Pot,9.99,2026-09-10T00:00:00-04:00,2026-09-16T22:59:59-04:00
Sobeys,8122289,Fall Harvest Mum,11.99,2026-09-10T00:00:00-04:00,2026-09-16T22:59:59-04:00
Sobeys,8122289,In-Store Made Chicken Pot Pies,5.99,2026-09-10T00:00:00-04:00,2026-09-16T22:59:59-04:00
Sobeys,8122289,COMPLIMENTS Black Forest or Honey Ham,2.99,2026-09-10T00:00:00-04:00,2026-09-16T22:59:59-04:00
Sobeys,8122289,Whole Maple Baked Ham,1.49,2026-09-10T00:00:00-04:00,2026-09-16T22:59:59-04:00
Sobeys,8122289,"COMPLIMENTS Regular Hummus, Topped Hummus or Dips",3.49,2026-09-10T00:00:00-04:00,2026-09-16T22:59:59-04:00
Sobeys,8122289,Cheese Sticks,5.99,2026-09-10T00:00:00-04:00,2026-09-16T22:59:59-04:00
Sobeys,8122289,Raisin or Cinnamon Raisin Bread,4.99,2026-09-10T00:00:00-04:00,2026-09-16T22:59:59-04:00
Sobeys,8122289,"PANACHE Irish, English, Scottish Cheddar or Red Leicester Cheese",7.99,2026-09-10T00:00:00-04:00,2026-09-16T22:59:59-04:00
Sobeys,8122289,CENTRUM Multivitamin Tablets,18.99,2026-09-10T00:00:00-04:00,2026-09-16T22:59:59-04:00
Sobeys,8122289,Toaster Strudels,3.99,2026-09-10T00:00:00-04:00,2026-09-16T22:59:59-04:00
Sobeys,8122289,Chocolate Bars,4.49,2026-09-10T00:00:00-04:00,2026-09-16T22:59:59-04:00
Sobeys,8122289,COMPLIMENTS Frozen Vegetables,4.49,2026-09-10T00:00:00-04:00,2026-09-16T22:59:59-04:00
Sobeys,8122289,Infant Formula Tubs,55.99,2026-09-10T00:00:00-04:00,2026-09-16T22:59:59-04:00
Sobeys,8122289,Bathroom Tissue,15.99,2026-09-10T00:00:00-04:00,2026-09-16T22:59:59-04:00
Sobeys,8122289,COMPLIMENTS Chicken Wings,14.99,2026-09-10T00:00:00-04:00,2026-09-16T22:59:59-04:00
Sobeys,8122289,NATREL Lactose Free Creamer,4.99,2026-09-10T00:00:00-04:00,2026-09-16T22:59:59-04:00
Sobeys,8122289,OLYMPIC Organic Original or Greek Yogurt,12.49,2026-09-10T00:00:00-04:00,2026-09-16T22:59:59-04:00
Sobeys,8122289,Lasagna,4.49,2026-09-10T00:00:00-04:00,2026-09-16T22:59:59-04:00
Sobeys,8122289,"COMPLIMENTS Breaded or Battered Haddock or Pan Seared Haddock, Cod, Sole or Salmon Fillets",14.99,2026-09-10T00:00:00-04:00,2026-09-16T22:59:59-04:00
Sobeys,8122289,VH Sauces,3.98,2026-09-10T00:00:00-04:00,2026-09-16T22:59:59-04:00
Sobeys,8122289,"HUGGIES Giga Little Movers, Little Snugglers, Snug & Dry or Overnites Diapers",29.99,2026-09-10T00:00:00-04:00,2026-09-16T22:59:59-04:00
Sobeys,8122289,COMPLIMENTS ORGANIC Baby Pouches,1.49,2026-09-10T00:00:00-04:00,2026-09-16T22:59:59-04:00
Sobeys,8122289,Baby or Toddler Mum-Mum Wafers,2.99,2026-09-10T00:00:00-04:00,2026-09-16T22:59:59-04:00
Sobeys,8122289,Kettle Chips,9.0,2026-09-10T00:00:00-04:00,2026-09-16T22:59:59-04:00
Sobeys,8122289,Dipps or Chewy Granola Bars,2.99,2026-09-10T00:00:00-04:00,2026-09-16T22:59:59-04:00
Sobeys,8122289,CLOVER LEAF Tuna Salad,4.49,2026-09-10T00:00:00-04:00,2026-09-16T22:59:59-04:00
Sobeys,8122289,CAMPBELL'S Broth,5.0,2026-09-10T00:00:00-04:00,2026-09-16T22:59:59-04:00
Sobeys,8122289,Cooking Sprays,5.99,2026-09-10T00:00:00-04:00,2026-09-16T22:59:59-04:00
Sobeys,8122289,RED BULL Energy Drinks,6.5,2026-09-10T00:00:00-04:00,2026-09-16T22:59:59-04:00
Sobeys,8122289,COMPLIMENTS Coconut,3.49,2026-09-10T00:00:00-04:00,2026-09-16T22:59:59-04:00
Sobeys,8122289,Instant Pudding,5.0,2026-09-10T00:00:00-04:00,2026-09-16T22:59:59-04:00
Sobeys,8122289,COMPLIMENTS Tablet Bars,3.79,2026-09-10T00:00:00-04:00,2026-09-16T22:59:59-04:00
Sobeys,8122289,TENDERFLAKE Pure Lard,5.49,2026-09-10T00:00:00-04:00,2026-09-16T22:59:59-04:00
Sobeys,8122289,COMPLIMENTS Parmesan Cheese,7.99,2026-09-10T00:00:00-04:00,2026-09-16T22:59:59-04:00
Sobeys,8122289,MAYNARDS X-Large Bagged Candy,9.99,2026-09-10T00:00:00-04:00,2026-09-16T22:59:59-04:00
Sobeys,8122289,COMPLIMENTS Cocktail-Flavoured Sparkling Beverage,5.99,2026-09-10T00:00:00-04:00,2026-09-16T22:59:59-04:00
Sobeys,8122289,COMPLIMENTS Taco or Fajita Seasonings,0.99,2026-09-10T00:00:00-04:00,2026-09-16T22:59:59-04:00
Sobeys,8122289,COMPLIMENTS English Muffins,2.49,2026-09-10T00:00:00-04:00,2026-09-16T22:59:59-04:00
Sobeys,8122289,COMPLIMENTS Honey,6.99,2026-09-10T00:00:00-04:00,2026-09-16T22:59:59-04:00
Sobeys,8122289,COMPLIMENTS Apple Juice,3.5,2026-09-10T00:00:00-04:00,2026-09-16T22:59:59-04:00
Sobeys,8122289,DEMPSTER'S,4.99,2026-09-10T00:00:00-04:00,2026-09-16T22:59:59-04:00
Sobeys,8122289,TWININGS Tea,3.99,2026-09-10T00:00:00-04:00,2026-09-16T22:59:59-04:00
Sobeys,8122289,Jumbo Cereal,8.99,2026-09-10T00:00:00-04:00,2026-09-16T22:59:59-04:00
Sobeys,8122289,Asian-Style Meals - mid-autumn festival,1.98,2026-09-10T00:00:00-04:00,2026-09-16T22:59:59-04:00
Sobeys,8122289,Bean Sprouts,1.98,2026-09-10T00:00:00-04:00,2026-09-16T22:59:59-04:00
Sobeys,8122289,COMPLIMENTS ORGANIC Paste Herbs,6.49,2026-09-10T00:00:00-04:00,2026-09-16T22:59:59-04:00
Sobeys,8122289,Grade A Duck - mid-autumn festival,5.88,2026-09-10T00:00:00-04:00,2026-09-16T22:59:59-04:00
Sobeys,8122289,Large Cantaloupe,2.99,2026-09-10T00:00:00-04:00,2026-09-16T22:59:59-04:00
Sobeys,8122289,HORMEL Entertaining Deli Trays,22.99,2026-09-10T00:00:00-04:00,2026-09-16T22:59:59-04:00
Sobeys,8122289,Organic Bars,5.0,2026-09-10T00:00:00-04:00,2026-09-16T22:59:59-04:00
Sobeys,8122289,COMPLIMENTS Walnuts,6.88,2026-09-10T00:00:00-04:00,2026-09-16T22:59:59-04:00
Sobeys,8122289,Extra Firm Tofu,3.48,2026-09-10T00:00:00-04:00,2026-09-16T22:59:59-04:00
Sobeys,8122289,THAI KITCHEN Curry Paste,4.98,2026-09-10T00:00:00-04:00,2026-09-16T22:59:59-04:00
Sobeys,8122289,Pomelo,4.0,2026-09-10T00:00:00-04:00,2026-09-16T22:59:59-04:00
Sobeys,8122289,Mini Seedless Cucumbers,2.99,2026-09-10T00:00:00-04:00,2026-09-16T22:59:59-04:00
Sobeys,8122289,MARINA DEL REY Wild Argentinian Raw Shrimp,8.99,2026-09-10T00:00:00-04:00,2026-09-16T22:59:59-04:00
Sobeys,8122289,Turkey Bites or Mini Pepperoni Sticks,10.99,2026-09-10T00:00:00-04:00,2026-09-16T22:59:59-04:00
Sobeys,8122289,Fresh Boneless Pork Loin Centre Stir-Fry Strips or Cutlets,5.99,2026-09-10T00:00:00-04:00,2026-09-16T22:59:59-04:00
Sobeys,8122289,Decorative Pumpkins or Gourds,6.99,2026-09-10T00:00:00-04:00,2026-09-16T22:59:59-04:00
Sobeys,8122289,Deodorant,3.99,2026-09-10T00:00:00-04:00,2026-09-16T22:59:59-04:00
Sobeys,8122289,Petit Beurre Biscuits,1.49,2026-09-10T00:00:00-04:00,2026-09-16T22:59:59-04:00
Sobeys,8122289,ROSHEN Wafers Sandwich Cookies,2.79,2026-09-10T00:00:00-04:00,2026-09-16T22:59:59-04:00
Sobeys,8122289,ANCHOR'S BAY Cooked Mussel or Clam Meat or Seafood Medley,4.99,2026-09-10T00:00:00-04:00,2026-09-16T22:59:59-04:00
Sobeys,8122289,HUY FONG Sriracha Chili Sauce,5.78,2026-09-10T00:00:00-04:00,2026-09-16T22:59:59-04:00
Sobeys,8122289,"COMPLIMENTS Premium or Stuffed, CARDINAL ROADHOUSE or BELMONT Burgers",15.99,2026-09-10T00:00:00-04:00,2026-09-16T22:59:59-04:00
Sobeys,8122289,"Shampoo, Conditioner or Stylers",7.99,2026-09-10T00:00:00-04:00,2026-09-16T22:59:59-04:00
Sobeys,8122289,METHOD Body Wash,4.0,2026-09-10T00:00:00-04:00,2026-09-16T22:59:59-04:00
Sobeys,8122289,Cleaner,5.99,2026-09-10T00:00:00-04:00,2026-09-16T22:59:59-04:00
Sobeys,8122289,True Instinct Wet Dog Food,15.99,2026-09-10T00:00:00-04:00,2026-09-16T22:59:59-04:00
Sobeys,8122289,WHISKAS Favourites Pouches,1.0,2026-09-10T00:00:00-04:00,2026-09-16T22:59:59-04:00
Sobeys,8122289,3-Step Kits,3.98,2026-09-10T00:00:00-04:00,2026-09-16T22:59:59-04:00
Sobeys,8122289,COMPLIMENTS Mini Naan,3.99,2026-09-10T00:00:00-04:00,2026-09-16T22:59:59-04:00
Sobeys,8122289,Friskies Dry Cat Food,7.49,2026-09-10T00:00:00-04:00,2026-09-16T22:59:59-04:00
Sobeys,8122289,"Fresh Boneless Top Sirloin Grilling Steaks, Family Size or Premium Oven Roast",17.99,2026-09-10T00:00:00-04:00,2026-09-16T22:59:59-04:00
Sobeys,8122289,Lo Bok,2.0,2026-09-10T00:00:00-04:00,2026-09-16T22:59:59-04:00
Sobeys,8122289,GRACE Corned Beef,6.99,2026-09-10T00:00:00-04:00,2026-09-16T22:59:59-04:00
Sobeys,8122289,P.F. CHANG'S Home Menu Sauces,4.98,2026-09-10T00:00:00-04:00,2026-09-16T22:59:59-04:00
Sobeys,8122289,WATERWIPES Baby Wipes,5.49,2026-09-10T00:00:00-04:00,2026-09-16T22:59:59-04:00
Sobeys,8122289,BORJOMI Carbonated Mineral Water,3.29,2026-09-10T00:00:00-04:00,2026-09-16T22:59:59-04:00
Sobeys,8122289,GRACE Virgin Coconut Oil,10.99,2026-09-10T00:00:00-04:00,2026-09-16T22:59:59-04:00
Sobeys,8122289,Taco Meal Kit,2.0,2026-09-10T00:00:00-04:00,2026-09-16T22:59:59-04:00
Sobeys,8122289,Basmati Rice,8.99,2026-09-10T00:00:00-04:00,2026-09-16T22:59:59-04:00
Sobeys,8122289,WONDERFUL Pistachios,8.99,2026-09-10T00:00:00-04:00,2026-09-16T22:59:59-04:00
Sobeys,8122289,MAPLE LODGE FARMS Chicken Sausage,5.99,2026-09-10T00:00:00-04:00,2026-09-16T22:59:59-04:00
Sobeys,8122289,Ultimate Cookies,2.99,2026-09-10T00:00:00-04:00,2026-09-16T22:59:59-04:00
Sobeys,8122289,Panko Bread Crumbs,3.48,2026-09-10T00:00:00-04:00,2026-09-16T22:59:59-04:00
No Frills,8124360,"NONGSHIM SHIN NOODLES, 388-548 G",7.5,2026-09-10T00:00:00-04:00,2026-09-16T23:59:59-04:00
No Frills,8124360,"SCHNEIDERS PEPPERETTES, 250-375 G",6.5,2026-09-10T00:00:00-04:00,2026-09-16T23:59:59-04:00
No Frills,8124360,"MEGA SARDINES, 155 G",0.88,2026-09-10T00:00:00-04:00,2026-09-16T23:59:59-04:00
No Frills,8124360,RED OR GREEN SEEDLESS GRAPES,2.99,2026-09-10T00:00:00-04:00,2026-09-16T23:59:59-04:00
No Frills,8124360,"OASIS HEALTH BREAK JUICE OR SMOOTHIE, 1.6 L",4.29,2026-09-10T00:00:00-04:00,2026-09-16T23:59:59-04:00
No Frills,8124360,"CRISPY ROTI WRAPS, 15'S",2.99,2026-09-10T00:00:00-04:00,2026-09-16T23:59:59-04:00
No Frills,8124360,OKRA,3.99,2026-09-10T00:00:00-04:00,2026-09-16T23:59:59-04:00
No Frills,8124360,"JELL-O DESSERTS, 4'S",3.25,2026-09-10T00:00:00-04:00,2026-09-16T23:59:59-04:00
No Frills,8124360,"CATELLI PROTEIN+ PASTA, 340 G",3.0,2026-09-10T00:00:00-04:00,2026-09-16T23:59:59-04:00
No Frills,8124360,"SMUCKER'S UNCRUSTABLES, 4 x 58 G",4.75,2026-09-10T00:00:00-04:00,2026-09-16T23:59:59-04:00
No Frills,8124360,"BLACK DIAMOND CHEESTRINGS OR SNACKS, 252/336 G OR CRACKER BARREL CHEESE SHREDS, 320 G",6.0,2026-09-10T00:00:00-04:00,2026-09-16T23:59:59-04:00
No Frills,8124360,"SAPUTO TUB CHEESE, 125-200 G OR BARI RICOTTA, 500 G",5.0,2026-09-10T00:00:00-04:00,2026-09-16T23:59:59-04:00
No Frills,8124360,WHITE POTATOES,3.99,2026-09-10T00:00:00-04:00,2026-09-16T23:59:59-04:00
No Frills,8124360,"EARTH'S OWN ALMOND, OAT OR SOY MILK ALTERNATIVES, 1.75/1.89 L",3.33,2026-09-10T00:00:00-04:00,2026-09-16T23:59:59-04:00
No Frills,8124360,GINGER ROOT,2.99,2026-09-10T00:00:00-04:00,2026-09-16T23:59:59-04:00
No Frills,8124360,ROMAINE HEARTS,4.99,2026-09-10T00:00:00-04:00,2026-09-16T23:59:59-04:00
No Frills,8124360,"PEDIGREE WET DOG FOOD, 375 G",1.75,2026-09-10T00:00:00-04:00,2026-09-16T23:59:59-04:00
No Frills,8124360,"GENERAL MILLS FAMILY SIZE CEREAL,317-725 G",4.87,2026-09-10T00:00:00-04:00,2026-09-16T23:59:59-04:00
No Frills,8124360,"MINUTE MAID ZERO SUGAR FRUIT DRINKS, 1.54 L or FUZE ICED TEA, 1.75 L",3.75,2026-09-10T00:00:00-04:00,2026-09-16T23:59:59-04:00
No Frills,8124360,"NESTLÉ ASSORTED MINI BARS AND CANDIES, 977 g",16.99,2026-09-10T00:00:00-04:00,2026-09-16T23:59:59-04:00
No Frills,8124360,"GALLO EXTRA VIRGIN OLIVE OIL, 750 ML/1 L",8.99,2026-09-10T00:00:00-04:00,2026-09-16T23:59:59-04:00
No Frills,8124360,"PATTY KING JAMAICAN STYLE BEEF PATTIES, 1.17 KG",9.99,2026-09-10T00:00:00-04:00,2026-09-16T23:59:59-04:00
No Frills,8124360,"MAYNARDS CANDY, 308 - 315 G",3.0,2026-09-10T00:00:00-04:00,2026-09-16T23:59:59-04:00
No Frills,8124360,ST. LOUIS STYLE PORK SIDE RIBS,5.5,2026-09-10T00:00:00-04:00,2026-09-16T23:59:59-04:00
No Frills,8124360,"CARNATION EVAPORATED MILK, 354 mL",1.75,2026-09-10T00:00:00-04:00,2026-09-16T23:59:59-04:00
No Frills,8124360,"MICHELINA'S DINNER ENTREES, 128-284 g",1.0,2026-09-10T00:00:00-04:00,2026-09-16T23:59:59-04:00
No Frills,8124360,"OX HEAD FRAGRANT RICE, 7 kg",15.88,2026-09-10T00:00:00-04:00,2026-09-16T23:59:59-04:00
No Frills,8124360,"SANPELLEGRINO SPARKLING MINERAL WATER, 750 mL",2.25,2026-09-10T00:00:00-04:00,2026-09-16T23:59:59-04:00
No Frills,8124360,"DARE BEAR PAWS, VIVA PUFFS or WAGON WHEELS COOKIES, 168-360 g",2.22,2026-09-10T00:00:00-04:00,2026-09-16T23:59:59-04:00
No Frills,8124360,KALE,1.99,2026-09-10T00:00:00-04:00,2026-09-16T23:59:59-04:00
No Frills,8124360,"SWISS CHALET or MONTANA'S PORK BACK RIBS, 600/650 g",10.99,2026-09-10T00:00:00-04:00,2026-09-16T23:59:59-04:00
No Frills,8124360,"COCA-COLA OR PEPSI SOFT DRINKS, 24X355 ML",13.99,2026-09-10T00:00:00-04:00,2026-09-16T23:59:59-04:00
No Frills,8124360,RUTABAGAS,0.99,2026-09-10T00:00:00-04:00,2026-09-16T23:59:59-04:00
No Frills,8124360,"BREYERS CREAMERY STYLE ICE CREAM, 1.4 L",4.5,2026-09-10T00:00:00-04:00,2026-09-16T23:59:59-04:00
No Frills,8124360,"WHOLE SEEDLESS WATERMELON, 9 LB AVERAGE",6.99,2026-09-10T00:00:00-04:00,2026-09-16T23:59:59-04:00
No Frills,8124360,"NO NAME® SANDWICH BAGS, 100's",2.0,2026-09-10T00:00:00-04:00,2026-09-16T23:59:59-04:00
No Frills,8124360,"DAIYA GLUTEN-FREE, DAIRY FREE PIZZA, 363-550 g",8.0,2026-09-10T00:00:00-04:00,2026-09-16T23:59:59-04:00
No Frills,8124360,NESTLÉ CHOCOLATE MULTIPACK 4's or BAGS 76-203 g,2.88,2026-09-10T00:00:00-04:00,2026-09-16T23:59:59-04:00
No Frills,8124360,"MAISON PERRIER SPARKLING WATER, 8x330 ml",6.5,2026-09-10T00:00:00-04:00,2026-09-16T23:59:59-04:00
No Frills,8124360,CAULIFLOWER,3.99,2026-09-10T00:00:00-04:00,2026-09-16T23:59:59-04:00
No Frills,8124360,"PC® WHOLE CREMINI or WHITE MUSHROOMS, 227 G",2.49,2026-09-10T00:00:00-04:00,2026-09-16T23:59:59-04:00
No Frills,8124360,"NO NAME® DISHWASHING LIQUID, 800 mL",2.29,2026-09-10T00:00:00-04:00,2026-09-16T23:59:59-04:00
No Frills,8124360,"CHEEMO PEROGIES, 745/907 g",3.0,2026-09-10T00:00:00-04:00,2026-09-16T23:59:59-04:00
No Frills,8124360,ARMSTRONG or PC® SHREDDED CHEESE 250-320 g or ARMSTRONG CHEESE 400 g,4.99,2026-09-10T00:00:00-04:00,2026-09-16T23:59:59-04:00
No Frills,8124360,"NESTLÉ SINGLE CHOCOLATE BARS or CANDY, 41-60 g",1.0,2026-09-10T00:00:00-04:00,2026-09-16T23:59:59-04:00
No Frills,8124360,"KNORR SIDEKICKS, 120-162 g",2.0,2026-09-10T00:00:00-04:00,2026-09-16T23:59:59-04:00
No Frills,8124360,"CAVENDISH FARMS CLASSIC FRIES, 800 g",2.25,2026-09-10T00:00:00-04:00,2026-09-16T23:59:59-04:00
No Frills,8124360,"FARMER'S MARKET™ LEMONS, 2 LB BAG",4.99,2026-09-10T00:00:00-04:00,2026-09-16T23:59:59-04:00
No Frills,8124360,KIND HEALTHY GRAINS BARS 175 g or BREAKFAST BARS 200 g,4.0,2026-09-10T00:00:00-04:00,2026-09-16T23:59:59-04:00
No Frills,8124360,"PC® ALL BUTTER CROISSANTS, 312-360 g",5.5,2026-09-10T00:00:00-04:00,2026-09-16T23:59:59-04:00
No Frills,8124360,"FARMER'S MARKET™ GRAVENSTEIN or PAULA RED APPLES, 4 LB BAG",4.99,2026-09-10T00:00:00-04:00,2026-09-16T23:59:59-04:00
No Frills,8124360,"T&T® ALOE VERA DRINK, 1.5 L",2.48,2026-09-10T00:00:00-04:00,2026-09-16T23:59:59-04:00
No Frills,8124360,"POPSICLE ORIGINAL, 12's",3.99,2026-09-10T00:00:00-04:00,2026-09-16T23:59:59-04:00
No Frills,8124360,HAAGEN-DAZS ICE CREAM 414/450 mL or BARS 3/4's,4.99,2026-09-10T00:00:00-04:00,2026-09-16T23:59:59-04:00
No Frills,8124360,"MAISON PERRIER SPARKLING WATER, 6x500 mL",6.5,2026-09-10T00:00:00-04:00,2026-09-16T23:59:59-04:00
No Frills,8124360,KRAFT SINGLES 410 g or CHEEZ WHIZ 450 g,4.0,2026-09-10T00:00:00-04:00,2026-09-16T23:59:59-04:00
No Frills,8124360,"POGO ORIGINAL CORN DOGS, 1.5 kg",10.0,2026-09-10T00:00:00-04:00,2026-09-16T23:59:59-04:00
No Frills,8124360,CREST PRO-HEALTH GUM DETOXIFY TOOTHPASTE 110 mL or PRO-HEALTH MOUTHWASH 1 L,7.0,2026-09-10T00:00:00-04:00,2026-09-16T23:59:59-04:00
No Frills,8124360,"LYSOL DISINFECTING WIPES, 75/84's, ALL-PURPOSE CLEANER TRIGGER, 950 mL or DISINFECTANT SPRAY, 350 g",5.5,2026-09-10T00:00:00-04:00,2026-09-16T23:59:59-04:00
No Frills,8124360,"NO NAME® NATURALLY IMPERFECT™ GREEN or MIXED PEPPERS, 2.5 LB BAG",5.0,2026-09-10T00:00:00-04:00,2026-09-16T23:59:59-04:00
No Frills,8124360,"PURINA ALPO COOKOUT CLASSICS DRY DOG FOOD, 16 kg",32.0,2026-09-10T00:00:00-04:00,2026-09-16T23:59:59-04:00
No Frills,8124360,"FARMER'S MARKET™ GRAPE TOMATOES, 283 G or MINI CUCUMBERS, PKG OF 6",2.99,2026-09-10T00:00:00-04:00,2026-09-16T23:59:59-04:00
No Frills,8124360,"ITALPASTA pâtes, 750 G",1.33,2026-09-10T00:00:00-04:00,2026-09-16T23:59:59-04:00
No Frills,8124360,"QUAKER DIPPS OR CHEWY GRANOLA BARS, 120-156 G",2.29,2026-09-10T00:00:00-04:00,2026-09-16T23:59:59-04:00
No Frills,8124360,"HABITANT, 796 ML OR CAMPBELL'S READY TO SERVE SOUP, 515 ML",2.29,2026-09-10T00:00:00-04:00,2026-09-16T23:59:59-04:00
No Frills,8124360,"PRINGLES POTATO CRISPS, 148/156 g",2.5,2026-09-10T00:00:00-04:00,2026-09-16T23:59:59-04:00
No Frills,8124360,"MARZETTI DIPS, 340g",4.0,2026-09-10T00:00:00-04:00,2026-09-16T23:59:59-04:00
No Frills,8124360,"BRAR'S DAIRY DAHI, 1.8 kg",7.5,2026-09-10T00:00:00-04:00,2026-09-16T23:59:59-04:00
No Frills,8124360,"UNICO OLIVES, PEPPER RINGS, PEPERONCINI or CAPERS, 125-750 mL",2.99,2026-09-10T00:00:00-04:00,2026-09-16T23:59:59-04:00
No Frills,8124360,"SNYDER'S PRETZELS, 240 g",3.0,2026-09-10T00:00:00-04:00,2026-09-16T23:59:59-04:00
No Frills,8124360,"GOLDFISH CRACKERS, 156-204 g",2.25,2026-09-10T00:00:00-04:00,2026-09-16T23:59:59-04:00
No Frills,8124360,"FARMER'S MARKET™ or PC® THE DECADENT™ MUFFINS, 4/6's",5.0,2026-09-10T00:00:00-04:00,2026-09-16T23:59:59-04:00
No Frills,8124360,"CHEEZ-IT CRACKERS, 191/200 g",2.0,2026-09-10T00:00:00-04:00,2026-09-16T23:59:59-04:00
No Frills,8124360,"PC® CONDENSED MILK, 300 mL",2.5,2026-09-10T00:00:00-04:00,2026-09-16T23:59:59-04:00
No Frills,8124360,"KOOL-AID JAMMERS, 10x180 mL or MIO, CRYSTAL LIGHT™, or Kool-Aid Liquid Water Enhancers, 48 ml/24-56 g",3.0,2026-09-10T00:00:00-04:00,2026-09-16T23:59:59-04:00
No Frills,8124360,"PC® LITTLE GEMS™ RED, YELLOW or MIXED MINI POTATOES, 680 G or FARMLAND® BABY CUT MINI CARROTS, 2 LB BAG",3.99,2026-09-10T00:00:00-04:00,2026-09-16T23:59:59-04:00
No Frills,8124360,IÖGO 16 X 100 G OR SIGGI'S YOGURT 650/750 G,6.5,2026-09-10T00:00:00-04:00,2026-09-16T23:59:59-04:00
No Frills,8124360,"HERSHEY'S CHIPITS, 200-270 g",5.0,2026-09-10T00:00:00-04:00,2026-09-16T23:59:59-04:00
No Frills,8124360,"PC® BLUE MENU® EXTRA LEAN CHICKEN BREASTS, up to 420 g",9.0,2026-09-10T00:00:00-04:00,2026-09-16T23:59:59-04:00
No Frills,8124360,"MAPLE LEAF PRIME CHICKEN DRUMSTICKS, up to 672 g",6.0,2026-09-10T00:00:00-04:00,2026-09-16T23:59:59-04:00
No Frills,8124360,"COUNTRY HARVEST BREAD, 600 g or BAGELS, 6's",3.5,2026-09-10T00:00:00-04:00,2026-09-16T23:59:59-04:00
No Frills,8124360,"VH SAUCE, 341-380 mL",3.0,2026-09-10T00:00:00-04:00,2026-09-16T23:59:59-04:00
No Frills,8124360,"SAPUTO MOZZARELLISSIMA, 500 g",6.0,2026-09-10T00:00:00-04:00,2026-09-16T23:59:59-04:00
No Frills,8124360,"PC® LIGHTWEIGHT MULTI-CAT CLUMPING LITTER, 9 kg",18.0,2026-09-10T00:00:00-04:00,2026-09-16T23:59:59-04:00
No Frills,8124360,"KELLOGG'S EGGO WAFFLES, 8's",3.5,2026-09-10T00:00:00-04:00,2026-09-16T23:59:59-04:00
No Frills,8124360,"FRANCO-AMERICAN GRAVY, 284 mL",0.79,2026-09-10T00:00:00-04:00,2026-09-16T23:59:59-04:00
No Frills,8124360,"EXCEL GUM MULTIPACKS, 3x18's",3.5,2026-09-10T00:00:00-04:00,2026-09-16T23:59:59-04:00
No Frills,8124360,"BIBIGO MANDU or MINI WONTONS, 680 g",7.5,2026-09-10T00:00:00-04:00,2026-09-16T23:59:59-04:00
No Frills,8124360,"GREEN GIANT VEGETABLES, 283-750 g",4.0,2026-09-10T00:00:00-04:00,2026-09-16T23:59:59-04:00
No Frills,8124360,"WHISKAS PERFECT PORTIONS WET CAT FOOD, 900 g",15.0,2026-09-10T00:00:00-04:00,2026-09-16T23:59:59-04:00
No Frills,8124360,PORK COMBO CHOPS,5.0,2026-09-10T00:00:00-04:00,2026-09-16T23:59:59-04:00
No Frills,8124360,"LILYDALE SLICED DELI MEAT, 500 g",6.5,2026-09-10T00:00:00-04:00,2026-09-16T23:59:59-04:00
No Frills,8124360,GREEN CABBAGE,0.99,2026-09-10T00:00:00-04:00,2026-09-16T23:59:59-04:00
No Frills,8124360,"TRESEMMÉ HAIR CARE, 198-311 g/236-828 mL",7.0,2026-09-10T00:00:00-04:00,2026-09-16T23:59:59-04:00
No Frills,8124360,"THE LAUGHING COW CHEESE, 133 g",3.0,2026-09-10T00:00:00-04:00,2026-09-16T23:59:59-04:00
No Frills,8124360,"WINDEX GLASS CLEANER 765 mL, SCRUBBING BUBBLES 946/950 mL or FANTASTIK 650 mL",4.5,2026-09-10T00:00:00-04:00,2026-09-16T23:59:59-04:00
No Frills,8124360,"SEAQUEST® SEAFOOD MEDLEY, 340 g",5.48,2026-09-10T00:00:00-04:00,2026-09-16T23:59:59-04:00
No Frills,8124360,"BACHAN'S JAPANESE BBQ SAUCE, 355 mL",7.99,2026-09-10T00:00:00-04:00,2026-09-16T23:59:59-04:00
No Frills,8124360,"OCEAN'S WHITE TUNA, 120 - 180 g",3.0,2026-09-10T00:00:00-04:00,2026-09-16T23:59:59-04:00
No Frills,8124360,"LA FOURNÉE DORÉE SLICED BRIOCHE BREAD, 500 g",5.0,2026-09-10T00:00:00-04:00,2026-09-16T23:59:59-04:00
No Frills,8124360,"BASA STEAKS, 1 kg",8.0,2026-09-10T00:00:00-04:00,2026-09-16T23:59:59-04:00
No Frills,8124360,"NESTLÉ DRUMSTICK, 41",4.99,2026-09-10T00:00:00-04:00,2026-09-16T23:59:59-04:00
No Frills,8124360,PLANTAINS,1.29,2026-09-10T00:00:00-04:00,2026-09-16T23:59:59-04:00
No Frills,8124360,CILANTRO,1.29,2026-09-10T00:00:00-04:00,2026-09-16T23:59:59-04:00
No Frills,8124360,"PRANA PLAIN PARATHA, 2.4 kg",8.99,2026-09-10T00:00:00-04:00,2026-09-16T23:59:59-04:00
No Frills,8124360,"BLOOM ENERGY DRINKS, 355 mL",3.0,2026-09-10T00:00:00-04:00,2026-09-16T23:59:59-04:00
No Frills,8124360,BLUE PLUMS,5.99,2026-09-10T00:00:00-04:00,2026-09-16T23:59:59-04:00
No Frills,8124360,"MINI BABYBEL 102/120 g CHEESE, MASTRO SALAMI 150 g or SAN DANIELE PROSCIUTTO 100 g",4.0,2026-09-10T00:00:00-04:00,2026-09-16T23:59:59-04:00
No Frills,8124360,"HERSHEY'S, REESE'S or BROOKSIDE CHOCOLATE POUCHES, 160-235 g",4.5,2026-09-10T00:00:00-04:00,2026-09-16T23:59:59-04:00
No Frills,8124360,BROCCOLI CROWNS,1.99,2026-09-10T00:00:00-04:00,2026-09-16T23:59:59-04:00
No Frills,8124360,"ROYALE BATHROOM TISSUE, 8=16 ROLLS OR ROYALE FACIAL TISSUE, 6X100 SHEETS",5.0,2026-09-10T00:00:00-04:00,2026-09-16T23:59:59-04:00
No Frills,8124360,CRAVE DINNER ENTREES 200-340 g or KRAFT DELUXE MAC & CHEESE 340 g,4.5,2026-09-10T00:00:00-04:00,2026-09-16T23:59:59-04:00
No Frills,8124360,"EAT SMART SWEET KALE or TAYLOR FARMS CHOP SALAD KITS, 292-383 G",3.99,2026-09-10T00:00:00-04:00,2026-09-16T23:59:59-04:00
No Frills,8124360,"KRAFT PEANUT BUTTER, 750 g/1 kg or HAZELNUT SPREAD, 725 g",5.97,2026-09-10T00:00:00-04:00,2026-09-16T23:59:59-04:00
No Frills,8124360,CELERY,2.49,2026-09-10T00:00:00-04:00,2026-09-16T23:59:59-04:00
No Frills,8124360,"SANPELLEGRINO NATURALI, LIGHT or CIAO SPARKLING FRUIT BEVERAGES, 6 x 330 mL",6.5,2026-09-10T00:00:00-04:00,2026-09-16T23:59:59-04:00
No Frills,8124360,"ETNICO CHICKEN GIZZARDS, HEARTS or LIVERS, up to 699 g",9.0,2026-09-10T00:00:00-04:00,2026-09-16T23:59:59-04:00
No Frills,8124360,"BECEL MARGARINE, PLANT BUTTER or I CAN'T BELIEVE IT'S NOT BUTTER! MARGARINE, 400-800 g",3.99,2026-09-10T00:00:00-04:00,2026-09-16T23:59:59-04:00
No Frills,8124360,"BEN & JERRY'S ICE CREAM, 473 mL",4.99,2026-09-10T00:00:00-04:00,2026-09-16T23:59:59-04:00
No Frills,8124360,"EARTH'S OWN BARISTA, 946 mL",4.5,2026-09-10T00:00:00-04:00,2026-09-16T23:59:59-04:00
No Frills,8124360,"OLIVIERI SKILLET GNOCCHI, 280/300 g",4.0,2026-09-10T00:00:00-04:00,2026-09-16T23:59:59-04:00
No Frills,8124360,"CLIF ENERGY BARS, 5x68 g",8.0,2026-09-10T00:00:00-04:00,2026-09-16T23:59:59-04:00
No Frills,8124360,"PC® BLUE MENU® MARGARINE, 907 g",5.0,2026-09-10T00:00:00-04:00,2026-09-16T23:59:59-04:00
No Frills,8124360,"NO NAME® DISINFECTANT WIPES, 35's",2.5,2026-09-10T00:00:00-04:00,2026-09-16T23:59:59-04:00
No Frills,8124360,"OLIVIERI PASTA, 300/350 g, SAUCE, 300 mL or ZIGGY'S® PASTA, 600 g",5.0,2026-09-10T00:00:00-04:00,2026-09-16T23:59:59-04:00
No Frills,8124360,"NO NAME® BREAD, 520 g",2.89,2026-09-10T00:00:00-04:00,2026-09-16T23:59:59-04:00
No Frills,8124360,"BLACKBERRIES, RASPBERRIES or CANTALOUPE, 6 OZ CLAMSHELL",4.99,2026-09-10T00:00:00-04:00,2026-09-16T23:59:59-04:00
No Frills,8124360,"MR. NOODLES RAMEN INSTANT NOODLES, 85 g",0.37,2026-09-10T00:00:00-04:00,2026-09-16T23:59:59-04:00
No Frills,8124360,BUNCH SPINACH,2.49,2026-09-10T00:00:00-04:00,2026-09-16T23:59:59-04:00
No Frills,8124360,"FARMERS MARKET™ CARROTS, 10 LB BAG",4.99,2026-09-10T00:00:00-04:00,2026-09-16T23:59:59-04:00
No Frills,8124360,"VILLA DI MANNO BUNS, 6's",3.5,2026-09-10T00:00:00-04:00,2026-09-16T23:59:59-04:00
No Frills,8124360,"KELLOGG'S NUTRI-GRAIN BARS, 295 g, POP-TARTS, 384 g, RICE KRISPIES SQUARES, 154-176 g or SPECIAL K FRUIT CRISPS, 125 g",2.49,2026-09-10T00:00:00-04:00,2026-09-16T23:59:59-04:00
No Frills,8124360,"SEAQUEST® PACIFIC WHITE SHRIMP, 16-20/lb, 300 g",8.0,2026-09-10T00:00:00-04:00,2026-09-16T23:59:59-04:00
No Frills,8124360,"PC® Kettle Cooked Chips, 200 g",2.0,2026-09-10T00:00:00-04:00,2026-09-16T23:59:59-04:00
No Frills,8124360,"PC® ORGANICS KEFIR, 1 L",5.5,2026-09-10T00:00:00-04:00,2026-09-16T23:59:59-04:00
No Frills,8124360,"NO NAME® DISHWASHER LIQUID, 5 L",9.0,2026-09-10T00:00:00-04:00,2026-09-16T23:59:59-04:00
No Frills,8124360,"MARCANGELO DINNER OR BREAKFAST SAUSAGES, ROUNDS OR ITALIAN GRINDS, 250 - 500 G",3.5,2026-09-10T00:00:00-04:00,2026-09-16T23:59:59-04:00
No Frills,8124360,"PC® FROZEN FRUIT, 300-600 g or BREYERS CLASSIC FROZEN DESSERT, 1.41 L",4.0,2026-09-10T00:00:00-04:00,2026-09-16T23:59:59-04:00
No Frills,8124360,"JANES CHICKEN WINGS, 660 g",6.99,2026-09-10T00:00:00-04:00,2026-09-16T23:59:59-04:00
No Frills,8124360,ENGLISH CUCUMBERS,1.49,2026-09-10T00:00:00-04:00,2026-09-16T23:59:59-04:00
No Frills,8124360,"PORK TENDERLOIN, 2's",3.99,2026-09-10T00:00:00-04:00,2026-09-16T23:59:59-04:00
No Frills,8124360,"ATLANTIC BUTTER, 454 g",4.99,2026-09-10T00:00:00-04:00,2026-09-16T23:59:59-04:00
No Frills,8124360,"BEETS, FARMER'S MARKET™ CARROTS or YELLOW ONIONS, 10 LB BAG",4.99,2026-09-10T00:00:00-04:00,2026-09-16T23:59:59-04:00
No Frills,8124360,FARMER'S MARKET™ MANDARINS,6.99,2026-09-10T00:00:00-04:00,2026-09-16T23:59:59-04:00
No Frills,8124360,EYE OF ROUND ROAST,5.88,2026-09-10T00:00:00-04:00,2026-09-16T23:59:59-04:00
No Frills,8124360,"HEREFORD CORNED BEEF, 340 g",3.0,2026-09-10T00:00:00-04:00,2026-09-16T23:59:59-04:00
No Frills,8124360,"LANTIC GRANULATED SUGAR, 2 KG",1.99,2026-09-10T00:00:00-04:00,2026-09-16T23:59:59-04:00
No Frills,8124360,NESCAFÉ RICH SWEET & CREAMY 16/18's or CONCENTRATES 500 mL INSTANT COFFEE,6.44,2026-09-10T00:00:00-04:00,2026-09-16T23:59:59-04:00
No Frills,8124360,"STARBUCKS COFFEE ENHANCERS, 800/828 mL",6.99,2026-09-10T00:00:00-04:00,2026-09-16T23:59:59-04:00
No Frills,8124360,"OLD EL PASO COMPONENTS, 125-334 g / 398 mL",3.0,2026-09-10T00:00:00-04:00,2026-09-16T23:59:59-04:00
No Frills,8124360,"TETLEY TEA, 20/24's",3.0,2026-09-10T00:00:00-04:00,2026-09-16T23:59:59-04:00
No Frills,8124360,"HEINZ BEANS or PASTA, 398 mL",1.27,2026-09-10T00:00:00-04:00,2026-09-16T23:59:59-04:00
No Frills,8124360,"V8 VEGETABLE COCKTAIL, 6x156 mL or ALLEN'S DRINK BOXES, 8x200 mL",3.0,2026-09-10T00:00:00-04:00,2026-09-16T23:59:59-04:00
No Frills,8124360,"TIDE LIQUID, 1.62-1.86 L or PODS 18-31's LAUNDRY DETERGENT, DOWNY FABRIC SOFTENER, 1.89-2.63 L, DOWNY OR GAIN SCENT BOOSTERS, 379 g or BOUNCE DRYER SHEETS, 120-200's",11.0,2026-09-10T00:00:00-04:00,2026-09-16T23:59:59-04:00
No Frills,8124360,"SCHNEIDERS LUNCHMATE LUNCH KITS or STACKERS, 75-120 g",2.5,2026-09-10T00:00:00-04:00,2026-09-16T23:59:59-04:00
No Frills,8124360,"NESTLÉ CONFECTIONERY FROZEN DESSERT, 1.5 L or NOVELTIES, 320-400 mL/4-10's",5.0,2026-09-10T00:00:00-04:00,2026-09-16T23:59:59-04:00
No Frills,8124360,"LAVAZZA CREMA E GUSTO, QUALITA ORO or QUALITA ROSSA GROUND COFFEE, 250 g",6.0,2026-09-10T00:00:00-04:00,2026-09-16T23:59:59-04:00
No Frills,8124360,"RED BARON CLASSIC CRUST PIZZA, 584-665 g",4.0,2026-09-10T00:00:00-04:00,2026-09-16T23:59:59-04:00
No Frills,8124360,"MAGNUM BARS, 3/4'S",4.99,2026-09-10T00:00:00-04:00,2026-09-16T23:59:59-04:00
No Frills,8124360,"BRAR'S MALAI PANEER, 375 g",4.95,2026-09-10T00:00:00-04:00,2026-09-16T23:59:59-04:00
No Frills,8124360,FIELD TOMATOES,1.49,2026-09-10T00:00:00-04:00,2026-09-16T23:59:59-04:00
No Frills,8124360,"HUY FONG SRIRACHA, CHILI GARLIC or SAMBAL OELEK SAUCE, 460-714 mL",4.88,2026-09-10T00:00:00-04:00,2026-09-16T23:59:59-04:00
Atlantic Superstore,8124907,GÖT2B HAIR CARE,9.0,2026-09-10T00:00:00-04:00,2026-09-16T23:59:59-04:00
Atlantic Superstore,8124907,"DOVE BODY WASH, 597 ML OR BAR SOAP, 6 X 106 G",9.0,2026-09-10T00:00:00-04:00,2026-09-16T23:59:59-04:00
Atlantic Superstore,8124907,"NO NAME® PARTY MIX, 908 G",7.99,2026-09-10T00:00:00-04:00,2026-09-16T23:59:59-04:00
Atlantic Superstore,8124907,"LOVE CHILD ORGANICS POUCHES, 128 ML OR LOVED DUCKS PUFFED SNACKS, 30 G",10.0,2026-09-10T00:00:00-04:00,2026-09-16T23:59:59-04:00
Atlantic Superstore,8124907,"SIGGI'S SKYR YOGURT, 4 X 100 G",5.0,2026-09-10T00:00:00-04:00,2026-09-16T23:59:59-04:00
Atlantic Superstore,8124907,"EXCEL GUM OR MINTS, 3 - 5'S, DOUBLEMINT OR JUICY FRUIT GUM, 3 - 5'S",4.0,2026-09-10T00:00:00-04:00,2026-09-16T23:59:59-04:00
Atlantic Superstore,8124907,"PC® ORANGE JUICE, 2.5 L",6.5,2026-09-10T00:00:00-04:00,2026-09-16T23:59:59-04:00
Atlantic Superstore,8124907,"ACTIVIA®, 8 X 100 G",10.0,2026-09-10T00:00:00-04:00,2026-09-16T23:59:59-04:00
Atlantic Superstore,8124907,"SUNRISE LARGE WAX BOLOGNA, 2 KG",13.0,2026-09-10T00:00:00-04:00,2026-09-16T23:59:59-04:00
Atlantic Superstore,8124907,NO NAME OR HALAL CHICKEN DRUMSTICKS CLUB SIZE OR WHOLE CHICKEN,2.88,2026-09-10T00:00:00-04:00,2026-09-16T23:59:59-04:00
Atlantic Superstore,8124907,"GLAD OUTDOOR BUNDLE, 10-40'S",10.0,2026-09-10T00:00:00-04:00,2026-09-16T23:59:59-04:00
Atlantic Superstore,8124907,"PC® PACIFIC LARGE WHITE SHRIMP, , 31-40/LB, 400 G",8.0,2026-09-10T00:00:00-04:00,2026-09-16T23:59:59-04:00
Atlantic Superstore,8124907,"COCA-COLA, CANADA DRY OR PEPSI SOFT DRINKS, 2 L",4.98,2026-09-10T00:00:00-04:00,2026-09-16T23:59:59-04:00
Atlantic Superstore,8124907,"DARE BEAR PAWS 168-210G, WAGON WHEELS 315/360 G, WHIPPETS 250-290G, ULTIMATE OR VIVA PUFFS COOKIES 290/300 G",3.25,2026-09-10T00:00:00-04:00,2026-09-16T23:59:59-04:00
Atlantic Superstore,8124907,"SUFRA® HALAL LEAN BEEF, 454 G",9.0,2026-09-10T00:00:00-04:00,2026-09-16T23:59:59-04:00
Atlantic Superstore,8124907,"PC® OR BLUE MENU® ENTRÉES, 212-365 G OR PC® VEGETABLES, 350-750 G",3.5,2026-09-10T00:00:00-04:00,2026-09-16T23:59:59-04:00
Atlantic Superstore,8124907,WONDER OR D'ITALIANO BREAD OR BUNS,7.0,2026-09-10T00:00:00-04:00,2026-09-16T23:59:59-04:00
Atlantic Superstore,8124907,"MAPLE LEAF NATURAL SELECTIONS, SCHNEIDER'S DELI SLICED MEATS 150-175 G OR PC® DELI CHEESE SLICES 140-170 G",6.0,2026-09-10T00:00:00-04:00,2026-09-16T23:59:59-04:00
Atlantic Superstore,8124907,"LIBERTÉ GREEK YOGURT, 650/750 G",7.0,2026-09-10T00:00:00-04:00,2026-09-16T23:59:59-04:00
Atlantic Superstore,8124907,"ALLEN'S JUICE, COCKTAIL OR LEMONADE 1L, OASIS JUICE OR HYDRAFRUIT, DEL MONTE NECTAR OR ARIZONA ICED TEA 960 ML",1.25,2026-09-10T00:00:00-04:00,2026-09-16T23:59:59-04:00
Atlantic Superstore,8124907,MEDIUM GROUND BEEF OR PORK BELLY PORTION,5.77,2026-09-10T00:00:00-04:00,2026-09-16T23:59:59-04:00
Atlantic Superstore,8124907,"BUBLY™ SPARKLING WATER BEVERAGE, 4X22 ML",8.0,2026-09-10T00:00:00-04:00,2026-09-16T23:59:59-04:00
Atlantic Superstore,8124907,"POST FAMILY SIZE CEREAL, 525-635 G",5.5,2026-09-10T00:00:00-04:00,2026-09-16T23:59:59-04:00
Atlantic Superstore,8124907,"NO NAME® MILD SUGAR CURED BACON, , 375 G",3.5,2026-09-10T00:00:00-04:00,2026-09-16T23:59:59-04:00
Atlantic Superstore,8124907,PC® EXTRA LARGE GREEN OR RED SEEDLESS GRAPES,2.99,2026-09-10T00:00:00-04:00,2026-09-16T23:59:59-04:00
Atlantic Superstore,8124907,"CASHMERE BATHROOM TISSUE 12 DOUBLE ROLLS OR SPONGETOWELS PAPER TOWELS 3=6 ROLLS OR SCOTTIES FACIAL TISSUE, 6'S",6.5,2026-09-10T00:00:00-04:00,2026-09-16T23:59:59-04:00
Atlantic Superstore,8124907,BLACK DIAMOND CHEESTRINGS OR CHEESE STICKS 189-336 G OR CRACKER BARREL CHEESE BARS OR SHREDDED CHEESE 250-400 G,5.97,2026-09-10T00:00:00-04:00,2026-09-16T23:59:59-04:00
Atlantic Superstore,8124907,"WHOLE WILD PINK SALMON, GOLDEN POMPANO OR MILKFISH",4.5,2026-09-10T00:00:00-04:00,2026-09-16T23:59:59-04:00
Atlantic Superstore,8124907,"PC FISH FILLETS, 500-650 G OR CAVENDISH FARMS FRIES, WEDGES, HASH BROWNS OR ONION RINGS, 1-2.5 KG",10.0,2026-09-10T00:00:00-04:00,2026-09-16T23:59:59-04:00
Atlantic Superstore,8124907,"BARILLA PASTA, 34-410 G",4.98,2026-09-10T00:00:00-04:00,2026-09-16T23:59:59-04:00
Atlantic Superstore,8124907,"MARC ANGELO PORK SAUSAGE, 250-500 G",3.5,2026-09-10T00:00:00-04:00,2026-09-16T23:59:59-04:00
Atlantic Superstore,8124907,INTERNATIONAL DELIGHT COFFEE ENHANCER 946 ML OR COLD FOAM 369/396 G,6.25,2026-09-10T00:00:00-04:00,2026-09-16T23:59:59-04:00
Atlantic Superstore,8124907,"LIFE BRAND® UNSCENTED EPSOM SALTS, 4 KG",8.0,2026-09-10T00:00:00-04:00,2026-09-16T23:59:59-04:00
Atlantic Superstore,8124907,"GERBER MEALTIME LIL' ENTREES OR ARROWROOT BISCUITS, 155-192 G",7.0,2026-09-10T00:00:00-04:00,2026-09-16T23:59:59-04:00
Atlantic Superstore,8124907,"LITTLE BELLIES PICK ME STICKS, 16 G",7.0,2026-09-10T00:00:00-04:00,2026-09-16T23:59:59-04:00
Atlantic Superstore,8124907,"LIFE BRAND® FLOSS, FLOSS PICKS OR TOOTHBRUSHES",4.0,2026-09-10T00:00:00-04:00,2026-09-16T23:59:59-04:00
Atlantic Superstore,8124907,LIFE BRAND® PAIN OR COUGH AND RELIEF PRODUCTS,6.5,2026-09-10T00:00:00-04:00,2026-09-16T23:59:59-04:00
Atlantic Superstore,8124907,"PAMPERS SWADDLERS OR CRUisers 360° ULTRA VALUE PACK DIAPERS, SIZE 5 - 148-192'S",45.0,2026-09-10T00:00:00-04:00,2026-09-16T23:59:59-04:00
Atlantic Superstore,8124907,"JOHNSON'S AND JOHNSON'S BABY TOILETRIES, 400 ML",6.0,2026-09-10T00:00:00-04:00,2026-09-16T23:59:59-04:00
Atlantic Superstore,8124907,"GOODNITES OR PAMPERS NINJAMAS NIGHTTIME UNDERWEAR, SIZES XS - S - 2T - 24 - 44'S",27.0,2026-09-10T00:00:00-04:00,2026-09-16T23:59:59-04:00
Atlantic Superstore,8124907,LIFE BRAND® 70% RUBBING ALCOHOL OR HYDROGEN PEROXIDE,3.0,2026-09-10T00:00:00-04:00,2026-09-16T23:59:59-04:00
Atlantic Superstore,8124907,"COLGATE TOOTHPASTE, 52-95 ML OR MANUAL TOOTHBRUSH, 1 EA.",1.25,2026-09-10T00:00:00-04:00,2026-09-16T23:59:59-04:00
Atlantic Superstore,8124907,"LIFE BRAND® PURAVIDA BODY WASH, 532 ML",8.0,2026-09-10T00:00:00-04:00,2026-09-16T23:59:59-04:00
Atlantic Superstore,8124907,"LIFE BRAND® COUGH SYRUPS, 100 ML",5.0,2026-09-10T00:00:00-04:00,2026-09-16T23:59:59-04:00
Atlantic Superstore,8124907,EVERYDAY ESSENTIALS™ COOKWARE,9.0,2026-09-10T00:00:00-04:00,2026-09-16T23:59:59-04:00
Atlantic Superstore,8124907,"HARVEST CRACKERS SELECTED VARIETIES, 8'S",14.0,2026-09-10T00:00:00-04:00,2026-09-16T23:59:59-04:00
Atlantic Superstore,8124907,HARVEST HOME DECOR,19.0,2026-09-10T00:00:00-04:00,2026-09-16T23:59:59-04:00
Atlantic Superstore,8124907,EVERYDAY ESSENTIALS™ METAL COOKIE SHEET,7.0,2026-09-10T00:00:00-04:00,2026-09-16T23:59:59-04:00
Atlantic Superstore,8124907,HALLOWEEN SKULL & BONES,4.0,2026-09-10T00:00:00-04:00,2026-09-16T23:59:59-04:00
Atlantic Superstore,8124907,IÖGO NANO DRINKABLE YOGURT 6X93 ML OR YOGURT POUCHES 4X90 G,3.27,2026-09-10T00:00:00-04:00,2026-09-16T23:59:59-04:00
Atlantic Superstore,8124907,"CAVENDISH FARMS FLAVOURCRISP, RESTAURANT STYLE OR QUICK CRISP POTATO PRODUCTS OR ONION RINGS, 400-750 G",3.0,2026-09-10T00:00:00-04:00,2026-09-16T23:59:59-04:00
Atlantic Superstore,8124907,"FALL TULIPS, 15 STEM",20.0,2026-09-10T00:00:00-04:00,2026-09-16T23:59:59-04:00
Atlantic Superstore,8124907,"CHRIS BROTHERS SLICED MEATS, 250 G",5.0,2026-09-10T00:00:00-04:00,2026-09-16T23:59:59-04:00
Atlantic Superstore,8124907,"CASTELLO HAVARTI, CHEDDAR OR BLUE CHEESE, 125/200 G",6.0,2026-09-10T00:00:00-04:00,2026-09-16T23:59:59-04:00
Atlantic Superstore,8124907,"KELLOGG'S RAISIN BRAN, ALL BRAN, CRISPIX, FUN PAC, MINI WHEATS, MUSLIX, SPECIAL K OR VECTOR PREMIUM CEREAL, 210 - 525 G",4.0,2026-09-10T00:00:00-04:00,2026-09-16T23:59:59-04:00
Atlantic Superstore,8124907,"PC® OR BLUE MENU® TORTILLAS, 342-650 G / 6X65 G",3.75,2026-09-10T00:00:00-04:00,2026-09-16T23:59:59-04:00
Atlantic Superstore,8124907,LIFE BRAND' PADS 16-46'S OR LINERS 16-96'S,3.43,2026-09-10T00:00:00-04:00,2026-09-16T23:59:59-04:00
Atlantic Superstore,8124907,"PEPSICO BEVERAGES, 12X355 ML",17.0,2026-09-10T00:00:00-04:00,2026-09-16T23:59:59-04:00
Atlantic Superstore,8124907,"T&T ALOE VERA DRINK, 1.5 L",2.48,2026-09-10T00:00:00-04:00,2026-09-16T23:59:59-04:00
Atlantic Superstore,8124907,"SIETE GRAIN FREE TORTILLA CHIPS, 142 G",4.0,2026-09-10T00:00:00-04:00,2026-09-16T23:59:59-04:00
Atlantic Superstore,8124907,"NO NAME® CHUNK OR FLAKED LIGHT TUNA, 170 G",1.5,2026-09-10T00:00:00-04:00,2026-09-16T23:59:59-04:00
Atlantic Superstore,8124907,"FARMER'S MARKET™ COOKIES, 12'S",6.0,2026-09-10T00:00:00-04:00,2026-09-16T23:59:59-04:00
Atlantic Superstore,8124907,"PC® HOT PEPPERS, 75-266 G",5.0,2026-09-10T00:00:00-04:00,2026-09-16T23:59:59-04:00
Atlantic Superstore,8124907,"CHARMIN BATH TISSUE, 12-48 ROLL, STRONG",15.0,2026-09-10T00:00:00-04:00,2026-09-16T23:59:59-04:00
Atlantic Superstore,8124907,"LYSOL DISINFECTING WIPES, 75-84's, DISINFECTING SPRAY, 350ml OR ALL PURPOSE CLEANER, 950 ML",12.0,2026-09-10T00:00:00-04:00,2026-09-16T23:59:59-04:00
Atlantic Superstore,8124907,"PC® BUTTERMILK BREADED CHICKEN BREAST STRIPS, 907 G",19.0,2026-09-10T00:00:00-04:00,2026-09-16T23:59:59-04:00
Atlantic Superstore,8124907,GOLD'S KILI INSTANT COFFEE MIX 30X18 G MATCHA LATTE 250 G OR LOTTE MILKIS CARBONATED DRINK 6X250 ML,5.48,2026-09-10T00:00:00-04:00,2026-09-16T23:59:59-04:00
Atlantic Superstore,8124907,"OIKOS®, 300 ML",7.0,2026-09-10T00:00:00-04:00,2026-09-16T23:59:59-04:00
Atlantic Superstore,8124907,"BOUNTY PAPER TOWEL, 6-12 roll",15.0,2026-09-10T00:00:00-04:00,2026-09-16T23:59:59-04:00
Atlantic Superstore,8124907,"ARMSTRONG HIGH IN PROTEIN CHEESE STICKS & COMBOS, 180-210 G",5.0,2026-09-10T00:00:00-04:00,2026-09-16T23:59:59-04:00
Atlantic Superstore,8124907,"AROY-D COCONUT MILK, 400 ML",1.88,2026-09-10T00:00:00-04:00,2026-09-16T23:59:59-04:00
Atlantic Superstore,8124907,"TIDE LAUNDRY DETERGENT, 3.46-3.9 L, TIDE POWER PODS OR GAIN SUPER FLINGS, 45'S, TIDE PODS OR GAIN FLINGS, 57-76'S OR BEADS, 751-853 G",20.0,2026-09-10T00:00:00-04:00,2026-09-16T23:59:59-04:00
Atlantic Superstore,8124907,"NO NAME® ALUMINUM FOIL, 25'S",2.0,2026-09-10T00:00:00-04:00,2026-09-16T23:59:59-04:00
Atlantic Superstore,8124907,"KELLOGG'S JUMBO CEREAL, 825 G-1.05 KG",9.99,2026-09-10T00:00:00-04:00,2026-09-16T23:59:59-04:00
Atlantic Superstore,8124907,"NO NAME® ALL-PURPOSE, UNBLEACHED OR WHOLE WHEAT FLOUR, 10 KG",10.0,2026-09-10T00:00:00-04:00,2026-09-16T23:59:59-04:00
Atlantic Superstore,8124907,"GATORADE SPORTS DRINK, 6X591 ML OR SPORTS DRINK POWDER, 29-350 G",13.0,2026-09-10T00:00:00-04:00,2026-09-16T23:59:59-04:00
Atlantic Superstore,8124907,"PC® BLUE MENU™ PEANUT BUTTER, 750 G",6.0,2026-09-10T00:00:00-04:00,2026-09-16T23:59:59-04:00
Atlantic Superstore,8124907,"LYSOL MULTI SURFACE CLEANERS, 1.2 L, POWER DEGREASER, 650 ML, BATHROOM CLEANERS, 950 ML/680 G, TOILET BOWL CLEANERS, 710 ML OR ALL-PURPOSE CLEANERS, 650 ML",10.0,2026-09-10T00:00:00-04:00,2026-09-16T23:59:59-04:00
Atlantic Superstore,8124907,"TAYLOR FARMS CHOPPED SALAD KITS, 267-383 G",4.99,2026-09-10T00:00:00-04:00,2026-09-16T23:59:59-04:00
Atlantic Superstore,8124907,"NO NAME® NATURALLY IMPERFECT™ LIMES, 680 G",4.0,2026-09-10T00:00:00-04:00,2026-09-16T23:59:59-04:00
Atlantic Superstore,8124907,"HERSHEY'S, REESE'S, OH HENRY!, WHOPPERS, YORK OR BROOKSIDE BAGGED CHOCOLATES OR CANDY BARS, 156-270 G",10.0,2026-09-10T00:00:00-04:00,2026-09-16T23:59:59-04:00
Atlantic Superstore,8124907,"PC® OUTDOOR FALL MUMS, 9.5""",9.48,2026-09-10T00:00:00-04:00,2026-09-16T23:59:59-04:00
Atlantic Superstore,8124907,"FEBREZE AIR EFFECTS, 230 G, CAR, 2 ML, BATHROOM, 7.5 ML OR MR. CLEAN LIQUIDS, 1.2 L OR ERASERS, 2'S",4.0,2026-09-10T00:00:00-04:00,2026-09-16T23:59:59-04:00
Atlantic Superstore,8124907,KALE,2.0,2026-09-10T00:00:00-04:00,2026-09-16T23:59:59-04:00
Atlantic Superstore,8124907,"PC® SMOKIES™, 1 KG",12.0,2026-09-10T00:00:00-04:00,2026-09-16T23:59:59-04:00
Atlantic Superstore,8124907,"CHARMIN BATH TISSUE, 12=48 ROLL, SOFT",15.0,2026-09-10T00:00:00-04:00,2026-09-16T23:59:59-04:00
Atlantic Superstore,8124907,DAIYA DAIRY FREE CHEESE 220 G OR GUSTA VEGGIE SLICES 155 G,5.0,2026-09-10T00:00:00-04:00,2026-09-16T23:59:59-04:00
Atlantic Superstore,8124907,"SCRUBBING BUBBLES, FANTASTIK OR WINDEX CLEANERS, 650-950 ML/385-623 G, SCRUBBING BUBBLES TOILET BRUSH OR REFILLS, 8-12'S OR GLADE SINGLE WICK CANDLES",4.5,2026-09-10T00:00:00-04:00,2026-09-16T23:59:59-04:00
Atlantic Superstore,8124907,BEEF KOREAN-STYLE SHORT RIBS,16.0,2026-09-10T00:00:00-04:00,2026-09-16T23:59:59-04:00
Atlantic Superstore,8124907,"KRAFT KD ORIGINAL MACARONI AND CHEESE DINNER, 200 G",4.98,2026-09-10T00:00:00-04:00,2026-09-16T23:59:59-04:00
Atlantic Superstore,8124907,"NO NAME™ CONDENSED SOUP, 284 ML",4.0,2026-09-10T00:00:00-04:00,2026-09-16T23:59:59-04:00
Atlantic Superstore,8124907,CHEESE STICK BUNS 6'S OR ONION OR CHEESE SWIRL BUNS 4'S,5.5,2026-09-10T00:00:00-04:00,2026-09-16T23:59:59-04:00
Atlantic Superstore,8124907,"CAMPBELL'S CHUNKY READY TO SERVE SOUP, 515 ML",8.0,2026-09-10T00:00:00-04:00,2026-09-16T23:59:59-04:00
Atlantic Superstore,8124907,"BILLY BEE HONEY RED CAP, 1 KG",9.88,2026-09-10T00:00:00-04:00,2026-09-16T23:59:59-04:00
Atlantic Superstore,8124907,"HIGH LINER FISH FILLETS, STICKS, CAKES OR SHRIMP, 315-700 G",8.5,2026-09-10T00:00:00-04:00,2026-09-16T23:59:59-04:00
Atlantic Superstore,8124907,"MORINAGA HI-CHEW CHEWY CANDY, 90/100 G",3.88,2026-09-10T00:00:00-04:00,2026-09-16T23:59:59-04:00
Atlantic Superstore,8124907,"YUKI & LOVE DESSERT MOCHI, 120 G",2.88,2026-09-10T00:00:00-04:00,2026-09-16T23:59:59-04:00
Atlantic Superstore,8124907,"ACTIVIA® EXPERT, 4 X 100 G",4.0,2026-09-10T00:00:00-04:00,2026-09-16T23:59:59-04:00
Atlantic Superstore,8124907,"UNICO VEGETABLE OIL, 3 L",12.0,2026-09-10T00:00:00-04:00,2026-09-16T23:59:59-04:00
Atlantic Superstore,8124907,"TWO GOOD™, 4 X 95 G",5.0,2026-09-10T00:00:00-04:00,2026-09-16T23:59:59-04:00
Atlantic Superstore,8124907,"HUMBLE RUMBLES ORGANIC POTATO CHIP, 135 G",4.0,2026-09-10T00:00:00-04:00,2026-09-16T23:59:59-04:00
Atlantic Superstore,8124907,"YOPLAIT YOP, 200 ML",1.19,2026-09-10T00:00:00-04:00,2026-09-16T23:59:59-04:00
Atlantic Superstore,8124907,"AIR WICK ESSENTIAL MIST KIT OR TWINS, 2/20 ML",10.0,2026-09-10T00:00:00-04:00,2026-09-16T23:59:59-04:00
Atlantic Superstore,8124907,"NESTLÉ DRUMSTICK , 4'S, CONFECTIONARY NOVELTIES, 4-10'S OR TUBS 1.5 L",4.94,2026-09-10T00:00:00-04:00,2026-09-16T23:59:59-04:00
Atlantic Superstore,8124907,"IÖGO NANÖ DRINKABLE YOGURT, 6 X 93 ML",3.27,2026-09-10T00:00:00-04:00,2026-09-16T23:59:59-04:00
Atlantic Superstore,8124907,"O'FOOD GOCHUJANG KOREAN CHILI SAUCE, 215 G",5.48,2026-09-10T00:00:00-04:00,2026-09-16T23:59:59-04:00
Atlantic Superstore,8124907,"SIMILAC GO & GROW STEP 3 TODDLER ADVANCED FORMULATION 12-36 MONTHS, 850 G",29.0,2026-09-10T00:00:00-04:00,2026-09-16T23:59:59-04:00
Atlantic Superstore,8124907,"LISTERINE CLASSIC, 1 L MOUTHWASH OR KIDS SMART RINSE, 500 ML",6.5,2026-09-10T00:00:00-04:00,2026-09-16T23:59:59-04:00
Atlantic Superstore,8124907,EVERYDAY ESSENTIALS™ COFFEE MAKERS OR KETTLES,20.0,2026-09-10T00:00:00-04:00,2026-09-16T23:59:59-04:00
Atlantic Superstore,8124907,PC® K-CUP 30'S OR MCCAFÉ ROAST & GROUND COFFEE 290-340 G,14.0,2026-09-10T00:00:00-04:00,2026-09-16T23:59:59-04:00
Atlantic Superstore,8124907,NICE'N EASY OR NATURAL INSTINCTS HAIR COLOR,8.0,2026-09-10T00:00:00-04:00,2026-09-16T23:59:59-04:00
Atlantic Superstore,8124907,"PC® PLANT BASED MARGARINE, 427 G",2.5,2026-09-10T00:00:00-04:00,2026-09-16T23:59:59-04:00
Atlantic Superstore,8124907,YELLOW PEACHES,3.0,2026-09-10T00:00:00-04:00,2026-09-16T23:59:59-04:00
Atlantic Superstore,8124907,"PC® FREE FROM™ LEAN GROUND BEEF, 454 G",9.5,2026-09-10T00:00:00-04:00,2026-09-16T23:59:59-04:00
Atlantic Superstore,8124907,LIFE AT HOME™ NOVELTY CUSHIONS,12.0,2026-09-10T00:00:00-04:00,2026-09-16T23:59:59-04:00
Atlantic Superstore,8124907,"MEGA SARDINES, 155 G",1.28,2026-09-10T00:00:00-04:00,2026-09-16T23:59:59-04:00
Atlantic Superstore,8124907,"PC ORGANICS CREMINI OR WHITE MUSHROOMS, 227 G",2.97,2026-09-10T00:00:00-04:00,2026-09-16T23:59:59-04:00
Atlantic Superstore,8124907,"LAY'S POTATO CHIPS, 177-235 G",8.0,2026-09-10T00:00:00-04:00,2026-09-16T23:59:59-04:00
Atlantic Superstore,8124907,"QUAKER MUFFIN OR COOKIE MIXES, 750/900 G",5.5,2026-09-10T00:00:00-04:00,2026-09-16T23:59:59-04:00
Atlantic Superstore,8124907,"IÖGO CREAMY, 0% OR LACTOSE-FREE YOGURT, 16 X 100 G",7.0,2026-09-10T00:00:00-04:00,2026-09-16T23:59:59-04:00
Atlantic Superstore,8124907,"PC® DIPS OR HUMMUS, 200-227 G OR PC® NAAN DIPPERS, 200 G",3.5,2026-09-10T00:00:00-04:00,2026-09-16T23:59:59-04:00
Atlantic Superstore,8124907,CABBAGE,1.0,2026-09-10T00:00:00-04:00,2026-09-16T23:59:59-04:00
Atlantic Superstore,8124907,CHARMIN BATHROOM TISSUE 8-24 ROLLS OR BOUNTY PAPER TOWEL 3-6 ROLLS,12.0,2026-09-10T00:00:00-04:00,2026-09-16T23:59:59-04:00
Atlantic Superstore,8124907,BULK FUJI APPLES,2.48,2026-09-10T00:00:00-04:00,2026-09-16T23:59:59-04:00
Atlantic Superstore,8124907,"NONG SHIM NOODLE SOUP, 400-508 G",4.98,2026-09-10T00:00:00-04:00,2026-09-16T23:59:59-04:00
Atlantic Superstore,8124907,"ZINDA COUSCOUS, 907 G",3.0,2026-09-10T00:00:00-04:00,2026-09-16T23:59:59-04:00
Atlantic Superstore,8124907,"ROMAINE HEARTS, 3'S",4.0,2026-09-10T00:00:00-04:00,2026-09-16T23:59:59-04:00
Atlantic Superstore,8124907,"PC RISOTTO, GNOCCHI, ASIAN ENTRÉES, SOUP BOWLS OR TORTILLA ENCHILADAS, 300-400 G",5.0,2026-09-10T00:00:00-04:00,2026-09-16T23:59:59-04:00
Atlantic Superstore,8124907,"YOPLAIT SOURCE PROTEIN, 650 G",5.5,2026-09-10T00:00:00-04:00,2026-09-16T23:59:59-04:00
Atlantic Superstore,8124907,"MAPLE LODGE FARMS ULTIMATE™ ORIGINAL & SPICY FRANKFURTERS, 900 G ZABIHA HALAL JUICY SUPREME FRANKFURTERS, 900 G",6.0,2026-09-10T00:00:00-04:00,2026-09-16T23:59:59-04:00
Atlantic Superstore,8124907,"DELCATO JAPANESE CHEESECAKE, 300 G",7.99,2026-09-10T00:00:00-04:00,2026-09-16T23:59:59-04:00
Atlantic Superstore,8124907,"NO NAME™ ICE CREAM SANDWICHES OR BARS, 24/30'S",11.0,2026-09-10T00:00:00-04:00,2026-09-16T23:59:59-04:00
Atlantic Superstore,8124907,"SWIFFER SWIFFER DUSTER REFILLS, 6/10'S, SWEEPER WET REFILLS 12/20/24'S OR SWEEPER DRY REFILLS, 16/20/32'S",11.0,2026-09-10T00:00:00-04:00,2026-09-16T23:59:59-04:00
Atlantic Superstore,8124907,"UNICO CANNED OLIVES, 375 mL",4.0,2026-09-10T00:00:00-04:00,2026-09-16T23:59:59-04:00
Atlantic Superstore,8124907,"BUBLY POP SODA, 6X355 ML",8.0,2026-09-10T00:00:00-04:00,2026-09-16T23:59:59-04:00
Atlantic Superstore,8124907,"LOTTE PEPERO SNACKS, 32-50 G",1.28,2026-09-10T00:00:00-04:00,2026-09-16T23:59:59-04:00
Atlantic Superstore,8124907,"PC® SCOOP SHOP ICE CREAM, 946 ML OR LOADS OF NOVELTIES, 288 ML/4'S",5.0,2026-09-10T00:00:00-04:00,2026-09-16T23:59:59-04:00
Atlantic Superstore,8124907,"NO NAME™ SPICES, HERBS OR SEASONINGS, 5.5-250 G",3.5,2026-09-10T00:00:00-04:00,2026-09-16T23:59:59-04:00
Atlantic Superstore,8124907,"LIBERTÉ GREEK, 1 KG",9.0,2026-09-10T00:00:00-04:00,2026-09-16T23:59:59-04:00
Atlantic Superstore,8124907,CANTALOUPES,4.0,2026-09-10T00:00:00-04:00,2026-09-16T23:59:59-04:00
Atlantic Superstore,8124907,"ACTIVIA®, 650 G",4.29,2026-09-10T00:00:00-04:00,2026-09-16T23:59:59-04:00
Atlantic Superstore,8124907,"NUTELLA HAZELNUT SPREAD WITH COCOA OR PEANUT SPREAD WITH COCOA, 375 G",4.75,2026-09-10T00:00:00-04:00,2026-09-16T23:59:59-04:00
Atlantic Superstore,8124907,GREEN ZUCCHINI,2.5,2026-09-10T00:00:00-04:00,2026-09-16T23:59:59-04:00
Atlantic Superstore,8124907,"PC® SHRIMP APPETIZERS, 294-454 G",12.0,2026-09-10T00:00:00-04:00,2026-09-16T23:59:59-04:00
Atlantic Superstore,8124907,"FARMER'S MARKET™ GRAPE TOMATOES, 283 G",2.97,2026-09-10T00:00:00-04:00,2026-09-16T23:59:59-04:00
Atlantic Superstore,8124907,"RASPBERRIES, 170 G",4.44,2026-09-10T00:00:00-04:00,2026-09-16T23:59:59-04:00
Atlantic Superstore,8124907,LOCAL ATLANTIC STRAWBERRIES,5.0,2026-09-10T00:00:00-04:00,2026-09-16T23:59:59-04:00
Atlantic Superstore,8124907,NO NAME® WHOLE PITTED DATES 1 KG CLUB SIZE OR MAGIC BAKING POWDER 450 G,7.5,2026-09-10T00:00:00-04:00,2026-09-16T23:59:59-04:00
Atlantic Superstore,8124907,"PC® HUMMUS OR NAAN DIPPERS, 200/227 G",3.5,2026-09-10T00:00:00-04:00,2026-09-16T23:59:59-04:00
Atlantic Superstore,8124907,"MAPLE LODGE FARMS ULTIMATE™ CHICKEN DINNER, 500 G OR BREAKFAST SAUSAGES, 375 G",6.5,2026-09-10T00:00:00-04:00,2026-09-16T23:59:59-04:00
Atlantic Superstore,8124907,"PC CROUTONS, 540 G",3.49,2026-09-10T00:00:00-04:00,2026-09-16T23:59:59-04:00
Atlantic Superstore,8124907,"BUBLY SPARKLING WATER, 12X355 ML OR MONTELLIER CARBONATED NATURAL SPRING WATER, 10X355 ML",14.0,2026-09-10T00:00:00-04:00,2026-09-16T23:59:59-04:00
Atlantic Superstore,8124907,"PC® BLUE MENU™ GRANOLA BOOST, 325 G",5.0,2026-09-10T00:00:00-04:00,2026-09-16T23:59:59-04:00
Atlantic Superstore,8124907,"SURAJ NAAN FLATBREADS, 500 G",5.0,2026-09-10T00:00:00-04:00,2026-09-16T23:59:59-04:00
Atlantic Superstore,8124907,"CRACKER BARREL CHEESE SLICES, 200-240 G",10.0,2026-09-10T00:00:00-04:00,2026-09-16T23:59:59-04:00
Atlantic Superstore,8124907,"BOUNTY NAPKIN, 400'S",11.0,2026-09-10T00:00:00-04:00,2026-09-16T23:59:59-04:00
Atlantic Superstore,8124907,"BASA STEAKS OR CHUB MACKEREL, 1 KG",8.0,2026-09-10T00:00:00-04:00,2026-09-16T23:59:59-04:00
Atlantic Superstore,8124907,"PC TOO GOOD TO BE WINGS CHICKEN CHUNKS OR GOCHUJANG CHICKEN BITES, 700/800 g",14.0,2026-09-10T00:00:00-04:00,2026-09-16T23:59:59-04:00
Atlantic Superstore,8124907,"OLYMPIC KREMA YOGURT, 650 G",6.0,2026-09-10T00:00:00-04:00,2026-09-16T23:59:59-04:00
Atlantic Superstore,8124907,"SAPUTO MOZZARELLISSIMA BLOCKS & SHREDS, 1 KG",16.0,2026-09-10T00:00:00-04:00,2026-09-16T23:59:59-04:00
Atlantic Superstore,8124907,"KFI COOKING SAUCES, 375/395 ML",4.0,2026-09-10T00:00:00-04:00,2026-09-16T23:59:59-04:00
Atlantic Superstore,8124907,"PC® THE DECADENT™ MUFFINS, 360 G",5.0,2026-09-10T00:00:00-04:00,2026-09-16T23:59:59-04:00
Atlantic Superstore,8124907,"NESCAFÉ INSTANT COFFEE, 100-170 G OR SWEET & CREAMY SACHETS, 16/18'S",6.44,2026-09-10T00:00:00-04:00,2026-09-16T23:59:59-04:00
Atlantic Superstore,8124907,PURPLE YAM,2.5,2026-09-10T00:00:00-04:00,2026-09-16T23:59:59-04:00
Atlantic Superstore,8124907,"PC PROBIOTIC YOGURT, 650 G",3.5,2026-09-10T00:00:00-04:00,2026-09-16T23:59:59-04:00
Atlantic Superstore,8124907,"ZABIHA HALAL SMOKED CHICKEN BREAST ROAST, 200 G",4.0,2026-09-10T00:00:00-04:00,2026-09-16T23:59:59-04:00
Atlantic Superstore,8124907,"STARBUCKS | LAVAZZA | DAVID'S STARBUCKS VERTUO NESPRESSO COMPATIBLE CAPSULES, 8 CT, LAVAZZA WHOLE BEAN COFFEE, 350 G OR DAVID'S TEA MATCHA, 65/78 G",12.99,2026-09-10T00:00:00-04:00,2026-09-16T23:59:59-04:00
Atlantic Superstore,8124907,OKRA,4.5,2026-09-10T00:00:00-04:00,2026-09-16T23:59:59-04:00
Atlantic Superstore,8124907,NO NAME® NATURALLY IMPERFECT™ MANGO,7.0,2026-09-10T00:00:00-04:00,2026-09-16T23:59:59-04:00
Atlantic Superstore,8124907,"PC® THE DECADENT® CHOCOLATE CHIPS OR CHUNKS, 226-300 G",5.5,2026-09-10T00:00:00-04:00,2026-09-16T23:59:59-04:00
Atlantic Superstore,8124907,"PC KETTLE COOKED OR RIPPLED KETTLE POTATO CHIPS, 200 G",2.0,2026-09-10T00:00:00-04:00,2026-09-16T23:59:59-04:00
Atlantic Superstore,8124907,ASIAN YELLOW PEARS,2.48,2026-09-10T00:00:00-04:00,2026-09-16T23:59:59-04:00
Atlantic Superstore,8124907,"MAGGI SEASONING, 200 ML",3.48,2026-09-10T00:00:00-04:00,2026-09-16T23:59:59-04:00
Atlantic Superstore,8124907,"PC® BAKE AND SERVE DIPS, 360 G OR WILLY KRAUCH SMOKED ATLANTIC SALMON, 115 G",9.0,2026-09-10T00:00:00-04:00,2026-09-16T23:59:59-04:00
Atlantic Superstore,8124907,"PILLSBURY TOASTER STRUDEL OR SCRAMBLES 204-326 G OR KELLOGG'S EGGO WAFFLES, PANCAKES OR FRENCH TOASTER STICKS 270-330G",3.5,2026-09-10T00:00:00-04:00,2026-09-16T23:59:59-04:00
Atlantic Superstore,8124907,"DANISA BUTTER COOKIES, 454 G",6.88,2026-09-10T00:00:00-04:00,2026-09-16T23:59:59-04:00
Atlantic Superstore,8124907,"ETNICO GOAT STEW, 500G",12.0,2026-09-10T00:00:00-04:00,2026-09-16T23:59:59-04:00
Atlantic Superstore,8124907,"30 PIECE WINGS & WEDGES BUCKET, 1.2KG",20.0,2026-09-10T00:00:00-04:00,2026-09-16T23:59:59-04:00
Atlantic Superstore,8124907,PC® SIGNATURE GIFT BOUQUET,26.0,2026-09-10T00:00:00-04:00,2026-09-16T23:59:59-04:00
Atlantic Superstore,8124907,ENGLISH CUCUMBERS,1.44,2026-09-10T00:00:00-04:00,2026-09-16T23:59:59-04:00
Atlantic Superstore,8124907,"SURAJ® DRY BEANS, LENTILS OR CHICKPEAS, 1.8/1.81 KG",5.0,2026-09-10T00:00:00-04:00,2026-09-16T23:59:59-04:00
Atlantic Superstore,8124907,"SCOTSBURN & BAXTER SALTED BUTTER, 454 G",6.5,2026-09-10T00:00:00-04:00,2026-09-16T23:59:59-04:00
Atlantic Superstore,8124907,"PC® OR BLUE MENU® WHOLE GRAIN PASTA, 375 G OR TOMATO SAUCE, 680 ML",2.0,2026-09-10T00:00:00-04:00,2026-09-16T23:59:59-04:00
Atlantic Superstore,8124907,"CELSIUS® ENERGY DRINK/ ALANI NU ENERGY DRINK, 355 ML",6.0,2026-09-10T00:00:00-04:00,2026-09-16T23:59:59-04:00
Atlantic Superstore,8124907,"PC® MINI VEGETABLE OR CHICKEN SAMOSAS, 288/345 G",6.0,2026-09-10T00:00:00-04:00,2026-09-16T23:59:59-04:00
Atlantic Superstore,8124907,"ACTIVIA®, 8 X 93 ML",6.5,2026-09-10T00:00:00-04:00,2026-09-16T23:59:59-04:00
Atlantic Superstore,8124907,"STOK, 1.42 L",8.5,2026-09-10T00:00:00-04:00,2026-09-16T23:59:59-04:00
Atlantic Superstore,8124907,OSKAR BROOM WITH DUSTPAN OR SUPER TWIST XL MOP,12.0,2026-09-10T00:00:00-04:00,2026-09-16T23:59:59-04:00
Atlantic Superstore,8124907,"PC GOAT CHEESE, 140 G",6.0,2026-09-10T00:00:00-04:00,2026-09-16T23:59:59-04:00
Atlantic Superstore,8124907,"TATA LOOSE BLACK TEA, 450 G",8.0,2026-09-10T00:00:00-04:00,2026-09-16T23:59:59-04:00
Atlantic Superstore,8124907,"CHRISTIE FAMILY COOKIES, 374-460 G OR CAKESTERS, 285 G",5.0,2026-09-10T00:00:00-04:00,2026-09-16T23:59:59-04:00
Atlantic Superstore,8124907,"PC STRAWBERRY OR GLUTEN-FREE CHOCOLATE CAKE, 553 G",14.0,2026-09-10T00:00:00-04:00,2026-09-16T23:59:59-04:00
Atlantic Superstore,8124907,"PC LITTLE GEMS RED, YELLOW OR MIXED MINI POTATOES, 680 G",3.48,2026-09-10T00:00:00-04:00,2026-09-16T23:59:59-04:00
Atlantic Superstore,8124907,"DAINTY TIMEWISE PASTA, 250 G",9.0,2026-09-10T00:00:00-04:00,2026-09-16T23:59:59-04:00
Atlantic Superstore,8124907,"UNICO TOMATO PASTE, 156 ML",1.25,2026-09-10T00:00:00-04:00,2026-09-16T23:59:59-04:00
Atlantic Superstore,8124907,"CAMPBELL'S® CONDENSED SOUPS, 284 ML",2.0,2026-09-10T00:00:00-04:00,2026-09-16T23:59:59-04:00
Atlantic Superstore,8124907,"OIKOS®, 650, 750 G",7.49,2026-09-10T00:00:00-04:00,2026-09-16T23:59:59-04:00
Atlantic Superstore,8124907,"PUREX LAUNDRY DETERGENT, 1.94 L, SNUGGLE FABRIC SOFTENER, 1.4 L OR SHEETS, 120'S",7.0,2026-09-10T00:00:00-04:00,2026-09-16T23:59:59-04:00
Atlantic Superstore,8124907,"AXE BODY SPRAY, 113 G, DEODORANT, 76/85 G OR BODY WASH OR HAIR CARE, 473 ML",4.0,2026-09-10T00:00:00-04:00,2026-09-16T23:59:59-04:00
Atlantic Superstore,8124907,"TIM HORTONS LOADED SOUP, 540 ML",4.0,2026-09-10T00:00:00-04:00,2026-09-16T23:59:59-04:00
Atlantic Superstore,8124907,"PURE PROTEIN, ENSURE OR GLUCERNA READY TO DRINK SHAKES",11.0,2026-09-10T00:00:00-04:00,2026-09-16T23:59:59-04:00
Atlantic Superstore,8124907,"PC® HYGROCOTTON TOWELS , 3 PIECE SET",20.0,2026-09-10T00:00:00-04:00,2026-09-16T23:59:59-04:00
Atlantic Superstore,8124907,"LEE KUM KEE PURE SESAME OIL, 445 ML",7.88,2026-09-10T00:00:00-04:00,2026-09-16T23:59:59-04:00
Atlantic Superstore,8124907,"IÖGO nanö CREAMY YOGURT POUCH, 4 X 90 G",3.27,2026-09-10T00:00:00-04:00,2026-09-16T23:59:59-04:00
Atlantic Superstore,8124907,"IÖGO NANÖ YOGURT WITH FLAVOURED PEARLS, 4 X 100 G",4.5,2026-09-10T00:00:00-04:00,2026-09-16T23:59:59-04:00
Atlantic Superstore,8124907,BEEF EYE OF ROUND STEAK,11.0,2026-09-10T00:00:00-04:00,2026-09-16T23:59:59-04:00
Atlantic Superstore,8124907,EVERYDAY ESSENTIALS™ HAND OR PERSONAL BLENDER,20.0,2026-09-10T00:00:00-04:00,2026-09-16T23:59:59-04:00
Atlantic Superstore,8124907,"UNICO CANNED TOMATOES, 796 ML OR UNICO CANNED BEANS, 540 ML",2.0,2026-09-10T00:00:00-04:00,2026-09-16T23:59:59-04:00
Atlantic Superstore,8124907,"NO NAME® NATURALLY IMPERFECT™ GREEN PEPPERS, 21 - 31 G",6.0,2026-09-10T00:00:00-04:00,2026-09-16T23:59:59-04:00
Atlantic Superstore,8124907,"KRITI GOLD EXTRA VIRGIN OLIVE OIL, 750 ML",12.0,2026-09-10T00:00:00-04:00,2026-09-16T23:59:59-04:00
Atlantic Superstore,8124907,"NO NAME® COATING MIX, 142-162 G",3.0,2026-09-10T00:00:00-04:00,2026-09-16T23:59:59-04:00
Atlantic Superstore,8124907,"PINE-SOL CLEANERS, 1 PT. OR CLOROX BLEACH, 3 - 1 L",4.0,2026-09-10T00:00:00-04:00,2026-09-16T23:59:59-04:00
Atlantic Superstore,8124907,"PC® PEI MUSSELS IN CREAMY WHITE WINE SAUCE, 907 G",12.0,2026-09-10T00:00:00-04:00,2026-09-16T23:59:59-04:00
Atlantic Superstore,8124907,LIFE AT HOME™ FAUX PLANTS OPTIMUM.Members,7.0,2026-09-10T00:00:00-04:00,2026-09-16T23:59:59-04:00
Atlantic Superstore,8124907,"INDOMIE MI GORENG INSTANT NOODLES, 400/425 G",3.48,2026-09-10T00:00:00-04:00,2026-09-16T23:59:59-04:00
Atlantic Superstore,8124907,"TIDE DETERGENT, 1.62-1.86 L, PODS, 18-31'S, DOWNY OR GAIN FABRIC SOFTENER, 1.66-2.63 L, DOWNY, GAIN BEADS, 303-379 G",10.0,2026-09-10T00:00:00-04:00,2026-09-16T23:59:59-04:00
Atlantic Superstore,8124907,HALLOWEEN INFLATABLES,29.0,2026-09-10T00:00:00-04:00,2026-09-16T23:59:59-04:00
Atlantic Superstore,8124907,"HARVEST GARLAND, 6""",25.0,2026-09-10T00:00:00-04:00,2026-09-16T23:59:59-04:00
Atlantic Superstore,8124907,KIDDICARE ECONO PACK DIAPERS,24.88,2026-09-10T00:00:00-04:00,2026-09-16T23:59:59-04:00
Atlantic Superstore,8124907,"ENFAMIL A+ NEUROPRO OR GENTLEASE BABY FORMULA POWDER TUBS, 535/587 G",50.0,2026-09-10T00:00:00-04:00,2026-09-16T23:59:59-04:00
Atlantic Superstore,8124907,"PAMPERS 12X BABY WIPES, 1008'S",26.0,2026-09-10T00:00:00-04:00,2026-09-16T23:59:59-04:00
Atlantic Superstore,8124907,"KNORR CHICKEN BOUILLON, 1KG",10.98,2026-09-10T00:00:00-04:00,2026-09-16T23:59:59-04:00
Atlantic Superstore,8124907,"TRESEMMÉ 'A LIST' STYLING PRODUCTS, 40-150 ML",12.0,2026-09-10T00:00:00-04:00,2026-09-16T23:59:59-04:00
Atlantic Superstore,8124907,"LIFE BRAND® PURAVIDA SHAMPOO OR CONDITIONER, 532 ML",8.0,2026-09-10T00:00:00-04:00,2026-09-16T23:59:59-04:00
Atlantic Superstore,8124907,"DOVE SHAMPOO OR CONDITIONER, 355 ML, HAIRSPRAY OR DRY SHAMPOO, 195-273 ML/142-198 G",5.0,2026-09-10T00:00:00-04:00,2026-09-16T23:59:59-04:00
Atlantic Superstore,8124907,"FEBREZE DUAL REFILLS, 2'S",10.0,2026-09-10T00:00:00-04:00,2026-09-16T23:59:59-04:00
Atlantic Superstore,8124907,"HUGGIES 1X BABY WIPES, 56-64'S",2.0,2026-09-10T00:00:00-04:00,2026-09-16T23:59:59-04:00
Atlantic Superstore,8124907,"LIFE BRAND® SHAVE GEL, 750G OR LIQUID HAND SOAP PUMP, 340ML",2.5,2026-09-10T00:00:00-04:00,2026-09-16T23:59:59-04:00
Atlantic Superstore,8124907,"ENFAMIL A+ NEUROPRO OR GENTLEASE BABY FORMULA POWDER REFILLS 0-12 MONTHS, 862/890 G",65.5,2026-09-10T00:00:00-04:00,2026-09-16T23:59:59-04:00
Atlantic Superstore,8124907,PC TRITAN LUNCH OR SALAD BOX,9.0,2026-09-10T00:00:00-04:00,2026-09-16T23:59:59-04:00
Atlantic Superstore,8124907,DEPEND UNDERWEAR OR POISE PADS,19.0,2026-09-10T00:00:00-04:00,2026-09-16T23:59:59-04:00
Atlantic Superstore,8124907,"LIFE BRAND® LIQUID HAND SOAP REFILL, 2 L",5.0,2026-09-10T00:00:00-04:00,2026-09-16T23:59:59-04:00
Atlantic Superstore,8124907,"HUGGIES PULL-UPS OR PAMPERS EASY UPS TRAINING PANTS, SIZES 2-3T, 4T-5T",37.0,2026-09-10T00:00:00-04:00,2026-09-16T23:59:59-04:00
Atlantic Superstore,8124907,"STARBUCKS® FRAPPUCCINO® COFFEE DRINK, 405 ML",6.5,2026-09-10T00:00:00-04:00,2026-09-16T23:59:59-04:00
Atlantic Superstore,8124907,"GAY LEA REAL WHIPPED CREAM OR WHIPPED TOPPING, 225 G",4.5,2026-09-10T00:00:00-04:00,2026-09-16T23:59:59-04:00
Atlantic Superstore,8124907,"HUGGIES ECONO PACK DIAPERS, SIZE N-8, 60-208'S",35.0,2026-09-10T00:00:00-04:00,2026-09-16T23:59:59-04:00
Atlantic Superstore,8124907,"HALDIRAM'S SNACKS, 90/150 G",6.0,2026-09-10T00:00:00-04:00,2026-09-16T23:59:59-04:00
Atlantic Superstore,8124907,"EVERYDAY ESSENTIALS™ SCENTED CANDLES, 18 OZ",7.0,2026-09-10T00:00:00-04:00,2026-09-16T23:59:59-04:00
Atlantic Superstore,8124907,LIFE AT HOME™ CUSHIONS,15.0,2026-09-10T00:00:00-04:00,2026-09-16T23:59:59-04:00
Atlantic Superstore,8124907,"PC® FOOD JAR, 500 ML",12.0,2026-09-10T00:00:00-04:00,2026-09-16T23:59:59-04:00
Atlantic Superstore,8124907,"NO NAME® NATURALLY IMPERFECT™ AVOCADO, 2.2 LB",6.0,2026-09-10T00:00:00-04:00,2026-09-16T23:59:59-04:00
Atlantic Superstore,8124907,HARVEST WREATHS,29.0,2026-09-10T00:00:00-04:00,2026-09-16T23:59:59-04:00
Atlantic Superstore,8124907,"PC DINNER, BEVERAGE OR BUFFET NAPKINS, 40/60'S",5.0,2026-09-10T00:00:00-04:00,2026-09-16T23:59:59-04:00
Atlantic Superstore,8124907,"ZIPLOC SNACK, SANDWICH OR FREEZER BAGS, 10-100'S",4.0,2026-09-10T00:00:00-04:00,2026-09-16T23:59:59-04:00
Atlantic Superstore,8124907,"PC 100% PURE MAPLE SYRUP, 500 ML",12.49,2026-09-10T00:00:00-04:00,2026-09-16T23:59:59-04:00
Atlantic Superstore,8124907,"OCEAN ANGEL WILD CAUGHT CALIFORNIA SQUID, 1 KG",12.0,2026-09-10T00:00:00-04:00,2026-09-16T23:59:59-04:00
Atlantic Superstore,8124907,BEEF LIVER,5.0,2026-09-10T00:00:00-04:00,2026-09-16T23:59:59-04:00
Atlantic Superstore,8124907,"COCA-COLA, CANADA DRY OR PEPSI SOFT DRINKS, 12X355 ML",17.0,2026-09-10T00:00:00-04:00,2026-09-16T23:59:59-04:00
Atlantic Superstore,8124907,NO NAME® SYRUP 750 ML OR PANCAKE MIX 905 G,3.25,2026-09-10T00:00:00-04:00,2026-09-16T23:59:59-04:00
Atlantic Superstore,8124907,"SIGGI'S HIGH PROTEIN SKYR YOGURT, 650 - 750 G",7.49,2026-09-10T00:00:00-04:00,2026-09-16T23:59:59-04:00
Atlantic Superstore,8124907,"PLAIN OR EVERYTHING SOURDOUGH LOAF, , 404-450G",3.5,2026-09-10T00:00:00-04:00,2026-09-16T23:59:59-04:00
Atlantic Superstore,8124907,"MAPLE LODGE FARMS ORIGINAL CHICKEN WIENER, 450 G, ZABIHA HALAL ORIGINAL CHICKEN WIENER, 450 G OR CHICKEN BOLOGNA, 375 G",2.0,2026-09-10T00:00:00-04:00,2026-09-16T23:59:59-04:00
Atlantic Superstore,8124907,"SILVER HILLS SPROUTED POWER BREAD, PAIN SPROUTED POWER SILVER HILLS, 430-680 G",5.0,2026-09-10T00:00:00-04:00,2026-09-16T23:59:59-04:00
Atlantic Superstore,8124907,"PC WOOD-FIRED PIZZA, 351-413 G",6.0,2026-09-10T00:00:00-04:00,2026-09-16T23:59:59-04:00
Atlantic Superstore,8124907,"FARMER'S MARKET™ LOAF CAKE, 344-400 G",5.0,2026-09-10T00:00:00-04:00,2026-09-16T23:59:59-04:00
Atlantic Superstore,8124907,PORK SHOULDER BLADE STEAKS,4.5,2026-09-10T00:00:00-04:00,2026-09-16T23:59:59-04:00
Atlantic Superstore,8124907,"LANTIC SUGAR, 1 KG",3.0,2026-09-10T00:00:00-04:00,2026-09-16T23:59:59-04:00
Atlantic Superstore,8124907,DOZEN ROSES,25.0,2026-09-10T00:00:00-04:00,2026-09-16T23:59:59-04:00
Atlantic Superstore,8124907,"MRS. NOODLES INSTANT RAMEN NOODLES, 85 G",2.0,2026-09-10T00:00:00-04:00,2026-09-16T23:59:59-04:00
Atlantic Superstore,8124907,POMEGRANATE,2.99,2026-09-10T00:00:00-04:00,2026-09-16T23:59:59-04:00
Atlantic Superstore,8124907,"UNICO PEPPERS, 750 ML OR UNICO BALSAMIC VINEGAR, 500 ML",4.5,2026-09-10T00:00:00-04:00,2026-09-16T23:59:59-04:00
Atlantic Superstore,8124907,"COTTONELLE FRESH CARE FLUSHABLE WET WIPES 4 PK, 168'S",12.0,2026-09-10T00:00:00-04:00,2026-09-16T23:59:59-04:00
Atlantic Superstore,8124907,"PEPSICO BEVERAGES, 6X222 ML",10.0,2026-09-10T00:00:00-04:00,2026-09-16T23:59:59-04:00
Atlantic Superstore,8124907,"ROYALE TOILET PAPER, 8'S",5.0,2026-09-10T00:00:00-04:00,2026-09-16T23:59:59-04:00
Atlantic Superstore,8124907,"DANONE ACTIVIA, 12X100 G OR IÖGO CREAMY, 16X100 G",7.0,2026-09-10T00:00:00-04:00,2026-09-16T23:59:59-04:00
Atlantic Superstore,8124907,"BARILLA GLUTEN-FREE OR CATELLI PROTEIN+ PASTA, 340 G",6.0,2026-09-10T00:00:00-04:00,2026-09-16T23:59:59-04:00
Atlantic Superstore,8124907,"NO NAME® PLASTIC WRAP, 60 M",3.0,2026-09-10T00:00:00-04:00,2026-09-16T23:59:59-04:00
Atlantic Superstore,8124907,"JANES BONELESS CHICKEN BITES, FILLETS, TENDERS OR SANDWICH, 710-750 G",13.0,2026-09-10T00:00:00-04:00,2026-09-16T23:59:59-04:00
Atlantic Superstore,8124907,"ARMSTRONG SLICES, 500 G, SAPUTO MOZZARELLISSIMA, 690/700 G",9.5,2026-09-10T00:00:00-04:00,2026-09-16T23:59:59-04:00
Atlantic Superstore,8124907,"GUACAMOLE, 255 G OR PICO DE GALLO SALSA, 187 G",6.0,2026-09-10T00:00:00-04:00,2026-09-16T23:59:59-04:00
Atlantic Superstore,8124907,"FINISH DISH DETERGENT TUBS, 51-65'S",20.0,2026-09-10T00:00:00-04:00,2026-09-16T23:59:59-04:00
Atlantic Superstore,8124907,NO NAME GARLIC BREAD OR TOAST,2.5,2026-09-10T00:00:00-04:00,2026-09-16T23:59:59-04:00
Atlantic Superstore,8124907,"ST-HUBERT, SWISS CHALET OR MONTANA'S SOUP, 540 ML",3.0,2026-09-10T00:00:00-04:00,2026-09-16T23:59:59-04:00
Atlantic Superstore,8124907,2-PACK BENTO JAPANESE SNACK ROLL 200 G OR 2-PACK BENTO ONIGIRI 244 G,9.0,2026-09-10T00:00:00-04:00,2026-09-16T23:59:59-04:00
Atlantic Superstore,8124907,"PURE LEAF ICED TEA, 6X340 ML",5.99,2026-09-10T00:00:00-04:00,2026-09-16T23:59:59-04:00
Atlantic Superstore,8124907,"PC® BLUE MENU™ CHICKEN THIGHS, 8'S",15.0,2026-09-10T00:00:00-04:00,2026-09-16T23:59:59-04:00
Atlantic Superstore,8124907,"LEE KUM KEE HOISIN SQUEEZE SAUCE, 445 mL",3.48,2026-09-10T00:00:00-04:00,2026-09-16T23:59:59-04:00
Atlantic Superstore,8124907,"STRUDEL OR TURNOVERS, 4'S",5.0,2026-09-10T00:00:00-04:00,2026-09-16T23:59:59-04:00
Atlantic Superstore,8124907,PAPAYA,2.5,2026-09-10T00:00:00-04:00,2026-09-16T23:59:59-04:00
Atlantic Superstore,8124907,DAIKON,1.48,2026-09-10T00:00:00-04:00,2026-09-16T23:59:59-04:00
Atlantic Superstore,8124907,"VACHON OR HOSTESS CRAZE CAKES, 200-336 G",2.95,2026-09-10T00:00:00-04:00,2026-09-16T23:59:59-04:00
Atlantic Superstore,8124907,"CLOVER LEAF SOCKEYE SALMON OR FLAKED LIGHT TUNA, 213/240 G",6.5,2026-09-10T00:00:00-04:00,2026-09-16T23:59:59-04:00
Atlantic Superstore,8124907,"PRÉSIDENT RONDELÉ, 125 G",4.0,2026-09-10T00:00:00-04:00,2026-09-16T23:59:59-04:00
Atlantic Superstore,8124907,"KURKURE SNACKS, 115 G",1.5,2026-09-10T00:00:00-04:00,2026-09-16T23:59:59-04:00
Atlantic Superstore,8124907,"MAYNARDS CANDY, 230-315 G",3.0,2026-09-10T00:00:00-04:00,2026-09-16T23:59:59-04:00
Atlantic Superstore,8124907,"CHICKEN GIZZARDS, HEARTS OR LIVERS, UP TO 606 G",9.0,2026-09-10T00:00:00-04:00,2026-09-16T23:59:59-04:00
Atlantic Superstore,8124907,"BEN & JERRY'S ICE CREAM, TALENTI GELATO OR SORBETTO, 473 ML OR MAGNUM BARS, 3/4'S OR 300 ML",5.0,2026-09-10T00:00:00-04:00,2026-09-16T23:59:59-04:00
Atlantic Superstore,8124907,"SCOTSBURN OR BAXTER BUTTER, , 454 G",6.5,2026-09-10T00:00:00-04:00,2026-09-16T23:59:59-04:00
Atlantic Superstore,8124907,"CHARMIN BATHROOM TISSUE, 12=48 ROLLS OR BOUNTY PAPER TOWELS, 6-12 ROLLS",15.0,2026-09-10T00:00:00-04:00,2026-09-16T23:59:59-04:00
Atlantic Superstore,8124907,"PC® SALMON WELLINGTON, 725 G OR GARLIC AND HERB SEAFOOD BAKE, 810 G",20.0,2026-09-10T00:00:00-04:00,2026-09-16T23:59:59-04:00
Atlantic Superstore,8124907,APPLE PAULA RED,1.99,2026-09-10T00:00:00-04:00,2026-09-16T23:59:59-04:00
Atlantic Superstore,8124907,"DAN-D PAK CASHEWS, 500 G",8.48,2026-09-10T00:00:00-04:00,2026-09-16T23:59:59-04:00
Atlantic Superstore,8124907,"CAMPBELL'S® CONDENSED SOUPS, 284 ML",2.0,2026-09-10T00:00:00-04:00,2026-09-16T23:59:59-04:00
Atlantic Superstore,8124907,"iÖGO CREAMY YOGURT, 2 KG",11.0,2026-09-10T00:00:00-04:00,2026-09-16T23:59:59-04:00
Atlantic Superstore,8124907,"YUCATAN GUACAMOLE, 340/6X57 G",8.0,2026-09-10T00:00:00-04:00,2026-09-16T23:59:59-04:00
Atlantic Superstore,8124907,"NO NAME® FACIAL TISSUES, 6X126'S",9.0,2026-09-10T00:00:00-04:00,2026-09-16T23:59:59-04:00
Atlantic Superstore,8124907,HARVEST DECOR PILLOWS,19.0,2026-09-10T00:00:00-04:00,2026-09-16T23:59:59-04:00
Atlantic Superstore,8124907,"CHRISTIE CRACKERS, 162-304 G",3.25,2026-09-10T00:00:00-04:00,2026-09-16T23:59:59-04:00
Atlantic Superstore,8124907,"BINGGRAE MELONA FROZEN DESSERT BARS, 560 ML",5.99,2026-09-10T00:00:00-04:00,2026-09-16T23:59:59-04:00
Atlantic Superstore,8124907,"ORION TURTLE CHIPS, 360 G",3.98,2026-09-10T00:00:00-04:00,2026-09-16T23:59:59-04:00
Atlantic Superstore,8124907,"GENERAL MILLS FAMILY SIZE CEREAL, 475-778 G",5.0,2026-09-10T00:00:00-04:00,2026-09-16T23:59:59-04:00
Atlantic Superstore,8124907,"12"" TAKE AND BAKE PIZZA, 475-540 G",10.0,2026-09-10T00:00:00-04:00,2026-09-16T23:59:59-04:00
Atlantic Superstore,8124907,"PURINA FANCY FEAST, 85 G OR FRISKIES, 156 G WET CAT FOOD",0.9,2026-09-10T00:00:00-04:00,2026-09-16T23:59:59-04:00
Atlantic Superstore,8124907,"FARMER'S MARKET™ WHITE POTATOES, 10 LB",4.0,2026-09-10T00:00:00-04:00,2026-09-16T23:59:59-04:00
Atlantic Superstore,8124907,"NO NAME® PURE WHITE VINEGAR, 4 L",2.25,2026-09-10T00:00:00-04:00,2026-09-16T23:59:59-04:00
Atlantic Superstore,8124907,"ASTRO BALKAN YOGURT, 750 G",4.49,2026-09-10T00:00:00-04:00,2026-09-16T23:59:59-04:00
Atlantic Superstore,8124907,"PRIMO PASTA SAUCE, 680 ML OR UNICO PASTA, 750 G",5.0,2026-09-10T00:00:00-04:00,2026-09-16T23:59:59-04:00
Atlantic Superstore,8124907,"T&T SHIITAKE MUSHROOM CRISPS, 150 G",5.0,2026-09-10T00:00:00-04:00,2026-09-16T23:59:59-04:00
Atlantic Superstore,8124907,"SIWIN SAUSAGES, 375 G",4.0,2026-09-10T00:00:00-04:00,2026-09-16T23:59:59-04:00
Atlantic Superstore,8124907,BOOST READY TO DRINK SHAKES,12.5,2026-09-10T00:00:00-04:00,2026-09-16T23:59:59-04:00
Atlantic Superstore,8124907,"NO NAME® DISINFECTING WIPES, 75'S",3.0,2026-09-10T00:00:00-04:00,2026-09-16T23:59:59-04:00
Atlantic Superstore,8124907,"PC® CANDY, 175-200 G",3.0,2026-09-10T00:00:00-04:00,2026-09-16T23:59:59-04:00
Atlantic Superstore,8124907,"SKINNY POP POPCORN, 125/150G",4.0,2026-09-10T00:00:00-04:00,2026-09-16T23:59:59-04:00
Atlantic Superstore,8124907,CINNAMON RAISIN BREAD 468 G OR MINI CROISSANTS 10'S,4.0,2026-09-10T00:00:00-04:00,2026-09-16T23:59:59-04:00
Atlantic Superstore,8124907,"KRAFT PEANUT BUTTER, 750 G/1 KG",5.97,2026-09-10T00:00:00-04:00,2026-09-16T23:59:59-04:00
Atlantic Superstore,8124907,PC® OR BLUE MENU® TURKEY,3.5,2026-09-10T00:00:00-04:00,2026-09-16T23:59:59-04:00
Atlantic Superstore,8124907,"PEPCID TABLETS, 50/60'S Or IMODIUM 20/24'S TABLETS, CAPLETS OR LIQUI-GELS",23.0,2026-09-10T00:00:00-04:00,2026-09-16T23:59:59-04:00
Atlantic Superstore,8124907,"SCOTSBURN & BAXTER SOUR CREAM, 500 ML",5.5,2026-09-10T00:00:00-04:00,2026-09-16T23:59:59-04:00
Atlantic Superstore,8124907,"NESTLÉ EVERYDAY INSTANT TEA MIX, 200 G",6.0,2026-09-10T00:00:00-04:00,2026-09-16T23:59:59-04:00
Atlantic Superstore,8124907,"FARMER'S MARKET™ MANDARINS, 4 LB",8.0,2026-09-10T00:00:00-04:00,2026-09-16T23:59:59-04:00
Atlantic Superstore,8124907,"NO NAME® VEGETABLES OR RAVINE MUSHROOMS, 284-398 ML",1.25,2026-09-10T00:00:00-04:00,2026-09-16T23:59:59-04:00
Atlantic Superstore,8124907,"PC® PITAS, CRACKERS OR BUTTER TWISTS, 100-225 G",2.5,2026-09-10T00:00:00-04:00,2026-09-16T23:59:59-04:00
Atlantic Superstore,8124907,"LINDT EXCELLENCE, LINDOR OR GHIRARDELLI CHOCOLATE, 50-200/330-570 G",13.0,2026-09-10T00:00:00-04:00,2026-09-16T23:59:59-04:00
Atlantic Superstore,8124907,FRESH STEELHEAD TROUT FILLETS,11.0,2026-09-10T00:00:00-04:00,2026-09-16T23:59:59-04:00
Atlantic Superstore,8124907,NAPA CABBAGE,1.48,2026-09-10T00:00:00-04:00,2026-09-16T23:59:59-04:00
Atlantic Superstore,8124907,"ROOSTER® TOFU, 454 G",4.88,2026-09-10T00:00:00-04:00,2026-09-16T23:59:59-04:00
Atlantic Superstore,8124907,PORK HOCKS,2.48,2026-09-10T00:00:00-04:00,2026-09-16T23:59:59-04:00
FreshCo,8122958,Softsoap Hand Soap 332 mL or Irish Spring Soap Bars 3 pk,3.99,2026-09-10T00:00:00-04:00,2026-09-16T23:59:59-04:00
FreshCo,8122958,U by Kotex Pads 38-50 pk or Tampons 45 pk Selected Varieties,13.99,2026-09-10T00:00:00-04:00,2026-09-16T23:59:59-04:00
FreshCo,8122958,Mogu Mogu Drink 1 L Selected Varieties,2.98,2026-09-10T00:00:00-04:00,2026-09-16T23:59:59-04:00
FreshCo,8122958,Tide 2.15-2.48 L or Gain 4.25 L Liquid Laundry Detergent,14.99,2026-09-10T00:00:00-04:00,2026-09-16T23:59:59-04:00
FreshCo,8122958,Grona Puff Pastries 328 g,3.0,2026-09-10T00:00:00-04:00,2026-09-16T23:59:59-04:00
FreshCo,8122958,Belevini Petit Beurre Biscuits 185 g,1.29,2026-09-10T00:00:00-04:00,2026-09-16T23:59:59-04:00
FreshCo,8122958,ITO EN Matcha Traditional Green Tea Bags 30 g,6.98,2026-09-10T00:00:00-04:00,2026-09-16T23:59:59-04:00
FreshCo,8122958,Roshen Wafer Sandwich Cookies 142 g or Cream Fudge 205 g,2.49,2026-09-10T00:00:00-04:00,2026-09-16T23:59:59-04:00
FreshCo,8122958,Asian Yellow Pears Product of China Fancy Grade 3.26/kg - FreshCo Mid-Autumn,1.48,2026-09-10T00:00:00-04:00,2026-09-16T23:59:59-04:00
FreshCo,8122958,Fresh Boneless Skinless Chicken Breast 4 pk,8.0,2026-09-10T00:00:00-04:00,2026-09-16T23:59:59-04:00
FreshCo,8122958,Compliments Large Eggs 30 pk,7.99,2026-09-10T00:00:00-04:00,2026-09-16T23:59:59-04:00
FreshCo,8122958,Dr. Oetker Ristorante or Casa di Mama Pizza 288-410 g,3.47,2026-09-10T00:00:00-04:00,2026-09-16T23:59:59-04:00
FreshCo,8122958,Green or Red Seedless Grapes Product of USA No. 1 Grade 6.11/kg,2.77,2026-09-10T00:00:00-04:00,2026-09-16T23:59:59-04:00
FreshCo,8122958,Avocados 5 pk Product of Mexico,2.97,2026-09-10T00:00:00-04:00,2026-09-16T23:59:59-04:00
FreshCo,8122958,Tim Hortons Ground Coffee 300 g or Single Serve K-Cups 10-12 pk,11.99,2026-09-10T00:00:00-04:00,2026-09-16T23:59:59-04:00
FreshCo,8122958,Roma Tomatoes,1.97,2026-09-10T00:00:00-04:00,2026-09-16T23:59:59-04:00
FreshCo,8122958,Natrel Lactose Free Milk 2 L Selected Varieties or Armstrong Cheese Bars 400 g or Shreds 320 g,4.97,2026-09-10T00:00:00-04:00,2026-09-16T23:59:59-04:00
FreshCo,8122958,Cadbury Chocolate Pouches 144-200 g or Maynards Candy Pouches 308-315 g Selected Varieties,3.99,2026-09-10T00:00:00-04:00,2026-09-16T23:59:59-04:00
FreshCo,8122958,Clementines 2 lb Product of South Africa,2.97,2026-09-10T00:00:00-04:00,2026-09-16T23:59:59-04:00
FreshCo,8122958,McCain Premium Potatoes 454-800 g,2.97,2026-09-10T00:00:00-04:00,2026-09-16T23:59:59-04:00
FreshCo,8122958,Romaine Hearts 3 pk Product of Canada,2.88,2026-09-10T00:00:00-04:00,2026-09-16T23:59:59-04:00
FreshCo,8122958,"Rutabaga Turnip or Green Cabbage Product of Canada, Canada No. 1, I.92/kg",0.87,2026-09-10T00:00:00-04:00,2026-09-16T23:59:59-04:00
FreshCo,8122958,"Compliments Carrots or Yellow Onions 3 lb Bag Product of Ontario, Canada No. 1, 1.36 kg",2.97,2026-09-10T00:00:00-04:00,2026-09-16T23:59:59-04:00
FreshCo,8122958,Kim Phat Jasmine Rice 8 kg - FreshCo Mid-Autumn,12.98,2026-09-10T00:00:00-04:00,2026-09-16T23:59:59-04:00
FreshCo,8122958,"Cauliflower Paula Red Apples Product of Ontario, Canada No. I or Product of Canada, Fancy Grade 3 lb",3.97,2026-09-10T00:00:00-04:00,2026-09-16T23:59:59-04:00
FreshCo,8122958,"Strawberries 454 g Product of USA No. 1 Grade or Blueberries Pint Product of Canada, Canada No. 1",4.97,2026-09-10T00:00:00-04:00,2026-09-16T23:59:59-04:00
FreshCo,8122958,"The Little Potato Co. Mini Potatoes 3 lb Product of Canada, Canada No. 1 1.36 kg",6.0,2026-09-10T00:00:00-04:00,2026-09-16T23:59:59-04:00
FreshCo,8122958,O'Food Korean BBQ Galbi Marinade or Bulgogi Marinade for Beef 840 g,5.98,2026-09-10T00:00:00-04:00,2026-09-16T23:59:59-04:00
FreshCo,8122958,Palmolive EZ Pump Liquid Detergent 828 ml or Fleecy Fabric Softener 138 L or Sheets 80 pk,4.99,2026-09-10T00:00:00-04:00,2026-09-16T23:59:59-04:00
FreshCo,8122958,Downy Rinse 1.08 L,11.99,2026-09-10T00:00:00-04:00,2026-09-16T23:59:59-04:00
FreshCo,8122958,Softsoap or Irish Spring Body Wash 591 mL or Irish Spring Soap Bars 6 pk,4.99,2026-09-10T00:00:00-04:00,2026-09-16T23:59:59-04:00
FreshCo,8122958,Nestlé Gerber Baby Snacks 42 g or Arrowroot Biscuit 155 g,2.49,2026-09-10T00:00:00-04:00,2026-09-16T23:59:59-04:00
FreshCo,8122958,O'Food Kimchi Soup Ramen Bowl 140-153 g,1.98,2026-09-10T00:00:00-04:00,2026-09-16T23:59:59-04:00
FreshCo,8122958,Asian Choice Pork Buns 510 g Selected Varieties - FreshCo Mid-Autumn,4.88,2026-09-10T00:00:00-04:00,2026-09-16T23:59:59-04:00
FreshCo,8122958,Coco Buri Coconut Water 1 L - FreshCo Mid-Autumn,3.98,2026-09-10T00:00:00-04:00,2026-09-16T23:59:59-04:00
FreshCo,8122958,"Mini Seedless Cucumbers 6 pk Product of Ontario, Canada No. 1 or Grape Tomatoes 283 g Product of Canada or Mexico",2.97,2026-09-10T00:00:00-04:00,2026-09-16T23:59:59-04:00
FreshCo,8122958,"Downy Fabric Softener 1.66-2.63 L, Beads 303-379 g or Gain Dryer Sheets 200 pk",9.99,2026-09-10T00:00:00-04:00,2026-09-16T23:59:59-04:00
FreshCo,8122958,Budding Sliced Deli Meats 55 g,1.97,2026-09-10T00:00:00-04:00,2026-09-16T23:59:59-04:00
FreshCo,8122958,Christie Cookies 224-303 g or Crackers 180 g Selected Varieties,2.27,2026-09-10T00:00:00-04:00,2026-09-16T23:59:59-04:00
FreshCo,8122958,Robin Hood Flour 2.5 kg,3.97,2026-09-10T00:00:00-04:00,2026-09-16T23:59:59-04:00
FreshCo,8122958,Nestlé Assorted Chocolate Minis 100 pk,13.97,2026-09-10T00:00:00-04:00,2026-09-16T23:59:59-04:00
FreshCo,8122958,Pure Protein Bars 6 pk,11.99,2026-09-10T00:00:00-04:00,2026-09-16T23:59:59-04:00
FreshCo,8122958,Minute Maid Lemonade 1.75 L,2.49,2026-09-10T00:00:00-04:00,2026-09-16T23:59:59-04:00
FreshCo,8122958,Pace Salsa 642 mL,3.97,2026-09-10T00:00:00-04:00,2026-09-16T23:59:59-04:00
FreshCo,8122958,General Mills Family Size Cereal 526-778 g,4.99,2026-09-10T00:00:00-04:00,2026-09-16T23:59:59-04:00
FreshCo,8122958,Vachon Snack Cakes 250-336 g or Craze Snack Cakes 200-324 g,2.97,2026-09-10T00:00:00-04:00,2026-09-16T23:59:59-04:00
FreshCo,8122958,Best Buy Scallop Medallions Frozen 340 g,10.0,2026-09-10T00:00:00-04:00,2026-09-16T23:59:59-04:00
FreshCo,8122958,School Safe Mini Loaves or Brownies 280 g,4.0,2026-09-10T00:00:00-04:00,2026-09-16T23:59:59-04:00
FreshCo,8122958,"Oasis Juices, Arizona Iced Tea or Del Monte Nectars 960 mL",1.67,2026-09-10T00:00:00-04:00,2026-09-16T23:59:59-04:00
FreshCo,8122958,Mr. Noodles Instant Noodles 85 g,1.0,2026-09-10T00:00:00-04:00,2026-09-16T23:59:59-04:00
FreshCo,8122958,Coca-Cola or Pepsi Soft Drinks 6x710 mL Selected Varieties,4.27,2026-09-10T00:00:00-04:00,2026-09-16T23:59:59-04:00
FreshCo,8122958,Old El Paso Taco Shells 125-334 g Selected Varieties,2.97,2026-09-10T00:00:00-04:00,2026-09-16T23:59:59-04:00
FreshCo,8122958,Silver Swan Soy Sauce 1 L,3.88,2026-09-10T00:00:00-04:00,2026-09-16T23:59:59-04:00
FreshCo,8122958,Sugar Mango Product of Colombia 1537/kg,6.97,2026-09-10T00:00:00-04:00,2026-09-16T23:59:59-04:00
FreshCo,8122958,Huggies Pull Ups 42-74 pk or Goodnites Youth Pants 28-44 pk Selected Varieties,26.99,2026-09-10T00:00:00-04:00,2026-09-16T23:59:59-04:00
FreshCo,8122958,Huggies Natural Care Wipes 168-192 pk,8.99,2026-09-10T00:00:00-04:00,2026-09-16T23:59:59-04:00
FreshCo,8122958,Kind Protein+ Bars 62 g,2.29,2026-09-10T00:00:00-04:00,2026-09-16T23:59:59-04:00
FreshCo,8122958,Catelli Pasta Protein+ 340 g,2.97,2026-09-10T00:00:00-04:00,2026-09-16T23:59:59-04:00
FreshCo,8122958,Schneiders Breakfast Sandwiches & Bites 204-288 g,5.99,2026-09-10T00:00:00-04:00,2026-09-16T23:59:59-04:00
FreshCo,8122958,Kellogg's Eggo Protein Waffles 280 g,5.0,2026-09-10T00:00:00-04:00,2026-09-16T23:59:59-04:00
FreshCo,8122958,Oliya Virgin Sunflower Oil 1 L,4.99,2026-09-10T00:00:00-04:00,2026-09-16T23:59:59-04:00
FreshCo,8122958,Roshen Brownie Cookies | 52 g,5.0,2026-09-10T00:00:00-04:00,2026-09-16T23:59:59-04:00
FreshCo,8122958,Kellogg's Vector Granola 311 g,4.99,2026-09-10T00:00:00-04:00,2026-09-16T23:59:59-04:00
FreshCo,8122958,O'Food Gochujang or Ssamjang Sauce 300 g,3.98,2026-09-10T00:00:00-04:00,2026-09-16T23:59:59-04:00
FreshCo,8122958,Honey Pomelo Product of China - FreshCo Mid-Autumn,2.98,2026-09-10T00:00:00-04:00,2026-09-16T23:59:59-04:00
FreshCo,8122958,UFC Sweet Filipino Style Spaghetti Sauce 1 kg,5.48,2026-09-10T00:00:00-04:00,2026-09-16T23:59:59-04:00
FreshCo,8122958,Lady's Choice Sandwich Spread 470 mL,3.98,2026-09-10T00:00:00-04:00,2026-09-16T23:59:59-04:00
FreshCo,8122958,Maggi Magic Sarap Seasoning Mix 96 g,2.48,2026-09-10T00:00:00-04:00,2026-09-16T23:59:59-04:00
FreshCo,8122958,Papaya Product of Mexico 4.34/kg,1.97,2026-09-10T00:00:00-04:00,2026-09-16T23:59:59-04:00
FreshCo,8122958,Silk High Protein Soy Beverage 1.42 L,6.49,2026-09-10T00:00:00-04:00,2026-09-16T23:59:59-04:00
FreshCo,8122958,Shirakiku Frozen Udon Noodles 1.15 kg,3.98,2026-09-10T00:00:00-04:00,2026-09-16T23:59:59-04:00
FreshCo,8122958,Sheng Hsiang Jen Green Peas 240 g Selected Varieties - FreshCo Mid-Autumn,3.98,2026-09-10T00:00:00-04:00,2026-09-16T23:59:59-04:00
FreshCo,8122958,"Bok Choy, Flat or Napa Cabbage Product of Canada 1.99/kg - FreshCo Mid-Autumn",0.88,2026-09-10T00:00:00-04:00,2026-09-16T23:59:59-04:00
FreshCo,8122958,Paldo Gomtang Noodles 408 g or Bibimmen Spicy Cold Noodles 520 g - FreshCo Mid-Autumn,4.98,2026-09-10T00:00:00-04:00,2026-09-16T23:59:59-04:00
FreshCo,8122958,Mang Pedro's Chicharon 142 g,4.48,2026-09-10T00:00:00-04:00,2026-09-16T23:59:59-04:00
FreshCo,8122958,M.Y. San SkylFlakes Saltine Crackers 800 g,5.48,2026-09-10T00:00:00-04:00,2026-09-16T23:59:59-04:00
FreshCo,8122958,Kellogg's Core Bars 125-384 g,2.49,2026-09-10T00:00:00-04:00,2026-09-16T23:59:59-04:00
FreshCo,8122958,"Kraft Dinner 156-200 g, KD Cups 58 g, Heinz Beans or Pasta 398 mL",1.44,2026-09-10T00:00:00-04:00,2026-09-16T23:59:59-04:00
FreshCo,8122958,Ziploc Sandwich Bags 200 pk or Freezer Bags 10-44pk,7.49,2026-09-10T00:00:00-04:00,2026-09-16T23:59:59-04:00
FreshCo,8122958,"Pinty's Chicken Wings or Gluten Free Chunks, Strips or Burgers Frozen 700-790 g",9.97,2026-09-10T00:00:00-04:00,2026-09-16T23:59:59-04:00
FreshCo,8122958,Maxwell House Coffee 864-900 g,15.99,2026-09-10T00:00:00-04:00,2026-09-16T23:59:59-04:00
FreshCo,8122958,Pillsbury Pizza Pops 8 pk 760 g or Pizza Bites 693 g,5.97,2026-09-10T00:00:00-04:00,2026-09-16T23:59:59-04:00
FreshCo,8122958,Kim Phat Spring Rolls 2.8 kg - FreshCo Mid-Autumn,13.98,2026-09-10T00:00:00-04:00,2026-09-16T23:59:59-04:00
FreshCo,8122958,Dare Breton or Vinta Crackers 173-225 g or Veggie Crisps 100-150 g,1.97,2026-09-10T00:00:00-04:00,2026-09-16T23:59:59-04:00
FreshCo,8122958,Becel Chef's Signature Butter 454 g or Violife Dairy Free Shreds or Slices 200 g,3.97,2026-09-10T00:00:00-04:00,2026-09-16T23:59:59-04:00
FreshCo,8122958,Doritos 210-280 g or Ruffles 180-200 g,7.0,2026-09-10T00:00:00-04:00,2026-09-16T23:59:59-04:00
FreshCo,8122958,TRESemmé Shampoo or Conditioner 828 mL,5.99,2026-09-10T00:00:00-04:00,2026-09-16T23:59:59-04:00
FreshCo,8122958,Liberté Méditerranée Yogurt 500 g or Yoplait Source Protein Tub 650 g,3.49,2026-09-10T00:00:00-04:00,2026-09-16T23:59:59-04:00
FreshCo,8122958,MarcAngelo Sausages 675 g,5.0,2026-09-10T00:00:00-04:00,2026-09-16T23:59:59-04:00
FreshCo,8122958,"Prime Raised Without Antibiotics Chicken Nuggets, Burgers, Strips 700 g or Stuffed 568 g Frozen",12.97,2026-09-10T00:00:00-04:00,2026-09-16T23:59:59-04:00
FreshCo,8122958,Seedless Oranges Product of South Africa or Bartlett Pears Product of USA Extra Fancy Grade 4.34/kg,1.97,2026-09-10T00:00:00-04:00,2026-09-16T23:59:59-04:00
FreshCo,8122958,Compliments Deli Meats 150-175 g or San Daniele Mortadella 175 g,3.47,2026-09-10T00:00:00-04:00,2026-09-16T23:59:59-04:00
FreshCo,8122958,Compliments Raw Pacific White Shrimp Frozen 340 g or Shrimp with Cocktail Sauce Frozen 255 g,6.0,2026-09-10T00:00:00-04:00,2026-09-16T23:59:59-04:00
FreshCo,8122958,"Celery or Iceberg Lettuce Product of Canada, Canada No. 1",1.97,2026-09-10T00:00:00-04:00,2026-09-16T23:59:59-04:00
FreshCo,8122958,Panache Crab Rangoon or Shrimp Tempura with Truffle Frozen 252 g,7.97,2026-09-10T00:00:00-04:00,2026-09-16T23:59:59-04:00
FreshCo,8122958,Piller's Meat Sticks 300-500 g,8.97,2026-09-10T00:00:00-04:00,2026-09-16T23:59:59-04:00
FreshCo,8122958,"Broccoli Product of Canada or Cantaloupe Product of Canada, Canada No. 1",2.97,2026-09-10T00:00:00-04:00,2026-09-16T23:59:59-04:00
FreshCo,8122958,Kellogg's Family Size Cereal Selected Varieties 450-650 g,5.47,2026-09-10T00:00:00-04:00,2026-09-16T23:59:59-04:00
FreshCo,8122958,Nature Valley Granola Bars or Betty Crocker Fruit Snacks 128-230 g,2.49,2026-09-10T00:00:00-04:00,2026-09-16T23:59:59-04:00
FreshCo,8122958,Italpasta 900 g,2.27,2026-09-10T00:00:00-04:00,2026-09-16T23:59:59-04:00
FreshCo,8122958,Danone Activia Yogurt 12 pk,6.49,2026-09-10T00:00:00-04:00,2026-09-16T23:59:59-04:00
FreshCo,8122958,Nestlé Chocolate Tablets 90-120 g Selected Varieties,2.5,2026-09-10T00:00:00-04:00,2026-09-16T23:59:59-04:00
FreshCo,8122958,SpongeTowels 4-8 rolls,12.99,2026-09-10T00:00:00-04:00,2026-09-16T23:59:59-04:00
FreshCo,8122958,Danone Oikos Yogurt 4 pk,3.99,2026-09-10T00:00:00-04:00,2026-09-16T23:59:59-04:00
FreshCo,8122958,Purina ONE Dog Food 1.72-1.81 kg or Beggin' Dog Treats 708 g,9.99,2026-09-10T00:00:00-04:00,2026-09-16T23:59:59-04:00
FreshCo,8122958,Unico Beans or Tomatoes 540-796 mL,1.77,2026-09-10T00:00:00-04:00,2026-09-16T23:59:59-04:00
FreshCo,8122958,Chef Boyardee 418-425 g,1.89,2026-09-10T00:00:00-04:00,2026-09-16T23:59:59-04:00
FreshCo,8122958,Yoplait Tubes 8 pk,2.99,2026-09-10T00:00:00-04:00,2026-09-16T23:59:59-04:00
FreshCo,8122958,Pepperidge Farm Goldfish Crackers or Kettle Chips 167-227 g or 349-399,2.49,2026-09-10T00:00:00-04:00,2026-09-16T23:59:59-04:00
FreshCo,8122958,Nabob Ground Coffee 340 g,8.99,2026-09-10T00:00:00-04:00,2026-09-16T23:59:59-04:00
FreshCo,8122958,Fleecy Fabric Softener 3.5 L or Dryer Sheets 200 pk,9.99,2026-09-10T00:00:00-04:00,2026-09-16T23:59:59-04:00
FreshCo,8122958,Allen's Apple Juice 1.89 L or Kiju Organic 100% Juice 1 L,2.99,2026-09-10T00:00:00-04:00,2026-09-16T23:59:59-04:00
FreshCo,8122958,Quaker Crispy Minis 100 g or Rice Cakes 127-199 g,2.75,2026-09-10T00:00:00-04:00,2026-09-16T23:59:59-04:00
FreshCo,8122958,Dawn Dish Detergent 896 mL-1.2 L or Starter Kit 473 mL,5.49,2026-09-10T00:00:00-04:00,2026-09-16T23:59:59-04:00
FreshCo,8122958,Kool-Aid Jammers 10x180 mL,3.49,2026-09-10T00:00:00-04:00,2026-09-16T23:59:59-04:00
FreshCo,8122958,Lady Speed Stick 45-70 g or Mennen Speed Stick Deodorant or Antiperspirant 76-85 g Selected Varieties,3.99,2026-09-10T00:00:00-04:00,2026-09-16T23:59:59-04:00
FreshCo,8122958,All Bonterra Paper Products,5.99,2026-09-10T00:00:00-04:00,2026-09-16T23:59:59-04:00
FreshCo,8122958,Bounty Paper Towels 6=12 rolls,12.99,2026-09-10T00:00:00-04:00,2026-09-16T23:59:59-04:00
FreshCo,8122958,Windex 765 mL or Scrubbing Bubbles Bathroom Cleaners Selected Varieties and Sizes,4.99,2026-09-10T00:00:00-04:00,2026-09-16T23:59:59-04:00
FreshCo,8122958,SpongeTowels Ultra or UltraPRO 3=6 rolls,7.99,2026-09-10T00:00:00-04:00,2026-09-16T23:59:59-04:00
FreshCo,8122958,Softsoap Liquid Hand Soap Selected Varieties 1.47 L,5.99,2026-09-10T00:00:00-04:00,2026-09-16T23:59:59-04:00
FreshCo,8122958,Glad Garbage Bags 20-40 pk,10.99,2026-09-10T00:00:00-04:00,2026-09-16T23:59:59-04:00
FreshCo,8122958,Palmolive Dish Detergent 539-828 mL Selected varieties,2.49,2026-09-10T00:00:00-04:00,2026-09-16T23:59:59-04:00
FreshCo,8122958,Pampers Baby Wipes I68-216 pk,8.99,2026-09-10T00:00:00-04:00,2026-09-16T23:59:59-04:00
FreshCo,8122958,Lady or Mennen Speed Stick Deodorant 45-70 g Selected Varieties,2.49,2026-09-10T00:00:00-04:00,2026-09-16T23:59:59-04:00
FreshCo,8122958,Nestlé Gerber Yogurt Melts 28 g Selected Varieties,4.99,2026-09-10T00:00:00-04:00,2026-09-16T23:59:59-04:00
FreshCo,8122958,"Depends Pads 52-58 pk, Underwear 12-19 pk or Poise Pads and Liners 22-66 pk Selected Varieties",18.99,2026-09-10T00:00:00-04:00,2026-09-16T23:59:59-04:00
FreshCo,8122958,"Always Ultra Pads 16-22 pk, Infinity Pads & Liners 13-72 pk or Tampax Radiant or Pearl Tampons 14-18 pk Selected Varieties",5.99,2026-09-10T00:00:00-04:00,2026-09-16T23:59:59-04:00
FreshCo,8122958,Boost Complete Nutrition Shakes 6x237 mL,11.99,2026-09-10T00:00:00-04:00,2026-09-16T23:59:59-04:00
FreshCo,8122958,Dove Men Care Deodorant 76-85 g Selected Varieties,6.99,2026-09-10T00:00:00-04:00,2026-09-16T23:59:59-04:00
FreshCo,8122958,"Old Spice Wild or Red Collection Deodorant 73-85 g, Secret Outlast or Aluminum Free Deodorant 68-73 g Selected Varieties",7.49,2026-09-10T00:00:00-04:00,2026-09-16T23:59:59-04:00
FreshCo,8122958,Nivea Body Lotion or Moisturizing Cream 200-652 mL Selected Varieties,6.99,2026-09-10T00:00:00-04:00,2026-09-16T23:59:59-04:00
FreshCo,8122958,Flourish Protein Pancake & Waffle Mix 430 g,8.99,2026-09-10T00:00:00-04:00,2026-09-16T23:59:59-04:00
FreshCo,8122958,Manitoba Harvest Hemp Hearts 227 g,6.99,2026-09-10T00:00:00-04:00,2026-09-16T23:59:59-04:00
FreshCo,8122958,Oatmeal Crisp Protein Cereal 455 g or Cheerios Protein 317 g,4.99,2026-09-10T00:00:00-04:00,2026-09-16T23:59:59-04:00
FreshCo,8122958,S&B Golden Curry Mix 92 g Selected Varieties,2.98,2026-09-10T00:00:00-04:00,2026-09-16T23:59:59-04:00
FreshCo,8122958,Street Soup 50 g,3.0,2026-09-10T00:00:00-04:00,2026-09-16T23:59:59-04:00
FreshCo,8122958,Jongga Kimchi Pouch 80 g,1.48,2026-09-10T00:00:00-04:00,2026-09-16T23:59:59-04:00
FreshCo,8122958,Borjomi Carbonated Natural Mineral Water 750 mL,2.99,2026-09-10T00:00:00-04:00,2026-09-16T23:59:59-04:00
FreshCo,8122958,Allfit Konjac Jelly 150 mL Selected Varieties - FreshCo Mid-Autumn,1.48,2026-09-10T00:00:00-04:00,2026-09-16T23:59:59-04:00
FreshCo,8122958,Nongshim Bowl Noodle Soup 86 g Selected Varieties - FreshCo Mid-Autumn,1.28,2026-09-10T00:00:00-04:00,2026-09-16T23:59:59-04:00
FreshCo,8122958,Asian Choice Steamed Pork Shumai 552 g - FreshCo Mid-Autumn,6.88,2026-09-10T00:00:00-04:00,2026-09-16T23:59:59-04:00
FreshCo,8122958,"Eight Treasures Head On, Shell On Raw Shrimp Frozen 400 g - FreshCo Mid-Autumn",5.88,2026-09-10T00:00:00-04:00,2026-09-16T23:59:59-04:00
FreshCo,8122958,O'Food Avocado Oil Roasted Seaweed Snack 48 g - FreshCo Mid-Autumn,5.98,2026-09-10T00:00:00-04:00,2026-09-16T23:59:59-04:00
FreshCo,8122958,Eight Treasures Tilapia Frozen 1.36 kg - FreshCo Mid-Autumn,7.87,2026-09-10T00:00:00-04:00,2026-09-16T23:59:59-04:00
FreshCo,8122958,Super Q Golden Bihon Cornstarch Sticks 454 g,1.98,2026-09-10T00:00:00-04:00,2026-09-16T23:59:59-04:00
FreshCo,8122958,Knorr Liquid Seasoning 240 mL,2.48,2026-09-10T00:00:00-04:00,2026-09-16T23:59:59-04:00
FreshCo,8122958,Knorr Tamarind Soup Base 40 g,0.88,2026-09-10T00:00:00-04:00,2026-09-16T23:59:59-04:00
FreshCo,8122958,Ding Dong Mixed Nuts Snack 100 g Selected Varieties,0.98,2026-09-10T00:00:00-04:00,2026-09-16T23:59:59-04:00
FreshCo,8122958,Lucky Me! Instant Noodles or Chow Mein 6 pk Selected Varieties,2.98,2026-09-10T00:00:00-04:00,2026-09-16T23:59:59-04:00
FreshCo,8122958,Boy Bawang Garlic Cornick 500 g,5.48,2026-09-10T00:00:00-04:00,2026-09-16T23:59:59-04:00
FreshCo,8122958,Simply Orange Juice 136 L,5.49,2026-09-10T00:00:00-04:00,2026-09-16T23:59:59-04:00
FreshCo,8122958,Danone Activia Yogurt 8 pk,4.49,2026-09-10T00:00:00-04:00,2026-09-16T23:59:59-04:00
FreshCo,8122958,Kinder Chocolate Bars 6x21 g,4.99,2026-09-10T00:00:00-04:00,2026-09-16T23:59:59-04:00
FreshCo,8122958,"Kinder Bueno Bars 3x43 g, Bueno Minis 145 g or Surprise Eggs 3x20 g",4.99,2026-09-10T00:00:00-04:00,2026-09-16T23:59:59-04:00
FreshCo,8122958,Oikos Pro Drinks 300 mL,2.99,2026-09-10T00:00:00-04:00,2026-09-16T23:59:59-04:00
FreshCo,8122958,"Kinder Surprise Eggs 20 g, Bueno Bars 39-43 g or Chocolate Bars 42 g",1.79,2026-09-10T00:00:00-04:00,2026-09-16T23:59:59-04:00
FreshCo,8122958,Fruitopia Drinks 1.75 L,2.49,2026-09-10T00:00:00-04:00,2026-09-16T23:59:59-04:00
FreshCo,8122958,Danone Oikos Yogurt 650-750 g,6.99,2026-09-10T00:00:00-04:00,2026-09-16T23:59:59-04:00
FreshCo,8122958,Takis Assorted flavours,2.25,2026-09-10T00:00:00-04:00,2026-09-16T23:59:59-04:00
FreshCo,8122958,Orville Redenbacher Microwave Popcorn Bags 5 - 8 pk 248 - 472 g,4.47,2026-09-10T00:00:00-04:00,2026-09-16T23:59:59-04:00
FreshCo,8122958,Tetley Tea 20-24 pk,2.99,2026-09-10T00:00:00-04:00,2026-09-16T23:59:59-04:00
FreshCo,8122958,Regent Golden Sweet Corn Snack 60 g,0.98,2026-09-10T00:00:00-04:00,2026-09-16T23:59:59-04:00
FreshCo,8122958,Siwin Mini Wontons 454 g Selected Varieties - FreshCo Mid-Autumn,5.48,2026-09-10T00:00:00-04:00,2026-09-16T23:59:59-04:00
FreshCo,8122958,Kirin Milk Tea 1.5 L - FreshCo Mid-Autumn,2.98,2026-09-10T00:00:00-04:00,2026-09-16T23:59:59-04:00
FreshCo,8122958,Shirakiku Roasted White Sesame Seeds 227 g - FreshCo Mid-Autumn,3.98,2026-09-10T00:00:00-04:00,2026-09-16T23:59:59-04:00
FreshCo,8122958,Clorox Cleaners 887-946 mL,4.49,2026-09-10T00:00:00-04:00,2026-09-16T23:59:59-04:00
FreshCo,8122958,Pine-Sol 1.41 L or Clorox Bleach 2.4 L,4.49,2026-09-10T00:00:00-04:00,2026-09-16T23:59:59-04:00
FreshCo,8122958,Glad Tall White Kitchen Bags 50-60 pk,10.99,2026-09-10T00:00:00-04:00,2026-09-16T23:59:59-04:00
FreshCo,8122958,Tide Pods 63-112 pk,29.99,2026-09-10T00:00:00-04:00,2026-09-16T23:59:59-04:00
FreshCo,8122958,Bounce Dryer Sheets 120-200 pk,10.99,2026-09-10T00:00:00-04:00,2026-09-16T23:59:59-04:00
FreshCo,8122958,Vim Cream Cleaner 500 mL,3.99,2026-09-10T00:00:00-04:00,2026-09-16T23:59:59-04:00
FreshCo,8122958,Always Ultra or Radiant Infinity Pads 20-40 pk or Liners 68-80 pk Selected Varieties,10.99,2026-09-10T00:00:00-04:00,2026-09-16T23:59:59-04:00
FreshCo,8122958,"Crest Scope Mouthwash 1 L, 3D White Toothpaste 85-135 mL Selected Varieties",5.99,2026-09-10T00:00:00-04:00,2026-09-16T23:59:59-04:00
FreshCo,8122958,"Colgate Total Mouthwash 1 L , PerioGard or Pro Relief Toothpaste 70-120 ml, 360 or Bluey Toothbrush Twin Pack Selected Varieties",6.99,2026-09-10T00:00:00-04:00,2026-09-16T23:59:59-04:00
FreshCo,8122958,"Colgate Total Toothpaste 70-150 mL, Optic White Toothpaste 90 mL or 360 Toothbrush 1 ea Selected Varieties",3.49,2026-09-10T00:00:00-04:00,2026-09-16T23:59:59-04:00
FreshCo,8122958,Poise Liners I6-54 pk Selected Varieties,6.49,2026-09-10T00:00:00-04:00,2026-09-16T23:59:59-04:00
FreshCo,8122958,Clif Energy Bars 68 g,1.99,2026-09-10T00:00:00-04:00,2026-09-16T23:59:59-04:00
FreshCo,8122958,Dempster's Protein Bagels 5 pk or Tortillas 330 g,4.47,2026-09-10T00:00:00-04:00,2026-09-16T23:59:59-04:00
FreshCo,8122958,Villaggio Bread 550-675 g or Buns 6-8 pk or Dempster's Bagels 5-6 pk Selected Varieties,2.97,2026-09-10T00:00:00-04:00,2026-09-16T23:59:59-04:00
FreshCo,8122958,Pogo Original Frozen 1.5 kg,14.97,2026-09-10T00:00:00-04:00,2026-09-16T23:59:59-04:00
FreshCo,8122958,Compliments Sliced Cheese 160-170 g or Camembert or Brie 175-200 g,5.0,2026-09-10T00:00:00-04:00,2026-09-16T23:59:59-04:00
FreshCo,8122958,Fontaine Santé Hummus 227-280 g,3.47,2026-09-10T00:00:00-04:00,2026-09-16T23:59:59-04:00
FreshCo,8122958,Nestlé Parlour Frozen Dessert 1.5 L or Novelties 12 pk,3.49,2026-09-10T00:00:00-04:00,2026-09-16T23:59:59-04:00
FreshCo,8122958,Grace Patties 600 g,6.79,2026-09-10T00:00:00-04:00,2026-09-16T23:59:59-04:00
FreshCo,8122958,Tampax Pearl or Radiant Tampons 28-36 pk Selected Varieties,9.99,2026-09-10T00:00:00-04:00,2026-09-16T23:59:59-04:00
FreshCo,8122958,Gay Lea Butter Salted or Unsalted 454 g,5.99,2026-09-10T00:00:00-04:00,2026-09-16T23:59:59-04:00
FreshCo,8122958,Dawn Dish Detergent 2.01-2.64 L,11.99,2026-09-10T00:00:00-04:00,2026-09-16T23:59:59-04:00
FreshCo,8122958,Softsoap Liquid Hand Soap Pump 221 ml Selected Varieties,1.99,2026-09-10T00:00:00-04:00,2026-09-16T23:59:59-04:00
Walmart,8127960,Cavendish Farms premium frozen fries or onion rings,2.97,2026-09-10T00:00:00-04:00,2026-09-16T23:59:59-04:00
Walmart,8127960,Dao Xiang Cun jujube mooncake,6.98,2026-09-10T00:00:00-04:00,2026-09-16T23:59:59-04:00
Walmart,8127960,Nongshim 4-pack or KSF 5-pack noodles,3.98,2026-09-10T00:00:00-04:00,2026-09-16T23:59:59-04:00
Walmart,8127960,Johnsonville smoked sausages,6.97,2026-09-10T00:00:00-04:00,2026-09-16T23:59:59-04:00
Walmart,8127960,Cavendish Farms a premium frozen fries or onion rings,2.97,2026-09-10T00:00:00-04:00,2026-09-16T23:59:59-04:00
Walmart,8127960,Nestlé Drumstick or Real Dairy confectioneries or tubs or Del Monte or Häagen-Dazs novelties or tubs,5.48,2026-09-10T00:00:00-04:00,2026-09-16T23:59:59-04:00
Walmart,8127960,Cube organizer storage bins,4.97,2026-09-10T00:00:00-04:00,2026-09-16T23:59:59-04:00
Walmart,8127960,Bear Paws cookies,2.28,2026-09-10T00:00:00-04:00,2026-09-16T23:59:59-04:00
Walmart,8127960,O'Tasty dumplings,4.98,2026-09-10T00:00:00-04:00,2026-09-16T23:59:59-04:00
Walmart,8127960,VitaLife dog treats,21.97,2026-09-10T00:00:00-04:00,2026-09-16T23:59:59-04:00
Walmart,8127960,Bounce dryer sheets 200s or Mega Sheets 120s,9.97,2026-09-10T00:00:00-04:00,2026-09-16T23:59:59-04:00
Walmart,8127960,Dr. Oetker Ristorante frozen pizza,3.98,2026-09-10T00:00:00-04:00,2026-09-16T23:59:59-04:00
Walmart,8127960,Multi-purpose paper 500-pack,7.98,2026-09-10T00:00:00-04:00,2026-09-16T23:59:59-04:00
Walmart,8127960,Mechanical pencils,7.98,2026-09-10T00:00:00-04:00,2026-09-16T23:59:59-04:00
Walmart,8127960,Lunch bag,29.97,2026-09-10T00:00:00-04:00,2026-09-16T23:59:59-04:00
Walmart,8127960,Delectables Squeeze Up cat treats variety pack,11.98,2026-09-10T00:00:00-04:00,2026-09-16T23:59:59-04:00
Walmart,8127960,Restored Samsung Galaxy S24 5G Unlocked Smartphone Like New,275.0,2026-09-10T00:00:00-04:00,2026-09-16T23:59:59-04:00
Walmart,8127960,Pen+Gear school list kit,16.98,2026-09-10T00:00:00-04:00,2026-09-16T23:59:59-04:00
Walmart,8127960,"Asus Chromebook Laptop 14""",279.98,2026-09-10T00:00:00-04:00,2026-09-16T23:59:59-04:00
Walmart,8127960,"Dell 16"" entertainment laptop",898.0,2026-09-10T00:00:00-04:00,2026-09-16T23:59:59-04:00
Walmart,8127960,Pen+Gear laminator,24.97,2026-09-10T00:00:00-04:00,2026-09-16T23:59:59-04:00
Walmart,8127960,Expo dry erase markers 8-pack,11.48,2026-09-10T00:00:00-04:00,2026-09-16T23:59:59-04:00
Walmart,8127960,Crayola Clicks retractable markers,9.97,2026-09-10T00:00:00-04:00,2026-09-16T23:59:59-04:00
Walmart,8127960,"67"" Studio grey futon",178.0,2026-09-10T00:00:00-04:00,2026-09-16T23:59:59-04:00
Walmart,8127960,Comp-O-Lite hockey tape,16.98,2026-09-10T00:00:00-04:00,2026-09-16T23:59:59-04:00
Walmart,8127960,"IPL Laser Hair Removal for Women and Men, JOOYEE Ice Cooling 3-in-1 IPL Hair Removal Device, Safe at-home Long-lasting Hair Regrowth Reduction, Suitable for Face, Armpits, Bikini Line, Legs",89.99,2026-09-10T00:00:00-04:00,2026-09-16T23:59:59-04:00
Walmart,8127960,"onn. 11"" Tablet (2026)",199.98,2026-09-10T00:00:00-04:00,2026-09-16T23:59:59-04:00
Walmart,8127960,Glad black garbage bags,10.97,2026-09-10T00:00:00-04:00,2026-09-16T23:59:59-04:00
Walmart,8127960,Finish Jet-Dry rinse aid 946 mL,13.97,2026-09-10T00:00:00-04:00,2026-09-16T23:59:59-04:00
Walmart,8127960,Heys backpack,16.97,2026-09-10T00:00:00-04:00,2026-09-16T23:59:59-04:00
Walmart,8127960,Schneiders Lunch mate kits or snack kits,2.87,2026-09-10T00:00:00-04:00,2026-09-16T23:59:59-04:00
Walmart,8127960,Pen+Gear report cover,0.22,2026-09-10T00:00:00-04:00,2026-09-16T23:59:59-04:00
Walmart,8127960,Sharpie original 12-pack or Mystic Gems fine-point 14-pack permanent markers,7.98,2026-09-10T00:00:00-04:00,2026-09-16T23:59:59-04:00
Walmart,8127960,Gay Lea butter,4.97,2026-09-10T00:00:00-04:00,2026-09-16T23:59:59-04:00
Walmart,8127960,Pocky strawberry or chocolate biscuit sticks,3.98,2026-09-10T00:00:00-04:00,2026-09-16T23:59:59-04:00
Walmart,8127960,"FIXTEC Home Repair Tool Set with 234 Pcs, Carrying Case, FHTK234",49.98,2026-09-10T00:00:00-04:00,2026-09-16T23:59:59-04:00
Walmart,8127960,Cate & Chloe Pack of 3 - Bianca 18k Gold Plated 25mm Hoop Earrings with Swarovski Crystals for Women,60.99,2026-09-10T00:00:00-04:00,2026-09-16T23:59:59-04:00
Walmart,8127960,Gay Lea butter,4.97,2026-09-10T00:00:00-04:00,2026-09-16T23:59:59-04:00
Walmart,8127960,Ruffles chips,3.27,2026-09-10T00:00:00-04:00,2026-09-16T23:59:59-04:00
Walmart,8127960,Cashmere bathroom tissue,10.97,2026-09-10T00:00:00-04:00,2026-09-16T23:59:59-04:00
Walmart,8127960,Tide Simply All-in-One liquid laundry detergent,11.97,2026-09-10T00:00:00-04:00,2026-09-16T23:59:59-04:00
Walmart,8127960,Goldy's Protein+ oatmeal,6.47,2026-09-10T00:00:00-04:00,2026-09-16T23:59:59-04:00
Walmart,8127960,Dreamtime Max Comfort 2 in 1 Booster Car Seat,55.97,2026-09-10T00:00:00-04:00,2026-09-16T23:59:59-04:00
Walmart,8127960,Rascals premium superpack diapers,21.88,2026-09-10T00:00:00-04:00,2026-09-16T23:59:59-04:00
Walmart,8127960,One Paw elevated cat bowl,7.97,2026-09-10T00:00:00-04:00,2026-09-16T23:59:59-04:00
Walmart,8127960,Pure Balance dog treats,19.97,2026-09-10T00:00:00-04:00,2026-09-16T23:59:59-04:00
Walmart,8127960,3-Drawer medium cart,21.97,2026-09-10T00:00:00-04:00,2026-09-16T23:59:59-04:00
Walmart,8127960,Nature's Path Organic Heritage flakes eco pac cereal,9.42,2026-09-10T00:00:00-04:00,2026-09-16T23:59:59-04:00
Walmart,8127960,Hyper 37V Phil folding electric scooter,298.0,2026-09-10T00:00:00-04:00,2026-09-16T23:59:59-04:00
Walmart,8127960,Melona ice bars,4.98,2026-09-10T00:00:00-04:00,2026-09-16T23:59:59-04:00
Walmart,8127960,Sesame Street Multivitamins gummies,15.97,2026-09-10T00:00:00-04:00,2026-09-16T23:59:59-04:00
Walmart,8127960,"32"" QLED Full HD Roku TV",168.0,2026-09-10T00:00:00-04:00,2026-09-16T23:59:59-04:00
Walmart,8127960,"24"" LB7000 Smart TV",128.0,2026-09-10T00:00:00-04:00,2026-09-16T23:59:59-04:00
Walmart,8127960,"21.5"" FHD monitor",89.98,2026-09-10T00:00:00-04:00,2026-09-16T23:59:59-04:00
Walmart,8127960,"65"" UA7500 4K Smart TV",598.0,2026-09-10T00:00:00-04:00,2026-09-16T23:59:59-04:00
Walmart,8127960,Advil Liqui-Gels value pack,24.63,2026-09-10T00:00:00-04:00,2026-09-16T23:59:59-04:00
Walmart,8127960,Bissell bagless canister vacuum,69.98,2026-09-10T00:00:00-04:00,2026-09-16T23:59:59-04:00
Walmart,8127960,"Chromebook 311 11.6"" laptop",269.98,2026-09-10T00:00:00-04:00,2026-09-16T23:59:59-04:00
Walmart,8127960,Pen+Gear pencil cases,7.0,2026-09-10T00:00:00-04:00,2026-09-16T23:59:59-04:00
Walmart,8127960,KPop Demon Hunters notebooks,7.97,2026-09-10T00:00:00-04:00,2026-09-16T23:59:59-04:00
Walmart,8127960,"16"" OmniBook 5 laptop",899.98,2026-09-10T00:00:00-04:00,2026-09-16T23:59:59-04:00
Walmart,8127960,Canon PIXMA TS3720 wireless all-in-one printer,47.98,2026-09-10T00:00:00-04:00,2026-09-16T23:59:59-04:00
Walmart,8127960,Logitech wireless keyboard and mouse,29.98,2026-09-10T00:00:00-04:00,2026-09-16T23:59:59-04:00
Walmart,8127960,Coca-Cola Mini Cans Pop,3.97,2026-09-10T00:00:00-04:00,2026-09-16T23:59:59-04:00
Walmart,8127960,Starfrit Lock&Lock Easy Match food storage containers,6.97,2026-09-10T00:00:00-04:00,2026-09-16T23:59:59-04:00
Walmart,8127960,Coca-Cola Pop,2.87,2026-09-10T00:00:00-04:00,2026-09-16T23:59:59-04:00
Walmart,8127960,OREO Bubble Tea cookies,2.48,2026-09-10T00:00:00-04:00,2026-09-16T23:59:59-04:00
Walmart,8127960,Hellmann's real mayonnaise,6.47,2026-09-10T00:00:00-04:00,2026-09-16T23:59:59-04:00
Walmart,8127960,Voltaren Emulgel Extra Strength 100 g or Back & Muscle Pain 150 g,14.47,2026-09-10T00:00:00-04:00,2026-09-16T23:59:59-04:00
Walmart,8127960,Moto G Play prepaid phone,149.0,2026-09-10T00:00:00-04:00,2026-09-16T23:59:59-04:00
Walmart,8127960,"14"" Aspire Lite FHD IPS laptop",369.98,2026-09-10T00:00:00-04:00,2026-09-16T23:59:59-04:00
Walmart,8127960,Voltaren Emulgel Extra Strength 100 g or Back & Muscle Pain 150 g,14.47,2026-09-10T00:00:00-04:00,2026-09-16T23:59:59-04:00
Walmart,8127960,PlayStation 5 slim disc console 1TB,819.96,2026-09-10T00:00:00-04:00,2026-09-16T23:59:59-04:00
Walmart,8127960,5-Tier plastic shelf,39.88,2026-09-10T00:00:00-04:00,2026-09-16T23:59:59-04:00
Walmart,8127960,EA Sports NHL 27 for PlayStation 5,89.96,2026-09-10T00:00:00-04:00,2026-09-16T23:59:59-04:00
Walmart,8127960,Sesame Street multivitamins or omega-3 gummies,15.97,2026-09-10T00:00:00-04:00,2026-09-16T23:59:59-04:00
Walmart,8127960,"24"" Rock Creek mountain bike",148.0,2026-09-10T00:00:00-04:00,2026-09-16T23:59:59-04:00
Walmart,8127960,Huffy Capitol cruiser bike,198.0,2026-09-10T00:00:00-04:00,2026-09-16T23:59:59-04:00
Walmart,8127960,Pure Protein bars,11.47,2026-09-10T00:00:00-04:00,2026-09-16T23:59:59-04:00
Walmart,8127960,La Baguetterie sliced miche,5.98,2026-09-10T00:00:00-04:00,2026-09-16T23:59:59-04:00
Walmart,8127960,Dempster's Protein bread,3.98,2026-09-10T00:00:00-04:00,2026-09-16T23:59:59-04:00
Walmart,8127960,Premier Protein shakes,33.97,2026-09-10T00:00:00-04:00,2026-09-16T23:59:59-04:00
Walmart,8127960,Scent Theory foaming hand soap,4.67,2026-09-10T00:00:00-04:00,2026-09-16T23:59:59-04:00
Walmart,8127960,La Baguetterie sliced miche,5.98,2026-09-10T00:00:00-04:00,2026-09-16T23:59:59-04:00
Walmart,8127960,Goldy's Protein+ oatmeal,6.47,2026-09-10T00:00:00-04:00,2026-09-16T23:59:59-04:00
Walmart,8127960,Palmolive dish soap,3.27,2026-09-10T00:00:00-04:00,2026-09-16T23:59:59-04:00
Walmart,8127960,Revolution Nutrition Iso Whey protein powder,40.47,2026-09-10T00:00:00-04:00,2026-09-16T23:59:59-04:00
Walmart,8127960,Maybelline Lifter Gloss hydrating lip gloss,11.46,2026-09-10T00:00:00-04:00,2026-09-16T23:59:59-04:00
Walmart,8127960,Dream On Me Hamilton 4 in 1 Convertible Crib and Changer,150.0,2026-09-10T00:00:00-04:00,2026-09-16T23:59:59-04:00
Walmart,8127960,Rascals premium superpack diapers,21.88,2026-09-10T00:00:00-04:00,2026-09-16T23:59:59-04:00
Walmart,8127960,Vitalife Dog Treats,21.97,2026-09-10T00:00:00-04:00,2026-09-16T23:59:59-04:00
Walmart,8127960,Nutella B-ready bars,10.87,2026-09-10T00:00:00-04:00,2026-09-16T23:59:59-04:00
Walmart,8127960,Natrel chocolate milk,4.44,2026-09-10T00:00:00-04:00,2026-09-16T23:59:59-04:00
Walmart,8127960,"FIXTEC Home Repair Tool Set with 234 Pcs, Carrying Case, FHTK234",49.98,2026-09-10T00:00:00-04:00,2026-09-16T23:59:59-04:00
Walmart,8127960,Damage-free hooks value pack,11.97,2026-09-10T00:00:00-04:00,2026-09-16T23:59:59-04:00
Walmart,8127960,Kinder Chocolate,1.98,2026-09-10T00:00:00-04:00,2026-09-16T23:59:59-04:00
Walmart,8127960,Marvel's Wolverine for PlayStation 5,89.96,2026-09-15T00:00:00-04:00,2026-09-16T23:59:59-04:00
Walmart,8127960,Full synthetic motor oil,39.88,2026-09-10T00:00:00-04:00,2026-09-16T23:59:59-04:00
Walmart,8127960,Damage-free hooks or strips value pack,11.97,2026-09-10T00:00:00-04:00,2026-09-16T23:59:59-04:00
Walmart,8127960,Oikos Greek yogurt 4 x 100 g,3.47,2026-09-10T00:00:00-04:00,2026-09-16T23:59:59-04:00
Walmart,8127960,Paula Red apples,4.98,2026-09-10T00:00:00-04:00,2026-09-16T23:59:59-04:00
Walmart,8127960,Redpath white sugar,2.77,2026-09-10T00:00:00-04:00,2026-09-16T23:59:59-04:00
Walmart,8127960,White cauliflower or broccoli stalks,3.44,2026-09-10T00:00:00-04:00,2026-09-16T23:59:59-04:00
Walmart,8127960,Ruffles chips,3.27,2026-09-10T00:00:00-04:00,2026-09-16T23:59:59-04:00
Walmart,8127960,"Janes breaded popcorn chicken or fish, chicken or fish nuggets, strips or burgers",5.98,2026-09-10T00:00:00-04:00,2026-09-16T23:59:59-04:00
Walmart,8127960,Your Fresh Market™ all-purpose potatoes,4.44,2026-09-10T00:00:00-04:00,2026-09-16T23:59:59-04:00
Walmart,8127960,Maple Leaf back-attached chicken legs,3.62,2026-09-10T00:00:00-04:00,2026-09-16T23:59:59-04:00
Walmart,8127960,Your Fresh Market™ all-purpose potatoes or yellow onions,4.44,2026-09-10T00:00:00-04:00,2026-09-16T23:59:59-04:00
Walmart,8127960,Five Roses flour,11.97,2026-09-10T00:00:00-04:00,2026-09-16T23:59:59-04:00
Walmart,8127960,Olymel fresh dinner or breakfast sausages,3.97,2026-09-10T00:00:00-04:00,2026-09-16T23:59:59-04:00
Walmart,8127960,Schneiders Lunch mate kits or snack kits,2.87,2026-09-10T00:00:00-04:00,2026-09-16T23:59:59-04:00
Walmart,8127960,"Armstrong cheese block, 400 g, shreds, 320 g or slices, 220 g - 240 g",4.98,2026-09-10T00:00:00-04:00,2026-09-16T23:59:59-04:00
Walmart,8127960,Olymel fresh dinner or breakfast sausages,3.97,2026-09-10T00:00:00-04:00,2026-09-16T23:59:59-04:00
Walmart,8127960,Kettle Brand chips,2.88,2026-09-10T00:00:00-04:00,2026-09-16T23:59:59-04:00
Walmart,8127960,Nestlé Drumstick or Real Dairy confectionerries or tubs or Del Monte or Häagen-Dazs novelties or tubs,5.48,2026-09-10T00:00:00-04:00,2026-09-16T23:59:59-04:00
Walmart,8127960,Black Diamond Cheestrings 16s or aMOOza! Twists 12s,5.97,2026-09-10T00:00:00-04:00,2026-09-16T23:59:59-04:00
Walmart,8127960,Colgate 360° Advanced toothbrushes 2-pack,7.97,2026-09-10T00:00:00-04:00,2026-09-16T23:59:59-04:00
Walmart,8127960,Orville Redenbacher popcorn 6-pack,3.97,2026-09-10T00:00:00-04:00,2026-09-16T23:59:59-04:00
Walmart,8127960,Kraft Dinner,9.97,2026-09-10T00:00:00-04:00,2026-09-16T23:59:59-04:00
Walmart,8127960,Reese's Big Cup,4.98,2026-09-10T00:00:00-04:00,2026-09-16T23:59:59-04:00
Walmart,8127960,Terra Delyssa extra virgin olive oil,11.97,2026-09-10T00:00:00-04:00,2026-09-16T23:59:59-04:00
Walmart,8127960,6-Cube organizers,39.97,2026-09-10T00:00:00-04:00,2026-09-16T23:59:59-04:00
Walmart,8127960,Reese's Big Cup,4.98,2026-09-10T00:00:00-04:00,2026-09-16T23:59:59-04:00
Walmart,8127960,Our Finest orange juice,6.98,2026-09-10T00:00:00-04:00,2026-09-16T23:59:59-04:00
Walmart,8127960,Dao Xiang Cun old-fashioned mooncakes,9.98,2026-09-10T00:00:00-04:00,2026-09-16T23:59:59-04:00
Walmart,8127960,Reunion lava or lava custard mooncakes,16.98,2026-09-10T00:00:00-04:00,2026-09-16T23:59:59-04:00
Walmart,8127960,Tokimi roasted chestnuts,12.98,2026-09-10T00:00:00-04:00,2026-09-16T23:59:59-04:00
Walmart,8127960,3-Minute Chow Mein 454 g,1.77,2026-09-10T00:00:00-04:00,2026-09-16T23:59:59-04:00
Walmart,8127960,Tokimi noodles or Siwin dumplings,3.98,2026-09-10T00:00:00-04:00,2026-09-16T23:59:59-04:00
Walmart,8127960,Mooncake with two egg yolks and lotus seed,9.98,2026-09-10T00:00:00-04:00,2026-09-16T23:59:59-04:00
Walmart,8127960,Tokimi noodles or Siwin dumplings,3.98,2026-09-10T00:00:00-04:00,2026-09-16T23:59:59-04:00
Walmart,8127960,Sakura sushi rice,12.98,2026-09-10T00:00:00-04:00,2026-09-16T23:59:59-04:00
Walmart,8127960,Kadoya sesame oil 327 mL,5.98,2026-09-10T00:00:00-04:00,2026-09-16T23:59:59-04:00
Walmart,8127960,ChaCha frozen dessert,6.98,2026-09-10T00:00:00-04:00,2026-09-16T23:59:59-04:00
Walmart,8127960,Samyang Buldak spicy ramen,6.98,2026-09-10T00:00:00-04:00,2026-09-16T23:59:59-04:00
Walmart,8127960,Searay steaks,4.98,2026-09-10T00:00:00-04:00,2026-09-16T23:59:59-04:00
Walmart,8127960,Dragon fruit,2.28,2026-09-10T00:00:00-04:00,2026-09-16T23:59:59-04:00
Walmart,8127960,ChaCheer sunflower seeds,2.28,2026-09-10T00:00:00-04:00,2026-09-16T23:59:59-04:00
Walmart,8127960,GO Wireless Bluetooth mouse,12.98,2026-09-10T00:00:00-04:00,2026-09-16T23:59:59-04:00
Walmart,8127960,"Great Value frozen meat, seafood or appetizers value pack",9.98,2026-09-10T00:00:00-04:00,2026-09-16T23:59:59-04:00
Walmart,8127960,"9"" Fall chrysanthemum",9.98,2026-09-10T00:00:00-04:00,2026-09-16T23:59:59-04:00
Walmart,8127960,Becel margarine 637 g - 850 g or Starbucks liquid coffee enhancers 828 mL,6.98,2026-09-10T00:00:00-04:00,2026-09-16T23:59:59-04:00
Walmart,8127960,6-Cube organizers,39.97,2026-09-10T00:00:00-04:00,2026-09-16T23:59:59-04:00
Walmart,8127960,Kettle Brand chips,2.88,2026-09-10T00:00:00-04:00,2026-09-16T23:59:59-04:00
Walmart,8127960,Graco NimbleLite stroller,180.0,2026-09-10T00:00:00-04:00,2026-09-16T23:59:59-04:00
Walmart,8127960,Lindt chocolate bars,9.97,2026-09-10T00:00:00-04:00,2026-09-16T23:59:59-04:00
Walmart,8127960,"Litheli 20V Cordless Electric Lawn Mower, 14-Inch, Brushless Motor, 5-Position Height Adjustment, with 5.0Ah Battery, for Lawns & Gardens",130.99,2026-09-10T00:00:00-04:00,2026-09-16T23:59:59-04:00
Walmart,8127960,4-Piece backpack set,16.97,2026-09-10T00:00:00-04:00,2026-09-16T23:59:59-04:00
Walmart,8127960,Steve Madden backpack,34.97,2026-09-10T00:00:00-04:00,2026-09-16T23:59:59-04:00
Walmart,8127960,Fanta Orange zero sugar Pop,8.28,2026-09-10T00:00:00-04:00,2026-09-16T23:59:59-04:00
Walmart,8127960,Fuze mango & pineapple iced tea,8.47,2026-09-10T00:00:00-04:00,2026-09-16T23:59:59-04:00
Walmart,8127960,Great Value 2-ply or 3-ply facial tissues,7.94,2026-09-10T00:00:00-04:00,2026-09-16T23:59:59-04:00
Walmart,8127960,Clover Leaf tuna,1.14,2026-09-10T00:00:00-04:00,2026-09-16T23:59:59-04:00
Walmart,8127960,Parent's Choice milk-based infant formula powder,26.94,2026-09-10T00:00:00-04:00,2026-09-16T23:59:59-04:00
Walmart,8127960,Always Flexfoam pads tampons,10.98,2026-09-10T00:00:00-04:00,2026-09-16T23:59:59-04:00
Walmart,8127960,Disney ily 4EVER 18˝ doll inspired by Minnie Mouse,49.97,2026-09-10T00:00:00-04:00,2026-09-16T23:59:59-04:00
Walmart,8127960,"Gyrocopters Zapphire Mountain E-Bike | UL 2849 | 42V 10Ah Lithium-Ion Battery | Up to 91 km Range | 3 Riding Modes | SHIMANO 7-Speed Gear | GPS Tracker | 20×3"" Fat Tires",698.96,2026-09-10T00:00:00-04:00,2026-09-16T23:59:59-04:00
Walmart,8127960,broccoli stalks,3.44,2026-09-10T00:00:00-04:00,2026-09-16T23:59:59-04:00
Walmart,8127960,Oikos Greek yogurt 4 x 100 g,3.47,2026-09-10T00:00:00-04:00,2026-09-16T23:59:59-04:00
Walmart,8127960,Nature Valley bars,9.94,2026-09-10T00:00:00-04:00,2026-09-16T23:59:59-04:00
Walmart,8127960,Sistema food storage containers,9.97,2026-09-10T00:00:00-04:00,2026-09-16T23:59:59-04:00
Walmart,8127960,Black & White bathroom tissue,4.94,2026-09-10T00:00:00-04:00,2026-09-16T23:59:59-04:00
Walmart,8127960,SKIN1004 Madagascar Centella light cleansing oil 200 mL,20.78,2026-09-10T00:00:00-04:00,2026-09-16T23:59:59-04:00
Walmart,8127960,Garnier micellar water,9.86,2026-09-10T00:00:00-04:00,2026-09-16T23:59:59-04:00
Walmart,8127960,Nivea lip balm,4.98,2026-09-10T00:00:00-04:00,2026-09-16T23:59:59-04:00
Walmart,8127960,Snack Pack pudding 4-pack,1.77,2026-09-10T00:00:00-04:00,2026-09-16T23:59:59-04:00
Walmart,8127960,Club House sauces or gravy mixes,0.98,2026-09-10T00:00:00-04:00,2026-09-16T23:59:59-04:00
Walmart,8127960,Dr. Oetker Ristorante frozen pizza,3.98,2026-09-10T00:00:00-04:00,2026-09-16T23:59:59-04:00
Walmart,8127960,Dream On Me Berkley upholstered glider chair,424.0,2026-09-10T00:00:00-04:00,2026-09-16T23:59:59-04:00
Walmart,8127960,Goldfish crackers,2.48,2026-09-10T00:00:00-04:00,2026-09-16T23:59:59-04:00
Walmart,8127960,Parent's Choice organic baby food puree,5.97,2026-09-10T00:00:00-04:00,2026-09-16T23:59:59-04:00
Walmart,8127960,Palmolive dish soap,1.97,2026-09-10T00:00:00-04:00,2026-09-16T23:59:59-04:00
Walmart,8127960,Lysol disinfectant spray,6.97,2026-09-10T00:00:00-04:00,2026-09-16T23:59:59-04:00
Walmart,8127960,Disney ily 4EVER 18˝ doll inspired by Stitch,49.97,2026-09-10T00:00:00-04:00,2026-09-16T23:59:59-04:00
Walmart,8127960,3.5-cu. ft. Convertible 2-in-1 chest freezer,169.97,2026-09-10T00:00:00-04:00,2026-09-16T23:59:59-04:00
Walmart,8127960,Reunion lava or lava custard mooncakes,16.98,2026-09-10T00:00:00-04:00,2026-09-16T23:59:59-04:00
Walmart,8127960,"Brisk It Zelos 450 WiFi A.I. Electric Wood Pellet Smoker Grill - Smart BBQ Grill With 450 sq.in Cooking Area,7-in-1 Outdoor Grill & Smoker, PID Controller (Up to 500°F), Meat Probe",469.99,2026-09-10T00:00:00-04:00,2026-09-16T23:59:59-04:00
Walmart,8127960,Pringles,2.47,2026-09-10T00:00:00-04:00,2026-09-16T23:59:59-04:00
Walmart,8127960,Royal & Langnickel Essentials paint set,7.97,2026-09-10T00:00:00-04:00,2026-09-16T23:59:59-04:00
Walmart,8127960,Dime 3 XT true wireless earbuds,29.98,2026-09-10T00:00:00-04:00,2026-09-16T23:59:59-04:00
Walmart,8127960,Bear Paws cookies,2.28,2026-09-10T00:00:00-04:00,2026-09-16T23:59:59-04:00
Walmart,8127960,Great Value spring water,3.27,2026-09-10T00:00:00-04:00,2026-09-16T23:59:59-04:00
Walmart,8127960,Garnier micellar water,9.86,2026-09-10T00:00:00-04:00,2026-09-16T23:59:59-04:00
Walmart,8127960,"Starfrit Carbon steel 32 cm (12.5"") wok",19.97,2026-09-10T00:00:00-04:00,2026-09-16T23:59:59-04:00
Walmart,8127960,Head & Shoulders shampoo or conditioner,10.47,2026-09-10T00:00:00-04:00,2026-09-16T23:59:59-04:00
Walmart,8127960,68 L Storage tote,8.47,2026-09-10T00:00:00-04:00,2026-09-16T23:59:59-04:00
Walmart,8127960,Mr. Clean multi-surface cleaner,3.97,2026-09-10T00:00:00-04:00,2026-09-16T23:59:59-04:00
Walmart,8127960,Men's casual sneakers,29.0,2026-09-10T00:00:00-04:00,2026-09-16T23:59:59-04:00
Walmart,8127960,Haesong seaweed snack,9.98,2026-09-10T00:00:00-04:00,2026-09-16T23:59:59-04:00
Walmart,8127960,Quarter-zip fleece top,18.0,2026-09-10T00:00:00-04:00,2026-09-16T23:59:59-04:00
Walmart,8127960,Heys licensed backpack,16.97,2026-09-10T00:00:00-04:00,2026-09-16T23:59:59-04:00
Walmart,8127960,Sterilite rectangular open,9.97,2026-09-10T00:00:00-04:00,2026-09-16T23:59:59-04:00
Walmart,8127960,OxiClean MaxForce laundry stain remover spray,7.47,2026-09-10T00:00:00-04:00,2026-09-16T23:59:59-04:00
Walmart,8127960,SheaMoisture shampoo or conditioner,12.92,2026-09-10T00:00:00-04:00,2026-09-16T23:59:59-04:00
Walmart,8127960,Sensodyne or Pronamel toothpaste,6.97,2026-09-10T00:00:00-04:00,2026-09-16T23:59:59-04:00
Walmart,8127960,Pampers Easy Ups giant pack training pants,36.94,2026-09-10T00:00:00-04:00,2026-09-16T23:59:59-04:00
Walmart,8127960,Grom over-ear sound isolating kid's headphones,29.98,2026-09-10T00:00:00-04:00,2026-09-16T23:59:59-04:00
Walmart,8127960,Sistema food storage containers,9.97,2026-09-10T00:00:00-04:00,2026-09-16T23:59:59-04:00
Walmart,8127960,Healthy Choice Simply Steamers frozen entrees,4.97,2026-09-10T00:00:00-04:00,2026-09-16T23:59:59-04:00
Walmart,8127960,Healthy Choice Simply Steamers frozen entrees,4.97,2026-09-10T00:00:00-04:00,2026-09-16T23:59:59-04:00
Walmart,8127960,Our Finest orange juice,6.98,2026-09-10T00:00:00-04:00,2026-09-16T23:59:59-04:00
Walmart,8127960,"Armstrong cheese block, 400 g, shreds, 320 g or slices, 220 g - 240 g",4.98,2026-09-10T00:00:00-04:00,2026-09-16T23:59:59-04:00
Walmart,8127960,"Janes breading popcorn chicken or fish, chicken or fish nuggets, strips or burgers",5.98,2026-09-10T00:00:00-04:00,2026-09-16T23:59:59-04:00
Walmart,8127960,Your Fresh Market™ mandarins,5.44,2026-09-10T00:00:00-04:00,2026-09-16T23:59:59-04:00
Walmart,8127960,Gain laundry detergent,13.97,2026-09-10T00:00:00-04:00,2026-09-16T23:59:59-04:00
Walmart,8127960,Lysol wipes 75s - 84s,6.47,2026-09-10T00:00:00-04:00,2026-09-16T23:59:59-04:00
Walmart,8127960,"Toytexx Under Desk Walking Pad Treadmill with Manual Incline, 2.5 HP Motor, Remote Control, LED Display, 0.6–3.8 MPH, 265 lb Capacity",139.99,2026-09-10T00:00:00-04:00,2026-09-16T23:59:59-04:00
Walmart,8127960,Cate & Chloe Pack of 3 - Bianca 18k Gold Plated 25mm Hoop Earrings with Swarovski Crystals for Women,60.99,2026-09-10T00:00:00-04:00,2026-09-16T23:59:59-04:00
Walmart,8127960,Jamieson vitamin C or D3,13.47,2026-09-10T00:00:00-04:00,2026-09-16T23:59:59-04:00
Walmart,8127960,Glass kettle or personal blender,29.97,2026-09-10T00:00:00-04:00,2026-09-16T23:59:59-04:00
Walmart,8127960,Green or red cabbage,0.98,2026-09-10T00:00:00-04:00,2026-09-16T23:59:59-04:00
Walmart,8127960,Goldfish crackers,2.48,2026-09-10T00:00:00-04:00,2026-09-16T23:59:59-04:00
Walmart,8127960,"Auusda 15.6"" Business Laptop AMD Ryzen 3250C 16GB DDR4 RAM 512GB NVMe SSD, Windows 11 Pro Student Notebook Computer, Backlight, Fingerprint, Silver",469.99,2026-09-10T00:00:00-04:00,2026-09-16T23:59:59-04:00
Walmart,8127960,Selected stationery,2.0,2026-09-10T00:00:00-04:00,2026-09-16T23:59:59-04:00
Walmart,8127960,Stamp 'N Stick DIY kit or Math Roller Addition or Symbols Addition stamps,12.97,2026-09-10T00:00:00-04:00,2026-09-16T23:59:59-04:00
Walmart,8127960,Disney ily 4EVER 18˝ doll inspired by Angel from Lilo & Stitch,49.97,2026-09-10T00:00:00-04:00,2026-09-16T23:59:59-04:00
Walmart,8127960,Red seedless grapes,3.84,2026-09-10T00:00:00-04:00,2026-09-16T23:59:59-04:00
Walmart,8127960,Disney ily 4EVER 18˝ doll inspired by Bo Peep from Toy Story,49.97,2026-09-10T00:00:00-04:00,2026-09-16T23:59:59-04:00
Walmart,8127960,Water system antifreeze,14.98,2026-09-10T00:00:00-04:00,2026-09-16T23:59:59-04:00
Walmart,8127960,Pie pumpkin,2.94,2026-09-10T00:00:00-04:00,2026-09-16T23:59:59-04:00
Walmart,8127960,Christie Chips Ahoy! Mini Cookies Snack Paks,2.48,2026-09-10T00:00:00-04:00,2026-09-16T23:59:59-04:00
Walmart,8127960,"hp 17.3"" FHD IPS Laptop",699.98,2026-09-10T00:00:00-04:00,2026-09-16T23:59:59-04:00
Walmart,8127960,Mainstays Cube organizer storage bins,4.97,2026-09-10T00:00:00-04:00,2026-09-16T23:59:59-04:00
Walmart,8127960,"FPD 50-inch Smart TV, 4K UHD LED Television with Google TV, Google Cast Built-in, Dolby Atmos, Dolby Audio, HDR10, MEMC, Google Assistant Voice Remote",394.99,2026-09-10T00:00:00-04:00,2026-09-16T23:59:59-04:00
Walmart,8127960,"TIDEA X5 Cordless Stick Vacuum Cleaner, 300W Brushless Motor, 40min Runtime, Lightweight with LED Display for Hardwood Floor, Carpet & Pet Hair",98.99,2026-09-10T00:00:00-04:00,2026-09-16T23:59:59-04:00
Walmart,8127960,"Vibrant Life 38"" large orthopedic oval lounger dog",74.98,2026-09-10T00:00:00-04:00,2026-09-16T23:59:59-04:00
Walmart,8127960,Special Kitty Health Monitoring cat litter,16.97,2026-09-10T00:00:00-04:00,2026-09-16T23:59:59-04:00
Walmart,8127960,Arctic Zone Uptown tote lunch bag,14.97,2026-09-10T00:00:00-04:00,2026-09-16T23:59:59-04:00
Walmart,8127960,Catelli Protein+ pasta,3.97,2026-09-10T00:00:00-04:00,2026-09-16T23:59:59-04:00
Walmart,8127960,Dempster's Signature or core bagels,2.98,2026-09-10T00:00:00-04:00,2026-09-16T23:59:59-04:00
Walmart,8127960,Rowie ceramic touch lamps 2-pack,36.97,2026-09-10T00:00:00-04:00,2026-09-16T23:59:59-04:00
Walmart,8127960,Selected stationery,3.0,2026-09-10T00:00:00-04:00,2026-09-16T23:59:59-04:00
Walmart,8127960,Pen+Gear pencil cases,7.0,2026-09-10T00:00:00-04:00,2026-09-16T23:59:59-04:00
Walmart,8127960,Pen+Gear binders,4.97,2026-09-10T00:00:00-04:00,2026-09-16T23:59:59-04:00
Walmart,8127960,Mooncake with two egg yolks and lotus seed,9.98,2026-09-10T00:00:00-04:00,2026-09-16T23:59:59-04:00
Walmart,8127960,Searay Basa fillets,4.98,2026-09-10T00:00:00-04:00,2026-09-16T23:59:59-04:00
Walmart,8127960,Great Value scrub sponges,9.97,2026-09-10T00:00:00-04:00,2026-09-16T23:59:59-04:00
Walmart,8127960,Crayola Ultra-Clean washable broad line markers,5.97,2026-09-10T00:00:00-04:00,2026-09-16T23:59:59-04:00
Walmart,8127960,Robin Hood flour,11.97,2026-09-10T00:00:00-04:00,2026-09-16T23:59:59-04:00
Walmart,8127960,"Nature Valley or Fibre 1 bars, Fruit by the Foot or Mott's Fruitsations value pack",9.94,2026-09-10T00:00:00-04:00,2026-09-16T23:59:59-04:00
Walmart,8127960,Activia probiotic yogurt 8-pack,3.86,2026-09-10T00:00:00-04:00,2026-09-16T23:59:59-04:00
Walmart,8127960,Your Fresh Market™ beef stir fry strips,15.39,2026-09-10T00:00:00-04:00,2026-09-16T23:59:59-04:00
Walmart,8127960,Starbucks liquid coffee enhancers 828 mL,6.98,2026-09-10T00:00:00-04:00,2026-09-16T23:59:59-04:00
Walmart,8127960,Similac 360 Total Care ready-to-feed infant formula bottles,73.98,2026-09-10T00:00:00-04:00,2026-09-16T23:59:59-04:00
Walmart,8127960,HotHands hand or feet warmers value pack,12.67,2026-09-10T00:00:00-04:00,2026-09-16T23:59:59-04:00
Walmart,8127960,Kitchen towels or oven mitts,6.28,2026-09-10T00:00:00-04:00,2026-09-16T23:59:59-04:00
Walmart,8127960,300-page 3-subject notebook,4.28,2026-09-10T00:00:00-04:00,2026-09-16T23:59:59-04:00
Walmart,8127960,500 mL Canning Jars,13.97,2026-09-10T00:00:00-04:00,2026-09-16T23:59:59-04:00
Walmart,8127960,Hot Wheels Barbie Jammer electric scooter,148.0,2026-09-10T00:00:00-04:00,2026-09-16T23:59:59-04:00
Walmart,8127960,JLab JBuddies Studio 2 wired headphones,14.98,2026-09-10T00:00:00-04:00,2026-09-16T23:59:59-04:00
Walmart,8127960,Kinder Surprise® 3-pack,5.48,2026-09-10T00:00:00-04:00,2026-09-16T23:59:59-04:00
Walmart,8127960,Gyrocopters PixAl Electric foldable dual rider cargo bike,399.96,2026-09-10T00:00:00-04:00,2026-09-16T23:59:59-04:00
Walmart,8127960,L'Oréal Paris Hair Expertise Density Booster conditioner,8.97,2026-09-10T00:00:00-04:00,2026-09-16T23:59:59-04:00
Walmart,8127960,Maybelline Lifter Gloss hydrating lip gloss,11.46,2026-09-10T00:00:00-04:00,2026-09-16T23:59:59-04:00
Walmart,8127960,Great Value boneless smoked ham,6.97,2026-09-10T00:00:00-04:00,2026-09-16T23:59:59-04:00
Walmart,8127960,Natrel lactose free ice cream,5.48,2026-09-10T00:00:00-04:00,2026-09-16T23:59:59-04:00
Walmart,8127960,Parents Choice Pediatric Nutritional Supplement,10.97,2026-09-10T00:00:00-04:00,2026-09-16T23:59:59-04:00
Walmart,8127960,"Native holiday body wash, shampoo or conditioner",9.97,2026-09-10T00:00:00-04:00,2026-09-16T23:59:59-04:00
Walmart,8127960,Special Kitty Health Monitoring cat litter,16.97,2026-09-10T00:00:00-04:00,2026-09-16T23:59:59-04:00
Walmart,8127960,Crayola 20ct washable Super Tips markers,2.0,2026-09-10T00:00:00-04:00,2026-09-16T23:59:59-04:00
Walmart,8127960,Brar's vegetable samosas,6.18,2026-09-10T00:00:00-04:00,2026-09-16T23:59:59-04:00
Walmart,8127960,Gourds,4.97,2026-09-10T00:00:00-04:00,2026-09-16T23:59:59-04:00
Walmart,8127960,Pie pumpkin,2.94,2026-09-10T00:00:00-04:00,2026-09-16T23:59:59-04:00
Walmart,8127960,Green seedless grapes,3.84,2026-09-10T00:00:00-04:00,2026-09-16T23:59:59-04:00
Walmart,8127960,L'Oréal Paris Hair Expertise Density Booster shampoo,8.97,2026-09-10T00:00:00-04:00,2026-09-16T23:59:59-04:00
Walmart,8127960,Your Fresh Market™ dips,3.74,2026-09-10T00:00:00-04:00,2026-09-16T23:59:59-04:00
Walmart,8127960,Premier Protein pancakes,7.96,2026-09-10T00:00:00-04:00,2026-09-16T23:59:59-04:00
Walmart,8127960,Green or red cabbage,0.98,2026-09-10T00:00:00-04:00,2026-09-16T23:59:59-04:00
Walmart,8127960,Fancy Feast Gems mousse pâté wet cat food variety pack,15.93,2026-09-10T00:00:00-04:00,2026-09-16T23:59:59-04:00
Walmart,8127960,SAMSUNG Galaxy Tab A11+ 128GB,269.98,2026-09-10T00:00:00-04:00,2026-09-16T23:59:59-04:00
Walmart,8127960,Asian pears or Fuji apples,2.28,2026-09-10T00:00:00-04:00,2026-09-16T23:59:59-04:00
Walmart,8127960,Napa or flat cabbage,1.97,2026-09-10T00:00:00-04:00,2026-09-16T23:59:59-04:00
Walmart,8127960,Starfrit 10-Cup rice cooker,29.97,2026-09-10T00:00:00-04:00,2026-09-16T23:59:59-04:00
Walmart,8127960,H&H mango bites,6.98,2026-09-10T00:00:00-04:00,2026-09-16T23:59:59-04:00
Walmart,8127960,Eddoes,1.97,2026-09-10T00:00:00-04:00,2026-09-16T23:59:59-04:00
Walmart,8127960,Pomelo,3.28,2026-09-10T00:00:00-04:00,2026-09-16T23:59:59-04:00
Walmart,8127960,Kopiko instant coffee 840 g or Trensité whole milk powder 500 g,8.98,2026-09-10T00:00:00-04:00,2026-09-16T23:59:59-04:00
Walmart,8127960,Crafty Ramen entrees,7.88,2026-09-10T00:00:00-04:00,2026-09-16T23:59:59-04:00
Walmart,8127960,Hershey's chocolate bars,2.48,2026-09-10T00:00:00-04:00,2026-09-16T23:59:59-04:00
Walmart,8127960,Clover Leaf tuna,1.24,2026-09-10T00:00:00-04:00,2026-09-16T23:59:59-04:00
Walmart,8127960,Mr. Noodles Extra or cups,0.87,2026-09-10T00:00:00-04:00,2026-09-16T23:59:59-04:00
Walmart,8127960,Campbell's Chunky soup,2.47,2026-09-10T00:00:00-04:00,2026-09-16T23:59:59-04:00
Walmart,8127960,Pillsbury Pizza Pops,2.94,2026-09-10T00:00:00-04:00,2026-09-16T23:59:59-04:00
Walmart,8127960,Tony's chocolate bars,6.78,2026-09-10T00:00:00-04:00,2026-09-16T23:59:59-04:00
Walmart,8127960,Pringles,2.47,2026-09-10T00:00:00-04:00,2026-09-16T23:59:59-04:00
Walmart,8127960,Cesar wet dog food variety pack,28.77,2026-09-10T00:00:00-04:00,2026-09-16T23:59:59-04:00
Walmart,8127960,Chapman's Super Premium Plus ice cream tubs,2.97,2026-09-10T00:00:00-04:00,2026-09-16T23:59:59-04:00
Walmart,8127960,Caledon Farms dog treats,7.98,2026-09-10T00:00:00-04:00,2026-09-16T23:59:59-04:00
Walmart,8127960,"P.F. Chang's, Bertolli or Swanson family size meals",9.97,2026-09-10T00:00:00-04:00,2026-09-16T23:59:59-04:00
Walmart,8127960,Chapman's Super Premium Plus ice cream tubs,2.97,2026-09-10T00:00:00-04:00,2026-09-16T23:59:59-04:00
Walmart,8127960,Lindt chocolate bars,9.97,2026-09-10T00:00:00-04:00,2026-09-16T23:59:59-04:00
Walmart,8127960,Rascals Night Pants nighttime underwear,25.88,2026-09-10T00:00:00-04:00,2026-09-16T23:59:59-04:00
Walmart,8127960,Sensodyne or Pronamel toothpaste,6.97,2026-09-10T00:00:00-04:00,2026-09-16T23:59:59-04:00
Walmart,8127960,"Febreze Air spray, bathroom or car air fresheners",3.77,2026-09-10T00:00:00-04:00,2026-09-16T23:59:59-04:00
Walmart,8127960,Palmolive dish soap,1.97,2026-09-10T00:00:00-04:00,2026-09-16T23:59:59-04:00
Walmart,8127960,"Febreze Air spray, bathroom or car air fresheners",3.77,2026-09-10T00:00:00-04:00,2026-09-16T23:59:59-04:00
Walmart,8127960,AXE body spray deodorant or body wash,3.96,2026-09-10T00:00:00-04:00,2026-09-16T23:59:59-04:00
Walmart,8127960,Head & Shoulders shampoo or conditioner,10.47,2026-09-10T00:00:00-04:00,2026-09-16T23:59:59-04:00
Walmart,8127960,Scotties 2-ply or 3-ply facial tissue,19.97,2026-09-10T00:00:00-04:00,2026-09-16T23:59:59-04:00
Walmart,8127960,Huggies mega colossal pack diapers,34.97,2026-09-10T00:00:00-04:00,2026-09-16T23:59:59-04:00
Walmart,8127960,Colgate Optic White Renewal 70 mL or Advanced 133 mL or Sensitive Pro-Relief 120 mL toothpaste or kids' or SlimSoft 2-pack or Extra Clean 6-pack toothbrushes,6.97,2026-09-10T00:00:00-04:00,2026-09-16T23:59:59-04:00
Walmart,8127960,Dove shampoo or conditioner or Dove Men+Care 2-in-1 shampoo and conditioner,11.76,2026-09-10T00:00:00-04:00,2026-09-16T23:59:59-04:00
Walmart,8127960,Tampax tampons,10.98,2026-09-10T00:00:00-04:00,2026-09-16T23:59:59-04:00
Walmart,8127960,Vileda microfibre all-purpose cloths,4.27,2026-09-10T00:00:00-04:00,2026-09-16T23:59:59-04:00
Walmart,8127960,Febreze Air air freshener spray,3.77,2026-09-10T00:00:00-04:00,2026-09-16T23:59:59-04:00
Walmart,8127960,Great Value lawn and leaf bags,7.47,2026-09-10T00:00:00-04:00,2026-09-16T23:59:59-04:00
Walmart,8127960,Mr. Clean multi-surface cleaner,3.97,2026-09-10T00:00:00-04:00,2026-09-16T23:59:59-04:00
Walmart,8127960,Great Value scrub sponges,9.97,2026-09-10T00:00:00-04:00,2026-09-16T23:59:59-04:00
Walmart,8127960,Scrubbing Bubbles bathroom cleaners,4.47,2026-09-10T00:00:00-04:00,2026-09-16T23:59:59-04:00
Walmart,8127960,Dawn dish soap,2.46,2026-09-10T00:00:00-04:00,2026-09-16T23:59:59-04:00
Walmart,8127960,Affresh dishwasher or washing machine cleaners,7.97,2026-09-10T00:00:00-04:00,2026-09-16T23:59:59-04:00
Walmart,8127960,Windex trigger spray cleaner,4.47,2026-09-10T00:00:00-04:00,2026-09-16T23:59:59-04:00
Walmart,8127960,Finish dishwasher tabs 30s - 45s or Jet-Dry rinse aid 946 mL,13.97,2026-09-10T00:00:00-04:00,2026-09-16T23:59:59-04:00
Walmart,8127960,Affresh washing machine cleaners,7.97,2026-09-10T00:00:00-04:00,2026-09-16T23:59:59-04:00
Walmart,8127960,Glade Plugins Scented Oil air freshener starter kit,8.97,2026-09-10T00:00:00-04:00,2026-09-16T23:59:59-04:00
Walmart,8127960,Vileda Oskar Broom or Super Twist mop,11.47,2026-09-10T00:00:00-04:00,2026-09-16T23:59:59-04:00
Walmart,8127960,Swiffer Duster heavy duty refills,15.97,2026-09-10T00:00:00-04:00,2026-09-16T23:59:59-04:00
Walmart,8127960,Tide Simply All-in-One liquid laundry detergent,11.97,2026-09-10T00:00:00-04:00,2026-09-16T23:59:59-04:00
Walmart,8127960,Konwin 2-in-1 heater and fan,19.98,2026-09-10T00:00:00-04:00,2026-09-16T23:59:59-04:00
Walmart,8127960,Compact upright or bagless canister vacuum,69.98,2026-09-10T00:00:00-04:00,2026-09-16T23:59:59-04:00
Walmart,8127960,2-Slice panini press,26.97,2026-09-10T00:00:00-04:00,2026-09-16T23:59:59-04:00
Walmart,8127960,HotHands hand or feet warmers value pack,12.67,2026-09-10T00:00:00-04:00,2026-09-16T23:59:59-04:00
Walmart,8127960,PIXMA TR4725 inkjet printer,59.98,2026-09-10T00:00:00-04:00,2026-09-16T23:59:59-04:00
Walmart,8127960,HotHands hand or feet warmers value pack,12.67,2026-09-10T00:00:00-04:00,2026-09-16T23:59:59-04:00
Walmart,8127960,"16"" Stand fan",23.98,2026-09-10T00:00:00-04:00,2026-09-16T23:59:59-04:00
Walmart,8127960,Floral Art Decor Painting or Art Fashion Bag with Storage sets,42.86,2026-09-10T00:00:00-04:00,2026-09-16T23:59:59-04:00
Walmart,8127960,2-Slice toaster,9.98,2026-09-10T00:00:00-04:00,2026-09-16T23:59:59-04:00
Walmart,8127960,2-Slice toaster,9.98,2026-09-10T00:00:00-04:00,2026-09-16T23:59:59-04:00
Walmart,8127960,electric griddle,34.98,2026-09-10T00:00:00-04:00,2026-09-16T23:59:59-04:00
Walmart,8127960,Art Fashion Bag with Storage sets,42.86,2026-09-10T00:00:00-04:00,2026-09-16T23:59:59-04:00
Walmart,8127960,2-Slice toaster,9.98,2026-09-10T00:00:00-04:00,2026-09-16T23:59:59-04:00
Walmart,8127960,EcoTank ET-2803 wireless printer,199.98,2026-09-10T00:00:00-04:00,2026-09-16T23:59:59-04:00
Walmart,8127960,Gui Gui slime single pack,14.97,2026-09-10T00:00:00-04:00,2026-09-16T23:59:59-04:00
Walmart,8127960,Vertuo Pop coffee and espresso machine by Breville or De'Longhi,89.0,2026-09-10T00:00:00-04:00,2026-09-16T23:59:59-04:00
Walmart,8127960,68 L Storage tote,8.47,2026-09-10T00:00:00-04:00,2026-09-16T23:59:59-04:00
Walmart,8127960,Sterilite 114 L Storage tote,13.47,2026-09-10T00:00:00-04:00,2026-09-16T23:59:59-04:00
Walmart,8127960,Stretch woven joggers,16.0,2026-09-10T00:00:00-04:00,2026-09-16T23:59:59-04:00
Walmart,8127960,George crew socks,8.0,2026-09-10T00:00:00-04:00,2026-09-16T23:59:59-04:00
Walmart,8127960,Kitchen gadgets,2.97,2026-09-10T00:00:00-04:00,2026-09-16T23:59:59-04:00
Walmart,8127960,Hangers,2.97,2026-09-10T00:00:00-04:00,2026-09-16T23:59:59-04:00
Walmart,8127960,Rowie ceramic touch lamps,36.97,2026-09-10T00:00:00-04:00,2026-09-16T23:59:59-04:00
Walmart,8127960,3-Drawer medium cart,21.97,2026-09-10T00:00:00-04:00,2026-09-16T23:59:59-04:00
Walmart,8127960,5-Piece comforter set,69.94,2026-09-10T00:00:00-04:00,2026-09-16T23:59:59-04:00
Walmart,8127960,Men's casual sneakers,29.0,2026-09-10T00:00:00-04:00,2026-09-16T23:59:59-04:00
Walmart,8127960,Packable vest,20.0,2026-09-10T00:00:00-04:00,2026-09-16T23:59:59-04:00
Walmart,8127960,"15"" x 29"" Soho boot tray",7.88,2026-09-10T00:00:00-04:00,2026-09-16T23:59:59-04:00
Walmart,8127960,"Toytexx Under Desk Walking Pad Treadmill with Manual Incline, 2.5 HP Motor, Remote Control, LED Display, 0.6–3.8 MPH, 265 lb Capacity",139.99,2026-09-10T00:00:00-04:00,2026-09-16T23:59:59-04:00
Walmart,8127960,"Auusda 15.6"" Business Laptop AMD Ryzen 3250C 16GB DDR4 RAM 512GB NVMe SSD, Windows 11 Pro Student Notebook Computer, Backlight, Fingerprint, Silver",469.99,2026-09-10T00:00:00-04:00,2026-09-16T23:59:59-04:00
Walmart,8127960,"Litheli 20V Cordless Electric Lawn Mower, 14-Inch, Brushless Motor, 5-Position Height Adjustment, with 5.0Ah Battery, for Lawns & Gardens",130.99,2026-09-10T00:00:00-04:00,2026-09-16T23:59:59-04:00
Walmart,8127960,"Brisk It Zelos 450 WiFi A.I. Electric Wood Pellet Smoker Grill - Smart BBQ Grill With 450 sq.in Cooking Area,7-in-1 Outdoor Grill & Smoker, PID Controller (Up to 500°F), Meat Probe",469.99,2026-09-10T00:00:00-04:00,2026-09-16T23:59:59-04:00
Walmart,8127960,"FPD 50-inch Smart TV, 4K UHD LED Television with Google TV, Google Cast Built-in, Dolby Atmos, Dolby Audio, HDR10, MEMC, Google Assistant Voice Remote",394.99,2026-09-10T00:00:00-04:00,2026-09-16T23:59:59-04:00
Walmart,8127960,"Gyrocopters Zapphire Mountain E-Bike | UL 2849 | 42V 10Ah Lithium-Ion Battery | Up to 91 km Range | 3 Riding Modes | SHIMANO 7-Speed Gear | GPS Tracker | 20×3"" Fat Tires",698.96,2026-09-10T00:00:00-04:00,2026-09-16T23:59:59-04:00
Walmart,8127960,KPop Demon Hunters notebooks,7.97,2026-09-10T00:00:00-04:00,2026-09-16T23:59:59-04:00
Walmart,8127960,KPop Demon Hunters pencil cases,7.97,2026-09-10T00:00:00-04:00,2026-09-16T23:59:59-04:00
Walmart,8127960,"KPop Demon Hunters pencil cases, notebooks or journals",7.97,2026-09-10T00:00:00-04:00,2026-09-16T23:59:59-04:00
Walmart,8127960,4-Piece backpack set,16.97,2026-09-10T00:00:00-04:00,2026-09-16T23:59:59-04:00
Walmart,8127960,Jetstream Backpacks,19.97,2026-09-10T00:00:00-04:00,2026-09-16T23:59:59-04:00
Walmart,8127960,AirPods Pro 3,279.0,2026-09-10T00:00:00-04:00,2026-09-16T23:59:59-04:00
Walmart,8127960,Pen+Gear binders,4.97,2026-09-10T00:00:00-04:00,2026-09-16T23:59:59-04:00
Walmart,8127960,Pen+Gear scientific calculator,14.98,2026-09-10T00:00:00-04:00,2026-09-16T23:59:59-04:00
Walmart,8127960,Hello Hobby stretched canvases,16.97,2026-09-10T00:00:00-04:00,2026-09-16T23:59:59-04:00
Walmart,8127960,Expo dry erase markers 8-pack,11.48,2026-09-10T00:00:00-04:00,2026-09-16T23:59:59-04:00
Walmart,8127960,Sharpie Toy Story 5 permanent markers,3.48,2026-09-10T00:00:00-04:00,2026-09-16T23:59:59-04:00
Walmart,8127960,Royal & Langnickel Essentials paint set,7.97,2026-09-10T00:00:00-04:00,2026-09-16T23:59:59-04:00
Walmart,8127960,3M Command value packs,11.97,2026-09-10T00:00:00-04:00,2026-09-16T23:59:59-04:00
Walmart,8127960,Stamp 'N Stick Math Roller Addition,12.97,2026-09-10T00:00:00-04:00,2026-09-16T23:59:59-04:00
Walmart,8127960,"KPop Demon Hunters pencil cases, notebooks or journals",7.97,2026-09-10T00:00:00-04:00,2026-09-16T23:59:59-04:00
Walmart,8127960,KPop stationary,12.97,2026-09-10T00:00:00-04:00,2026-09-16T23:59:59-04:00
Walmart,8127960,KPop stationary,12.97,2026-09-10T00:00:00-04:00,2026-09-16T23:59:59-04:00
Walmart,8127960,KPop stationary,12.97,2026-09-10T00:00:00-04:00,2026-09-16T23:59:59-04:00
Walmart,8127960,Paper Mate InkJoy gel pens 14-pack,15.98,2026-09-10T00:00:00-04:00,2026-09-16T23:59:59-04:00
Walmart,8127960,Licensed Pencil Boxes,11.98,2026-09-10T00:00:00-04:00,2026-09-16T23:59:59-04:00
Walmart,8127960,"onn. 24"" Full HD monitor",109.98,2026-09-10T00:00:00-04:00,2026-09-16T23:59:59-04:00
Walmart,8127960,"27"" FHD IPS monitor",129.98,2026-09-10T00:00:00-04:00,2026-09-16T23:59:59-04:00
Walmart,8127960,Scosche magnetic wireless phone charger,34.98,2026-09-10T00:00:00-04:00,2026-09-16T23:59:59-04:00
Walmart,8127960,HP DeskJet 2942 all-in-one printer,49.98,2026-09-10T00:00:00-04:00,2026-09-16T23:59:59-04:00
Walmart,8127960,HP DeskJet 2942 all-in-one printer,49.98,2026-09-10T00:00:00-04:00,2026-09-16T23:59:59-04:00
Walmart,8127960,HP DeskJet 2942 all-in-one printer,49.98,2026-09-10T00:00:00-04:00,2026-09-16T23:59:59-04:00
Walmart,8127960,HP Envy 6152E all-in-one printer,79.98,2026-09-10T00:00:00-04:00,2026-09-16T23:59:59-04:00
Walmart,8127960,Canon imageCLASS MF3010 laser printer,99.98,2026-09-10T00:00:00-04:00,2026-09-16T23:59:59-04:00
Walmart,8127960,Canon PIXMA TR4725 inkjet print,59.98,2026-09-10T00:00:00-04:00,2026-09-16T23:59:59-04:00
Walmart,8127960,"onn. 8"" Tablet (2026)",169.98,2026-09-10T00:00:00-04:00,2026-09-16T23:59:59-04:00
Walmart,8127960,"onn. 8"" Kids' tablet",149.98,2026-09-10T00:00:00-04:00,2026-09-16T23:59:59-04:00
Walmart,8127960,TAL 24-oz. stainless steel 2-in-l straw and chug water bottle,18.98,2026-09-10T00:00:00-04:00,2026-09-16T23:59:59-04:00
Walmart,8127960,Licensed lunch bag,11.97,2026-09-10T00:00:00-04:00,2026-09-16T23:59:59-04:00
Walmart,8127960,Skross backpack,34.97,2026-09-10T00:00:00-04:00,2026-09-16T23:59:59-04:00
Walmart,8127960,Jetstream 3-Piece backpack set,24.97,2026-09-10T00:00:00-04:00,2026-09-16T23:59:59-04:00
Walmart,8127960,Great Value sandwich bags,2.74,2026-09-10T00:00:00-04:00,2026-09-16T23:59:59-04:00
Walmart,8127960,Dual-compartment lunch bag,16.97,2026-09-10T00:00:00-04:00,2026-09-16T23:59:59-04:00
Walmart,8127960,Steve Madden backpack,34.97,2026-09-10T00:00:00-04:00,2026-09-16T23:59:59-04:00
Walmart,8127960,Dual-compartment lunch bag,16.97,2026-09-10T00:00:00-04:00,2026-09-16T23:59:59-04:00
Walmart,8127960,Ritz Bits Snackwiches 10-Snak Paks,4.98,2026-09-10T00:00:00-04:00,2026-09-16T23:59:59-04:00
Walmart,8127960,RITZ family size crackers,4.48,2026-09-10T00:00:00-04:00,2026-09-16T23:59:59-04:00
Walmart,8127960,Christie Chips Ahoy! Mini Cookies Snak Paks,2.48,2026-09-10T00:00:00-04:00,2026-09-16T23:59:59-04:00
Walmart,8127960,Coke Zero Pop,2.87,2026-09-10T00:00:00-04:00,2026-09-16T23:59:59-04:00
Walmart,8127960,OREO Mini Snak Paks,2.48,2026-09-10T00:00:00-04:00,2026-09-16T23:59:59-04:00
Walmart,8127960,Snack Pack puddings,1.98,2026-09-10T00:00:00-04:00,2026-09-16T23:59:59-04:00
Walmart,8127960,Diet Coke Pop,8.28,2026-09-10T00:00:00-04:00,2026-09-16T23:59:59-04:00
Walmart,8127960,Snack Pack puddings,1.98,2026-09-10T00:00:00-04:00,2026-09-16T23:59:59-04:00
Walmart,8127960,Reese's Minis Peanut Butter Cups candy 210 g,5.98,2026-09-10T00:00:00-04:00,2026-09-16T23:59:59-04:00
Walmart,8127960,Cadbury Caramilk Minis or Dairy Milk Mini chocolate bars,5.98,2026-09-10T00:00:00-04:00,2026-09-16T23:59:59-04:00
Walmart,8127960,Reese's Pieces candy 185 g,5.98,2026-09-10T00:00:00-04:00,2026-09-16T23:59:59-04:00
Walmart,8127960,Cadbury Caramilk Snack-Size bars,3.18,2026-09-10T00:00:00-04:00,2026-09-16T23:59:59-04:00
Walmart,8127960,Nutella hazelnut or peanut 725 g,8.47,2026-09-10T00:00:00-04:00,2026-09-16T23:59:59-04:00
Walmart,8127960,Fuze iced tea,8.47,2026-09-10T00:00:00-04:00,2026-09-16T23:59:59-04:00
Walmart,8127960,Zevia Strawberry Lemon Burst soda,6.48,2026-09-10T00:00:00-04:00,2026-09-16T23:59:59-04:00
Walmart,8127960,Kinder Chocolate,5.48,2026-09-10T00:00:00-04:00,2026-09-16T23:59:59-04:00
Walmart,8127960,Nutella peanut 725 g,8.47,2026-09-10T00:00:00-04:00,2026-09-16T23:59:59-04:00
Walmart,8127960,Natrel Lactose Free Butter,4.98,2026-09-10T00:00:00-04:00,2026-09-16T23:59:59-04:00
Walmart,8127960,Nature's Path EnviroKidz Organic Koala Crisp,9.42,2026-09-10T00:00:00-04:00,2026-09-16T23:59:59-04:00
Walmart,8127960,Swanson lasagna frozen entrees,4.97,2026-09-10T00:00:00-04:00,2026-09-16T23:59:59-04:00
Walmart,8127960,Healthy Choice Gourmet Steamers frozen entrees,4.97,2026-09-10T00:00:00-04:00,2026-09-16T23:59:59-04:00
Walmart,8127960,Oasis beverages or juice boxes,3.47,2026-09-10T00:00:00-04:00,2026-09-16T23:59:59-04:00
Walmart,8127960,Vega protein shake 4-pack,14.97,2026-09-10T00:00:00-04:00,2026-09-16T23:59:59-04:00
Walmart,8127960,Vega Protein & Supergreens plant-based powder,21.97,2026-09-10T00:00:00-04:00,2026-09-16T23:59:59-04:00
Walmart,8127960,Vega protein Made Simple protein powder,19.97,2026-09-10T00:00:00-04:00,2026-09-16T23:59:59-04:00
Walmart,8127960,Premier Protein Al'mazing vanilla,12.97,2026-09-10T00:00:00-04:00,2026-09-16T23:59:59-04:00
Walmart,8127960,Sterilite wheeled under-bed tote,26.97,2026-09-10T00:00:00-04:00,2026-09-16T23:59:59-04:00
Walmart,8127960,Downy Unstopables scent booster,18.97,2026-09-10T00:00:00-04:00,2026-09-16T23:59:59-04:00
Walmart,8127960,Mainstays 6-cube storage organizer,39.97,2026-09-10T00:00:00-04:00,2026-09-16T23:59:59-04:00
Walmart,8127960,Sterilite storage tote,8.47,2026-09-10T00:00:00-04:00,2026-09-16T23:59:59-04:00
Walmart,8127960,Tide Simply laundry detergent,11.97,2026-09-10T00:00:00-04:00,2026-09-16T23:59:59-04:00
Walmart,8127960,Lysol all-purpose cleaner 950 mL,6.47,2026-09-10T00:00:00-04:00,2026-09-16T23:59:59-04:00
Walmart,8127960,Great Value 2-ply or 3-ply facial tissues,7.94,2026-09-10T00:00:00-04:00,2026-09-16T23:59:59-04:00
Walmart,8127960,Premier Protein shakes,11.67,2026-09-10T00:00:00-04:00,2026-09-16T23:59:59-04:00
Walmart,8127960,Mid-Day Squares,7.97,2026-09-10T00:00:00-04:00,2026-09-16T23:59:59-04:00
Walmart,8127960,Heinz ketchup zero sugar,3.97,2026-09-10T00:00:00-04:00,2026-09-16T23:59:59-04:00
Walmart,8127960,Pure Protein bars,11.47,2026-09-10T00:00:00-04:00,2026-09-16T23:59:59-04:00
Walmart,8127960,Dose organic ginger and turmeric shot,11.97,2026-09-10T00:00:00-04:00,2026-09-16T23:59:59-04:00
Walmart,8127960,Splenda monk fruit granulated sweetener,11.97,2026-09-10T00:00:00-04:00,2026-09-16T23:59:59-04:00
Walmart,8127960,Catelli Protein+ pasta,3.97,2026-09-10T00:00:00-04:00,2026-09-16T23:59:59-04:00
Walmart,8127960,G Hughes no sugar added BBQ sauce or marinade,6.77,2026-09-10T00:00:00-04:00,2026-09-16T23:59:59-04:00
Walmart,8127960,G Hughes no sugar added BBQ sauce or marinade,6.77,2026-09-10T00:00:00-04:00,2026-09-16T23:59:59-04:00
Walmart,8127960,Good Protein plant-based shakes,26.97,2026-09-10T00:00:00-04:00,2026-09-16T23:59:59-04:00
Walmart,8127960,Always liners,10.48,2026-09-10T00:00:00-04:00,2026-09-16T23:59:59-04:00
Walmart,8127960,Garnier Whole Blends shampoo or conditioner,4.98,2026-09-10T00:00:00-04:00,2026-09-16T23:59:59-04:00
Walmart,8127960,Clairol Nice'n Easy permanent hair colour,7.98,2026-09-10T00:00:00-04:00,2026-09-16T23:59:59-04:00
Walmart,8127960,Garnier Whole Blends shampoo or conditioner,4.98,2026-09-10T00:00:00-04:00,2026-09-16T23:59:59-04:00
Walmart,8127960,SheaMoisture shampoo or conditioner,12.92,2026-09-10T00:00:00-04:00,2026-09-16T23:59:59-04:00
Walmart,8127960,Rimmel Brow This Way brow pencil or Scandaleyes Reloaded mascara,7.97,2026-09-10T00:00:00-04:00,2026-09-16T23:59:59-04:00
Walmart,8127960,Softsoap hand soap refill,5.46,2026-09-10T00:00:00-04:00,2026-09-16T23:59:59-04:00
Walmart,8127960,Dove x Crumbl body scrub,10.86,2026-09-10T00:00:00-04:00,2026-09-16T23:59:59-04:00
Walmart,8127960,Native hand and body lotion,13.98,2026-09-10T00:00:00-04:00,2026-09-16T23:59:59-04:00
Walmart,8127960,Native deodorant,13.98,2026-09-10T00:00:00-04:00,2026-09-16T23:59:59-04:00
Walmart,8127960,Neutrogena eye makeup remover 162 mL,11.97,2026-09-10T00:00:00-04:00,2026-09-16T23:59:59-04:00
Walmart,8127960,"Native holiday body wash, shampoo or conditioner",9.97,2026-09-10T00:00:00-04:00,2026-09-16T23:59:59-04:00
Walmart,8127960,Parent's Choice 100% organic pouches,1.17,2026-09-10T00:00:00-04:00,2026-09-16T23:59:59-04:00
Walmart,8127960,Parent's Choice Yogurt Bites,3.98,2026-09-10T00:00:00-04:00,2026-09-16T23:59:59-04:00
Walmart,8127960,Parent's Choice training pants,24.94,2026-09-10T00:00:00-04:00,2026-09-16T23:59:59-04:00
Walmart,8127960,Parent's Choice 100% organic pouches,1.17,2026-09-10T00:00:00-04:00,2026-09-16T23:59:59-04:00
Walmart,8127960,Parent's Choice yogurt bites,3.98,2026-09-10T00:00:00-04:00,2026-09-16T23:59:59-04:00
Walmart,8127960,Dreamtime MAX Comfort 2-in-1 booster car seat,55.97,2026-09-10T00:00:00-04:00,2026-09-16T23:59:59-04:00
Walmart,8127960,Parent's Choice baby wipes,19.94,2026-09-10T00:00:00-04:00,2026-09-16T23:59:59-04:00
Walmart,8127960,Parent's Choice 9-oz. baby bottle,2.94,2026-09-10T00:00:00-04:00,2026-09-16T23:59:59-04:00
Walmart,8127960,Parent's Choice suction bowls 2-pack,7.44,2026-09-10T00:00:00-04:00,2026-09-16T23:59:59-04:00
Walmart,8127960,Parent's Choice milk-based infant formula powder,26.94,2026-09-10T00:00:00-04:00,2026-09-16T23:59:59-04:00
Walmart,8127960,Parent's Choice suction bowls 2-pack or plate,7.44,2026-09-10T00:00:00-04:00,2026-09-16T23:59:59-04:00
Walmart,8127960,Mammoth tug toys,13.98,2026-09-10T00:00:00-04:00,2026-09-16T23:59:59-04:00
Walmart,8127960,One Paw elevated cat bowl,7.97,2026-09-10T00:00:00-04:00,2026-09-16T23:59:59-04:00
Walmart,8127960,Beneful Original dry dog food,39.98,2026-09-10T00:00:00-04:00,2026-09-16T23:59:59-04:00
Walmart,8127960,Special Kitty Pate Wet Cat Food Singles,0.8,2026-09-10T00:00:00-04:00,2026-09-16T23:59:59-04:00
Walmart,8127960,Beneful Original dry dog food,39.98,2026-09-10T00:00:00-04:00,2026-09-16T23:59:59-04:00
Walmart,8127960,One Paw harness jacket,17.97,2026-09-10T00:00:00-04:00,2026-09-16T23:59:59-04:00
Walmart,8127960,Friskies Lil' Soups cat treats variety pack,20.97,2026-09-10T00:00:00-04:00,2026-09-16T23:59:59-04:00
Walmart,8127960,Fancy Feast Gems mousse päté wet cat food variety,15.93,2026-09-10T00:00:00-04:00,2026-09-16T23:59:59-04:00
Walmart,8127960,One Paw dessert cat toys,6.97,2026-09-10T00:00:00-04:00,2026-09-16T23:59:59-04:00
Walmart,8127960,Chewmasters dog chicken strips,21.97,2026-09-10T00:00:00-04:00,2026-09-16T23:59:59-04:00
Walmart,8127960,Canon PIXMA TR7122 wireless printer,99.98,2026-09-10T00:00:00-04:00,2026-09-16T23:59:59-04:00
Walmart,8127960,Golden Happiness bun,1.42,2026-09-10T00:00:00-04:00,2026-09-16T23:59:59-04:00
Walmart,8127960,Mooncake with two egg yolks and lotus seed,9.98,2026-09-10T00:00:00-04:00,2026-09-16T23:59:59-04:00
Walmart,8127960,Great Value sandwich bags,2.74,2026-09-10T00:00:00-04:00,2026-09-16T23:59:59-04:00
Walmart,8127960,Dao Xiang Cun nut mooncake,6.98,2026-09-10T00:00:00-04:00,2026-09-16T23:59:59-04:00
Walmart,8127960,Finute shrimp chips,6.98,2026-09-10T00:00:00-04:00,2026-09-16T23:59:59-04:00
Walmart,8127960,Naziba black truffle ham soda crackers,6.98,2026-09-10T00:00:00-04:00,2026-09-16T23:59:59-04:00
Walmart,8127960,OREO Original or Bubble Tea cookies,2.48,2026-09-10T00:00:00-04:00,2026-09-16T23:59:59-04:00
Walmart,8127960,Hot Wheels electric scooter,148.0,2026-09-10T00:00:00-04:00,2026-09-16T23:59:59-04:00
Walmart,8127960,Premier Protein Al'mazing vanilla or coffee non-dairy shakes,12.97,2026-09-10T00:00:00-04:00,2026-09-16T23:59:59-04:00
Walmart,8127960,Lysol wipes 75s - or all-purpose cleaner 950 mL,6.47,2026-09-10T00:00:00-04:00,2026-09-16T23:59:59-04:00
Walmart,8127960,Tokimi butterfly crispy palmier gift box,12.98,2026-09-10T00:00:00-04:00,2026-09-16T23:59:59-04:00
Walmart,8127960,Dempster's Protein bread or bagels,3.98,2026-09-10T00:00:00-04:00,2026-09-16T23:59:59-04:00
Walmart,8127960,Chewmasters dog treats duck jerky,21.97,2026-09-10T00:00:00-04:00,2026-09-16T23:59:59-04:00
Walmart,8127960,Haesong seaweed snack,9.98,2026-09-10T00:00:00-04:00,2026-09-16T23:59:59-04:00
Walmart,8127960,Bulk jumbo carrots,1.44,2026-09-10T00:00:00-04:00,2026-09-16T23:59:59-04:00
Walmart,8127960,J-Basket bubble tea kit 285 g or Binggrae milk drink 6 x 200 mL,6.98,2026-09-10T00:00:00-04:00,2026-09-16T23:59:59-04:00
Walmart,8127960,Aveeno hand and body lotions,18.97,2026-09-10T00:00:00-04:00,2026-09-16T23:59:59-04:00
Walmart,8127960,Aveeno body wash,8.96,2026-09-10T00:00:00-04:00,2026-09-16T23:59:59-04:00
Walmart,8127960,Rimmel Brow This Way brow pencil or Scandaleyes Reloaded mascara,7.97,2026-09-10T00:00:00-04:00,2026-09-16T23:59:59-04:00
Walmart,8127960,Nivea lip balm,4.98,2026-09-10T00:00:00-04:00,2026-09-16T23:59:59-04:00
Walmart,8127960,Neutrogena cleansing wipes 25s,11.97,2026-09-10T00:00:00-04:00,2026-09-16T23:59:59-04:00
Walmart,8127960,Graco Nautilus 65 3-in-1 harness booster car seat,255.0,2026-09-10T00:00:00-04:00,2026-09-16T23:59:59-04:00
Walmart,8127960,Sudocrem diaper rash cream,5.77,2026-09-10T00:00:00-04:00,2026-09-16T23:59:59-04:00
Walmart,8127960,Delectables Squeeze Up cat treats variety pack,11.98,2026-09-10T00:00:00-04:00,2026-09-16T23:59:59-04:00
Walmart,8127960,Special Kitty pâté wet cat food singles,0.8,2026-09-10T00:00:00-04:00,2026-09-16T23:59:59-04:00
Walmart,8127960,One Paw foldable interactive cat scratching pad,13.97,2026-09-10T00:00:00-04:00,2026-09-16T23:59:59-04:00
Walmart,8127960,Vibrant Life round dreamer small dog bed,29.98,2026-09-10T00:00:00-04:00,2026-09-16T23:59:59-04:00
Walmart,8127960,Friskies Lil' Soups cat treats variety pack,20.97,2026-09-10T00:00:00-04:00,2026-09-16T23:59:59-04:00
Walmart,8127960,Johnsonville smoked sausages,6.97,2026-09-10T00:00:00-04:00,2026-09-16T23:59:59-04:00
Walmart,8127960,One Paw dessert cat toys,6.97,2026-09-10T00:00:00-04:00,2026-09-16T23:59:59-04:00
Walmart,8127960,Finute shrimp chips,6.98,2026-09-10T00:00:00-04:00,2026-09-16T23:59:59-04:00
Walmart,8127960,Melona ice bars,4.98,2026-09-10T00:00:00-04:00,2026-09-16T23:59:59-04:00
Walmart,8127960,Nongshim 4-pack or KSF 5-pack noodles,3.98,2026-09-10T00:00:00-04:00,2026-09-16T23:59:59-04:00
Walmart,8127960,One Paw Dessert Cat Toys,6.97,2026-09-10T00:00:00-04:00,2026-09-16T23:59:59-04:00
Walmart,8127960,Aroy-D coconut milk 400 mL,1.77,2026-09-10T00:00:00-04:00,2026-09-16T23:59:59-04:00
Walmart,8127960,Round Lab 1025 Dokdo cleanser,16.97,2026-09-10T00:00:00-04:00,2026-09-16T23:59:59-04:00
Walmart,8127960,UFC coconut water 1 L or Kirin milk tea 1.5 L,2.98,2026-09-10T00:00:00-04:00,2026-09-16T23:59:59-04:00
Walmart,8127960,Great Value 12-oz. coffee cups,9.96,2026-09-10T00:00:00-04:00,2026-09-16T23:59:59-04:00
Walmart,8127960,Cadbury Caramilk Minis chocolate bars,5.98,2026-09-10T00:00:00-04:00,2026-09-16T23:59:59-04:00
Walmart,8127960,Zevia Strawberry Lemon Burst soda,6.48,2026-09-10T00:00:00-04:00,2026-09-16T23:59:59-04:00
Walmart,8127960,"TIDEA X5 Cordless Stick Vacuum Cleaner, 300W Brushless Motor, 40min Runtime, Lightweight with LED Display for Hardwood Floor, Carpet & Pet Hair",98.99,2026-09-10T00:00:00-04:00,2026-09-16T23:59:59-04:00
Walmart,8127960,Valvoline Restore & Protect full synthetic motor oil,49.88,2026-09-10T00:00:00-04:00,2026-09-16T23:59:59-04:00
Walmart,8127960,"IPL Laser Hair Removal for Women and Men, JOOYEE Ice Cooling 3-in-1 IPL Hair Removal Device, Safe at-home Long-lasting Hair Regrowth Reduction, Suitable for Face, Armpits, Bikini Line, Legs",89.99,2026-09-10T00:00:00-04:00,2026-09-16T23:59:59-04:00
Walmart,8127960,Pixel Watch 4 Wi-Fi,359.0,2026-09-10T00:00:00-04:00,2026-09-16T23:59:59-04:00
Walmart,8127960,Advil Liqui-Gels value pack,24.63,2026-09-10T00:00:00-04:00,2026-09-16T23:59:59-04:00
Walmart,8127960,Green Giant Valley Selections 400 g - 500 g or core vegetables 750 g,3.47,2026-09-10T00:00:00-04:00,2026-09-16T23:59:59-04:00
Walmart,8127960,Your Fresh Market™ dips,3.74,2026-09-10T00:00:00-04:00,2026-09-16T23:59:59-04:00
Walmart,8127960,Your Fresh Market™ beef stir fry strips,15.4,2026-09-10T00:00:00-04:00,2026-09-16T23:59:59-04:00
Walmart,8127960,Yoplait Yop drinkable yogurt,0.97,2026-09-10T00:00:00-04:00,2026-09-16T23:59:59-04:00
Walmart,8127960,Your Fresh Market™ Bagels,2.47,2026-09-10T00:00:00-04:00,2026-09-16T23:59:59-04:00
Walmart,8127960,Christie Crispers,2.48,2026-09-10T00:00:00-04:00,2026-09-16T23:59:59-04:00
Walmart,8127960,Pie pumpkin,2.94,2026-09-10T00:00:00-04:00,2026-09-16T23:59:59-04:00
Walmart,8127960,Christie Bits & Bites,2.48,2026-09-10T00:00:00-04:00,2026-09-16T23:59:59-04:00
Walmart,8127960,Your Fresh Market™ bagels,2.47,2026-09-10T00:00:00-04:00,2026-09-16T23:59:59-04:00
Walmart,8127960,Yoplait Yop drinkable yogurt,0.97,2026-09-10T00:00:00-04:00,2026-09-16T23:59:59-04:00
Walmart,8127960,Dempster's Signature bagels,2.98,2026-09-10T00:00:00-04:00,2026-09-16T23:59:59-04:00
Walmart,8127960,Club House gravy mixes,0.98,2026-09-10T00:00:00-04:00,2026-09-16T23:59:59-04:00
Walmart,8127960,Hershey's Chocolate Bars,2.48,2026-09-10T00:00:00-04:00,2026-09-16T23:59:59-04:00
Walmart,8127960,Arm & Hammer clumping cat litter,24.67,2026-09-10T00:00:00-04:00,2026-09-16T23:59:59-04:00
Walmart,8127960,Bounty Select-A-Size paper towels,22.48,2026-09-10T00:00:00-04:00,2026-09-16T23:59:59-04:00
Walmart,8127960,Scotties 3-ply facial tissue,19.97,2026-09-10T00:00:00-04:00,2026-09-16T23:59:59-04:00
Walmart,8127960,Downy Light in-wash beads,15.97,2026-09-10T00:00:00-04:00,2026-09-16T23:59:59-04:00
Walmart,8127960,Marvel Ultron vs. Iron Man or Disney Moana Village House & Boat sets,27.86,2026-09-10T00:00:00-04:00,2026-09-16T23:59:59-04:00
Walmart,8127960,Colgate Total 3 x 120 mL or MaxFresh 3 x 150 mL toothpaste,7.97,2026-09-10T00:00:00-04:00,2026-09-16T23:59:59-04:00
Walmart,8127960,Orville Redenbacher popcorn 6-pack,3.97,2026-09-10T00:00:00-04:00,2026-09-16T23:59:59-04:00
Walmart,8127960,Minute Maid apple juice,3.28,2026-09-10T00:00:00-04:00,2026-09-16T23:59:59-04:00
Walmart,8127960,Black Diamond cheese slices,3.47,2026-09-10T00:00:00-04:00,2026-09-16T23:59:59-04:00
Walmart,8127960,Samyang Buldak spicy ramen,6.98,2026-09-10T00:00:00-04:00,2026-09-16T23:59:59-04:00
Walmart,8127960,Delicious Kitchen jasmine rice,14.88,2026-09-10T00:00:00-04:00,2026-09-16T23:59:59-04:00
Walmart,8127960,ChaCha frozen dessert,6.98,2026-09-10T00:00:00-04:00,2026-09-16T23:59:59-04:00
Walmart,8127960,Maple Leaf fresh air-chilled boneless skinless chicken thighs 12-pack,7.75,2026-09-10T00:00:00-04:00,2026-09-16T23:59:59-04:00
Walmart,8127960,Maggi seasoning 800 mL,8.98,2026-09-10T00:00:00-04:00,2026-09-16T23:59:59-04:00
Walmart,8127960,Long-sleeved oversized tee,8.0,2026-09-10T00:00:00-04:00,2026-09-16T23:59:59-04:00
Walmart,8127960,Selected stationery,2.0,2026-09-10T00:00:00-04:00,2026-09-16T23:59:59-04:00
Walmart,8127960,Pen+Gear report cover,0.22,2026-09-10T00:00:00-04:00,2026-09-16T23:59:59-04:00
Walmart,8127960,Abalone gift box,12.98,2026-09-10T00:00:00-04:00,2026-09-16T23:59:59-04:00
Walmart,8127960,Tokimi egg yolk pastry gift box,12.98,2026-09-10T00:00:00-04:00,2026-09-16T23:59:59-04:00
Walmart,8127960,Pepsi,3.97,2026-09-10T00:00:00-04:00,2026-09-16T23:59:59-04:00
Walmart,8127960,Panda oyster sauce 510 g or Lee Kum Kee hoisin sauce 443 mL,2.98,2026-09-10T00:00:00-04:00,2026-09-16T23:59:59-04:00
Walmart,8127960,Panda oyster sauce 510 g or Lee Kum Kee hoisin sauce 443 mL,2.98,2026-09-10T00:00:00-04:00,2026-09-16T23:59:59-04:00
Walmart,8127960,Kewpie mayonnaise 450 g,5.98,2026-09-10T00:00:00-04:00,2026-09-16T23:59:59-04:00
Walmart,8127960,Sunrise extra firm tofu,3.44,2026-09-10T00:00:00-04:00,2026-09-16T23:59:59-04:00
Walmart,8127960,Lee Kum Kee chicken bouillon powder 1 kg,8.98,2026-09-10T00:00:00-04:00,2026-09-16T23:59:59-04:00
Walmart,8127960,"Great Value ECO 10"" dinner plates 125s",17.93,2026-09-10T00:00:00-04:00,2026-09-16T23:59:59-04:00
Walmart,8127960,Ziploc sandwich bags,4.48,2026-09-10T00:00:00-04:00,2026-09-16T23:59:59-04:00
Walmart,8127960,Tide Pods laundry detergent,28.97,2026-09-10T00:00:00-04:00,2026-09-16T23:59:59-04:00
Walmart,8127960,Vileda EasyWring spin mop and bucket system,39.47,2026-09-10T00:00:00-04:00,2026-09-16T23:59:59-04:00
Walmart,8127960,shampoo or conditioner,5.97,2026-09-10T00:00:00-04:00,2026-09-16T23:59:59-04:00
Walmart,8127960,Similac 360 Total Care Step 1 ready-to-feed infant formula bottles,49.98,2026-09-10T00:00:00-04:00,2026-09-16T23:59:59-04:00
Walmart,8127960,Huggies mega colossal or super econo pack diapers,34.97,2026-09-10T00:00:00-04:00,2026-09-16T23:59:59-04:00
Walmart,8127960,AXE body spray deodorant or body wash,3.96,2026-09-10T00:00:00-04:00,2026-09-16T23:59:59-04:00
Walmart,8127960,Bounce dryer sheets 200s or Mega Sheets 120s,9.97,2026-09-10T00:00:00-04:00,2026-09-16T23:59:59-04:00
Walmart,8127960,Logitech USB computer headset,19.98,2026-09-10T00:00:00-04:00,2026-09-16T23:59:59-04:00
Walmart,8127960,OxiClean stain remover powder,12.97,2026-09-10T00:00:00-04:00,2026-09-16T23:59:59-04:00
Walmart,8127960,OxiClean stain remover powder,12.97,2026-09-10T00:00:00-04:00,2026-09-16T23:59:59-04:00
Walmart,8127960,Tide Simply laundry detergent,11.97,2026-09-10T00:00:00-04:00,2026-09-16T23:59:59-04:00
Walmart,8127960,Purina Fancy Feast Broths cat treats variety pack,6.97,2026-09-10T00:00:00-04:00,2026-09-16T23:59:59-04:00
Walmart,8127960,Lysol all-purpose cleaner 950 mL,6.47,2026-09-10T00:00:00-04:00,2026-09-16T23:59:59-04:00
Walmart,8127960,Mr. Noodles Extra or cups,0.87,2026-09-10T00:00:00-04:00,2026-09-16T23:59:59-04:00
Walmart,8127960,"P.F. Chang's, Bertolli",9.97,2026-09-10T00:00:00-04:00,2026-09-16T23:59:59-04:00
Walmart,8127960,Cesar wet dog food variety pack,28.77,2026-09-10T00:00:00-04:00,2026-09-16T23:59:59-04:00
Walmart,8127960,Finish dishwasher tabs 30s - 45s,13.97,2026-09-10T00:00:00-04:00,2026-09-16T23:59:59-04:00
Walmart,8127960,Bibigo wontons or Mandu,7.88,2026-09-10T00:00:00-04:00,2026-09-16T23:59:59-04:00
Walmart,8127960,Tony's chocolate bars,6.78,2026-09-10T00:00:00-04:00,2026-09-16T23:59:59-04:00
Walmart,8127960,Caledon Farms dog treats,7.98,2026-09-10T00:00:00-04:00,2026-09-16T23:59:59-04:00
Walmart,8127960,Campbell's Chunky soup,2.47,2026-09-10T00:00:00-04:00,2026-09-16T23:59:59-04:00
Walmart,8127960,Tide Pods laundry detergent,28.97,2026-09-10T00:00:00-04:00,2026-09-16T23:59:59-04:00
Walmart,8127960,Pampers Easy Ups giant pack training pants,36.94,2026-09-10T00:00:00-04:00,2026-09-16T23:59:59-04:00
Walmart,8127960,Colgate Optic White Renewal 70 mL or Advanced 133 mL or Sensitive Pro-Relief 120 mL toothpaste or kids' or SlimSoft 2-pack or Extra Clean 6-pack toothbrushes,6.97,2026-09-10T00:00:00-04:00,2026-09-16T23:59:59-04:00
Walmart,8127960,"Downy Light in-wash beads 680 g - 694 g, fabric rinse 90 loads",15.97,2026-09-10T00:00:00-04:00,2026-09-16T23:59:59-04:00
Walmart,8127960,Rascals Night Pants nighttime underwear,25.88,2026-09-10T00:00:00-04:00,2026-09-16T23:59:59-04:00
Walmart,8127960,Similac 360 Total Care ready-to-feed infant formula bottles,73.98,2026-09-10T00:00:00-04:00,2026-09-16T23:59:59-04:00
Walmart,8127960,Finish dishwasher tabs 30s - 45s or Jet-Dry rinse aid 946 mL,13.97,2026-09-10T00:00:00-04:00,2026-09-16T23:59:59-04:00
Walmart,8127960,Glade scented 3-wick candle or PlugIns Scented Oil air freshener starter kit,8.97,2026-09-10T00:00:00-04:00,2026-09-16T23:59:59-04:00
Walmart,8127960,Lysol disinfectant spray,6.97,2026-09-10T00:00:00-04:00,2026-09-16T23:59:59-04:00
Walmart,8127960,Windex trigger spray cleaner,4.47,2026-09-10T00:00:00-04:00,2026-09-16T23:59:59-04:00
Walmart,8127960,Tide Pods,28.97,2026-09-10T00:00:00-04:00,2026-09-16T23:59:59-04:00
Walmart,8127960,Swiffer Duster heavy duty refills,15.97,2026-09-10T00:00:00-04:00,2026-09-16T23:59:59-04:00
Walmart,8127960,Febreze Air air freshener spray,3.77,2026-09-10T00:00:00-04:00,2026-09-16T23:59:59-04:00
Walmart,8127960,O'Tasty dumplings,4.98,2026-09-10T00:00:00-04:00,2026-09-16T23:59:59-04:00
Walmart,8127960,Pillsbury Pizza Pops,2.94,2026-09-10T00:00:00-04:00,2026-09-16T23:59:59-04:00
Walmart,8127960,Gain laundry detergent,13.97,2026-09-10T00:00:00-04:00,2026-09-16T23:59:59-04:00
Walmart,8127960,Arctic Zone Uptown tote lunch bag,14.97,2026-09-10T00:00:00-04:00,2026-09-16T23:59:59-04:00
Walmart,8127960,"21.5"" FHD monitor",89.98,2026-09-10T00:00:00-04:00,2026-09-16T23:59:59-04:00
Walmart,8127960,BioSteel protein ready-to-drink milkshakes,12.48,2026-09-10T00:00:00-04:00,2026-09-16T23:59:59-04:00
Walmart,8127960,Avocados,5.98,2026-09-10T00:00:00-04:00,2026-09-16T23:59:59-04:00
Walmart,8127960,Your Fresh Market™ whole white or cremini mushrooms,2.44,2026-09-10T00:00:00-04:00,2026-09-16T23:59:59-04:00
Walmart,8127960,Romaine lettuce hearts,3.97,2026-09-10T00:00:00-04:00,2026-09-16T23:59:59-04:00
Walmart,8127960,"Great Value frozen meat, seafood or appetizers value pack",9.98,2026-09-10T00:00:00-04:00,2026-09-16T23:59:59-04:00
Walmart,8127960,Clover Leaf tuna,1.24,2026-09-10T00:00:00-04:00,2026-09-16T23:59:59-04:00
Walmart,8127960,"TUCCI Italy CityRider 17.7"" backpack",60.0,2026-09-10T00:00:00-04:00,2026-09-16T23:59:59-04:00
Walmart,8127960,"Spa Sensations 6"" memory foam mattress",99.97,2026-09-10T00:00:00-04:00,2026-09-16T23:59:59-04:00
Walmart,8127960,Reese's Big Cup stuffed with Pieces King,2.18,2026-09-10T00:00:00-04:00,2026-09-16T23:59:59-04:00
Walmart,8127960,Good Protein plant-based shakes,26.97,2026-09-10T00:00:00-04:00,2026-09-16T23:59:59-04:00
Walmart,8127960,Your Fresh Market™ whole white or cremini mushrooms,2.44,2026-09-10T00:00:00-04:00,2026-09-16T23:59:59-04:00
Walmart,8127960,onn. wireless mouse and keyboard combo,19.98,2026-09-10T00:00:00-04:00,2026-09-16T23:59:59-04:00
Walmart,8127960,One Paw Plush Pig Toy,9.97,2026-09-10T00:00:00-04:00,2026-09-16T23:59:59-04:00
Walmart,8127960,Dove shampoo or conditioner,11.76,2026-09-10T00:00:00-04:00,2026-09-16T23:59:59-04:00
Walmart,8127960,Dawn dish soap,2.46,2026-09-10T00:00:00-04:00,2026-09-16T23:59:59-04:00
Walmart,8127960,iögo nanö Bubbles yogurt,3.27,2026-09-10T00:00:00-04:00,2026-09-16T23:59:59-04:00
Walmart,8127960,iögo nanö Bubbles yogurt,3.27,2026-09-10T00:00:00-04:00,2026-09-16T23:59:59-04:00
Walmart,8127960,Hangers,2.97,2026-09-10T00:00:00-04:00,2026-09-16T23:59:59-04:00
Walmart,8127960,iögo Creamy yogurt pouch,9.47,2026-09-10T00:00:00-04:00,2026-09-16T23:59:59-04:00
Walmart,8127960,iögo Creamy yogurt pouch,9.47,2026-09-10T00:00:00-04:00,2026-09-16T23:59:59-04:00
Walmart,8127960,Siggi's skyr yogurt cups,3.96,2026-09-10T00:00:00-04:00,2026-09-16T23:59:59-04:00
Walmart,8127960,Purina Fancy Feast Broths cat treats variety pack,6.97,2026-09-10T00:00:00-04:00,2026-09-16T23:59:59-04:00
Walmart,8127960,Herbal Essences shampoo,5.97,2026-09-10T00:00:00-04:00,2026-09-16T23:59:59-04:00
Walmart,8127960,Downy in-wash scent booster beads,15.97,2026-09-10T00:00:00-04:00,2026-09-16T23:59:59-04:00
Walmart,8127960,Scrubbing Bubbles multi-purpose or bathroom cleaners,4.47,2026-09-10T00:00:00-04:00,2026-09-16T23:59:59-04:00
Walmart,8127960,Great Value nitryl disposable gloves,8.96,2026-09-10T00:00:00-04:00,2026-09-16T23:59:59-04:00
Walmart,8127960,Tide Pods,28.97,2026-09-10T00:00:00-04:00,2026-09-16T23:59:59-04:00
Walmart,8127960,Vileda Super Twist mop,11.47,2026-09-10T00:00:00-04:00,2026-09-16T23:59:59-04:00
Walmart,8127960,Dr. Melaxin TX cream 50 mL or Cemenrete Cyano Pink Spicule serum 30 mL,33.97,2026-09-10T00:00:00-04:00,2026-09-16T23:59:59-04:00
Walmart,8127960,Arm & Hammer clumping cat litter,24.67,2026-09-10T00:00:00-04:00,2026-09-16T23:59:59-04:00
Walmart,8127960,Scent Theory foaming hand soap,4.67,2026-09-10T00:00:00-04:00,2026-09-16T23:59:59-04:00
Walmart,8127960,Clover Leaf tuna,1.14,2026-09-10T00:00:00-04:00,2026-09-16T23:59:59-04:00
Walmart,8127960,Premier Protein pancakes,7.96,2026-09-10T00:00:00-04:00,2026-09-16T23:59:59-04:00
Walmart,8127960,Green Giant Valley Selections 400 g - 500 g or core vegetables 750 g,3.47,2026-09-10T00:00:00-04:00,2026-09-16T23:59:59-04:00
Walmart,8127960,Large pumpkin,3.74,2026-09-10T00:00:00-04:00,2026-09-16T23:59:59-04:00
Walmart,8127960,Softsoap hand soap refill,5.46,2026-09-10T00:00:00-04:00,2026-09-16T23:59:59-04:00
Walmart,8127960,Snack Pack pudding 4-pack,1.77,2026-09-10T00:00:00-04:00,2026-09-16T23:59:59-04:00
Walmart,8127960,Jetstream 3-Piece backpack set,24.97,2026-09-10T00:00:00-04:00,2026-09-16T23:59:59-04:00
Walmart,8127960,Fuze iced tea,8.47,2026-09-10T00:00:00-04:00,2026-09-16T23:59:59-04:00
Walmart,8127960,Jamieson vitamin C or D3,13.47,2026-09-10T00:00:00-04:00,2026-09-16T23:59:59-04:00
Walmart,8127960,Your Fresh Market™ sliced loaf cakes,5.16,2026-09-10T00:00:00-04:00,2026-09-16T23:59:59-04:00
Walmart,8127960,Elmer's Toy Story 5 glue,2.48,2026-09-10T00:00:00-04:00,2026-09-16T23:59:59-04:00
Walmart,8127960,CeraVe AM or PM moisturizing lotions,17.97,2026-09-10T00:00:00-04:00,2026-09-16T23:59:59-04:00
Walmart,8127960,"Ziploc snack, sandwich or freezer bags",4.48,2026-09-10T00:00:00-04:00,2026-09-16T23:59:59-04:00
Walmart,8127960,iögo nanö Bubbles yogurt,3.27,2026-09-10T00:00:00-04:00,2026-09-16T23:59:59-04:00
Walmart,8127960,Siggi's skyr yogurt cups,3.96,2026-09-10T00:00:00-04:00,2026-09-16T23:59:59-04:00
Walmart,8127960,Lactantia cream cheese,3.98,2026-09-10T00:00:00-04:00,2026-09-16T23:59:59-04:00
Walmart,8127960,iögo nanö drinkable yogurt 6-pack,3.27,2026-09-10T00:00:00-04:00,2026-09-16T23:59:59-04:00
Walmart,8127960,Olympic organic yogurt tubs,11.47,2026-09-10T00:00:00-04:00,2026-09-16T23:59:59-04:00
Walmart,8127960,Olympic organic yogurt tubs,11.47,2026-09-10T00:00:00-04:00,2026-09-16T23:59:59-04:00
Walmart,8127960,iögo nanö drinkable yogurt 6-pack,3.27,2026-09-10T00:00:00-04:00,2026-09-16T23:59:59-04:00
Walmart,8127960,Aveeno body wash,8.96,2026-09-10T00:00:00-04:00,2026-09-16T23:59:59-04:00
Walmart,8127960,Ingenuity InLighten Twinkle Tails Bouncer,84.97,2026-09-10T00:00:00-04:00,2026-09-16T23:59:59-04:00
Walmart,8127960,Parent's Choice training pants,24.94,2026-09-10T00:00:00-04:00,2026-09-16T23:59:59-04:00
Walmart,8127960,Wite-Out quick-dry correction fluid,3.0,2026-09-10T00:00:00-04:00,2026-09-16T23:59:59-04:00
Walmart,8127960,"KPop Demon Hunters pencil cases, notebooks or journals",7.97,2026-09-10T00:00:00-04:00,2026-09-16T23:59:59-04:00
Walmart,8127960,Sharpie original 12-pack or Mystic Gems fine-point 14-pack permanent markers,7.98,2026-09-10T00:00:00-04:00,2026-09-16T23:59:59-04:00
Walmart,8127960,2-Slice stainless steel toaster or panini press,26.97,2026-09-10T00:00:00-04:00,2026-09-16T23:59:59-04:00
Walmart,8127960,Glass kettle or personal blender,29.97,2026-09-10T00:00:00-04:00,2026-09-16T23:59:59-04:00
Walmart,8127960,"iPad Air 11"" Wi-Fi 128 GB (M4)",849.0,2026-09-10T00:00:00-04:00,2026-09-16T23:59:59-04:00
Walmart,8127960,KPop Demon Hunters pencil cases,7.97,2026-09-10T00:00:00-04:00,2026-09-16T23:59:59-04:00
Walmart,8127960,Scosche 20W USB-C wall charger,24.98,2026-09-10T00:00:00-04:00,2026-09-16T23:59:59-04:00
Walmart,8127960,"Acer 15.6"" Aspire Lite FHD IPS laptop",399.98,2026-09-10T00:00:00-04:00,2026-09-16T23:59:59-04:00
Walmart,8127960,Logitech wireless mouse,19.98,2026-09-10T00:00:00-04:00,2026-09-16T23:59:59-04:00
Walmart,8127960,RITZ Drizzled minis,4.98,2026-09-10T00:00:00-04:00,2026-09-16T23:59:59-04:00
Walmart,8127960,Kruzer 200 folding scooter,99.97,2026-09-10T00:00:00-04:00,2026-09-16T23:59:59-04:00
Walmart,8127960,Revolution Nutrition Iso Whey protein powder,40.47,2026-09-10T00:00:00-04:00,2026-09-16T23:59:59-04:00
Walmart,8127960,Premier Protein shakes,33.97,2026-09-10T00:00:00-04:00,2026-09-16T23:59:59-04:00
Walmart,8127960,iögo nano drinkable yogurt 24-pack,13.47,2026-09-10T00:00:00-04:00,2026-09-16T23:59:59-04:00
Walmart,8127960,Lactantia cream cheese,3.98,2026-09-10T00:00:00-04:00,2026-09-16T23:59:59-04:00
Walmart,8127960,iögo nanö drinkable yogurt 6-pack,3.27,2026-09-10T00:00:00-04:00,2026-09-16T23:59:59-04:00
Walmart,8127960,Vertuo Pop coffee and espresso machine by Breville or De'Longhi,89.0,2026-09-10T00:00:00-04:00,2026-09-16T23:59:59-04:00
Walmart,8127960,fx-300MS Plus-2 scientific calculator,14.97,2026-09-10T00:00:00-04:00,2026-09-16T23:59:59-04:00
Walmart,8127960,62 L Wheeled under-bed storage tote,26.97,2026-09-10T00:00:00-04:00,2026-09-16T23:59:59-04:00
Walmart,8127960,Dime 3 XT true wireless earbuds,29.98,2026-09-10T00:00:00-04:00,2026-09-16T23:59:59-04:00
Walmart,8127960,300-Page 3-subject notebook,4.28,2026-09-10T00:00:00-04:00,2026-09-16T23:59:59-04:00
Walmart,8127960,EXPO Dry-erase chisel-tip markers,2.0,2026-09-10T00:00:00-04:00,2026-09-16T23:59:59-04:00
Walmart,8127960,Jetstream backpacks,19.97,2026-09-10T00:00:00-04:00,2026-09-16T23:59:59-04:00
Walmart,8127960,Uni Posca PC 5M Water Based Pain Markers,23.44,2026-09-10T00:00:00-04:00,2026-09-16T23:59:59-04:00
Walmart,8127960,Kitchen towels or oven mitts,6.28,2026-09-10T00:00:00-04:00,2026-09-16T23:59:59-04:00
Walmart,8127960,Kitchen gadgets,2.97,2026-09-10T00:00:00-04:00,2026-09-16T23:59:59-04:00
Walmart,8127960,Crayola 64ct Crayons,2.0,2026-09-10T00:00:00-04:00,2026-09-16T23:59:59-04:00
Walmart,8127960,Wood pencils 24-pack,1.0,2026-09-10T00:00:00-04:00,2026-09-16T23:59:59-04:00
Walmart,8127960,Crayola Clicks mechanical coloured pencils,9.97,2026-09-10T00:00:00-04:00,2026-09-16T23:59:59-04:00
Walmart,8127960,"Gateway (by Acer) Chromebook laptop 14""",349.98,2026-09-10T00:00:00-04:00,2026-09-16T23:59:59-04:00
Walmart,8127960,HP M11OW Laser printer,99.98,2026-09-10T00:00:00-04:00,2026-09-16T23:59:59-04:00
Walmart,8127960,"TUCCI Italy SportSurge 17.3"" laptop backpack",61.99,2026-09-10T00:00:00-04:00,2026-09-16T23:59:59-04:00
Walmart,8127960,Swanson cheesy rice with broccoli & chicken frozen entrees,4.97,2026-09-10T00:00:00-04:00,2026-09-16T23:59:59-04:00
Walmart,8127960,JBuds wireless mouse,29.98,2026-09-10T00:00:00-04:00,2026-09-16T23:59:59-04:00
Walmart,8127960,Skross backpack,34.97,2026-09-10T00:00:00-04:00,2026-09-16T23:59:59-04:00
Walmart,8127960,Dome lunchbag,15.97,2026-09-10T00:00:00-04:00,2026-09-16T23:59:59-04:00
Walmart,8127960,3M Command value packs,11.97,2026-09-10T00:00:00-04:00,2026-09-16T23:59:59-04:00
Walmart,8127960,"22"" Tower space heater",64.98,2026-09-10T00:00:00-04:00,2026-09-16T23:59:59-04:00
Walmart,8127960,Marvel Ultron vs. Iron Man or Disney Moana Village House & Boat sets,27.86,2026-09-10T00:00:00-04:00,2026-09-16T23:59:59-04:00
Walmart,8127960,6-qt. Slow cooker,34.98,2026-09-10T00:00:00-04:00,2026-09-16T23:59:59-04:00
Walmart,8127960,50 L Stainless steel trash can,68.97,2026-09-10T00:00:00-04:00,2026-09-16T23:59:59-04:00
Walmart,8127960,Kitchen towels,6.28,2026-09-10T00:00:00-04:00,2026-09-16T23:59:59-04:00
Walmart,8127960,Lunch bag or food jar,29.97,2026-09-10T00:00:00-04:00,2026-09-16T23:59:59-04:00
Walmart,8127960,Pen+Gear Binders,4.97,2026-09-10T00:00:00-04:00,2026-09-16T23:59:59-04:00
Walmart,8127960,EcoTank ET-2803 wireless printer,199.98,2026-09-10T00:00:00-04:00,2026-09-16T23:59:59-04:00
Walmart,8127960,Selected padlocks,9.97,2026-09-10T00:00:00-04:00,2026-09-16T23:59:59-04:00
Walmart,8127960,Stamp 'N Stick DIY kit or Math Roller Addition or Symbols Addition stamps,12.97,2026-09-10T00:00:00-04:00,2026-09-16T23:59:59-04:00
Walmart,8127960,George® Kids' socks,8.0,2026-09-10T00:00:00-04:00,2026-09-16T23:59:59-04:00
Walmart,8127960,Kitchen gadgets,2.97,2026-09-10T00:00:00-04:00,2026-09-16T23:59:59-04:00
Walmart,8127960,Selected stationery,3.0,2026-09-10T00:00:00-04:00,2026-09-16T23:59:59-04:00
Walmart,8127960,Paper Mate InkJoy gel pens 14-pack or Flair! felt-tip pens 24-pack,15.98,2026-09-10T00:00:00-04:00,2026-09-16T23:59:59-04:00
Walmart,8127960,KPop Demon Hunters notebooks,7.97,2026-09-10T00:00:00-04:00,2026-09-16T23:59:59-04:00
Walmart,8127960,Licensed pencil boxes,11.98,2026-09-10T00:00:00-04:00,2026-09-16T23:59:59-04:00
Walmart,8127960,Pen+Gear School List Kit,16.98,2026-09-10T00:00:00-04:00,2026-09-16T23:59:59-04:00
Walmart,8127960,Hello Hobby stretched canvases,16.97,2026-09-10T00:00:00-04:00,2026-09-16T23:59:59-04:00
Walmart,8127960,Cool Gear 24-oz. plastic bottle,6.98,2026-09-10T00:00:00-04:00,2026-09-16T23:59:59-04:00
Walmart,8127960,Dell 14 Productivity Laptop,1098.0,2026-09-10T00:00:00-04:00,2026-09-16T23:59:59-04:00
Walmart,8127960,Samsung Galaxy A17 128GB unlocked phone,219.98,2026-09-10T00:00:00-04:00,2026-09-16T23:59:59-04:00
Walmart,8127960,"Acer Iconia A10 Gen2 10.1"" Tablet",179.98,2026-09-10T00:00:00-04:00,2026-09-16T23:59:59-04:00
Walmart,8127960,Pen+Gear school list kit,16.98,2026-09-10T00:00:00-04:00,2026-09-16T23:59:59-04:00
Walmart,8127960,Dome lunchbag,15.97,2026-09-10T00:00:00-04:00,2026-09-16T23:59:59-04:00
Walmart,8127960,Coca-Cola Pop,8.28,2026-09-10T00:00:00-04:00,2026-09-16T23:59:59-04:00
Walmart,8127960,Fanta Orange Pop,3.97,2026-09-10T00:00:00-04:00,2026-09-16T23:59:59-04:00
Walmart,8127960,Nature's Path Love Crunch organic protein chocolate,5.98,2026-09-10T00:00:00-04:00,2026-09-16T23:59:59-04:00
Walmart,8127960,Oasis ready-to-drink-smoothies,6.98,2026-09-10T00:00:00-04:00,2026-09-16T23:59:59-04:00
Walmart,8127960,Oasis beverages or juice boxes,3.47,2026-09-10T00:00:00-04:00,2026-09-16T23:59:59-04:00
Walmart,8127960,Hellmann's mayonnaise type dressing 325 mL - 340 mL,3.77,2026-09-10T00:00:00-04:00,2026-09-16T23:59:59-04:00
Walmart,8127960,Swanson fettuccini Alfredo or cheesy rice with broccoli & chicken frozen entrees,4.97,2026-09-10T00:00:00-04:00,2026-09-16T23:59:59-04:00
Walmart,8127960,Pen+Gear school list kit,16.98,2026-09-10T00:00:00-04:00,2026-09-16T23:59:59-04:00
Walmart,8127960,TAL 24-oz. stainless steel 2-in-l straw and chug water bottle,18.98,2026-09-10T00:00:00-04:00,2026-09-16T23:59:59-04:00
Walmart,8127960,Cool Gear 24-oz. plastic bottle,6.98,2026-09-10T00:00:00-04:00,2026-09-16T23:59:59-04:00
Walmart,8127960,Great Value zippers freezer bags,4.94,2026-09-10T00:00:00-04:00,2026-09-16T23:59:59-04:00
Walmart,8127960,Great Value zipper seal freezer bags,4.94,2026-09-10T00:00:00-04:00,2026-09-16T23:59:59-04:00
Walmart,8127960,GO Wireless keyboard,19.98,2026-09-10T00:00:00-04:00,2026-09-16T23:59:59-04:00
Walmart,8127960,Licensed lunch bag,11.97,2026-09-10T00:00:00-04:00,2026-09-16T23:59:59-04:00
Walmart,8127960,Starfrit Lock&Lock Easy Match food storage containers,6.97,2026-09-10T00:00:00-04:00,2026-09-16T23:59:59-04:00
Walmart,8127960,ACT II microwave gourmet popcorn,2.47,2026-09-10T00:00:00-04:00,2026-09-16T23:59:59-04:00
Walmart,8127960,RITZ Handi-Snacks crackers 'n cheesy dip,9.48,2026-09-10T00:00:00-04:00,2026-09-16T23:59:59-04:00
Walmart,8127960,Christie Chips Ahoy! Mini cookies 200 g,2.48,2026-09-10T00:00:00-04:00,2026-09-16T23:59:59-04:00
Walmart,8127960,Yoplait Tubes yogurt,2.47,2026-09-10T00:00:00-04:00,2026-09-16T23:59:59-04:00
Walmart,8127960,Yop strawberry-banana,5.76,2026-09-10T00:00:00-04:00,2026-09-16T23:59:59-04:00
Walmart,8127960,Hellmann's mayonnaise type dressing,3.77,2026-09-10T00:00:00-04:00,2026-09-16T23:59:59-04:00
Walmart,8127960,Nature's Path Love Crunch organic protein chocolate and almond butter or strawberry cheesecake granola,5.98,2026-09-10T00:00:00-04:00,2026-09-16T23:59:59-04:00
Walmart,8127960,Natrel lactose free milk,5.96,2026-09-10T00:00:00-04:00,2026-09-16T23:59:59-04:00
Walmart,8127960,Natrel Vanilla Coffee Creamer,3.98,2026-09-10T00:00:00-04:00,2026-09-16T23:59:59-04:00
Walmart,8127960,Swanson lasagna or sweet & sour chicken frozen entrees,4.97,2026-09-10T00:00:00-04:00,2026-09-16T23:59:59-04:00
Walmart,8127960,Nature's Path Honey'D corn flakes,9.42,2026-09-10T00:00:00-04:00,2026-09-16T23:59:59-04:00
Walmart,8127960,Pogo Original,12.97,2026-09-10T00:00:00-04:00,2026-09-16T23:59:59-04:00
Walmart,8127960,Sterilite 3-drawer wide cart,39.97,2026-09-10T00:00:00-04:00,2026-09-16T23:59:59-04:00
Walmart,8127960,Sterilite 3-drawer medium cart,21.97,2026-09-10T00:00:00-04:00,2026-09-16T23:59:59-04:00
Walmart,8127960,"5th Wheel WLB17 adults' 26"" electric bike",519.99,2026-09-10T00:00:00-04:00,2026-09-16T23:59:59-04:00
Walmart,8127960,BioSteel protein ready-to-drink milkshakes,12.48,2026-09-10T00:00:00-04:00,2026-09-16T23:59:59-04:00
Walmart,8127960,Dove x Crumbl body scrub,10.86,2026-09-10T00:00:00-04:00,2026-09-16T23:59:59-04:00
Walmart,8127960,Graco EasyTurn 360 2-in-1 convertible car seat,400.0,2026-09-10T00:00:00-04:00,2026-09-16T23:59:59-04:00
Walmart,8127960,Parent's Choice organic baby food puree,5.97,2026-09-10T00:00:00-04:00,2026-09-16T23:59:59-04:00
Walmart,8127960,Parents Choice 9 oz. Tinted Baby Bottles,7.44,2026-09-10T00:00:00-04:00,2026-09-16T23:59:59-04:00
Walmart,8127960,One Paw Halloween Costume,16.97,2026-09-10T00:00:00-04:00,2026-09-16T23:59:59-04:00
Walmart,8127960,"Phoenix adults' 27.5"" electric bike",698.0,2026-09-10T00:00:00-04:00,2026-09-16T23:59:59-04:00
Walmart,8127960,Huffy Capitol cruiser bike,198.0,2026-09-10T00:00:00-04:00,2026-09-16T23:59:59-04:00
Walmart,8127960,Premier Protein café latte shakes,33.97,2026-09-10T00:00:00-04:00,2026-09-16T23:59:59-04:00
Walmart,8127960,Gyrocopters J30 electric scooter,239.96,2026-09-10T00:00:00-04:00,2026-09-16T23:59:59-04:00
Walmart,8127960,neatfreak! basic hangers,2.97,2026-09-10T00:00:00-04:00,2026-09-16T23:59:59-04:00
Walmart,8127960,Lysol disinfecting wipes 75s,6.47,2026-09-10T00:00:00-04:00,2026-09-16T23:59:59-04:00
Walmart,8127960,Lysol toilet bowl cleaner,4.97,2026-09-10T00:00:00-04:00,2026-09-16T23:59:59-04:00
Walmart,8127960,Lysol toilet bowl cleaner or multi-surface pours,4.97,2026-09-10T00:00:00-04:00,2026-09-16T23:59:59-04:00
Walmart,8127960,Black & White paper towel,4.94,2026-09-10T00:00:00-04:00,2026-09-16T23:59:59-04:00
Walmart,8127960,"Phoenix adults' 27.5"" electric bike",698.0,2026-09-10T00:00:00-04:00,2026-09-16T23:59:59-04:00
Walmart,8127960,Downy Unstopables scent booster,18.97,2026-09-10T00:00:00-04:00,2026-09-16T23:59:59-04:00
Walmart,8127960,Always pads or liners,10.48,2026-09-10T00:00:00-04:00,2026-09-16T23:59:59-04:00
Walmart,8127960,CoverGirl + Olay Simply Ageless foundation,17.97,2026-09-10T00:00:00-04:00,2026-09-16T23:59:59-04:00
Walmart,8127960,Palmolive dish soap,3.27,2026-09-10T00:00:00-04:00,2026-09-16T23:59:59-04:00
Walmart,8127960,Aveeno hand and body lotions,18.97,2026-09-10T00:00:00-04:00,2026-09-16T23:59:59-04:00
Walmart,8127960,Clairol Nice'n Easy permanent hair colour,7.98,2026-09-10T00:00:00-04:00,2026-09-16T23:59:59-04:00
Walmart,8127960,CeraVe AM or PM moisturizing lotions,17.97,2026-09-10T00:00:00-04:00,2026-09-16T23:59:59-04:00
Walmart,8127960,Simmons organic sleep bundle crib mattress and protector,84.97,2026-09-10T00:00:00-04:00,2026-09-16T23:59:59-04:00
Walmart,8127960,Parent's Choice baby wipes,19.94,2026-09-10T00:00:00-04:00,2026-09-16T23:59:59-04:00
Walmart,8127960,Parent'SChoice pediatric nutritional supplement,10.97,2026-09-10T00:00:00-04:00,2026-09-16T23:59:59-04:00
Walmart,8127960,Pure Balance dog treats,19.97,2026-09-10T00:00:00-04:00,2026-09-16T23:59:59-04:00
Walmart,8127960,Restored Samsung Galaxy S24 5G Unlocked Smartphone Like New,275.0,2026-09-10T00:00:00-04:00,2026-09-16T23:59:59-04:00
Walmart,8127960,One Paw dessert cat toys,6.97,2026-09-10T00:00:00-04:00,2026-09-16T23:59:59-04:00
Walmart,8127960,Cesar wet dog food,8.48,2026-09-10T00:00:00-04:00,2026-09-16T23:59:59-04:00
Walmart,8127960,"One Paw 19.5"" x 13.5"" x 4"" stainless steel cat pan",29.97,2026-09-10T00:00:00-04:00,2026-09-16T23:59:59-04:00
Walmart,8127960,Disney ily 4EVER inspired by Minnie Mouse deluxe accessory pack,39.93,2026-09-10T00:00:00-04:00,2026-09-16T23:59:59-04:00
Walmart,8127960,Disney ily 4EVER 18˝ doll inspired by Mickey Mouse,49.97,2026-09-10T00:00:00-04:00,2026-09-16T23:59:59-04:00
Walmart,8127960,Nutella biscuits 276 g,6.67,2026-09-10T00:00:00-04:00,2026-09-16T23:59:59-04:00
Walmart,8127960,Zevia Orange Creamsicle soda,6.48,2026-09-10T00:00:00-04:00,2026-09-16T23:59:59-04:00
Walmart,8127960,Fuze raspberry iced tea,2.77,2026-09-10T00:00:00-04:00,2026-09-16T23:59:59-04:00
Walmart,8127960,Natrel raspberry ice cream mochi,5.48,2026-09-10T00:00:00-04:00,2026-09-16T23:59:59-04:00
Walmart,8127960,"edx 31 inch Small Computer Writing Desk, Sturdy Workstation Game Table for Adult, Black",52.99,2026-09-10T00:00:00-04:00,2026-09-16T23:59:59-04:00
Walmart,8127960,"edx 31 inch Small Computer Writing Desk, Sturdy Workstation Game Table for Adult, Black",52.99,2026-09-10T00:00:00-04:00,2026-09-16T23:59:59-04:00
Walmart,8110330,Lee Kum Kee chicken bouillon powder 1 kg,8.98,2026-08-27T00:00:00-04:00,2026-09-23T23:59:59-04:00
Walmart,8110330,Dragon fruit,2.28,2026-08-27T00:00:00-04:00,2026-09-23T23:59:59-04:00
Walmart,8110330,Sakura sushi rice,12.98,2026-08-27T00:00:00-04:00,2026-09-23T23:59:59-04:00
Walmart,8110330,Mooncake with two egg yolks and lotus seed,9.98,2026-08-27T00:00:00-04:00,2026-09-23T23:59:59-04:00
Walmart,8110330,Searay steaks,4.98,2026-08-27T00:00:00-04:00,2026-09-23T23:59:59-04:00
Walmart,8110330,Melona ice bars,4.98,2026-08-27T00:00:00-04:00,2026-09-23T23:59:59-04:00
Walmart,8110330,Aroy-D coconut milk 400 mL,1.77,2026-08-27T00:00:00-04:00,2026-09-23T23:59:59-04:00
Walmart,8110330,Haesong seaweed snack,9.98,2026-08-27T00:00:00-04:00,2026-09-23T23:59:59-04:00
Walmart,8110330,Asian pears or Fuji apples,2.28,2026-08-27T00:00:00-04:00,2026-09-23T23:59:59-04:00
Walmart,8110330,O'Tasty dumplings,4.98,2026-08-27T00:00:00-04:00,2026-09-23T23:59:59-04:00
Walmart,8110330,Tokimi noodles or Siwin dumplings,3.98,2026-08-27T00:00:00-04:00,2026-09-23T23:59:59-04:00
Walmart,8110330,ChaCha frozen dessert,6.98,2026-08-27T00:00:00-04:00,2026-09-23T23:59:59-04:00
Walmart,8110330,Tokimi noodles or Siwin dumplings,3.98,2026-08-27T00:00:00-04:00,2026-09-23T23:59:59-04:00
Walmart,8110330,Panda oyster sauce 510 g or Lee Kum Kee hoisin sauce 443 mL,2.98,2026-08-27T00:00:00-04:00,2026-09-23T23:59:59-04:00
Walmart,8110330,Mooncake with two egg yolks and lotus seed,9.98,2026-08-27T00:00:00-04:00,2026-09-23T23:59:59-04:00
Walmart,8110330,Kewpie mayonnaise 450 g,5.98,2026-08-27T00:00:00-04:00,2026-09-23T23:59:59-04:00
Walmart,8110330,Finute shrimp chips,6.98,2026-08-27T00:00:00-04:00,2026-09-23T23:59:59-04:00
Walmart,8110330,Napa or flat cabbage,1.97,2026-08-27T00:00:00-04:00,2026-09-23T23:59:59-04:00
Walmart,8110330,ChaCheer sunflower seeds,2.28,2026-08-27T00:00:00-04:00,2026-09-23T23:59:59-04:00
Walmart,8110330,Pocky strawberry or chocolate biscuit sticks,3.98,2026-08-27T00:00:00-04:00,2026-09-23T23:59:59-04:00
Walmart,8110330,Pomelo,3.28,2026-08-27T00:00:00-04:00,2026-09-23T23:59:59-04:00
Walmart,8110330,Golden Happiness bun,1.42,2026-08-27T00:00:00-04:00,2026-09-23T23:59:59-04:00
Walmart,8110330,Great Value 12-oz. coffee cups,9.96,2026-08-27T00:00:00-04:00,2026-09-23T23:59:59-04:00
Walmart,8110330,Dr. Melaxin TX cream 50 mL or Cemenrete Cyano Pink Spicule serum 30 mL,33.97,2026-08-27T00:00:00-04:00,2026-09-23T23:59:59-04:00
Walmart,8110330,ChaCha frozen dessert,6.98,2026-08-27T00:00:00-04:00,2026-09-23T23:59:59-04:00
Walmart,8110330,Mooncake with two egg yolks and lotus seed,9.98,2026-08-27T00:00:00-04:00,2026-09-23T23:59:59-04:00
Walmart,8110330,Tokimi roasted chestnuts,12.98,2026-08-27T00:00:00-04:00,2026-09-23T23:59:59-04:00
Walmart,8110330,Kadoya sesame oil 327 mL,5.98,2026-08-27T00:00:00-04:00,2026-09-23T23:59:59-04:00
Walmart,8110330,Round Lab 1025 Dokdo cleanser,16.97,2026-08-27T00:00:00-04:00,2026-09-23T23:59:59-04:00
Walmart,8110330,Panda oyster sauce 510 g or Lee Kum Kee hoisin sauce 443 mL,2.98,2026-08-27T00:00:00-04:00,2026-09-23T23:59:59-04:00
Walmart,8110330,Tokimi egg yolk pastry gift box,12.98,2026-08-27T00:00:00-04:00,2026-09-23T23:59:59-04:00
Walmart,8110330,Reunion lava or lava custard mooncakes,16.98,2026-08-27T00:00:00-04:00,2026-09-23T23:59:59-04:00
Walmart,8110330,UFC coconut water 1 L or Kirin milk tea 1.5 L,2.98,2026-08-27T00:00:00-04:00,2026-09-23T23:59:59-04:00
Walmart,8110330,Eddoes,1.97,2026-08-27T00:00:00-04:00,2026-09-23T23:59:59-04:00
Walmart,8110330,Maggi seasoning 800 mL,8.98,2026-08-27T00:00:00-04:00,2026-09-23T23:59:59-04:00
Walmart,8110330,Kopiko instant coffee 840 g or Trensité whole milk powder 500 g,8.98,2026-08-27T00:00:00-04:00,2026-09-23T23:59:59-04:00
Walmart,8110330,H&H mango bites,6.98,2026-08-27T00:00:00-04:00,2026-09-23T23:59:59-04:00
Walmart,8110330,Dao Xiang Cun nut mooncake,6.98,2026-08-27T00:00:00-04:00,2026-09-23T23:59:59-04:00
Walmart,8110330,Your Fresh Market™ beef stir fry strips,15.39,2026-08-27T00:00:00-04:00,2026-09-23T23:59:59-04:00
Walmart,8110330,Nongshim 4-pack or KSF 5-pack noodles,3.98,2026-08-27T00:00:00-04:00,2026-09-23T23:59:59-04:00
Walmart,8110330,Finute shrimp chips,6.98,2026-08-27T00:00:00-04:00,2026-09-23T23:59:59-04:00
Walmart,8110330,J-Basket bubble tea kit 285 g or Binggrae milk drink 6 x 200 mL,6.98,2026-08-27T00:00:00-04:00,2026-09-23T23:59:59-04:00
Walmart,8110330,Nongshim 4-pack or KSF 5-pack noodles,3.98,2026-08-27T00:00:00-04:00,2026-09-23T23:59:59-04:00
Walmart,8110330,Johnsonville smoked sausages,6.97,2026-08-27T00:00:00-04:00,2026-09-23T23:59:59-04:00
Walmart,8110330,Samyang Buldak spicy ramen,6.98,2026-08-27T00:00:00-04:00,2026-09-23T23:59:59-04:00
Walmart,8110330,Naziba black truffle ham soda crackers,6.98,2026-08-27T00:00:00-04:00,2026-09-23T23:59:59-04:00
Walmart,8110330,Tokimi butterfly crispy palmier gift box,12.98,2026-08-27T00:00:00-04:00,2026-09-23T23:59:59-04:00
Walmart,8110330,Melona ice bars,4.98,2026-08-27T00:00:00-04:00,2026-09-23T23:59:59-04:00
Walmart,8110330,Searay Basa fillets,4.98,2026-08-27T00:00:00-04:00,2026-09-23T23:59:59-04:00
Walmart,8110330,3-Minute Chow Mein 454 g,1.77,2026-08-27T00:00:00-04:00,2026-09-23T23:59:59-04:00
Walmart,8110330,Johnsonville smoked sausages,6.97,2026-08-27T00:00:00-04:00,2026-09-23T23:59:59-04:00
Walmart,8110330,Bulk jumbo carrots,1.44,2026-08-27T00:00:00-04:00,2026-09-23T23:59:59-04:00
Walmart,8110330,Starfrit 10-Cup rice cooker,29.97,2026-08-27T00:00:00-04:00,2026-09-23T23:59:59-04:00
Walmart,8110330,Abalone gift box,12.98,2026-08-27T00:00:00-04:00,2026-09-23T23:59:59-04:00
Walmart,8110330,Dao Xiang Cun old-fashioned mooncakes,9.98,2026-08-27T00:00:00-04:00,2026-09-23T23:59:59-04:00
Walmart,8110330,Dao Xiang Cun jujube mooncake,6.98,2026-08-27T00:00:00-04:00,2026-09-23T23:59:59-04:00
Walmart,8110330,O'Tasty dumplings,4.98,2026-08-27T00:00:00-04:00,2026-09-23T23:59:59-04:00
Walmart,8110330,Delicious Kitchen jasmine rice,14.88,2026-08-27T00:00:00-04:00,2026-09-23T23:59:59-04:00
Walmart,8110330,Maple Leaf fresh air-chilled boneless skinless chicken thighs 12-pack,7.75,2026-08-27T00:00:00-04:00,2026-09-23T23:59:59-04:00
Walmart,8110330,Samyang Buldak spicy ramen,6.98,2026-08-27T00:00:00-04:00,2026-09-23T23:59:59-04:00
Walmart,8110330,Haesong seaweed snack,9.98,2026-08-27T00:00:00-04:00,2026-09-23T23:59:59-04:00
Walmart,8110330,SKIN1004 Madagascar Centella light cleansing oil 200 mL,20.78,2026-08-27T00:00:00-04:00,2026-09-23T23:59:59-04:00
Walmart,8110330,"Starfrit Carbon steel 32 cm (12.5"") wok",19.97,2026-08-27T00:00:00-04:00,2026-09-23T23:59:59-04:00
Walmart,8110330,Reunion lava or lava custard mooncakes,16.98,2026-08-27T00:00:00-04:00,2026-09-23T23:59:59-04:00
Walmart,8110330,"Great Value ECO 10"" dinner plates 125s",17.93,2026-08-27T00:00:00-04:00,2026-09-23T23:59:59-04:00
Walmart,8110330,Sunrise extra firm tofu,3.44,2026-08-27T00:00:00-04:00,2026-09-23T23:59:59-04:00
